{"generated_at":"2026-01-04T23:09:53+00:00","input":{"styles":["pop","rock","house"],"decades":[1990,2000,2010,2020],"minutes":180,"source":"mix_live"},"target_sec":10800,"total_sec":10797,"tracks":[{"title":"Reine","artist":"Dadju","year":2017,"duration_sec":199,"audio_url":"https://audio-ssl.itunes.apple.com/itunes-assets/AudioPreview125/v4/4b/b1/b1/4bb1b107-b401-8f6e-78d9-0367abce9f95/mzaf_3219556299897358867.plus.aac.p.m4a","page_url":"https://music.apple.com/fr/album/reine/1440904018?i=1440904214&uo=4","source":"itunes","style":"pop"},{"title":"My Songs Know What You Did In The Dark (Light Em Up)","artist":"Fall Out Boy","year":2013,"duration_sec":187,"audio_url":"https://audio-ssl.itunes.apple.com/itunes-assets/AudioPreview116/v4/ab/74/c1/ab74c1ad-ad3f-2839-4c4a-9c2e33eab785/mzaf_6699074297831283494.plus.aac.p.m4a","page_url":"https://music.apple.com/fr/album/my-songs-know-what-you-did-in-the-dark-light-em-up/1440862257?i=1440862694&uo=4","source":"itunes","style":"rock"},{"title":"Silver Soul","artist":"Beach House","year":2010,"duration_sec":299,"audio_url":"https://audio-ssl.itunes.apple.com/itunes-assets/AudioPreview115/v4/31/fa/43/31fa4375-57bc-39db-d5f0-5d4db0d451fa/mzaf_14115506708941892389.plus.aac.p.m4a","page_url":"https://music.apple.com/fr/album/silver-soul/671867707?i=671867991&uo=4","source":"itunes","style":"house"},{"title":"A Sky Full of Stars","artist":"Coldplay","year":2014,"duration_sec":268,"audio_url":"https://audio-ssl.itunes.apple.com/itunes-assets/AudioPreview116/v4/a2/31/4b/a2314b97-10b6-190c-72b3-45cc21bbf56b/mzaf_740612971315603868.plus.aac.p.m4a","page_url":"https://music.apple.com/fr/album/a-sky-full-of-stars/829909653?i=829910927&uo=4","source":"itunes","style":"pop"},{"title":"Don't Speak","artist":"No Doubt","year":1995,"duration_sec":264,"audio_url":"https://audio-ssl.itunes.apple.com/itunes-assets/AudioPreview125/v4/eb/d3/dd/ebd3dd7b-ef82-0855-54b0-3c978e7f1594/mzaf_13350123702531292562.plus.aac.p.m4a","page_url":"https://music.apple.com/fr/album/dont-speak/1440845400?i=1440845557&uo=4","source":"itunes","style":"rock"},{"title":"Missing (Todd Terry Club Mix)","artist":"Everything But the Girl & Todd Terry","year":1994,"duration_sec":297,"audio_url":"https://audio-ssl.itunes.apple.com/itunes-assets/AudioPreview122/v4/10/04/cd/1004cd74-0a83-e016-dca4-26c2e7e2b55d/mzaf_5959716426737699504.plus.aac.p.m4a","page_url":"https://music.apple.com/fr/album/missing-todd-terry-club-mix/1630235112?i=1630235115&uo=4","source":"itunes","style":"house"},{"title":"Comportement","artist":"Aya Nakamura","year":2017,"duration_sec":172,"audio_url":"https://audio-ssl.itunes.apple.com/itunes-assets/AudioPreview211/v4/af/58/09/af580998-00d5-c2dc-98b9-5ff45604eaa2/mzaf_5924895592465861630.plus.aac.p.m4a","page_url":"https://music.apple.com/fr/album/comportement/1269040558?i=1269041370&uo=4","source":"itunes","style":"pop"},{"title":"Heavy Is the Crown","artist":"LINKIN PARK","year":2024,"duration_sec":167,"audio_url":"https://audio-ssl.itunes.apple.com/itunes-assets/AudioPreview211/v4/a2/04/d9/a204d935-a13d-a65f-25d0-88e34246e2cc/mzaf_11601787724094971147.plus.aac.p.m4a","page_url":"https://music.apple.com/fr/album/heavy-is-the-crown/1766137049?i=1766137053&uo=4","source":"itunes","style":"rock"},{"title":"You Are My High","artist":"Demon","year":1999,"duration_sec":229,"audio_url":"https://audio-ssl.itunes.apple.com/itunes-assets/AudioPreview211/v4/4a/6e/81/4a6e814d-bbde-06ba-2022-d1cb3b146b11/mzaf_3628860670420477471.plus.aac.p.m4a","page_url":"https://music.apple.com/fr/album/you-are-my-high/490615346?i=490615579&uo=4","source":"itunes","style":"house"},{"title":"Don't Stop The Music","artist":"Rihanna","year":2007,"duration_sec":267,"audio_url":"https://audio-ssl.itunes.apple.com/itunes-assets/AudioPreview211/v4/f6/5b/0d/f65b0d9e-ad88-c617-94a8-de4cf6579dff/mzaf_4611312496171288825.plus.aac.p.m4a","page_url":"https://music.apple.com/fr/album/dont-stop-the-music/1441154435?i=1441154439&uo=4","source":"itunes","style":"pop"},{"title":"Smells Like Teen Spirit","artist":"Nirvana","year":1991,"duration_sec":301,"audio_url":"https://audio-ssl.itunes.apple.com/itunes-assets/AudioPreview125/v4/a6/53/1e/a6531efa-397c-eb73-ecab-9b2790c1471e/mzaf_16440344883389407474.plus.aac.p.m4a","page_url":"https://music.apple.com/fr/album/smells-like-teen-spirit/1440783617?i=1440783625&uo=4","source":"itunes","style":"rock"},{"title":"Wati House","artist":"Sexion d'Assaut","year":2012,"duration_sec":256,"audio_url":"https://audio-ssl.itunes.apple.com/itunes-assets/AudioPreview125/v4/e7/03/ad/e703ad41-1bc1-fe37-df5c-7bc001fde8cb/mzaf_7808882333464806978.plus.aac.p.m4a","page_url":"https://music.apple.com/fr/album/wati-house/577741895?i=577741943&uo=4","source":"itunes","style":"house"},{"title":"Bob Marley","artist":"Dadju","year":2017,"duration_sec":215,"audio_url":"https://audio-ssl.itunes.apple.com/itunes-assets/AudioPreview115/v4/7c/73/24/7c732444-ec48-52ad-5ffe-2b6ce70eacff/mzaf_17470994932150332956.plus.aac.p.m4a","page_url":"https://music.apple.com/fr/album/bob-marley/1440904018?i=1440904217&uo=4","source":"itunes","style":"pop"},{"title":"Rock","artist":"SEVENTEEN","year":2015,"duration_sec":192,"audio_url":"https://audio-ssl.itunes.apple.com/itunes-assets/AudioPreview221/v4/3e/34/e5/3e34e54a-9abc-77e5-f1ae-672ceaf5f078/mzaf_1689330222487594292.plus.aac.p.m4a","page_url":"https://music.apple.com/fr/album/rock/1038703688?i=1038703713&uo=4","source":"itunes","style":"rock"},{"title":"My House","artist":"Flo Rida","year":2015,"duration_sec":192,"audio_url":"https://audio-ssl.itunes.apple.com/itunes-assets/AudioPreview221/v4/b6/5e/f1/b65ef1d9-f040-cf34-cc4f-204a9c4f1730/mzaf_6904926973601899576.plus.aac.p.m4a","page_url":"https://music.apple.com/fr/album/my-house/971238498?i=971238507&uo=4","source":"itunes","style":"house"},{"title":"Ride It","artist":"Regard","year":2019,"duration_sec":158,"audio_url":"https://audio-ssl.itunes.apple.com/itunes-assets/AudioPreview125/v4/56/04/39/56043937-fbf6-6cb5-1d9f-4a06eddd601f/mzaf_16715770252195853932.plus.aac.p.m4a","page_url":"https://music.apple.com/fr/album/ride-it/1472026375?i=1472026722&uo=4","source":"itunes","style":"pop"},{"title":"Rock Your Body","artist":"Justin Timberlake","year":2002,"duration_sec":267,"audio_url":"https://audio-ssl.itunes.apple.com/itunes-assets/AudioPreview211/v4/8d/79/9e/8d799ece-78b0-fb56-c69f-4e35bc298f00/mzaf_11814588662793621020.plus.aac.p.m4a","page_url":"https://music.apple.com/fr/album/rock-your-body/252606580?i=252606598&uo=4","source":"itunes","style":"rock"},{"title":"Baby I'm Yours (feat. Irfane)","artist":"Breakbot","year":2010,"duration_sec":216,"audio_url":"https://audio-ssl.itunes.apple.com/itunes-assets/AudioPreview221/v4/8c/49/8d/8c498d22-28ba-3da1-92b7-b68ee5ce1cf4/mzaf_3524062151346149073.plus.aac.p.m4a","page_url":"https://music.apple.com/fr/album/baby-im-yours-feat-irfane/551401709?i=551401811&uo=4","source":"itunes","style":"house"},{"title":"Copines","artist":"Aya Nakamura","year":2018,"duration_sec":172,"audio_url":"https://audio-ssl.itunes.apple.com/itunes-assets/AudioPreview126/v4/dc/b4/36/dcb43668-bfea-50a8-729e-9792c77e425b/mzaf_13085653292281060631.plus.aac.p.m4a","page_url":"https://music.apple.com/fr/album/copines/1439806285?i=1439806292&uo=4","source":"itunes","style":"pop"},{"title":"Thunderstruck","artist":"AC/DC","year":1990,"duration_sec":292,"audio_url":"https://audio-ssl.itunes.apple.com/itunes-assets/AudioPreview125/v4/f3/45/64/f3456422-afe5-5218-0144-6a2dd6754a2b/mzaf_8906497323614731144.plus.aac.p.m4a","page_url":"https://music.apple.com/fr/album/thunderstruck/574049507?i=574051407&uo=4","source":"itunes","style":"rock"},{"title":"Veridis Quo","artist":"Daft Punk","year":2001,"duration_sec":345,"audio_url":"https://audio-ssl.itunes.apple.com/itunes-assets/AudioPreview122/v4/7a/f8/4d/7af84d3a-fc7b-1569-766b-8adf13dab451/mzaf_3503155761614342520.plus.aac.p.m4a","page_url":"https://music.apple.com/fr/album/veridis-quo/697194953?i=697196125&uo=4","source":"itunes","style":"house"},{"title":"ocean eyes","artist":"Billie Eilish","year":2016,"duration_sec":200,"audio_url":"https://audio-ssl.itunes.apple.com/itunes-assets/AudioPreview211/v4/66/1f/6f/661f6fbf-cae2-5209-c12c-b9ae9bde9f56/mzaf_9388830456300374759.plus.aac.p.m4a","page_url":"https://music.apple.com/fr/album/ocean-eyes/1440898929?i=1440899467&uo=4","source":"itunes","style":"pop"},{"title":"SUPERMODEL","artist":"Måneskin","year":2022,"duration_sec":148,"audio_url":"https://audio-ssl.itunes.apple.com/itunes-assets/AudioPreview211/v4/ec/60/8e/ec608e82-3fb7-43bd-1d0a-ccc1f455ac29/mzaf_14163210793084537257.plus.aac.p.m4a","page_url":"https://music.apple.com/fr/album/supermodel/1621311481?i=1621311709&uo=4","source":"itunes","style":"rock"},{"title":"Matilda","artist":"Harry Styles","year":2022,"duration_sec":246,"audio_url":"https://audio-ssl.itunes.apple.com/itunes-assets/AudioPreview211/v4/03/29/7d/03297dd4-5dbe-4ec6-9480-f40846b7181c/mzaf_15378071810157311314.plus.aac.p.m4a","page_url":"https://music.apple.com/fr/album/matilda/1615584999?i=1615585012&uo=4","source":"itunes","style":"house"},{"title":"Alibi","artist":"Sevdaliza, Pabllo Vittar & Yseult","year":2024,"duration_sec":162,"audio_url":"https://audio-ssl.itunes.apple.com/itunes-assets/AudioPreview211/v4/83/94/17/839417e4-d2d5-d686-dd40-96714fc4603a/mzaf_2140325997502138957.plus.aac.p.m4a","page_url":"https://music.apple.com/fr/album/alibi/1751879079?i=1751879330&uo=4","source":"itunes","style":"pop"},{"title":"Under the Bridge","artist":"Red Hot Chili Peppers","year":1991,"duration_sec":264,"audio_url":"https://audio-ssl.itunes.apple.com/itunes-assets/AudioPreview115/v4/ae/0c/24/ae0c2460-249e-da15-6a52-7a957f13f7f0/mzaf_11307324838355102490.plus.aac.p.m4a","page_url":"https://music.apple.com/fr/album/under-the-bridge/945581828?i=945581840&uo=4","source":"itunes","style":"rock"},{"title":"Speechless (feat. Erika Sirola)","artist":"Robin Schulz","year":2018,"duration_sec":215,"audio_url":"https://audio-ssl.itunes.apple.com/itunes-assets/AudioPreview115/v4/04/5a/73/045a736d-32f3-9c9e-4bc1-d88655597208/mzaf_3005813946670977561.plus.aac.p.m4a","page_url":"https://music.apple.com/fr/album/speechless-feat-erika-sirola/1438435237?i=1438435372&uo=4","source":"itunes","style":"house"},{"title":"Le coach (feat. Vincenzo)","artist":"Soprano","year":2018,"duration_sec":200,"audio_url":"https://audio-ssl.itunes.apple.com/itunes-assets/AudioPreview122/v4/e6/9d/a3/e69da39c-96de-3e9c-e328-96c2a2f91e8f/mzaf_14590960170781052704.plus.aac.p.m4a","page_url":"https://music.apple.com/fr/album/le-coach-feat-vincenzo/1439810728?i=1439810777&uo=4","source":"itunes","style":"pop"},{"title":"Can't Stop","artist":"Red Hot Chili Peppers","year":2002,"duration_sec":268,"audio_url":"https://audio-ssl.itunes.apple.com/itunes-assets/AudioPreview122/v4/b0/a7/c6/b0a7c683-938c-c8ef-6e69-6ace4aeab936/mzaf_9096520743595187520.plus.aac.p.m4a","page_url":"https://music.apple.com/fr/album/cant-stop/945578420?i=945578427&uo=4","source":"itunes","style":"rock"},{"title":"Music Sounds Better with You","artist":"Stardust","year":1998,"duration_sec":403,"audio_url":"https://audio-ssl.itunes.apple.com/itunes-assets/AudioPreview126/v4/f2/6b/86/f26b862d-f48b-9fbe-4c18-b5a67c825cff/mzaf_1640324533253255983.plus.aac.p.m4a","page_url":"https://music.apple.com/fr/album/music-sounds-better-with-you/1463775966?i=1463775972&uo=4","source":"itunes","style":"house"},{"title":"Mon soleil","artist":"Dadju & Anitta","year":2021,"duration_sec":191,"audio_url":"https://audio-ssl.itunes.apple.com/itunes-assets/AudioPreview221/v4/0d/a2/c5/0da2c5c0-ec37-fc54-28ef-589ec41b5f8d/mzaf_4948138419282059245.plus.aac.p.m4a","page_url":"https://music.apple.com/fr/album/mon-soleil/1570282680?i=1570282683&uo=4","source":"itunes","style":"pop"},{"title":"Supermassive Black Hole","artist":"Muse","year":2006,"duration_sec":209,"audio_url":"https://audio-ssl.itunes.apple.com/itunes-assets/AudioPreview115/v4/44/ca/6e/44ca6e47-9910-8133-4ccb-dbe6a064f3ef/mzaf_15122557870955362047.plus.aac.p.m4a","page_url":"https://music.apple.com/fr/album/supermassive-black-hole/992221994?i=992221997&uo=4","source":"itunes","style":"rock"},{"title":"House","artist":"Tripssono, Space Afro & Lua","year":2021,"duration_sec":161,"audio_url":"https://audio-ssl.itunes.apple.com/itunes-assets/AudioPreview115/v4/a5/e3/f2/a5e3f2ef-e2b9-d922-a516-4bebfbecce08/mzaf_16653296425415058997.plus.aac.p.m4a","page_url":"https://music.apple.com/fr/album/house/1573472828?i=1573472830&uo=4","source":"itunes","style":"house"},{"title":"La dot","artist":"Aya Nakamura","year":2018,"duration_sec":202,"audio_url":"https://audio-ssl.itunes.apple.com/itunes-assets/AudioPreview112/v4/c7/d2/e7/c7d2e718-5237-d958-3a46-5524ccb2e18b/mzaf_6816678903423800223.plus.aac.p.m4a","page_url":"https://music.apple.com/fr/album/la-dot/1439806285?i=1439806286&uo=4","source":"itunes","style":"pop"},{"title":"After Dark","artist":"Mr.Kitty","year":2014,"duration_sec":259,"audio_url":"https://audio-ssl.itunes.apple.com/itunes-assets/AudioPreview125/v4/26/23/3c/26233cdf-ae9e-a40e-3e5c-8645bac1dd00/mzaf_4554903182036177858.plus.aac.p.m4a","page_url":"https://music.apple.com/fr/album/after-dark/1176303860?i=1176303886&uo=4","source":"itunes","style":"rock"},{"title":"Music Sounds Better with You (Radio Edit)","artist":"Stardust","year":1998,"duration_sec":261,"audio_url":"https://audio-ssl.itunes.apple.com/itunes-assets/AudioPreview126/v4/75/62/de/7562de1c-d4b0-5421-4f5f-67ac5e18f679/mzaf_3294493728378576635.plus.aac.p.m4a","page_url":"https://music.apple.com/fr/album/music-sounds-better-with-you-radio-edit/1463775966?i=1463775977&uo=4","source":"itunes","style":"house"},{"title":"LOCO","artist":"GIMS & Lossa","year":2024,"duration_sec":161,"audio_url":"https://audio-ssl.itunes.apple.com/itunes-assets/AudioPreview221/v4/f5/c8/33/f5c83386-116b-876a-39be-bbc651d09287/mzaf_5844469192006691875.plus.aac.p.m4a","page_url":"https://music.apple.com/fr/album/loco/1726998934?i=1726999164&uo=4","source":"itunes","style":"pop"},{"title":"Dani California","artist":"Red Hot Chili Peppers","year":2006,"duration_sec":282,"audio_url":"https://audio-ssl.itunes.apple.com/itunes-assets/AudioPreview112/v4/26/33/c1/2633c176-8b06-95c2-31f5-5dd1af78250e/mzaf_17499253204981265716.plus.aac.p.m4a","page_url":"https://music.apple.com/fr/album/dani-california/945562992?i=945568998&uo=4","source":"itunes","style":"rock"},{"title":"Osama","artist":"Zakes Bantwini & Kasango","year":2021,"duration_sec":409,"audio_url":"https://audio-ssl.itunes.apple.com/itunes-assets/AudioPreview115/v4/c9/c0/ff/c9c0ff71-4c2f-66c1-8ce2-8b127163f3cf/mzaf_16273398859584600222.plus.aac.p.m4a","page_url":"https://music.apple.com/fr/album/osama/1582664220?i=1582664469&uo=4","source":"itunes","style":"house"},{"title":"Never Going Home","artist":"Kungs","year":2021,"duration_sec":170,"audio_url":"https://audio-ssl.itunes.apple.com/itunes-assets/AudioPreview112/v4/d9/ae/9b/d9ae9b15-d639-e7ca-eaec-91b80a0ab72b/mzaf_9378519156129439889.plus.aac.p.m4a","page_url":"https://music.apple.com/fr/album/never-going-home/1566539918?i=1566539919&uo=4","source":"itunes","style":"pop"},{"title":"Californication","artist":"Red Hot Chili Peppers","year":1999,"duration_sec":321,"audio_url":"https://audio-ssl.itunes.apple.com/itunes-assets/AudioPreview125/v4/30/57/a2/3057a2dc-cbd7-bea7-66fd-7680c0a47c68/mzaf_7704768448750272219.plus.aac.p.m4a","page_url":"https://music.apple.com/fr/album/californication/945575406?i=945575413&uo=4","source":"itunes","style":"rock"},{"title":"Around the World","artist":"Daft Punk","year":1997,"duration_sec":430,"audio_url":"https://audio-ssl.itunes.apple.com/itunes-assets/AudioPreview125/v4/ee/22/1a/ee221ab0-02dd-7290-47e7-383ad9c81e3b/mzaf_912969547193259322.plus.aac.p.m4a","page_url":"https://music.apple.com/fr/album/around-the-world/696884422?i=696886431&uo=4","source":"itunes","style":"house"},{"title":"POP!","artist":"NAYEON","year":2022,"duration_sec":168,"audio_url":"https://audio-ssl.itunes.apple.com/itunes-assets/AudioPreview221/v4/78/e3/cc/78e3ccf4-319a-e7fa-31a9-78a340ef116e/mzaf_16860350407075690894.plus.aac.p.m4a","page_url":"https://music.apple.com/fr/album/pop/1624932642?i=1624932774&uo=4","source":"itunes","style":"pop"},{"title":"J'en parlerai au diable","artist":"Johnny Hallyday","year":2018,"duration_sec":220,"audio_url":"https://audio-ssl.itunes.apple.com/itunes-assets/AudioPreview221/v4/1e/2e/f7/1e2ef7c9-7973-d25b-289b-0162a3431532/mzaf_4116284041505582174.plus.aac.p.m4a","page_url":"https://music.apple.com/fr/album/jen-parlerai-au-diable/1436052015?i=1436052039&uo=4","source":"itunes","style":"rock"},{"title":"House","artist":"Drezo & DUSTYCLOUD","year":2017,"duration_sec":292,"audio_url":"https://audio-ssl.itunes.apple.com/itunes-assets/AudioPreview115/v4/3e/aa/ad/3eaaad59-51bb-64cb-bb7d-b9289b0bd0b9/mzaf_11943280887930327662.plus.aac.p.m4a","page_url":"https://music.apple.com/fr/album/house/1291810943?i=1291810946&uo=4","source":"itunes","style":"house"}]}