{"generated_at":"2026-01-04T23:07:09+00:00","input":{"styles":["techno"],"minutes":60,"decade":2000,"source":"mix_live_fast"},"target_sec":3600,"total_sec":833,"tracks":[{"title":"A New Error","artist":"Moderat","year":2009,"duration_sec":367,"audio_url":"https://audio-ssl.itunes.apple.com/itunes-assets/AudioPreview125/v4/b8/56/89/b85689b8-1f8d-c849-1a54-e94abfd29c9e/mzaf_9640754058463460168.plus.aac.p.m4a","page_url":"https://music.apple.com/fr/album/a-new-error/315489205?i=315489351&uo=4","source":"itunes","style":"techno"},{"title":"Avril 14th","artist":"Aphex Twin","year":2001,"duration_sec":126,"audio_url":"https://audio-ssl.itunes.apple.com/itunes-assets/AudioPreview126/v4/13/09/1f/13091fd5-ef8e-a494-5c36-61a133cfdc19/mzaf_1097252554933139566.plus.aac.p.m4a","page_url":"https://music.apple.com/fr/album/avril-14th/282559693?i=282559791&uo=4","source":"itunes","style":"techno"},{"title":"Dockyard","artist":"Paul Kalkbrenner","year":2004,"duration_sec":340,"audio_url":"https://audio-ssl.itunes.apple.com/itunes-assets/AudioPreview115/v4/62/94/63/62946322-3ff4-f620-f6a7-a4b87372c575/mzaf_17632168742014718974.plus.aac.p.m4a","page_url":"https://music.apple.com/fr/album/dockyard/960737317?i=960738188&uo=4","source":"itunes","style":"techno"}]}