{"generated_at":"2026-01-04T23:03:23+00:00","input":{"styles":["pop","blues","house"],"minutes":60,"decade":1990,"source":"mix_live_fast"},"target_sec":3600,"total_sec":3435,"tracks":[{"title":"Angels","artist":"Robbie Williams","year":1997,"duration_sec":265,"audio_url":"https://audio-ssl.itunes.apple.com/itunes-assets/AudioPreview221/v4/49/7c/08/497c08c0-2ff2-6d99-c177-ff6b332483c9/mzaf_15680190596929710465.plus.aac.p.m4a","page_url":"https://music.apple.com/fr/album/angels/727505795?i=727506102&uo=4","source":"itunes","style":"blues"},{"title":"Around the World","artist":"Daft Punk","year":1997,"duration_sec":430,"audio_url":"https://audio-ssl.itunes.apple.com/itunes-assets/AudioPreview125/v4/ee/22/1a/ee221ab0-02dd-7290-47e7-383ad9c81e3b/mzaf_912969547193259322.plus.aac.p.m4a","page_url":"https://music.apple.com/fr/album/around-the-world/696884422?i=696886431&uo=4","source":"itunes","style":"house"},{"title":"Don't Let the Sun Go Down on Me","artist":"George Michael & Elton John","year":1991,"duration_sec":347,"audio_url":"https://audio-ssl.itunes.apple.com/itunes-assets/AudioPreview122/v4/b5/76/6c/b5766c11-1e1f-ac6d-641b-775ec5d9c7de/mzaf_6192469414727804089.plus.aac.p.m4a","page_url":"https://music.apple.com/fr/album/dont-let-the-sun-go-down-on-me/429945575?i=429945618&uo=4","source":"itunes","style":"blues"},{"title":"Around the World","artist":"Daft Punk","year":1997,"duration_sec":430,"audio_url":"https://audio-ssl.itunes.apple.com/itunes-assets/AudioPreview126/v4/55/96/b1/5596b113-8488-30e5-1fba-7fdf890f355c/mzaf_9500052018986083976.plus.aac.p.m4a","page_url":"https://music.apple.com/fr/album/around-the-world/1609438391?i=1609438415&uo=4","source":"itunes","style":"house"},{"title":"I Will Always Love You","artist":"Whitney Houston","year":1992,"duration_sec":271,"audio_url":"https://audio-ssl.itunes.apple.com/itunes-assets/AudioPreview221/v4/20/c3/a8/20c3a895-af1d-f096-1e3e-ee903cd7414a/mzaf_3972309116730366010.plus.aac.p.m4a","page_url":"https://music.apple.com/fr/album/i-will-always-love-you/388151892?i=388151901&uo=4","source":"itunes","style":"blues"},{"title":"Music Sounds Better with You (Radio Edit)","artist":"Stardust","year":1998,"duration_sec":261,"audio_url":"https://audio-ssl.itunes.apple.com/itunes-assets/AudioPreview126/v4/75/62/de/7562de1c-d4b0-5421-4f5f-67ac5e18f679/mzaf_3294493728378576635.plus.aac.p.m4a","page_url":"https://music.apple.com/fr/album/music-sounds-better-with-you-radio-edit/1463775966?i=1463775977&uo=4","source":"itunes","style":"house"},{"title":"Belle","artist":"Daniel Lavoie, Garou & Patrick Fiori","year":1997,"duration_sec":278,"audio_url":"https://audio-ssl.itunes.apple.com/itunes-assets/AudioPreview115/v4/6a/62/32/6a6232b0-25c0-5006-b2bf-ac0065b7b4ef/mzaf_15267426367707776883.plus.aac.p.m4a","page_url":"https://music.apple.com/fr/album/belle/509229464?i=509229489&uo=4","source":"itunes","style":"blues"},{"title":"Music Sounds Better with You","artist":"Stardust","year":1998,"duration_sec":403,"audio_url":"https://audio-ssl.itunes.apple.com/itunes-assets/AudioPreview126/v4/f2/6b/86/f26b862d-f48b-9fbe-4c18-b5a67c825cff/mzaf_1640324533253255983.plus.aac.p.m4a","page_url":"https://music.apple.com/fr/album/music-sounds-better-with-you/1463775966?i=1463775972&uo=4","source":"itunes","style":"house"},{"title":"My All","artist":"Mariah Carey","year":1997,"duration_sec":231,"audio_url":"https://audio-ssl.itunes.apple.com/itunes-assets/AudioPreview211/v4/50/32/06/50320673-848c-66d1-08d7-b4540bdf96ac/mzaf_10391451860660327799.plus.aac.p.m4a","page_url":"https://music.apple.com/fr/album/my-all/192812283?i=192812595&uo=4","source":"itunes","style":"blues"},{"title":"You Are My High","artist":"Demon","year":1999,"duration_sec":229,"audio_url":"https://audio-ssl.itunes.apple.com/itunes-assets/AudioPreview211/v4/4a/6e/81/4a6e814d-bbde-06ba-2022-d1cb3b146b11/mzaf_3628860670420477471.plus.aac.p.m4a","page_url":"https://music.apple.com/fr/album/you-are-my-high/490615346?i=490615579&uo=4","source":"itunes","style":"house"},{"title":"Iris","artist":"The Goo Goo Dolls","year":1998,"duration_sec":290,"audio_url":"https://audio-ssl.itunes.apple.com/itunes-assets/AudioPreview211/v4/60/17/35/60173512-3d5c-1d6f-549e-d8ddafa93e07/mzaf_5281658494050788067.plus.aac.p.m4a","page_url":"https://music.apple.com/fr/album/iris/1109658139?i=1109658204&uo=4","source":"itunes","style":"blues"}]}