{"generated_at":"2026-01-04T22:56:30+00:00","input":{"styles_used":["reggae","country","afrobeat"],"minutes":60,"decade":1990,"source":"mix"},"target_sec":3600,"total_sec":3652,"tracks":[{"title":"Ziemia","artist":"Ewa Braun","year":1993,"duration_sec":406,"audio_url":"https://archive.org/download/03.-stad-do-wiecznosci/09.%20Ziemia.mp3","page_url":"https://archive.org/details/03.-stad-do-wiecznosci","source":"ia","style":"country"},{"title":"Gypsy Woman (She's Homeless) (Hump Instrumental Mix)","artist":"Crystal Waters, Mercury","year":1991,"duration_sec":291,"audio_url":"https://archive.org/download/01.-gypsy-woman-shes-crystal-waters-gypsy-woman-shes-homeless-12-vinyl-single/03.%20Gypsy%20Woman%20%28She%27s%20Homeless%29%20%28Hump%20Instrumental%20Mix%29.mp3","page_url":"https://archive.org/details/01.-gypsy-woman-shes-crystal-waters-gypsy-woman-shes-homeless-12-vinyl-single","source":"ia","style":"afrobeat"},{"title":"Elektrownia Atomowa","artist":"Ewa Braun","year":1993,"duration_sec":248,"audio_url":"https://archive.org/download/03.-stad-do-wiecznosci/08.%20Elektrownia%20Atomowa.mp3","page_url":"https://archive.org/details/03.-stad-do-wiecznosci","source":"ia","style":"country"},{"title":"Midnite Express","artist":"Ewa Braun","year":1993,"duration_sec":364,"audio_url":"https://archive.org/download/03.-stad-do-wiecznosci/04.%20Midnite%20Express.mp3","page_url":"https://archive.org/details/03.-stad-do-wiecznosci","source":"ia","style":"afrobeat"},{"title":"Horny 99","artist":"Various Artists","year":1999,"duration_sec":277,"audio_url":"https://archive.org/download/01-various-artists-al-ritmo-dance-esta-es-otra-historia/09-%20One%20Vs%20Verg%20-%20Horny%2099.mp3","page_url":"https://archive.org/details/01-various-artists-al-ritmo-dance-esta-es-otra-historia","source":"ia","style":"country"},{"title":"Gypsy Woman (She's Homeless) (Basement Boy 'Strip To The Bone' Mix)","artist":"Crystal Waters, Mercury","year":1991,"duration_sec":448,"audio_url":"https://archive.org/download/01.-gypsy-woman-shes-crystal-waters-gypsy-woman-shes-homeless-12-vinyl-single/01.%20Gypsy%20Woman%20%28She%27s%20Homeless%29%20%28Basement%20Boy%20%27Strip%20To%20The%20Bone%27%20Mix%29.mp3","page_url":"https://archive.org/details/01.-gypsy-woman-shes-crystal-waters-gypsy-woman-shes-homeless-12-vinyl-single","source":"ia","style":"afrobeat"},{"title":"In My House (Plastic Daft rmx)","artist":"Various Artists","year":1999,"duration_sec":356,"audio_url":"https://archive.org/download/01-various-artists-al-ritmo-dance-esta-es-otra-historia/13-%20DJ%20Dero%20-%20In%20My%20House%20%28Plastic%20Daft%20rmx%29.mp3","page_url":"https://archive.org/details/01-various-artists-al-ritmo-dance-esta-es-otra-historia","source":"ia","style":"country"},{"title":"Stardust Medley With Dust (Original Mix)","artist":"Various Artists","year":1999,"duration_sec":276,"audio_url":"https://archive.org/download/01-various-artists-al-ritmo-dance-esta-es-otra-historia/02-%20Groovy%2069%20-%20Stardust%20Medley%20With%20Dust%20%28Original%20Mix%29.mp3","page_url":"https://archive.org/details/01-various-artists-al-ritmo-dance-esta-es-otra-historia","source":"ia","style":"afrobeat"},{"title":"Al Ritmo Dance (Esta Es Otra Historia)","artist":"Various Artists","year":1999,"duration_sec":212,"audio_url":"https://archive.org/download/01-various-artists-al-ritmo-dance-esta-es-otra-historia/01-%20Various%20Artists%20-%20Al%20Ritmo%20Dance%20%28Esta%20Es%20Otra%20Historia%29.mp3","page_url":"https://archive.org/details/01-various-artists-al-ritmo-dance-esta-es-otra-historia","source":"ia","style":"country"},{"title":"01 Somethin To Pout About","artist":"tonyk","year":1995,"duration_sec":193,"audio_url":"https://archive.org/download/01SomethinToPoutAbout/01%20Somethin%20To%20Pout%20About.mp3","page_url":"https://archive.org/details/01SomethinToPoutAbout","source":"ia","style":"afrobeat"},{"title":"O Pendon (Carnal Mix)","artist":"Various Artists","year":1999,"duration_sec":248,"audio_url":"https://archive.org/download/01-various-artists-al-ritmo-dance-esta-es-otra-historia/15-%20Bejota%20%26%20Dr.%20Frunk%20-%20O%20Pendon%20%28Carnal%20Mix%29.mp3","page_url":"https://archive.org/details/01-various-artists-al-ritmo-dance-esta-es-otra-historia","source":"ia","style":"country"},{"title":"Ogień","artist":"Ewa Braun","year":1993,"duration_sec":133,"audio_url":"https://archive.org/download/03.-stad-do-wiecznosci/05.%20Ogie%C5%84.mp3","page_url":"https://archive.org/details/03.-stad-do-wiecznosci","source":"ia","style":"afrobeat"},{"title":"Zeszły Piątek","artist":"Ewa Braun","year":1993,"duration_sec":200,"audio_url":"https://archive.org/download/03.-stad-do-wiecznosci/02.%20Zesz%C5%82y%20Pi%C4%85tek.mp3","page_url":"https://archive.org/details/03.-stad-do-wiecznosci","source":"ia","style":"country"}]}