{"generated_at":"2026-01-04T22:44:22+00:00","input":{"style":"jazz","minutes":180,"decade":1950,"source":"mix"},"target_sec":10800,"total_sec":3512,"tracks":[{"title":"The First Noël","artist":"Frank Sinatra","year":1957,"duration_sec":162,"audio_url":"https://audio-ssl.itunes.apple.com/itunes-assets/AudioPreview211/v4/52/30/14/52301439-8f4f-29ef-9fc4-53bbadf61a30/mzaf_12912978725284184616.plus.aac.p.m4a","page_url":"https://music.apple.com/fr/album/the-first-no%C3%ABl/1440862061?i=1440862460&uo=4","source":"itunes"},{"title":"La Vie En Rose","artist":"Louis Armstrong","year":1950,"duration_sec":204,"audio_url":"https://audio-ssl.itunes.apple.com/itunes-assets/AudioPreview116/v4/66/f3/08/66f3081a-25ba-e337-6a21-f5b47eec621c/mzaf_12010286396866137701.plus.aac.p.m4a","page_url":"https://music.apple.com/fr/album/la-vie-en-rose/539489004?i=539490153&uo=4","source":"itunes"},{"title":"Dream a Little Dream of Me","artist":"Doris Day","year":1957,"duration_sec":223,"audio_url":"https://audio-ssl.itunes.apple.com/itunes-assets/AudioPreview125/v4/30/c9/f8/30c9f871-83bd-bc94-d929-871e63a2b7e6/mzaf_2593572257146217103.plus.aac.p.m4a","page_url":"https://music.apple.com/fr/album/dream-a-little-dream-of-me/1133367453?i=1133368603&uo=4","source":"itunes"},{"title":"Pennies from Heaven","artist":"Dave Brubeck","year":1955,"duration_sec":373,"audio_url":"https://audio-ssl.itunes.apple.com/itunes-assets/AudioPreview126/v4/79/dd/b7/79ddb776-7383-62f5-d3cc-63bf519b5808/mzaf_5188657193405762013.plus.aac.p.m4a","page_url":"https://music.apple.com/fr/album/pennies-from-heaven/158542573?i=158543140&uo=4","source":"itunes"},{"title":"Fever","artist":"Peggy Lee","year":1956,"duration_sec":180,"audio_url":"https://audio-ssl.itunes.apple.com/itunes-assets/AudioPreview126/v4/06/6e/d1/066ed17b-07ab-9c82-de54-085c9186c213/mzaf_411139082641053796.plus.aac.p.m4a","page_url":"https://music.apple.com/fr/album/fever/539489004?i=539489592&uo=4","source":"itunes"},{"title":"I've Got a Woman","artist":"Ray Charles","year":1954,"duration_sec":172,"audio_url":"https://audio-ssl.itunes.apple.com/itunes-assets/AudioPreview126/v4/ff/94/22/ff94224d-bae0-d0de-5845-9913d38029c3/mzaf_11133860626608813299.plus.aac.p.m4a","page_url":"https://music.apple.com/fr/album/ive-got-a-woman/539489004?i=539489604&uo=4","source":"itunes"},{"title":"Unforgettable","artist":"Nat \"King\" Cole","year":1951,"duration_sec":193,"audio_url":"https://audio-ssl.itunes.apple.com/itunes-assets/AudioPreview116/v4/b8/eb/1f/b8eb1f89-55e7-1c5a-7c26-61eb3a459aa8/mzaf_13769697825804713101.plus.aac.p.m4a","page_url":"https://music.apple.com/fr/album/unforgettable/539489004?i=539489520&uo=4","source":"itunes"},{"title":"I've Got You Under My Skin","artist":"Frank Sinatra","year":1956,"duration_sec":224,"audio_url":"https://audio-ssl.itunes.apple.com/itunes-assets/AudioPreview116/v4/47/f8/a6/47f8a631-503f-661d-ac6d-83598bc16f08/mzaf_9600818210285026513.plus.aac.p.m4a","page_url":"https://music.apple.com/fr/album/ive-got-you-under-my-skin/539489004?i=539489519&uo=4","source":"itunes"},{"title":"My Baby Just Cares for Me","artist":"Nina Simone","year":1958,"duration_sec":218,"audio_url":"https://audio-ssl.itunes.apple.com/itunes-assets/AudioPreview126/v4/c4/cf/be/c4cfbea5-cf67-17f1-40d3-962c2b2a318d/mzaf_15921716332397721899.plus.aac.p.m4a","page_url":"https://music.apple.com/fr/album/my-baby-just-cares-for-me/539489004?i=539489523&uo=4","source":"itunes"},{"title":"Cheek to Cheek","artist":"Louis Armstrong & Ella Fitzgerald","year":1956,"duration_sec":355,"audio_url":"https://audio-ssl.itunes.apple.com/itunes-assets/AudioPreview116/v4/c5/15/54/c5155452-505b-785d-ebf7-953e5078c3fd/mzaf_18080114751374215078.plus.aac.p.m4a","page_url":"https://music.apple.com/fr/album/cheek-to-cheek/539489004?i=539489589&uo=4","source":"itunes"},{"title":"Fever","artist":"Peggy Lee","year":1958,"duration_sec":203,"audio_url":"https://audio-ssl.itunes.apple.com/itunes-assets/AudioPreview211/v4/76/fa/00/76fa0005-6eb1-8fe2-28d3-97b8aa07db14/mzaf_15792706224721823935.plus.aac.p.m4a","page_url":"https://music.apple.com/fr/album/fever/716632461?i=716632560&uo=4","source":"itunes"},{"title":"Sway","artist":"Dean Martin","year":1954,"duration_sec":164,"audio_url":"https://audio-ssl.itunes.apple.com/itunes-assets/AudioPreview116/v4/82/3b/0d/823b0d95-5c43-7858-2988-77823354e7be/mzaf_4856270362277676190.plus.aac.p.m4a","page_url":"https://music.apple.com/fr/album/sway/539489004?i=539489528&uo=4","source":"itunes"},{"title":"Take Five","artist":"Dave Brubeck","year":1959,"duration_sec":327,"audio_url":"https://audio-ssl.itunes.apple.com/itunes-assets/AudioPreview126/v4/1b/71/53/1b71534a-7f37-e828-af3d-62c5ede0a978/mzaf_4339381614207339690.plus.aac.p.m4a","page_url":"https://music.apple.com/fr/album/take-five/539489004?i=539489527&uo=4","source":"itunes"},{"title":"Dream a Little Dream of Me","artist":"Louis Armstrong & Ella Fitzgerald","year":1950,"duration_sec":188,"audio_url":"https://audio-ssl.itunes.apple.com/itunes-assets/AudioPreview116/v4/f8/8a/59/f88a5908-c5b7-9d8f-7bcf-da9ef5a6edb2/mzaf_17657795634455707957.plus.aac.p.m4a","page_url":"https://music.apple.com/fr/album/dream-a-little-dream-of-me/539489004?i=539489524&uo=4","source":"itunes"},{"title":"You Make Me Feel So Young","artist":"Frank Sinatra","year":1956,"duration_sec":177,"audio_url":"https://audio-ssl.itunes.apple.com/itunes-assets/AudioPreview211/v4/5f/7e/21/5f7e219d-35f3-8d66-6583-adb23406cdd9/mzaf_14562027195496190097.plus.aac.p.m4a","page_url":"https://music.apple.com/fr/album/you-make-me-feel-so-young/1440841946?i=1440842104&uo=4","source":"itunes"},{"title":"Cry Me a River","artist":"Dinah Washington","year":1959,"duration_sec":149,"audio_url":"https://audio-ssl.itunes.apple.com/itunes-assets/AudioPreview126/v4/10/9d/ec/109decd1-5ba3-57c8-950f-4c63a5750ab9/mzaf_5889161458420459477.plus.aac.p.m4a","page_url":"https://music.apple.com/fr/album/cry-me-a-river/539489004?i=539489525&uo=4","source":"itunes"}]}