{"generated_at":"2026-01-04T23:09:06+00:00","input":{"styles":["pop","rock","house"],"decades":[1990,2000,2010,2020],"minutes":60,"source":"mix_live"},"target_sec":3600,"total_sec":3556,"tracks":[{"title":"ocean eyes","artist":"Billie Eilish","year":2016,"duration_sec":200,"audio_url":"https://audio-ssl.itunes.apple.com/itunes-assets/AudioPreview211/v4/66/1f/6f/661f6fbf-cae2-5209-c12c-b9ae9bde9f56/mzaf_9388830456300374759.plus.aac.p.m4a","page_url":"https://music.apple.com/fr/album/ocean-eyes/1440898929?i=1440899467&uo=4","source":"itunes","style":"pop"},{"title":"Feeling Good","artist":"Muse","year":2001,"duration_sec":200,"audio_url":"https://audio-ssl.itunes.apple.com/itunes-assets/AudioPreview115/v4/2c/86/f9/2c86f925-7137-7f89-546b-fa448fc7fcf8/mzaf_317754835750556355.plus.aac.p.m4a","page_url":"https://music.apple.com/fr/album/feeling-good/992088658?i=992089118&uo=4","source":"itunes","style":"rock"},{"title":"Memories (feat. Kid Cudi)","artist":"David Guetta & Kid Cudi","year":2009,"duration_sec":210,"audio_url":"https://audio-ssl.itunes.apple.com/itunes-assets/AudioPreview112/v4/51/36/10/51361083-f636-2a58-d8ce-b73409825080/mzaf_4014825887654258601.plus.aac.p.m4a","page_url":"https://music.apple.com/fr/album/memories-feat-kid-cudi/693241352?i=693241361&uo=4","source":"itunes","style":"house"},{"title":"Bob Marley","artist":"Dadju","year":2017,"duration_sec":215,"audio_url":"https://audio-ssl.itunes.apple.com/itunes-assets/AudioPreview115/v4/7c/73/24/7c732444-ec48-52ad-5ffe-2b6ce70eacff/mzaf_17470994932150332956.plus.aac.p.m4a","page_url":"https://music.apple.com/fr/album/bob-marley/1440904018?i=1440904217&uo=4","source":"itunes","style":"pop"},{"title":"Thunderstruck","artist":"AC/DC","year":1990,"duration_sec":292,"audio_url":"https://audio-ssl.itunes.apple.com/itunes-assets/AudioPreview125/v4/f3/45/64/f3456422-afe5-5218-0144-6a2dd6754a2b/mzaf_8906497323614731144.plus.aac.p.m4a","page_url":"https://music.apple.com/fr/album/thunderstruck/574049507?i=574051407&uo=4","source":"itunes","style":"rock"},{"title":"Silver Soul","artist":"Beach House","year":2010,"duration_sec":299,"audio_url":"https://audio-ssl.itunes.apple.com/itunes-assets/AudioPreview115/v4/31/fa/43/31fa4375-57bc-39db-d5f0-5d4db0d451fa/mzaf_14115506708941892389.plus.aac.p.m4a","page_url":"https://music.apple.com/fr/album/silver-soul/671867707?i=671867991&uo=4","source":"itunes","style":"house"},{"title":"Ride It","artist":"Regard","year":2019,"duration_sec":158,"audio_url":"https://audio-ssl.itunes.apple.com/itunes-assets/AudioPreview125/v4/56/04/39/56043937-fbf6-6cb5-1d9f-4a06eddd601f/mzaf_16715770252195853932.plus.aac.p.m4a","page_url":"https://music.apple.com/fr/album/ride-it/1472026375?i=1472026722&uo=4","source":"itunes","style":"pop"},{"title":"Starlight","artist":"Muse","year":2006,"duration_sec":240,"audio_url":"https://audio-ssl.itunes.apple.com/itunes-assets/AudioPreview115/v4/be/ee/7d/beee7d83-77c9-0cd1-daa3-f76a5d0db5c5/mzaf_13246627122539623042.plus.aac.p.m4a","page_url":"https://music.apple.com/fr/album/starlight/992221994?i=992221996&uo=4","source":"itunes","style":"rock"},{"title":"Grapejuice","artist":"Harry Styles","year":2022,"duration_sec":192,"audio_url":"https://audio-ssl.itunes.apple.com/itunes-assets/AudioPreview221/v4/91/e9/fa/91e9faf4-c012-2b83-f2e3-9204635561d9/mzaf_1722014334768721753.plus.aac.p.m4a","page_url":"https://music.apple.com/fr/album/grapejuice/1615584999?i=1615585007&uo=4","source":"itunes","style":"house"},{"title":"Le coach (feat. Vincenzo)","artist":"Soprano","year":2018,"duration_sec":200,"audio_url":"https://audio-ssl.itunes.apple.com/itunes-assets/AudioPreview122/v4/e6/9d/a3/e69da39c-96de-3e9c-e328-96c2a2f91e8f/mzaf_14590960170781052704.plus.aac.p.m4a","page_url":"https://music.apple.com/fr/album/le-coach-feat-vincenzo/1439810728?i=1439810777&uo=4","source":"itunes","style":"pop"},{"title":"J'oublie tout","artist":"Jul","year":2014,"duration_sec":317,"audio_url":"https://audio-ssl.itunes.apple.com/itunes-assets/AudioPreview115/v4/cb/cd/db/cbcddbd9-3acb-f6b4-3cd3-c73a5d30ebb6/mzaf_3519653348990717405.plus.aac.p.m4a","page_url":"https://music.apple.com/fr/album/joublie-tout/799176203?i=799176215&uo=4","source":"itunes","style":"rock"},{"title":"Osama","artist":"Zakes Bantwini & Kasango","year":2021,"duration_sec":409,"audio_url":"https://audio-ssl.itunes.apple.com/itunes-assets/AudioPreview115/v4/c9/c0/ff/c9c0ff71-4c2f-66c1-8ce2-8b127163f3cf/mzaf_16273398859584600222.plus.aac.p.m4a","page_url":"https://music.apple.com/fr/album/osama/1582664220?i=1582664469&uo=4","source":"itunes","style":"house"},{"title":"42","artist":"Aya Nakamura","year":2024,"duration_sec":176,"audio_url":"https://audio-ssl.itunes.apple.com/itunes-assets/AudioPreview211/v4/e7/0e/4f/e70e4f8e-65d6-4dd9-c6c8-2a3b61750f25/mzaf_12516258110568325203.plus.aac.p.m4a","page_url":"https://music.apple.com/fr/album/42/1751818782?i=1751818784&uo=4","source":"itunes","style":"pop"},{"title":"Dani California","artist":"Red Hot Chili Peppers","year":2006,"duration_sec":282,"audio_url":"https://audio-ssl.itunes.apple.com/itunes-assets/AudioPreview112/v4/26/33/c1/2633c176-8b06-95c2-31f5-5dd1af78250e/mzaf_17499253204981265716.plus.aac.p.m4a","page_url":"https://music.apple.com/fr/album/dani-california/945562992?i=945568998&uo=4","source":"itunes","style":"rock"},{"title":"Head & Heart (feat. MNEK)","artist":"Joel Corry","year":2020,"duration_sec":166,"audio_url":"https://audio-ssl.itunes.apple.com/itunes-assets/AudioPreview221/v4/2b/f4/b2/2bf4b236-5e2b-8824-4564-0603fae71217/mzaf_14135801356850167654.plus.aac.p.m4a","page_url":"https://music.apple.com/fr/album/head-heart-feat-mnek/1518804164?i=1518804165&uo=4","source":"itunes","style":"house"}]}