{"alternate_locations":{"servers":[{"server":"dn710107.ca.archive.org","dir":"/0/items/01-24-00"}],"workable":[{"server":"dn710107.ca.archive.org","dir":"/0/items/01-24-00"}]},"created":1767567000,"d1":"ia601203.us.archive.org","d2":"ia801203.us.archive.org","dir":"/20/items/01-24-00","files":[{"name":"01-24-00.ia.mp4","source":"derivative","format":"h.264 IA","original":"01-24-00.mp4","mtime":"1766480062","size":"4957631","md5":"790e5e9e5c523ffff5a6d23bd591ec1a","crc32":"967dccd5","sha1":"ac0d71cc15d358ccd77a593ad0f99cdd828c5a2e","length":"64.92","width":"2560","height":"1080"},{"name":"01-24-00.mp4","source":"original","mtime":"1766471161","size":"4957631","md5":"91a80eb8ee71d9e7e043a2f980b65e87","crc32":"d6dbbdf4","sha1":"dd8f34d6edb3b3de52fe6cb1a37102a5d3873ad6","format":"MPEG4","length":"64.92","width":"2560","height":"1080"},{"name":"01-24-00.thumbs/01-24-00_000001.jpg","source":"derivative","format":"Thumbnail","original":"01-24-00.mp4","mtime":"1766479014","size":"23834","md5":"effd88905f63e4ad8681e0ab3809980f","crc32":"ddeff217","sha1":"5f768268b69f6f1c45f2e441e11c31c791aa7df8"},{"name":"01-24-00.thumbs/01-24-00_000010.jpg","source":"derivative","format":"Thumbnail","original":"01-24-00.mp4","mtime":"1766479015","size":"25730","md5":"fec58f4fab163897e0ed920cfacdee8a","crc32":"2d2ae98e","sha1":"0c8e6e66435cc07bf606c711d1dc5a85e4cb53ea"},{"name":"01-24-00.thumbs/01-24-00_000015.jpg","source":"derivative","format":"Thumbnail","original":"01-24-00.mp4","mtime":"1766479016","size":"31638","md5":"49bd1d3d9e501c50d78350bdf534876b","crc32":"0ec2873d","sha1":"cc1d17bbe5d8df7e5faa1d3d0cbc9138e8382d6d"},{"name":"01-24-00.thumbs/01-24-00_000020.jpg","source":"derivative","format":"Thumbnail","original":"01-24-00.mp4","mtime":"1766479016","size":"31681","md5":"0fe7ed41613e716faf38c9502a5aba8f","crc32":"4ea4d518","sha1":"0938ee80834abf13e5baf483d221caca52c79309"},{"name":"01-24-00.thumbs/01-24-00_000025.jpg","source":"derivative","format":"Thumbnail","original":"01-24-00.mp4","mtime":"1766479017","size":"31686","md5":"65f9c895c209ecf5f163119f3a98ad4a","crc32":"9262d147","sha1":"93c0e27f787e0ac2f4e3cc69087dd89bd8f071c1"},{"name":"01-24-00.thumbs/01-24-00_000030.jpg","source":"derivative","format":"Thumbnail","original":"01-24-00.mp4","mtime":"1766479018","size":"31676","md5":"8297af90c7c0d84b8e4c83864ebd5cce","crc32":"41e9c7e8","sha1":"cf3f78fa28ea13eb384d9d4589e1f11624ae3047"},{"name":"01-24-00.thumbs/01-24-00_000035.jpg","source":"derivative","format":"Thumbnail","original":"01-24-00.mp4","mtime":"1766479018","size":"31686","md5":"65f9c895c209ecf5f163119f3a98ad4a","crc32":"9262d147","sha1":"93c0e27f787e0ac2f4e3cc69087dd89bd8f071c1"},{"name":"01-24-00.thumbs/01-24-00_000040.jpg","source":"derivative","format":"Thumbnail","original":"01-24-00.mp4","mtime":"1766479019","size":"31686","md5":"65f9c895c209ecf5f163119f3a98ad4a","crc32":"9262d147","sha1":"93c0e27f787e0ac2f4e3cc69087dd89bd8f071c1"},{"name":"01-24-00.thumbs/01-24-00_000045.jpg","source":"derivative","format":"Thumbnail","original":"01-24-00.mp4","mtime":"1766479020","size":"31686","md5":"65f9c895c209ecf5f163119f3a98ad4a","crc32":"9262d147","sha1":"93c0e27f787e0ac2f4e3cc69087dd89bd8f071c1"},{"name":"01-24-00.thumbs/01-24-00_000050.jpg","source":"derivative","format":"Thumbnail","original":"01-24-00.mp4","mtime":"1766479021","size":"31686","md5":"65f9c895c209ecf5f163119f3a98ad4a","crc32":"9262d147","sha1":"93c0e27f787e0ac2f4e3cc69087dd89bd8f071c1"},{"name":"01-24-00.thumbs/01-24-00_000055.jpg","source":"derivative","format":"Thumbnail","original":"01-24-00.mp4","mtime":"1766479022","size":"31678","md5":"a5991c2a7ca534a2a2105730aa8d5d68","crc32":"bdba3b64","sha1":"cf4b325b47be14bcf39af7813b87cad4532eb388"},{"name":"01-24-00.thumbs/01-24-00_000060.jpg","source":"derivative","format":"Thumbnail","original":"01-24-00.mp4","mtime":"1766479022","size":"31664","md5":"a54eb4b054386bb7a954e43cbe5971ec","crc32":"98bf7a97","sha1":"5cd06bb5c13725442bc77a177346334c7eeac603"},{"name":"01-24-00.thumbs/01-24-00_000064.jpg","source":"derivative","format":"Thumbnail","original":"01-24-00.mp4","mtime":"1766479023","size":"31686","md5":"65f9c895c209ecf5f163119f3a98ad4a","crc32":"9262d147","sha1":"93c0e27f787e0ac2f4e3cc69087dd89bd8f071c1"},{"name":"01-24-00_archive.torrent","source":"metadata","btih":"4eb4e0646ee11ecd468c0ee91d8bbc8ead468dc8","mtime":"1766480323","size":"2308","md5":"b2bbfdde29aa2272b428dd6ffb897add","crc32":"78bee7cb","sha1":"615688fa7599ce552d3b5ec65ede50d5f13df048","format":"Archive BitTorrent"},{"name":"01-24-00_files.xml","source":"original","format":"Metadata","md5":"490121b634781628c346feaf77525b26","summation":"md5"},{"name":"01-24-00_meta.sqlite","source":"original","mtime":"1766471191","size":"20480","md5":"fbc4888f711a481ce4c7402a40a5c8b6","crc32":"fa6f76dc","sha1":"1b7b1fcf458d870151f1bcdacef2b6cb42e2fad6","format":"Metadata"},{"name":"01-24-00_meta.xml","source":"original","mtime":"1766480312","size":"656","md5":"08dbdfd940812144904dc0eeb4434d0c","crc32":"6f7f8ec2","sha1":"67066d66982a795584d7f15b3b5b3c61294bdf22","format":"Metadata"},{"name":"__ia_thumb.jpg","source":"original","mtime":"1766480321","size":"4354","md5":"00fd1df73531a82e85acb7ccec7a436a","crc32":"7905074f","sha1":"43c7b33fc22b69d1c45bcbe64a4a7c5392e6f091","format":"Item Tile"}],"files_count":20,"item_last_updated":1766480323,"item_size":10341077,"metadata":{"identifier":"01-24-00","mediatype":"audio","collection":"opensource_audio","creator":"Bryan Adams","date":"1987","description":"Bryan Adams","scanner":"Internet Archive HTML5 Uploader 1.7.0","subject":"Rock","title":"Run Rudolph Run","uploader":"ryannorwood41710@gmail.com","publicdate":"2025-12-23 06:26:21","addeddate":"2025-12-23 06:26:21","curation":"[curator]validator@archive.org[/curator][date]20251223062643[/date][comment]checked for malware[/comment]"},"server":"ia601203.us.archive.org","uniq":1125585220,"workable_servers":["ia601203.us.archive.org","ia801203.us.archive.org"]}