{"alternate_locations":{"servers":[{"server":"dn721609.ca.archive.org","dir":"/0/items/01-before-today"}],"workable":[{"server":"dn721609.ca.archive.org","dir":"/0/items/01-before-today"}]},"created":1767564430,"d1":"ia600609.us.archive.org","d2":"ia800609.us.archive.org","dir":"/19/items/01-before-today","files":[{"name":"01 Before Today.flac","source":"original","mtime":"1740228181","size":"26238374","md5":"6947e4b068c13f3a887cc409830c811a","crc32":"cc93856d","sha1":"82a454f5700a932e910c0a0c74f8cd90d06ed1d5","format":"Flac","length":"258.53","viruscheck":"1740228926","title":"Before Today","creator":"Everything But The Girl","album":"Walking Wounded","track":"1","artist":"Everything But The Girl","genre":"Soul"},{"name":"01 Before Today.mp3","source":"derivative","creator":"Everything But The Girl","title":"Before Today","track":"1","album":"Walking Wounded","genre":"Soul","bitrate":"181","length":"04:19","format":"VBR MP3","original":"01 Before Today.flac","mtime":"1740229084","size":"5969001","md5":"3d2b674886998dfe69ba868a0d022fef","crc32":"056a3ed9","sha1":"b56f11d8e46895bf20d230ca8a397d817a3ffc80"},{"name":"01 Before Today.png","source":"derivative","format":"PNG","original":"01 Before Today.flac","mtime":"1740230560","size":"42422","md5":"3fd5e3d42a346c29964da22510774f9f","crc32":"e8939047","sha1":"a7d9dca45758aa14f1ac10ef7b73f521237172ac"},{"name":"01 Before Today_spectrogram.png","source":"derivative","format":"Spectrogram","original":"01 Before Today.flac","mtime":"1740231894","size":"324818","md5":"57ab665e69d9f818f103cd5c4ed93acf","crc32":"6400a2d4","sha1":"b19265493186fc60c92e3502f667c9476cd21457"},{"name":"01-before-today_archive.torrent","source":"metadata","btih":"a93c4b1c730c897f34e26a27db06d382213a11a5","mtime":"1747421108","size":"25811","md5":"37109470766817e3ae62225b057ea770","crc32":"25999472","sha1":"3324fa992a1d5881b5f47e12c07240752e3a16cb","format":"Archive BitTorrent"},{"name":"01-before-today_files.xml","source":"original","format":"Metadata","md5":"f7856eb1efc518c6a9141cf580566537","summation":"md5"},{"name":"01-before-today_meta.sqlite","source":"original","mtime":"1740228532","size":"69632","md5":"e95a868329da6f76349058695bad2d30","crc32":"222e9d94","sha1":"0a77adcdf1a567a01b55c1d463fdb1ab92bb0c06","format":"Metadata"},{"name":"01-before-today_meta.xml","source":"original","mtime":"1747421102","size":"1189","md5":"e15b59ac780de488d81597425d8dede3","crc32":"f9d1f67c","sha1":"3d19c8382a9c3c0bbe227728effa88c6908a4e79","format":"Metadata"},{"name":"02 Wrong.flac","source":"original","mtime":"1740228229","size":"30606687","md5":"787c2b4179ccf8665b1242f6b25e3a17","crc32":"0bef2b50","sha1":"5ba1ac8c6dc29db4602b8737171a9d21c35ec548","format":"Flac","length":"276.69","viruscheck":"1740228926","title":"Wrong","creator":"Everything But The Girl","album":"Walking Wounded","track":"2","artist":"Everything But The Girl","genre":"Soul"},{"name":"02 Wrong.mp3","source":"derivative","creator":"Everything But The Girl","title":"Wrong","track":"2","album":"Walking Wounded","genre":"Soul","bitrate":"190","length":"04:37","format":"VBR MP3","original":"02 Wrong.flac","mtime":"1740230230","size":"6694175","md5":"26b7d4a4a4768c39daf7fbdc8efb8acd","crc32":"0c5a6514","sha1":"de5d394207cb1e692801e5cc03b26313cf36be38"},{"name":"02 Wrong.png","source":"derivative","format":"PNG","original":"02 Wrong.flac","mtime":"1740230863","size":"44706","md5":"59dd55c1704350929a7bb616c48bd87d","crc32":"7661075f","sha1":"3f670beecfa6cc9c380c622540aa24b1a008d7f1"},{"name":"02 Wrong_spectrogram.png","source":"derivative","format":"Spectrogram","original":"02 Wrong.flac","mtime":"1740231288","size":"311857","md5":"cd07734ba6ef130c55cc9eec67f778ed","crc32":"0bcba4f8","sha1":"ef35c52f4d4aa6332cab0bf393dc2b2a922ad076"},{"name":"03 Single.flac","source":"original","mtime":"1740228253","size":"25663068","md5":"e575dc38db44f62b4e3bf35ad7fbdb89","crc32":"578b0d4a","sha1":"8d8eff1513475de8b64d742ee2064b8ccb55dcaf","format":"Flac","length":"278.73","viruscheck":"1740228926","title":"Single","creator":"Everything But The Girl","album":"Walking Wounded","track":"3","artist":"Everything But The Girl","genre":"Soul"},{"name":"03 Single.mp3","source":"derivative","creator":"Everything But The Girl","title":"Single","track":"3","album":"Walking Wounded","genre":"Soul","bitrate":"180","length":"04:39","format":"VBR MP3","original":"03 Single.flac","mtime":"1740230055","size":"6398181","md5":"be07936103894c5e82c233e938bef66e","crc32":"a8cb28ed","sha1":"092c35ec6f78235fd7d5bce09eae0ac730fd73f5"},{"name":"03 Single.png","source":"derivative","format":"PNG","original":"03 Single.flac","mtime":"1740231120","size":"40995","md5":"5e6c030812390cf93e0338e56655bc02","crc32":"ef4ed9d0","sha1":"be19a06b6d44d555d2aa79f439f094f26d88e3b5"},{"name":"03 Single_spectrogram.png","source":"derivative","format":"Spectrogram","original":"03 Single.flac","mtime":"1740231502","size":"333607","md5":"70c1c4dd19e60235824ee562f61d5037","crc32":"3961d3f4","sha1":"c7734ff70004ca2029e4e9e32e9f651e687f458c"},{"name":"04 The Heart Remains A Child.flac","source":"original","mtime":"1740228280","size":"23964251","md5":"de13154e8414149f42787fd3b61e1fd6","crc32":"60464e50","sha1":"c5fe8fdca79e2720e2094dfb67663d2897f9cbca","format":"Flac","length":"230.04","viruscheck":"1740228926","title":"The Heart Remains A Child","creator":"Everything But The Girl","album":"Walking Wounded","track":"4","artist":"Everything But The Girl","genre":"Soul"},{"name":"04 The Heart Remains A Child.mp3","source":"derivative","creator":"Everything But The Girl","title":"The Heart Remains A Child","track":"4","album":"Walking Wounded","genre":"Soul","bitrate":"191","length":"03:50","format":"VBR MP3","original":"04 The Heart Remains A Child.flac","mtime":"1740229935","size":"5605578","md5":"9bfc6a8ce0e8ce73265aded3e9b371e9","crc32":"c395ac48","sha1":"252a14bb42cedb1cd38c9480638d67b45f9db19b"},{"name":"04 The Heart Remains A Child.png","source":"derivative","format":"PNG","original":"04 The Heart Remains A Child.flac","mtime":"1740230473","size":"42838","md5":"f8463eac52212875391b8f00d9dde60a","crc32":"af71cbbb","sha1":"9c5cacbdf6e1ae33faff760217eaa433c96aff93"},{"name":"04 The Heart Remains A Child_spectrogram.png","source":"derivative","format":"Spectrogram","original":"04 The Heart Remains A Child.flac","mtime":"1740231575","size":"315331","md5":"382a21f9816581d34af2fb4633a33a7c","crc32":"7872accc","sha1":"e32e2d12b31ad7ef1fac0fe96ab48c6716d0924f"},{"name":"05 Walking Wounded.flac","source":"original","mtime":"1740228322","size":"42867919","md5":"7366c47ac51280c27e86f63c9a066b11","crc32":"5a4b3f59","sha1":"d79f1d817b35408d33261c08fcf794ee9c44ad76","format":"Flac","length":"365.2","title":"Walking Wounded","creator":"Everything But The Girl","album":"Walking Wounded","track":"5","artist":"Everything But The Girl","genre":"Soul"},{"name":"05 Walking Wounded.mp3","source":"derivative","creator":"Everything But The Girl","title":"Walking Wounded","track":"5","album":"Walking Wounded","genre":"Soul","bitrate":"199","length":"06:05","format":"VBR MP3","original":"05 Walking Wounded.flac","mtime":"1740229631","size":"9207687","md5":"70136af956c7a7c1b1a15e92ef96573b","crc32":"bde0e45a","sha1":"aa7a088b36957ddfe835bb2c5e8828c2387ec950"},{"name":"05 Walking Wounded.png","source":"derivative","format":"PNG","original":"05 Walking Wounded.flac","mtime":"1740231226","size":"44946","md5":"420d0613d439f0feeed1b373b94d27c0","crc32":"14bba0f4","sha1":"395cce70ce0bfa1eaae75ec5df662bebd8020a20"},{"name":"05 Walking Wounded_spectrogram.png","source":"derivative","format":"Spectrogram","original":"05 Walking Wounded.flac","mtime":"1740231810","size":"307527","md5":"159b6f5c219d06bb847b8572071dfe3f","crc32":"13bb3edb","sha1":"94a74223bd94f81f36e99b85b583c2129119a438"},{"name":"06 Flipside.flac","source":"original","mtime":"1740228344","size":"27854891","md5":"37076cd2af36c667420b71fdb4f84b73","crc32":"16b580ba","sha1":"c5954633edbf57b9e7a3dcbd17a811ab71bf7f58","format":"Flac","length":"273.47","viruscheck":"1740228926","title":"Flipside","creator":"Everything But The Girl","album":"Walking Wounded","track":"6","artist":"Everything But The Girl","genre":"Soul"},{"name":"06 Flipside.mp3","source":"derivative","creator":"Everything But The Girl","title":"Flipside","track":"6","album":"Walking Wounded","genre":"Soul","bitrate":"173","length":"04:34","format":"VBR MP3","original":"06 Flipside.flac","mtime":"1740229357","size":"6038832","md5":"fbd1765868fc94181a31f50b12a5ee29","crc32":"abff49cc","sha1":"d6d9d26b543f774301ea255b9cc6dcfbfcfcbba8"},{"name":"06 Flipside.png","source":"derivative","format":"PNG","original":"06 Flipside.flac","mtime":"1740230982","size":"43136","md5":"bcf3b0cae667c7095bad4148755fc913","crc32":"bff8ade7","sha1":"cfcc3a96bae889b65a3e5276c6d1788d4f905a8f"},{"name":"06 Flipside_spectrogram.png","source":"derivative","format":"Spectrogram","original":"06 Flipside.flac","mtime":"1740232396","size":"314302","md5":"d742472f32dbe890ba2f7194385a9927","crc32":"74cd9fa6","sha1":"66e459a00b01c004ebdda02ce2bb8b258de85d14"},{"name":"07 Big Deal.flac","source":"original","mtime":"1740228380","size":"29290586","md5":"5856f5eeaa1ac81837e7399a1592f001","crc32":"dd16cab8","sha1":"c2cd723626f797d4d6a94b8840e667866a62280e","format":"Flac","length":"269.89","viruscheck":"1740228926","title":"Big Deal","creator":"Everything But The Girl","album":"Walking Wounded","track":"7","artist":"Everything But The Girl","genre":"Soul"},{"name":"07 Big Deal.mp3","source":"derivative","creator":"Everything But The Girl","title":"Big Deal","track":"7","album":"Walking Wounded","genre":"Soul","bitrate":"196","length":"04:30","format":"VBR MP3","original":"07 Big Deal.flac","mtime":"1740230279","size":"6735938","md5":"313ed7c5c5844c46fcad196b2ec50cfb","crc32":"fdcde5af","sha1":"b4162dd2cac1f1011b791ec5454d6ee4446829f0"},{"name":"07 Big Deal.png","source":"derivative","format":"PNG","original":"07 Big Deal.flac","mtime":"1740231081","size":"42253","md5":"b69e8bfcf72e1e1d7a08f6ab04632f99","crc32":"e994dda8","sha1":"a0d1032e3435a070cae5fe8126d6241fa8ea128e"},{"name":"07 Big Deal_spectrogram.png","source":"derivative","format":"Spectrogram","original":"07 Big Deal.flac","mtime":"1740232110","size":"317641","md5":"f99e65d43922b2231a6d4bb395bc5b50","crc32":"a0dd8ccc","sha1":"b6de2e6fe37cd67f691741ede4858ba015fd8481"},{"name":"08 Mirrorball.flac","source":"original","mtime":"1740228403","size":"22143299","md5":"2064e6339c4eee166bae8a2a137ecc93","crc32":"a8234e82","sha1":"a336945ee4391acecbce59bd7dda5da4cd26fbd6","format":"Flac","length":"207","viruscheck":"1740228926","title":"Mirrorball","creator":"Everything But The Girl","album":"Walking Wounded","track":"8","artist":"Everything But The Girl","genre":"Soul"},{"name":"08 Mirrorball.mp3","source":"derivative","creator":"Everything But The Girl","title":"Mirrorball","track":"8","album":"Walking Wounded","genre":"Soul","bitrate":"201","length":"03:27","format":"VBR MP3","original":"08 Mirrorball.flac","mtime":"1740229233","size":"5331722","md5":"e3213fc6fd3c819b30598b9d52f82a63","crc32":"070579d3","sha1":"69e8803bdcd3cbcc587f9fe3e9f082cdcb0ae4ba"},{"name":"08 Mirrorball.png","source":"derivative","format":"PNG","original":"08 Mirrorball.flac","mtime":"1740230339","size":"43234","md5":"86d7086ed1026bccab37984908a982a3","crc32":"c3a8d90b","sha1":"d085e2d7221929542c60aa15b5ae116f27ade977"},{"name":"08 Mirrorball_spectrogram.png","source":"derivative","format":"Spectrogram","original":"08 Mirrorball.flac","mtime":"1740232244","size":"318538","md5":"8b8c8983489b6098f091f20bf8817248","crc32":"a0a6f8b5","sha1":"a5382109ee095819a5027e5619f849411c0bdb58"},{"name":"09 Good Cop Bad Cop.flac","source":"original","mtime":"1740228435","size":"32721760","md5":"9e07ad1b056737a9448623ee683c6b44","crc32":"ca37d178","sha1":"9b1b32d367bd7fb781425b60659d44932135bbce","format":"Flac","length":"294.33","title":"Good Cop Bad Cop","creator":"Everything But The Girl","album":"Walking Wounded","track":"9","artist":"Everything But The Girl","genre":"Soul"},{"name":"09 Good Cop Bad Cop.mp3","source":"derivative","creator":"Everything But The Girl","title":"Good Cop Bad Cop","track":"9","album":"Walking Wounded","genre":"Soul","bitrate":"193","length":"04:54","format":"VBR MP3","original":"09 Good Cop Bad Cop.flac","mtime":"1740229544","size":"7238316","md5":"f35893290a7f84ff7bf493709937556d","crc32":"ec69face","sha1":"5f800f593d72880beccf18769f33400ea6a2ad43"},{"name":"09 Good Cop Bad Cop.png","source":"derivative","format":"PNG","original":"09 Good Cop Bad Cop.flac","mtime":"1740231166","size":"40426","md5":"ec54a98fe375106ee23bd0fa43f627f8","crc32":"983956c4","sha1":"205326fa4c58408f1453ad27728a8542b9a1caf3"},{"name":"09 Good Cop Bad Cop_spectrogram.png","source":"derivative","format":"Spectrogram","original":"09 Good Cop Bad Cop.flac","mtime":"1740232336","size":"332265","md5":"67a63881edcc52aa4be4c23f09dc18b7","crc32":"caa629a9","sha1":"33db0a102ae755edaf7a22e4b259b3b335f9eeff"},{"name":"10 Wrong (Todd Terry Remix).flac","source":"original","mtime":"1740228465","size":"33133096","md5":"e16d0017e1aac75abb71bca954722d96","crc32":"37a64fd4","sha1":"1450b1dae9eda7c883746ba55fae9d62f55bd6da","format":"Flac","length":"285.93","title":"Wrong (Todd Terry Remix)","creator":"Everything But The Girl","album":"Walking Wounded","track":"10","artist":"Everything But The Girl","genre":"Soul"},{"name":"10 Wrong (Todd Terry Remix).mp3","source":"derivative","creator":"Everything But The Girl","title":"Wrong (Todd Terry Remix)","track":"10","album":"Walking Wounded","genre":"Soul","bitrate":"187","length":"04:46","format":"VBR MP3","original":"10 Wrong (Todd Terry Remix).flac","mtime":"1740229681","size":"6806638","md5":"39d23c173c4a8640f8967aa1507f38fa","crc32":"7b41c7c1","sha1":"baa4d157bfb0ca8c6629789e198ba95e183b82be"},{"name":"10 Wrong (Todd Terry Remix).png","source":"derivative","format":"PNG","original":"10 Wrong (Todd Terry Remix).flac","mtime":"1740230784","size":"44211","md5":"a24fd6e9fb5811632018edc73f6a75d6","crc32":"ef8a9110","sha1":"2da97e8ad34bf2ed81b16e79fccab51153af344c"},{"name":"10 Wrong (Todd Terry Remix)_spectrogram.png","source":"derivative","format":"Spectrogram","original":"10 Wrong (Todd Terry Remix).flac","mtime":"1740231690","size":"311624","md5":"614ca5aaa19bf00ab36f895ca56615cb","crc32":"10d43f94","sha1":"68d1ff2630eb51a515fd3c5a2e83180e27e4fabb"},{"name":"11 Walking Wounded (Omni Trio Remix).flac","source":"original","mtime":"1740228506","size":"39798529","md5":"7b64f5a979d6d840987cd154ee3d4d43","crc32":"6fbd408c","sha1":"611fd571bd610393c5ddd56189e2b185d9a26e25","format":"Flac","length":"403.83","title":"Walking Wounded (Omni Trio Remix)","creator":"Everything But The Girl","album":"Walking Wounded","track":"11","artist":"Everything But The Girl","genre":"Soul"},{"name":"11 Walking Wounded (Omni Trio Remix).mp3","source":"derivative","creator":"Everything But The Girl","title":"Walking Wounded (Omni Trio Remix)","track":"11","album":"Walking Wounded","genre":"Soul","bitrate":"165","length":"06:44","format":"VBR MP3","original":"11 Walking Wounded (Omni Trio Remix).flac","mtime":"1740230145","size":"8438577","md5":"bd3388abccb55266a5c990b58b6f702c","crc32":"b9b0075b","sha1":"dc9b9fa6b5fc0cb5ffc275e2a0b1127c0ad774e2"},{"name":"11 Walking Wounded (Omni Trio Remix).png","source":"derivative","format":"PNG","original":"11 Walking Wounded (Omni Trio Remix).flac","mtime":"1740230625","size":"40790","md5":"990f24e0408ec8b821469583da71ba1f","crc32":"98e1eaea","sha1":"347bff9805095502c65bb468cb46f44e5895bd80"},{"name":"11 Walking Wounded (Omni Trio Remix)_spectrogram.png","source":"derivative","format":"Spectrogram","original":"11 Walking Wounded (Omni Trio Remix).flac","mtime":"1740232372","size":"279013","md5":"4913f72aae82a6464948df3df17ebfbd","crc32":"3e79a531","sha1":"76ef67c7d6c1e05b8fec7f1cfed55142899e9d57"},{"name":"__ia_thumb.jpg","source":"original","mtime":"1740228568","size":"17366","md5":"0b2168435c1a542f35624abd27a28d8b","crc32":"b71321d9","sha1":"c484b0141286b99ebbdbcb07d8b5dd9a09a66510","format":"Item Tile"},{"name":"cover.jpg","source":"original","mtime":"1740228513","size":"2996432","md5":"403c841ad5d6871f0099b8e158173e13","crc32":"56c6ccd0","sha1":"3e6a21509b10da286596888133fe0ade93a447a7","format":"JPEG"},{"name":"cover_thumb.jpg","source":"derivative","format":"JPEG Thumb","original":"cover.jpg","mtime":"1740230300","size":"9908","md5":"2cfdf265098f7f960d36fd3f339f5c9d","crc32":"d2e6bd6d","sha1":"800ea620f1e607060464d3ec5a6fe512df40e49d"}],"files_count":51,"item_last_updated":1747421108,"item_size":415803923,"metadata":{"identifier":"01-before-today","mediatype":"audio","collection":"audio_music","creator":"Everything But The Girl","date":"1996-05-06","description":"The 9th studio album from this sophisto-pop outfit who turned to chilled DnB and deep house with Walking Wounded, released on the 6th of May 1996.<div><br /></div><div>A rip of my own cd copy in 16bit .flac.</div>","language":"eng","licenseurl":"https://creativecommons.org/licenses/by-nd/4.0/","scanner":"Internet Archive HTML5 Uploader 1.7.0","subject":["Downtempo","Everything But The Girl","1996","Drum and Bass"],"title":"Everything But The Girl - Walking Wounded [FLAC] [CDV2803]","y35675":"q5u8uo9","uploader":"swilliamson048@gmail.com","publicdate":"2025-02-22 12:43:24","addeddate":"2025-02-22 12:43:24","curation":"[curator]validator@archive.org[/curator][date]20250222125526[/date][comment]checked for malware[/comment]"},"server":"ia600609.us.archive.org","uniq":115466413,"workable_servers":["ia600609.us.archive.org","ia800609.us.archive.org"]}