{"alternate_locations":{"servers":[{"server":"dn721502.ca.archive.org","dir":"/0/items/01-beautiful-isle-of-somewhere_202504"}],"workable":[{"server":"dn721502.ca.archive.org","dir":"/0/items/01-beautiful-isle-of-somewhere_202504"}]},"created":1767567355,"d1":"ia601608.us.archive.org","d2":"ia801608.us.archive.org","dir":"/27/items/01-beautiful-isle-of-somewhere_202504","files":[{"name":"01 Beautiful Isle Of Somewhere.mp3","source":"original","mtime":"1744336893","size":"4559139","md5":"7914e868eb1a35acc45e5c3a379aec0d","crc32":"614f6f5f","sha1":"9b707d31ad550a1524da79eb6619d3e78d45faad","format":"VBR MP3","length":"189.39","title":"Beautiful Isle Of Somewhere","creator":"The Jordanaires","album":"Great Gospel Songs","track":"1","artist":"The Jordanaires","genre":"Gospel"},{"name":"01 Beautiful Isle Of Somewhere.png","source":"derivative","format":"PNG","original":"01 Beautiful Isle Of Somewhere.mp3","mtime":"1744337043","size":"34702","md5":"a1c21c511086c8c38fd35c95d83ec9b1","crc32":"06a8eebf","sha1":"94d6cdddd1b9d1274f3d7bc9c1289f187ec5f2eb"},{"name":"01 Beautiful Isle Of Somewhere_spectrogram.png","source":"derivative","format":"Spectrogram","original":"01 Beautiful Isle Of Somewhere.mp3","mtime":"1744337466","size":"268947","md5":"9dae948d04d75c67dfb699319f94b214","crc32":"df8c4511","sha1":"eb79f5e6a808ec96b5ca74d08ac8d06f2ad55085"},{"name":"01-beautiful-isle-of-somewhere_202504_archive.torrent","source":"metadata","btih":"1c2d9aead5b22cffe3aa12e5900d75b5e0cc6555","mtime":"1758516867","size":"8470","md5":"26e146327a3bae74ab603c9848acce51","crc32":"baac312e","sha1":"d352dc5ed02c8ddb8ccbca5a854fe69ddbb291c2","format":"Archive BitTorrent"},{"name":"01-beautiful-isle-of-somewhere_202504_files.xml","source":"original","format":"Metadata","md5":"faed5ec4544ff619b3d6b90675e154ec","summation":"md5"},{"name":"01-beautiful-isle-of-somewhere_202504_meta.sqlite","source":"original","mtime":"1744336897","size":"45056","md5":"25cf67806c851ddd04cb67568ab28b64","crc32":"673a7c72","sha1":"85ddb387871ef1ae48928da89b1fac270e512208","format":"Metadata"},{"name":"01-beautiful-isle-of-somewhere_202504_meta.xml","source":"original","mtime":"1758516866","size":"2071","md5":"31bff6fbe0b45f069170778f36975ff7","crc32":"a458b093","sha1":"331638dbfd42f4ddfdedf8c410009ec6c9d9510d","format":"Metadata"},{"name":"02 Born Again.mp3","source":"original","mtime":"1744336832","size":"3120924","md5":"e7796f327e81115060f6b64aeafc2417","crc32":"c721acf5","sha1":"4306dd703eb74c6e59817069f9eef5c885532cf4","format":"VBR MP3","length":"129.46","title":"Born Again","creator":"The Jordanaires","album":"Great Gospel Songs","track":"2","artist":"The Jordanaires","genre":"Gospel"},{"name":"02 Born Again.png","source":"derivative","format":"PNG","original":"02 Born Again.mp3","mtime":"1744337260","size":"38660","md5":"408f0a26b414244e93d34c5028bd8e49","crc32":"0a400057","sha1":"919011156564825a78235af7b3418b0b2b2fdb22"},{"name":"02 Born Again_spectrogram.png","source":"derivative","format":"Spectrogram","original":"02 Born Again.mp3","mtime":"1744337447","size":"268617","md5":"352149e0a071671f4ca683a00bd8ea58","crc32":"ddfc8a57","sha1":"8d8e6e92f5b6001524a6d12fb1ac247765e6ac20"},{"name":"03 Without Him.mp3","source":"original","mtime":"1744336853","size":"4278254","md5":"48428e3e78d3b3ff0b818581d25c89db","crc32":"99e372c4","sha1":"bd7fd0cd027b7dd6d90822e53e38273b56387c97","format":"VBR MP3","length":"177.68","title":"Without Him","creator":"The Jordanaires","album":"Great Gospel Songs","track":"3","artist":"The Jordanaires","genre":"Gospel"},{"name":"03 Without Him.png","source":"derivative","format":"PNG","original":"03 Without Him.mp3","mtime":"1744337233","size":"31587","md5":"3522e0e3156b426bad329beb765c574f","crc32":"ea11558b","sha1":"59b279b212a46a03b877346bbde6d65f33a3ac67"},{"name":"03 Without Him_spectrogram.png","source":"derivative","format":"Spectrogram","original":"03 Without Him.mp3","mtime":"1744337426","size":"274379","md5":"bdee08205b9e34386464e85da8c738a6","crc32":"3c8a0a4c","sha1":"b3d4a41d1fff88f43309bff0f6e0d68a25be82c0"},{"name":"04 This World Is Not My Home.mp3","source":"original","mtime":"1744336857","size":"2677067","md5":"4fdfd7cf9bc0eb384499b500c1e8eec6","crc32":"7fe403c3","sha1":"7f83a0671f4183250cd57b854e459434f3576dc7","format":"VBR MP3","length":"110.97","title":"This World Is Not My Home","creator":"The Jordanaires","album":"Great Gospel Songs","track":"4","artist":"The Jordanaires","genre":"Gospel"},{"name":"04 This World Is Not My Home.png","source":"derivative","format":"PNG","original":"04 This World Is Not My Home.mp3","mtime":"1744337190","size":"38985","md5":"d8a46367774d5f01fa0b7c35dc935710","crc32":"d8bebc23","sha1":"7a64b9f18b97062e2248bfaef51e0fddb6b25e8c"},{"name":"04 This World Is Not My Home_spectrogram.png","source":"derivative","format":"Spectrogram","original":"04 This World Is Not My Home.mp3","mtime":"1744337406","size":"278523","md5":"d55e601df13b0c5eeabf4e3865aecdcb","crc32":"010bc222","sha1":"cdbb9935effe9e16e63376b301b91bbd05482e86"},{"name":"05 Jesus Is Passing Your Way Today.mp3","source":"original","mtime":"1744336861","size":"2030072","md5":"ef14594dbb6f0723cb74d86d6a2e8d2a","crc32":"b0d23d62","sha1":"ce917b2f875c2aecf92a633689ed5622aa355b68","format":"VBR MP3","length":"84.01","title":"Jesus Is Passing Your Way Today","creator":"The Jordanaires","album":"Great Gospel Songs","track":"5","artist":"The Jordanaires","genre":"Gospel"},{"name":"05 Jesus Is Passing Your Way Today.png","source":"derivative","format":"PNG","original":"05 Jesus Is Passing Your Way Today.mp3","mtime":"1744337166","size":"38361","md5":"2c75f818ad0b89dc71f0563543f930f7","crc32":"329b4a22","sha1":"338671259a46793907bdb20f12cd48c1b293036f"},{"name":"05 Jesus Is Passing Your Way Today_spectrogram.png","source":"derivative","format":"Spectrogram","original":"05 Jesus Is Passing Your Way Today.mp3","mtime":"1744337389","size":"281588","md5":"9e9979f47695770e2d0ea68e58953487","crc32":"f681a082","sha1":"5ef2fb98245a3c54c959efe2160c690cb15aac4c"},{"name":"06 I'll Be Somewhere Listening.mp3","source":"original","mtime":"1744336865","size":"2215015","md5":"ba0e22ce44054bdeac119e92f8255a9b","crc32":"8c02ef52","sha1":"fcf5decf3f153081fe920077dd842b1996e1e7ce","format":"VBR MP3","length":"91.72","title":"I'll Be Somewhere Listening","creator":"The Jordanaires","album":"Great Gospel Songs","track":"6","artist":"The Jordanaires","genre":"Gospel"},{"name":"06 I'll Be Somewhere Listening.png","source":"derivative","format":"PNG","original":"06 I'll Be Somewhere Listening.mp3","mtime":"1744337126","size":"42771","md5":"9746ed9df9b2c2d1a098c3ac68da4e00","crc32":"c687efad","sha1":"56c821f88a2a697e8132c06af949c900d6518f7c"},{"name":"06 I'll Be Somewhere Listening_spectrogram.png","source":"derivative","format":"Spectrogram","original":"06 I'll Be Somewhere Listening.mp3","mtime":"1744337323","size":"276372","md5":"1667556186a6c1a03c2fd2daf82ef5cc","crc32":"338d31bb","sha1":"9e3d8e85c5e2e8c64399a2072100b0b23689da46"},{"name":"07 Brother WIll You Meet Me There.mp3","source":"original","mtime":"1744336870","size":"4527795","md5":"0794e1fb006b3cb1074e9da06ea21a04","crc32":"a3671b5a","sha1":"733dd6840a3ca532a53afb40ccbc89231da2f4fb","format":"VBR MP3","length":"188.08","title":"Brother Will You Meet Me There","creator":"The Jordanaires","album":"Great Gospel Songs","track":"7","artist":"The Jordanaires","genre":"Gospel"},{"name":"07 Brother WIll You Meet Me There.png","source":"derivative","format":"PNG","original":"07 Brother WIll You Meet Me There.mp3","mtime":"1744337146","size":"34124","md5":"749cfd6209b91d43d23f7d76bd2e282b","crc32":"16a6c7b4","sha1":"ab663a0502ca830d93e78269b257447c98f48d4c"},{"name":"07 Brother WIll You Meet Me There_spectrogram.png","source":"derivative","format":"Spectrogram","original":"07 Brother WIll You Meet Me There.mp3","mtime":"1744337374","size":"264116","md5":"7833e9540c1cdbe70ce324007fe03735","crc32":"c46310a3","sha1":"b1fed667fa39da7a3642a8cd8fa133eee9c77238"},{"name":"08 everyday Will Be Sunday.mp3","source":"original","mtime":"1744336876","size":"3261371","md5":"821e61131ce264612fc1dfb1acf65c12","crc32":"0fe3d580","sha1":"0130fc983eafb08536a0e9779dccab0a4462d799","format":"VBR MP3","length":"135.31","title":"Everyday Will Be Sunday","creator":"The Jordanaires","album":"Great Gospel Songs","track":"8","artist":"The Jordanaires","genre":"Gospel"},{"name":"08 everyday Will Be Sunday.png","source":"derivative","format":"PNG","original":"08 everyday Will Be Sunday.mp3","mtime":"1744337101","size":"42352","md5":"030e2227fad3a3ccc1b7ebfb072b50a1","crc32":"4347864c","sha1":"6a3bea18b368cd65ab990a668c496a9cd00b0ee5"},{"name":"08 everyday Will Be Sunday_spectrogram.png","source":"derivative","format":"Spectrogram","original":"08 everyday Will Be Sunday.mp3","mtime":"1744337354","size":"273156","md5":"5ee16157c8355b4c4cd9c4a3921fd9fc","crc32":"e72e2c23","sha1":"0d8b9e28c3a91cdf2fc8a840767b4970f5d8fb5a"},{"name":"09 I Will Follow Thee.mp3","source":"original","mtime":"1744336879","size":"2662640","md5":"a1f1841819a832c4aff116905dc987d3","crc32":"1c68e37f","sha1":"773961c6cc26992175e21cc9fd19b86e3e5a6adb","format":"VBR MP3","length":"110.37","title":"I Will Follow Thee","creator":"The Jordanaires","album":"Great Gospel Songs","track":"9","artist":"The Jordanaires","genre":"Gospel"},{"name":"09 I Will Follow Thee.png","source":"derivative","format":"PNG","original":"09 I Will Follow Thee.mp3","mtime":"1744337212","size":"40241","md5":"ce46c1b4b7dfbbcbbc902ed3a0c5d1cb","crc32":"551459ba","sha1":"78f6a9a5e2eb583318fe169c60d8139e64447a1e"},{"name":"09 I Will Follow Thee_spectrogram.png","source":"derivative","format":"Spectrogram","original":"09 I Will Follow Thee.mp3","mtime":"1744337300","size":"275879","md5":"6f127b0d56781bd928c9fe015983c225","crc32":"99d8b5e0","sha1":"49e2eba1ea782aa460ed9d8483b30d4aec834927"},{"name":"10 I've Got A Mansion.mp3","source":"original","mtime":"1744336884","size":"4032502","md5":"563c56aed981f86ca3dac64485a44b94","crc32":"187e1e34","sha1":"1df9f3c56fdfc5f26ea00a6f0d9923b934d104dd","format":"VBR MP3","length":"167.44","title":"I've Got A Mansion","creator":"The Jordanaires","album":"Great Gospel Songs","track":"10","artist":"The Jordanaires","genre":"Gospel"},{"name":"10 I've Got A Mansion.png","source":"derivative","format":"PNG","original":"10 I've Got A Mansion.mp3","mtime":"1744337069","size":"36948","md5":"e8a5284de1025c2156d77068145d8e9e","crc32":"ec8f8010","sha1":"e4422fa3b64539363df12d1d33841538daf68cc0"},{"name":"10 I've Got A Mansion_spectrogram.png","source":"derivative","format":"Spectrogram","original":"10 I've Got A Mansion.mp3","mtime":"1744337278","size":"274047","md5":"2793361df367d04e12ca8f966acea1db","crc32":"d5741055","sha1":"e44fb987df2a7421cfdc5aa8e51ddecf41d914d8"},{"name":"__ia_thumb.jpg","source":"original","mtime":"1744336934","size":"15042","md5":"58d50104a8496c1e0dcda33ff7b72790","crc32":"03e4d051","sha1":"0814eb6d97209535929fdb71387ae037f87c4f39","format":"Item Tile"},{"name":"tjggs.JPG","source":"original","mtime":"1744336886","size":"36336","md5":"a4a87fee769382f83cdde0e954db37fe","crc32":"5f9859c4","sha1":"e112042cdcbefe8f91e5757f42ced1950c72ce7d","format":"JPEG"},{"name":"tjggs_thumb.jpg","source":"derivative","format":"JPEG Thumb","original":"tjggs.JPG","mtime":"1744337028","size":"10814","md5":"4d902b27f5c4821a05842bc412773545","crc32":"96366c35","sha1":"1399fb4cd9076dc2a344af9499f849055587387e"}],"files_count":37,"item_last_updated":1758516867,"item_size":36596923,"metadata":{"identifier":"01-beautiful-isle-of-somewhere_202504","mediatype":"audio","collection":["hifidelity_potpourri","hifidelity"],"description":"<div> The Jordanaires were an American vocal quartet that formed as a gospel group in 1948. Over the years, they recorded both sacred and secular music for recording companies such as Capitol Records, RCA Victor, Columbia Records, Decca Records, Vocalion Records, Stop Records, and many other smaller independent labels.</div><div><br /></div><div>In the mid-1950s, with a lineup of Gordon Stoker (first tenor), Neal Matthews (second tenor and lead vocals), Hoyt Hawkins (baritone and lead vocals), and Hugh Jarrett (bass vocals), they also began lending their vocal talents to other artists as background singers in recording sessions. They are widely known for having provided background vocals for Elvis Presley in live appearances, recordings, and feature films from 1956 to 1970. Jarrett was replaced by then-teacher Ray Walker in 1958. The group worked in the recording studio, on stage, and on television with many country, gospel, and rock and roll artists.</div><div><br /></div><div>They also provided background vocals using the names the Gordonaires (a play on the name of the group's first tenor Gordon Stoker), the Merry Melody Singers, and the Almanac Singers, sometimes using different personnel.</div>","scanner":"Internet Archive HTML5 Uploader 1.7.0","subject":"The Jordanaires","title":"Great Gospel Songs","uploader":"stevehanna55@gmail.com","publicdate":"2025-04-11 02:00:50","addeddate":"2025-04-11 02:00:50","curation":"[curator]validator@archive.org[/curator][date]20250411020307[/date][comment]checked for malware[/comment]","creator":"The Jordanaires","date":"1996","collection_added":"hifidelity"},"server":"ia601608.us.archive.org","uniq":145570007,"workable_servers":["ia601608.us.archive.org","ia801608.us.archive.org"]}