{"alternate_locations":{"servers":[{"server":"dn721500.ca.archive.org","dir":"/0/items/01-born-in-a-storm"}],"workable":[{"server":"dn721500.ca.archive.org","dir":"/0/items/01-born-in-a-storm"}]},"created":1767567004,"d1":"ia902902.us.archive.org","d2":"ia802902.us.archive.org","dir":"/32/items/01-born-in-a-storm","files":[{"name":"01 Born In A Storm.flac","source":"original","mtime":"1752152888","size":"7227081","md5":"f4ecec8eb8ace7519018daba9021359b","crc32":"259ec555","sha1":"8db49d75c6a9eacd9a3061c29120e345046ecb59","format":"Flac","length":"92.63","viruscheck":"1752153867","title":"Born In A Storm","creator":"Deacon Blue","album":"Raintown","track":"1","artist":"Deacon Blue","genre":"New Wave"},{"name":"01 Born In A Storm.mp3","source":"derivative","creator":"Deacon Blue","title":"Born In A Storm","track":"1","album":"Raintown","genre":"New Wave","bitrate":"186","length":"01:33","format":"VBR MP3","original":"01 Born In A Storm.flac","mtime":"1752153961","size":"2255682","md5":"6e4af085d4d4bd6d5bf0bbcea28b224f","crc32":"c5682f2e","sha1":"8bad06099fc6dd97a7c1f081815dfb542f9d899d"},{"name":"01 Born In A Storm.png","source":"derivative","format":"PNG","original":"01 Born In A Storm.flac","mtime":"1752155411","size":"33463","md5":"5089b1eeaa277bfc48316522df393510","crc32":"fb472d0c","sha1":"632ce07f04f5f63c527a2a5cf4726cab5ac20f06"},{"name":"01 Born In A Storm_spectrogram.png","source":"derivative","format":"Spectrogram","original":"01 Born In A Storm.flac","mtime":"1752155824","size":"318064","md5":"ef7f9d9c7cf0c11a22a73ccc6187bfc6","crc32":"444b835e","sha1":"2fb638f6f158a4c313323a4471d6593b29784b6f"},{"name":"01-born-in-a-storm_archive.torrent","source":"metadata","btih":"872490fbb5d48f55f02d7f72d40d877aa1239409","mtime":"1752156055","size":"28219","md5":"1acb4e668b769806d36e4642531c0105","crc32":"12375af4","sha1":"0c85bb101e18a906f4c9dbc161fa6a1a8c275568","format":"Archive BitTorrent"},{"name":"01-born-in-a-storm_files.xml","source":"original","format":"Metadata","md5":"a3b1c7e6ad6e22034bc6c96e5c7d6f7b","summation":"md5"},{"name":"01-born-in-a-storm_meta.sqlite","source":"original","mtime":"1752153434","size":"106496","md5":"95c5122e06db6753526878854a7b7fe2","crc32":"c8f79667","sha1":"a788b658aab2ba1920e2d30d4d6e1cd88220ebc8","format":"Metadata"},{"name":"01-born-in-a-storm_meta.xml","source":"original","mtime":"1752156025","size":"1427","md5":"266457d0a076a96241f4afaa9807d2b7","crc32":"effbe2d0","sha1":"c9f571d8561fbfbfb0ffd60505b0a43c90595faa","format":"Metadata"},{"name":"01.jpg","source":"original","mtime":"1752153331","size":"2758080","md5":"bbbf7c19ec57bff4bf498d51f0112b23","crc32":"735bac6a","sha1":"34d6967c84cdd2cb2ece9c0f29e2081069538a75","format":"JPEG"},{"name":"01_thumb.jpg","source":"derivative","format":"JPEG Thumb","original":"01.jpg","mtime":"1752155133","size":"17415","md5":"2e0e54d3bcf8e042b38af8a64461ae18","crc32":"29484fba","sha1":"519c3caaf38ebafe16d65391974da3ed4f8d6e15"},{"name":"02 Raintown.flac","source":"original","mtime":"1752152945","size":"27098211","md5":"3451afd65d4e995c71bdfb25684f48c2","crc32":"bcf9f08f","sha1":"57c49e089de51fe27ef3faf6b749ea25b8637a88","format":"Flac","length":"230.24","viruscheck":"1752153867","title":"Raintown","creator":"Deacon Blue","album":"Raintown","track":"2","artist":"Deacon Blue","genre":"New Wave"},{"name":"02 Raintown.mp3","source":"derivative","creator":"Deacon Blue","title":"Raintown","track":"2","album":"Raintown","genre":"New Wave","bitrate":"196","length":"03:50","format":"VBR MP3","original":"02 Raintown.flac","mtime":"1752154353","size":"5740937","md5":"614da69e2203bea7a46affd1a2141ffb","crc32":"a4bfd7b5","sha1":"847b2769f6eb1116032357d9b0c67e22a664a0fa"},{"name":"02 Raintown.png","source":"derivative","format":"PNG","original":"02 Raintown.flac","mtime":"1752155462","size":"39094","md5":"75b7cbd4a1b60741012649805ded9e3f","crc32":"2c0f6683","sha1":"7c1dd768f1cb3a34f8810ddbaee18ddaff9137ef"},{"name":"02 Raintown_spectrogram.png","source":"derivative","format":"Spectrogram","original":"02 Raintown.flac","mtime":"1752155890","size":"313515","md5":"48705d172af66bf41fedc6f101b8ac45","crc32":"925567d8","sha1":"ddc6f64d37a11f43604935104f1c2892bfa1e8b2"},{"name":"02.jpg","source":"original","mtime":"1752153335","size":"1451886","md5":"9bf0579103fd8ae7d0a3b95b777e4b39","crc32":"c4d9fb9d","sha1":"7530cda11aa680d3ba6f8101aa0e107ef4e11814","format":"JPEG"},{"name":"02_thumb.jpg","source":"derivative","format":"JPEG Thumb","original":"02.jpg","mtime":"1752154978","size":"15641","md5":"63b1eb475137b25193805be5cbae2d78","crc32":"1ea3c8b3","sha1":"abbf86d040a3aa42f3fa5d86b72577c4cc713a07"},{"name":"03 Ragman.flac","source":"original","mtime":"1752152978","size":"20901865","md5":"6bf5db100b7fcdfe21a40dca88941e55","crc32":"b353e2a7","sha1":"8b1db7e49e878ac69259ae5d918006b45a55d05e","format":"Flac","length":"187.87","viruscheck":"1752153867","title":"Ragman","creator":"Deacon Blue","album":"Raintown","track":"3","artist":"Deacon Blue","genre":"New Wave"},{"name":"03 Ragman.mp3","source":"derivative","creator":"Deacon Blue","title":"Ragman","track":"3","album":"Raintown","genre":"New Wave","bitrate":"185","length":"03:08","format":"VBR MP3","original":"03 Ragman.flac","mtime":"1752154286","size":"4439634","md5":"04a385545f248960463038a968e3fdb8","crc32":"393507ef","sha1":"d32992a6ee1f5c1a8b594a8f38653eebdcfee112"},{"name":"03 Ragman.png","source":"derivative","format":"PNG","original":"03 Ragman.flac","mtime":"1752155498","size":"38363","md5":"82be15999311d594bb949d34dbbc50b9","crc32":"44297785","sha1":"848585d4b693ac7c78b4c44ae123f51c522314b7"},{"name":"03 Ragman_spectrogram.png","source":"derivative","format":"Spectrogram","original":"03 Ragman.flac","mtime":"1752155875","size":"332314","md5":"24ae81e2f2afa9b6f2eefb18c3465415","crc32":"be87f535","sha1":"0c6ea48e9a055d03633cd991d6e983305592e92b"},{"name":"03.jpg","source":"original","mtime":"1752153341","size":"3788208","md5":"a0f88e9844dc01d43760e37fd7034ae1","crc32":"aa21a5c2","sha1":"25319a60cf064c7f57230949095cc843a0e0eff4","format":"JPEG"},{"name":"03_thumb.jpg","source":"derivative","format":"JPEG Thumb","original":"03.jpg","mtime":"1752155021","size":"17665","md5":"42270eace48a0835565ea539437038a1","crc32":"fa816131","sha1":"24bedad6c20fbc9988872ada6147b75ae2d19b9e"},{"name":"04 He Looks Like Spencer Tracy Now.flac","source":"original","mtime":"1752153009","size":"21443368","md5":"109c96a17417f1725a67729182fba8c8","crc32":"d1a1e1f7","sha1":"e21493635abe76917a0d129ddbe1f81cc9fe2e68","format":"Flac","length":"230.6","viruscheck":"1752153867","title":"He Looks Like Spencer Tracy Now","creator":"Deacon Blue","album":"Raintown","track":"4","artist":"Deacon Blue","genre":"New Wave"},{"name":"04 He Looks Like Spencer Tracy Now.mp3","source":"derivative","creator":"Deacon Blue","title":"He Looks Like Spencer Tracy Now","track":"4","album":"Raintown","genre":"New Wave","bitrate":"197","length":"03:51","format":"VBR MP3","original":"04 He Looks Like Spencer Tracy Now.flac","mtime":"1752154047","size":"5786107","md5":"9920b23e2acef8d722281ed6e12cc128","crc32":"04468a55","sha1":"0c60e20cc2779c0ac9616c8ad41cc4646ab6190b"},{"name":"04 He Looks Like Spencer Tracy Now.png","source":"derivative","format":"PNG","original":"04 He Looks Like Spencer Tracy Now.flac","mtime":"1752155533","size":"38043","md5":"6233cd59c6d75e36eba00264e8837da4","crc32":"bc2cd9f9","sha1":"f54d71ac7b2912932c59707a3dadea241e16aeac"},{"name":"04 He Looks Like Spencer Tracy Now_spectrogram.png","source":"derivative","format":"Spectrogram","original":"04 He Looks Like Spencer Tracy Now.flac","mtime":"1752155917","size":"331828","md5":"f5328862d46ddd7ee1d81489fd08be59","crc32":"a3d44347","sha1":"c8cd16bbe25222eeff8761435c4057a8cf850704"},{"name":"04.jpg","source":"original","mtime":"1752153347","size":"3089547","md5":"2eb38c4b45479b281cadcd19d1f7bc66","crc32":"2035f7aa","sha1":"521782362b603b20a39170470aadf41ba73f6fcd","format":"JPEG"},{"name":"04_thumb.jpg","source":"derivative","format":"JPEG Thumb","original":"04.jpg","mtime":"1752155077","size":"14408","md5":"a1880c1a42e262248d2d88f76c0ced9b","crc32":"a2c7c7b8","sha1":"c94a86835d7c87665db2665f00f9f9caff7c23c9"},{"name":"05 Loaded.flac","source":"original","mtime":"1752153052","size":"31720879","md5":"e15439660d7d828be31194bfde452ec9","crc32":"da860e6d","sha1":"089a17da474b6fe7f0eae58b21fec91bcce3d961","format":"Flac","length":"270.67","viruscheck":"1752153867","title":"Loaded","creator":"Deacon Blue","album":"Raintown","track":"5","artist":"Deacon Blue","genre":"New Wave"},{"name":"05 Loaded.mp3","source":"derivative","creator":"Deacon Blue","title":"Loaded","track":"5","album":"Raintown","genre":"New Wave","bitrate":"189","length":"04:31","format":"VBR MP3","original":"05 Loaded.flac","mtime":"1752154636","size":"6497823","md5":"a739126ea10e5a6ba51056525ee5a8da","crc32":"60e4c8dd","sha1":"ca0f6f177337126036d8f7aa990716ef74385df2"},{"name":"05 Loaded.png","source":"derivative","format":"PNG","original":"05 Loaded.flac","mtime":"1752155590","size":"40860","md5":"456d6a53ef6b5d2c0f400638939bd0ac","crc32":"531ee307","sha1":"1342d0945096afbfd7b22118dd7e9ba495be3c20"},{"name":"05 Loaded_spectrogram.png","source":"derivative","format":"Spectrogram","original":"05 Loaded.flac","mtime":"1752155786","size":"309710","md5":"19603d923a8e05260778b5cf49b50463","crc32":"2134271a","sha1":"aa38d0d8e26cb9a1866efa4468c49a4c0c9e3cbd"},{"name":"05.jpg","source":"original","mtime":"1752153354","size":"3722540","md5":"659e4af5b1e08b0f9802957ed4e50f63","crc32":"2ef46153","sha1":"f28904a092bfe0a68bc397eb28d58923924e87e2","format":"JPEG"},{"name":"05_thumb.jpg","source":"derivative","format":"JPEG Thumb","original":"05.jpg","mtime":"1752155106","size":"17248","md5":"5bcfb2eccdad766e05482ef4ce9d5a76","crc32":"21adc52a","sha1":"f97f1c89e9b1e592dc5f2c0089357d089a1de396"},{"name":"06 When Will You (Make My Telephone Ring).flac","source":"original","mtime":"1752153101","size":"33694000","md5":"2ec748fd4bac4f10e332d537f59c0e41","crc32":"cf74924f","sha1":"6805ff08abfacde848f0255144e3cc4cd90520a3","format":"Flac","length":"301.33","title":"When Will You (Make My Telephone Ring)","creator":"Deacon Blue","album":"Raintown","track":"6","artist":"Deacon Blue","genre":"New Wave"},{"name":"06 When Will You (Make My Telephone Ring).mp3","source":"derivative","creator":"Deacon Blue","title":"When Will You (Make My Telephone Ring)","track":"6","album":"Raintown","genre":"New Wave","bitrate":"193","length":"05:01","format":"VBR MP3","original":"06 When Will You (Make My Telephone Ring).flac","mtime":"1752154723","size":"7365207","md5":"92396be73422eb187391e2f7e9a66418","crc32":"027d0e67","sha1":"4b5b593ae6aece3b95836bc10a4928cac61e099f"},{"name":"06 When Will You (Make My Telephone Ring).png","source":"derivative","format":"PNG","original":"06 When Will You (Make My Telephone Ring).flac","mtime":"1752155277","size":"32672","md5":"da142aaff9de6b4868bbcb04995927cd","crc32":"5120462b","sha1":"0758fdde37b7fa3adee1ebf937a7e92b237c9570"},{"name":"06 When Will You (Make My Telephone Ring)_spectrogram.png","source":"derivative","format":"Spectrogram","original":"06 When Will You (Make My Telephone Ring).flac","mtime":"1752155846","size":"329440","md5":"d894e402ea0103f2d2006e2c2a8198ae","crc32":"aa9a4399","sha1":"11837aa1ea497aedc5acf344dee538629a76a6d2"},{"name":"06.jpg","source":"original","mtime":"1752153358","size":"1835055","md5":"30fae7afee497d660db58664950ba7d3","crc32":"b741b74a","sha1":"85b90ababbd326ba4f39470c3fef05628b1b5478","format":"JPEG"},{"name":"06_thumb.jpg","source":"derivative","format":"JPEG Thumb","original":"06.jpg","mtime":"1752154991","size":"18107","md5":"59e1e01ad180cc53f556a85156fc9ea0","crc32":"6a7553b9","sha1":"bb2a3749ecde767e4cd26f21cecd290035d115ff"},{"name":"07 Chocolate Girl.flac","source":"original","mtime":"1752153128","size":"20789603","md5":"02a96ef38eddd0303448d1107377257e","crc32":"e7176622","sha1":"131bf63e0f6c8aa790483a121b8ba636afdca77f","format":"Flac","length":"200.16","viruscheck":"1752153867","title":"Chocolate Girl","creator":"Deacon Blue","album":"Raintown","track":"7","artist":"Deacon Blue","genre":"New Wave"},{"name":"07 Chocolate Girl.mp3","source":"derivative","creator":"Deacon Blue","title":"Chocolate Girl","track":"7","album":"Raintown","genre":"New Wave","bitrate":"191","length":"03:20","format":"VBR MP3","original":"07 Chocolate Girl.flac","mtime":"1752154190","size":"4894537","md5":"6c31b559725b1170898588837f5d60b4","crc32":"8f8e7f0e","sha1":"ec71e4fa7ac605335fc71974f10895f1c950145e"},{"name":"07 Chocolate Girl.png","source":"derivative","format":"PNG","original":"07 Chocolate Girl.flac","mtime":"1752155297","size":"37795","md5":"22ffcaf197c1a71be3b8e2d6af38a8b8","crc32":"6e6d6efe","sha1":"757835f7995156569161b1006c0f0c31adc905fe"},{"name":"07 Chocolate Girl_spectrogram.png","source":"derivative","format":"Spectrogram","original":"07 Chocolate Girl.flac","mtime":"1752155934","size":"330929","md5":"8a6893089627d2daa65fe3b29424d213","crc32":"71814f6a","sha1":"774b07ebc83f4014c525a03999a4776236e77854"},{"name":"07.jpg","source":"original","mtime":"1752153364","size":"3510873","md5":"b7f20ddb37372d5381cb1bbe6945a67c","crc32":"9097ead3","sha1":"baf7e932cfbbc93906e17691c50575f8d643bdaa","format":"JPEG"},{"name":"07_thumb.jpg","source":"derivative","format":"JPEG Thumb","original":"07.jpg","mtime":"1752155056","size":"13980","md5":"2626eef224653dfaad256ee3537c269b","crc32":"e63e8d27","sha1":"0ef39ec5281418a1e7f2a36c195bc485eda3dce8"},{"name":"08 Dignity.flac","source":"original","mtime":"1752153175","size":"27007149","md5":"70d43c93d37df15229d5ab345592fed8","crc32":"87ba95e0","sha1":"0a6e523948b167ddb72af8d9c1105764b464229e","format":"Flac","length":"239.77","viruscheck":"1752153867","title":"Dignity","creator":"Deacon Blue","album":"Raintown","track":"8","artist":"Deacon Blue","genre":"New Wave"},{"name":"08 Dignity.mp3","source":"derivative","creator":"Deacon Blue","title":"Dignity","track":"8","album":"Raintown","genre":"New Wave","bitrate":"196","length":"04:00","format":"VBR MP3","original":"08 Dignity.flac","mtime":"1752154963","size":"5981754","md5":"46256be2b50762ab03a843f5179a820a","crc32":"658eb160","sha1":"bd0de5d4eb5b8dbf0dfce1f791dea21e9ad802ab"},{"name":"08 Dignity.png","source":"derivative","format":"PNG","original":"08 Dignity.flac","mtime":"1752155557","size":"37787","md5":"aef52e55cc549ba662ee4fe950ef2a9e","crc32":"88d7dcfc","sha1":"f21325480d5982ce45ea781fef491cf76e95a21b"},{"name":"08 Dignity_spectrogram.png","source":"derivative","format":"Spectrogram","original":"08 Dignity.flac","mtime":"1752156007","size":"336615","md5":"eb91e1ea5073f386d11dd30e99c0959c","crc32":"831a6cd8","sha1":"d1926d802e1e04fa10b64a2356da740adbaa5f24"},{"name":"08.jpg","source":"original","mtime":"1752153368","size":"1346397","md5":"37e7728b8651103bb53d1d6e72a06682","crc32":"c446d071","sha1":"ea82ebc0f1ba989ffa05f965def37f8fb357521a","format":"JPEG"},{"name":"08_thumb.jpg","source":"derivative","format":"JPEG Thumb","original":"08.jpg","mtime":"1752155041","size":"22367","md5":"1c93d4d8dee00799859231bb5be6f787","crc32":"cb8cf0cb","sha1":"c25578f7f096f70d0585816c2dcf07124d7e5de5"},{"name":"09 The Very Thing.flac","source":"original","mtime":"1752153207","size":"24417168","md5":"19b447aed0dc73b97081a77acfa263f2","crc32":"f65528f3","sha1":"e9671279416edfeec58a5cc4234c566a91f6a762","format":"Flac","length":"214.33","viruscheck":"1752153867","title":"The Very Thing","creator":"Deacon Blue","album":"Raintown","track":"9","artist":"Deacon Blue","genre":"New Wave"},{"name":"09 The Very Thing.mp3","source":"derivative","creator":"Deacon Blue","title":"The Very Thing","track":"9","album":"Raintown","genre":"New Wave","bitrate":"190","length":"03:34","format":"VBR MP3","original":"09 The Very Thing.flac","mtime":"1752154676","size":"5183864","md5":"36d1216f5b5ac46e0385ee6355386b4a","crc32":"c119a407","sha1":"2a8ed8a6308a6bffa6f79fff039f90a20c8ea7b6"},{"name":"09 The Very Thing.png","source":"derivative","format":"PNG","original":"09 The Very Thing.flac","mtime":"1752155625","size":"37544","md5":"37b0c08da2aefb052055e0c40f53fe43","crc32":"e0188ca9","sha1":"d94843eccb5298b3c6d262c2bca3d1cabd537d84"},{"name":"09 The Very Thing_spectrogram.png","source":"derivative","format":"Spectrogram","original":"09 The Very Thing.flac","mtime":"1752155992","size":"327315","md5":"347137af31df748e2658efad16c9d8e5","crc32":"5beec015","sha1":"b2da892d75d7b108ec10f249d07d07092d2051db"},{"name":"10 Love's Great Fears.flac","source":"original","mtime":"1752153238","size":"23262770","md5":"87cd19ba0c312900b7ff13a573921c92","crc32":"af3f8c71","sha1":"3b8dc777f76593a44f7919fb2450153d39c75aad","format":"Flac","length":"221.83","viruscheck":"1752153867","title":"Love's Great Fears","creator":"Deacon Blue","album":"Raintown","track":"10","artist":"Deacon Blue","genre":"New Wave"},{"name":"10 Love's Great Fears.mp3","source":"derivative","creator":"Deacon Blue","title":"Love's Great Fears","track":"10","album":"Raintown","genre":"New Wave","bitrate":"190","length":"03:42","format":"VBR MP3","original":"10 Love's Great Fears.flac","mtime":"1752154580","size":"5373671","md5":"beb1fa4bf1a14f715149e58ed56a8117","crc32":"e9cadfc1","sha1":"a1b6c2733e8fb843edbb745fbaf469875596db89"},{"name":"10 Love's Great Fears.png","source":"derivative","format":"PNG","original":"10 Love's Great Fears.flac","mtime":"1752155331","size":"34886","md5":"a37ff36ec92c5270ef7792ea93daaf09","crc32":"cc57239f","sha1":"f1b298d98a0de487c9431389bf8072dbff817056"},{"name":"10 Love's Great Fears_spectrogram.png","source":"derivative","format":"Spectrogram","original":"10 Love's Great Fears.flac","mtime":"1752155750","size":"345107","md5":"980136cdc67798dc1b4b636c8d4137eb","crc32":"79d5c65f","sha1":"48687c89a38f7ecee897bff95e0b7b511622df17"},{"name":"11 Town To Be Blamed.flac","source":"original","mtime":"1752153277","size":"27817454","md5":"2cab2ef3d067e5a32abba4ac29511893","crc32":"0ffe2300","sha1":"f56b06ba2d7d5450f9f8bc767e67efe77f02e6cc","format":"Flac","length":"317.87","viruscheck":"1752153867","title":"Town To Be Blamed","creator":"Deacon Blue","album":"Raintown","track":"11","artist":"Deacon Blue","genre":"New Wave"},{"name":"11 Town To Be Blamed.mp3","source":"derivative","creator":"Deacon Blue","title":"Town To Be Blamed","track":"11","album":"Raintown","genre":"New Wave","bitrate":"180","length":"05:18","format":"VBR MP3","original":"11 Town To Be Blamed.flac","mtime":"1752154499","size":"7263768","md5":"1843c3ee14aa99b5649625bdcbf49d33","crc32":"49f4c5db","sha1":"1dfb68745ecaece747d7e53acfc0b86504888af0"},{"name":"11 Town To Be Blamed.png","source":"derivative","format":"PNG","original":"11 Town To Be Blamed.flac","mtime":"1752155254","size":"31352","md5":"d12fed24c45a0d1b76c446173794b140","crc32":"6752670d","sha1":"84d2312d5ec28580c00d03acede5834a07a4f6a2"},{"name":"11 Town To Be Blamed_spectrogram.png","source":"derivative","format":"Spectrogram","original":"11 Town To Be Blamed.flac","mtime":"1752155647","size":"350754","md5":"61b634116dd718b05a21e4e8399eef46","crc32":"ef56d812","sha1":"60a98f8d969044f56328c35a371fb0826c841eab"},{"name":"12 Riches.flac","source":"original","mtime":"1752153297","size":"14276235","md5":"3c5a7b7e90a2e84ab76f3cf6baeab4de","crc32":"cba4be7e","sha1":"cf48ebf1b73826dc0891003089045767eea8b950","format":"Flac","length":"157.2","viruscheck":"1752153867","title":"Riches","creator":"Deacon Blue","album":"Raintown","track":"12","artist":"Deacon Blue","genre":"New Wave"},{"name":"12 Riches.mp3","source":"derivative","creator":"Deacon Blue","title":"Riches","track":"12","album":"Raintown","genre":"New Wave","bitrate":"192","length":"02:37","format":"VBR MP3","original":"12 Riches.flac","mtime":"1752154432","size":"3874726","md5":"56c242fac6fa124800a172116e006b78","crc32":"53bf691b","sha1":"24391c37f2d31ee1d1b0dbb50e4ca4d1b58a8083"},{"name":"12 Riches.png","source":"derivative","format":"PNG","original":"12 Riches.flac","mtime":"1752155188","size":"38870","md5":"61725ae93da0c4deb34c6b996633a783","crc32":"0739be24","sha1":"66399d08c9d0fcd9559072923271e3478dbc8333"},{"name":"12 Riches_spectrogram.png","source":"derivative","format":"Spectrogram","original":"12 Riches.flac","mtime":"1752155769","size":"337916","md5":"dc99d7db586c2d4ffdcddb5ab2d5e0b8","crc32":"b7da1c3a","sha1":"634e85f9ce17a45961a16472c03a340c74e06556"},{"name":"13 Kings Of The Western World.flac","source":"original","mtime":"1752153325","size":"17671655","md5":"51f88bd5a0ece888e8f54616500ccc3e","crc32":"3d5f2a3a","sha1":"cd5796451683c813d3d121232ed251cc7a0d4a77","format":"Flac","length":"160.23","viruscheck":"1752153867","title":"Kings Of The Western World","creator":"Deacon Blue","album":"Raintown","track":"13","artist":"Deacon Blue","genre":"New Wave"},{"name":"13 Kings Of The Western World.mp3","source":"derivative","creator":"Deacon Blue","title":"Kings Of The Western World","track":"13","album":"Raintown","genre":"New Wave","bitrate":"191","length":"02:40","format":"VBR MP3","original":"13 Kings Of The Western World.flac","mtime":"1752154229","size":"3927164","md5":"cfcfe67848fa0452c21f6bd6de7ce5bc","crc32":"2ce93149","sha1":"febb88de767c2e8de5f692ebce4e42e1eaa6d182"},{"name":"13 Kings Of The Western World.png","source":"derivative","format":"PNG","original":"13 Kings Of The Western World.flac","mtime":"1752155223","size":"36758","md5":"2d06d2c718b9389a00e0e27f3fc12788","crc32":"9af3e966","sha1":"a706aac703240cb771f502cc5da8dac840bbfca8"},{"name":"13 Kings Of The Western World_spectrogram.png","source":"derivative","format":"Spectrogram","original":"13 Kings Of The Western World.flac","mtime":"1752155968","size":"330745","md5":"2004bc3bfc00be09cf15c185438746ab","crc32":"23aff981","sha1":"b6918f483b97bd1883480f809d2305e9af56e9a2"},{"name":"__ia_thumb.jpg","source":"original","mtime":"1752153478","size":"9686","md5":"db70fc935c675e1b0680404ccfcca585","crc32":"62d7374c","sha1":"33dbd23eeacb6164d7ee2b3da59086e8d80fc0f0","format":"Item Tile"}],"files_count":73,"item_last_updated":1752156055,"item_size":392469296,"metadata":{"identifier":"01-born-in-a-storm","mediatype":"audio","collection":"opensource_audio","creator":"Deacon Blue","date":"1987-05-26","description":"The debut studio album by the Scottish Sophisti-Pop band Deacon Blue, released on the 26th of May 1987 through Columbia Records. <div><br /></div><div>Featuring passionate urban lyricism, lush keys and atmospheres, and the soft backing vocals of Lorraine McIntosh (emulating their contemporaries, Prefab Sprout), this is a brilliant pop and rock record. </div><div><br /></div><div>In 16bit .flac quality, this is my rip of a 2010s CD reissue, including scans of the booklet. </div>","h346692":"p284220","language":"eng","licenseurl":"https://creativecommons.org/licenses/by-nd/4.0/","scanner":"Internet Archive HTML5 Uploader 1.7.0","subject":["Deacon Blue","1987","Sophisti-Pop"],"title":"Deacon Blue - Raintown [FLAC] [450549 2]","uploader":"swilliamson048@gmail.com","publicdate":"2025-07-10 13:08:46","addeddate":"2025-07-10 13:08:46","curation":"[curator]validator@archive.org[/curator][date]20250710132429[/date][comment]checked for malware[/comment]"},"server":"ia802902.us.archive.org","uniq":1809441058,"workable_servers":["ia802902.us.archive.org","ia902902.us.archive.org"]}