{"alternate_locations":{"servers":[{"server":"dn710203.ca.archive.org","dir":"/0/items/01-cafe-society-im-on-the-loose-12-vocal-extended-mix-1985"}],"workable":[{"server":"dn710203.ca.archive.org","dir":"/0/items/01-cafe-society-im-on-the-loose-12-vocal-extended-mix-1985"}]},"created":1767567005,"d1":"ia601801.us.archive.org","d2":"ia801801.us.archive.org","dir":"/0/items/01-cafe-society-im-on-the-loose-12-vocal-extended-mix-1985","files":[{"name":"01 Café Society - I'm On The Loose (12'' Vocal Extended Mix) 1985.afpk","source":"derivative","format":"Columbia Peaks","original":"01 Café Society - I'm On The Loose (12'' Vocal Extended Mix) 1985.wav","mtime":"1610336904","size":"73032","md5":"d28e01f0fa4b1e6e16ca0a4bdf9bf4fd","crc32":"02fd88f4","sha1":"c0645c18adc167de3b16a6ffaacb30c6f69709bf"},{"name":"01 Café Society - I'm On The Loose (12'' Vocal Extended Mix) 1985.flac","source":"derivative","format":"Flac","original":"01 Café Society - I'm On The Loose (12'' Vocal Extended Mix) 1985.wav","mtime":"1610336880","size":"45433101","md5":"7235b2360a26ab6be252db74ee770b0a","crc32":"921b7755","sha1":"ee7467659fd3e49b0cce764072b00c72b1b39830","length":"368.93","height":"0","width":"0"},{"name":"01 Café Society - I'm On The Loose (12'' Vocal Extended Mix) 1985.mp3","source":"derivative","bitrate":"208","format":"VBR MP3","original":"01 Café Society - I'm On The Loose (12'' Vocal Extended Mix) 1985.wav","mtime":"1610336859","size":"9736948","md5":"fad300578b1860c68f30ab0908cf930c","crc32":"e7d3ec5b","sha1":"1419775ac562249b8a47c0e2cdda28c4aa0adc2f","length":"368.95","height":"640","width":"640"},{"name":"01 Café Society - I'm On The Loose (12'' Vocal Extended Mix) 1985.png","source":"derivative","format":"PNG","original":"01 Café Society - I'm On The Loose (12'' Vocal Extended Mix) 1985.wav","mtime":"1610336888","size":"38798","md5":"5a7f0bf02b069c51bd9e22966e4af276","crc32":"644f461b","sha1":"662131564bedbdd373d3b63ee71081869e9f435f"},{"name":"01 Café Society - I'm On The Loose (12'' Vocal Extended Mix) 1985.wav","source":"original","mtime":"1610336688","size":"70836770","md5":"671ed33174b2e3fae2ffc4fdecf4f111","crc32":"1d169baa","sha1":"2157187e8744bec78f9bc76c2e2d96d8c5b49282","format":"WAVE","length":"368.93","height":"0","width":"0","track":"01"},{"name":"01 Café Society - I'm On The Loose (12'' Vocal Extended Mix) 1985_spectrogram.png","source":"derivative","format":"Spectrogram","original":"01 Café Society - I'm On The Loose (12'' Vocal Extended Mix) 1985.wav","mtime":"1610336895","size":"274828","md5":"56b52b99d60d21258a65af2017bc3f48","crc32":"b5054dd4","sha1":"4b074129ea74df471c71ba35650643ccad2618e0"},{"name":"01-cafe-society-im-on-the-loose-12-vocal-extended-mix-1985_archive.torrent","source":"metadata","btih":"ca563fcaa9aad63480d79f6c9f79849843630f5d","mtime":"1613077018","size":"12595","md5":"666bcd1f0a55c865183706630a547f5c","crc32":"1ee21a5b","sha1":"09a03c96d009a9e0d22f80f5c03628c692696aef","format":"Archive BitTorrent"},{"name":"01-cafe-society-im-on-the-loose-12-vocal-extended-mix-1985_files.xml","source":"original","format":"Metadata","md5":"92630056c3b3263693539cfe280af5c6"},{"name":"01-cafe-society-im-on-the-loose-12-vocal-extended-mix-1985_meta.sqlite","source":"original","mtime":"1610336812","size":"61440","md5":"8a4d13ce44ef6a7489252e294aa131d2","crc32":"8238135d","sha1":"c840756c0d1269b51bd7611a7b3b54edc1eb9577","format":"Metadata"},{"name":"01-cafe-society-im-on-the-loose-12-vocal-extended-mix-1985_meta.xml","source":"original","mtime":"1613077016","size":"6943","md5":"2831692ceb54ddc24d31e662368e8a73","crc32":"31d5dbf5","sha1":"1c15e2ad0fb607987bbf81044abfe5679914756d","format":"Metadata"},{"name":"02 Café Society - I'm On The Loose (12'' Dub Mix) 1985.afpk","source":"derivative","format":"Columbia Peaks","original":"02 Café Society - I'm On The Loose (12'' Dub Mix) 1985.wav","mtime":"1610336910","size":"69616","md5":"b7f639252915c4fea7ff009a99c2ed27","crc32":"48841a00","sha1":"db9a49a885e8d4b3722b5c49f00e046d78e200ff"},{"name":"02 Café Society - I'm On The Loose (12'' Dub Mix) 1985.flac","source":"derivative","format":"Flac","original":"02 Café Society - I'm On The Loose (12'' Dub Mix) 1985.wav","mtime":"1610336883","size":"39106128","md5":"95cf63702048c2a388ad4937c065b665","crc32":"a8b582a8","sha1":"6f14b76acec349d494a96ee54e9686c490091ee1","length":"339.91","height":"0","width":"0"},{"name":"02 Café Society - I'm On The Loose (12'' Dub Mix) 1985.mp3","source":"derivative","bitrate":"213","format":"VBR MP3","original":"02 Café Society - I'm On The Loose (12'' Dub Mix) 1985.wav","mtime":"1610336873","size":"9179447","md5":"3f54ee6364818a783bf2c14ccb38ba7f","crc32":"69f6a018","sha1":"9af062e70b32afb0a7d1d2aa5ebbbca594d4fbc6","length":"339.94","height":"640","width":"640"},{"name":"02 Café Society - I'm On The Loose (12'' Dub Mix) 1985.png","source":"derivative","format":"PNG","original":"02 Café Society - I'm On The Loose (12'' Dub Mix) 1985.wav","mtime":"1610336892","size":"35992","md5":"5c1905a47fac075bb0aa6b2ce1e7294d","crc32":"fd66c40b","sha1":"6ca74afe07b11bc5f0bd48a8befa90f34bfcad30"},{"name":"02 Café Society - I'm On The Loose (12'' Dub Mix) 1985.wav","source":"original","mtime":"1610336793","size":"65265374","md5":"ebc5b840cbc1bb244cd6fb9722d85b52","crc32":"ef8d5b7b","sha1":"cf73041f2bd09ec8001dac2c22d005feaf24aeef","format":"WAVE","length":"339.91","height":"0","width":"0","track":"02"},{"name":"02 Café Society - I'm On The Loose (12'' Dub Mix) 1985_spectrogram.png","source":"derivative","format":"Spectrogram","original":"02 Café Society - I'm On The Loose (12'' Dub Mix) 1985.wav","mtime":"1610336898","size":"281326","md5":"dde3ed0ace3342668cb40b1101b71d7f","crc32":"eb7bc668","sha1":"cebe08cb8a3325b3b49deb77fbb02716742925f8"},{"name":"Café Society - I'm On The Loose (1985) artist and release info.txt","source":"original","mtime":"1610336798","size":"3463","md5":"8694d92812eec467f157db91ba49b39f","crc32":"d376d582","sha1":"1815d88015c36ee48fcc6d58704e8dd94b0b8cae","format":"Text"},{"name":"Café Society - I'm On The Loose (ARTWORK).jpg","source":"original","mtime":"1610336807","size":"192891","md5":"7c0acc64b383cb9f0ec737f1b514294b","crc32":"ab97a884","sha1":"78af17aa471d620088ae33579e2b3cebac3f4c09","format":"JPEG","rotation":"0"},{"name":"Café Society - I'm On The Loose (ARTWORK)_thumb.jpg","source":"derivative","format":"JPEG Thumb","original":"Café Society - I'm On The Loose (ARTWORK).jpg","mtime":"1610336876","size":"7169","md5":"c735bd1c4c545b3e005b07207c4dcd3a","crc32":"573dc161","sha1":"65a29912dbdc81edfd4a0390e5c31dfcdbcf5116"},{"name":"__ia_thumb.jpg","source":"original","mtime":"1610336819","size":"17366","md5":"19a437015c483b80a6c7e23b7a33827a","crc32":"eae6b628","sha1":"62612e99ab4d8cb0391053aed400cf88542cf610","format":"Item Tile","rotation":"0"}],"files_count":20,"item_last_updated":1613077018,"item_size":240633227,"metadata":{"identifier":"01-cafe-society-im-on-the-loose-12-vocal-extended-mix-1985","mediatype":"audio","collection":["opensource_audio","community"],"creator":"Retro Disco Hi-NRG","date":"1985","description":"<div>Café Society, a mostly studio band, were a successful South African dance act of the mid-80s.</div><div>The band was the brainwave of multi-instrumentalist/singer and producer Costa Anadiotis, formerly of \"Fantasy\", the late 70s disco rock band.</div><div><br /></div><div>The first song to be produced was a cover of Jefferson Airplane's \"Somebody to Love\" in 1984, using the vocals of Julia Jade Aston.</div><div>The song was received well internationally (released worldwide by Passion Records UK) because of its Hi-NRG-driven baseline popular at the time. </div><div><br /></div><div>The band and their S.A. record company wanted the next release to be an original composition, \"I'm On The Loose\".</div><div>Passion Records UK wanted another dance hit cover, and went with \"Relight My Fire\" (\"I'm On The Loose\" was not released)</div><div><br /></div><div>The Dan Hartman song \"Relight My Fire\", which utilized the vocals of Lolly Peterson and Anneline Malebo. </div><div>Released in the UK, Germany, Mexico and S.A. Other than being a dance hit in Mexico, the song received mediocre response, but featured worldwide on many compilation albums,</div><div><br /></div><div>Then in 1985 when the VideoKids refused to release their song \"Woodpeckers From Space\" in South Africa due to the political situation in the country at the time,</div><div>Costa Anadiotis decided to release his own unique version under the banner of Café Society.</div><div>\"Woodpeckers from Space\" was a Number 1 hit in South Africa in July 1985 and stayed on the Top 20 for 19 weeks, 8 of which were at the Number 1 position.</div><div><br /></div><div>Café Society released only one album, “Relight My Fire”, in 1985. The Extended Vocal version of \"I'm On The Loose\" is off this album, and features Penny Lane on vocals.</div><div><br /></div><div>So for the first time in 35 Years, here is the original 12'' Vocal and Dub mix parts together for this unreleased electro Hi-nrg Italo disco \"Hard-To-Find\" gem 💎 </div><div>\"I'm On The Loose\" (presented in 12'' Disco Single format!)</div><div><br /></div><div><br /></div><div>Café Society ‎– I'm On The Loose (12'' Vocal & 12'' DUB Mixes)</div><div>Label: Passion (UN-RELEASED) Current Copyright Unclaimed Unknown (Principal Records S.A. / or reverted back to producer Costa Anadiotis)</div><div>Format: Vinyl, 12\", Maxi-Single</div><div>Country: South Africa / UK</div><div>Date: 1985</div><div>Genre: Electronic</div><div>Style: Disco, Hi NRG, Italo Disco, Eurobeat</div><div><br /></div><div>📖 Song Lyrics - Café Society - I'm On The Loose </div><div><br /></div><div>Now..That the Week has reached the end</div><div>I'm ready for action</div><div>Now..That the Weekend is at hand</div><div>I need satisfaction</div><div><br /></div><div>I work hard all day</div><div>I'm on my way</div><div>I'm gonna have some fun (fun fun)</div><div><br /></div><div>CHORUS</div><div>'Cos I'm On The Loose</div><div>I'm On The Loose</div><div>I'm On The Loose Tonight</div><div>Take Me To The Neon Light</div><div><br /></div><div>Yes, I'm On The Move</div><div>I'm On The Loose Tonight</div><div>Take Me To The Neon Light</div><div><br /></div><div>I'll never be the one they call 'Society Lady'</div><div>I'm.. not a ashamed to be sometimes</div><div>Just kind of crazy</div><div><br /></div><div>And I know somewhere</div><div>You're waiting there</div><div>Waiting Just For Me! (me me)</div><div><br /></div><div>CHORUS x2</div><div><br /></div><div>(INSTRUMENTAL BREAKDOWN)</div><div><br /></div><div>I.. wanna dance the night away</div><div>My Music's inside me</div><div>I'm.. gonna wipe out clouds of grey</div><div>With You Beside Me</div><div><br /></div><div>'Cos I know somewhere</div><div>You're waiting there</div><div>Waiting Just For Me! (me me)</div><div><br /></div><div>CHORUS x2</div><div><br /></div><div>I was standing back to wait</div><div>for some reaction</div><div>I'm gonna go for it right now</div><div>I need satisfaction</div><div><br /></div><div>I work hard all day</div><div>I'm on my way</div><div>I'm gonna have some fun (fun fun)</div><div><br /></div><div>CHORUS x2</div><div><br /></div><div>Producer – Costa Anadiotis</div><div>Written-By – Costa Anadiotis, George Vardas</div><div>Publisher: Kings Music</div><div>℗ 1985 Principal Records (S.A.)</div><div><br /></div><div><br /></div><div>RETRO DISCO Hi-NRG 🚀</div><div>http://retrodisco-hi-nrg.blogspot.com/</div><div><br /></div>","language":"eng","licenseurl":"https://creativecommons.org/licenses/by-nd/4.0/","scanner":"Internet Archive HTML5 Uploader 1.6.4","subject":["80s","disco","hi-nrg","high energy","italo","eurobeat","synth","pop","dance","south africa"],"title":"Café Society - I'm On The Loose (12'' Mixes) 1985 Passion Hi-NRG italo disco rock eurobeat 80s","uploader":"lylegove@hotmail.com","publicdate":"2021-01-11 03:45:33","addeddate":"2021-01-11 03:45:33","curation":"[curator]validator@archive.org[/curator][date]20210111034559[/date][comment]checked for malware[/comment]"},"server":"ia801801.us.archive.org","uniq":1593701557,"workable_servers":["ia801801.us.archive.org","ia601801.us.archive.org"]}