{"alternate_locations":{"servers":[{"server":"dn721907.ca.archive.org","dir":"/0/items/01-come-alive"}],"workable":[{"server":"dn721907.ca.archive.org","dir":"/0/items/01-come-alive"}]},"created":1767567007,"d1":"ia601005.us.archive.org","d2":"ia801005.us.archive.org","dir":"/9/items/01-come-alive","files":[{"name":"01 Come Alive.mp3","source":"original","mtime":"1759121233","size":"12074259","md5":"f63b67c7440cfb65c96d65b10eef4bc6","crc32":"fd170ace","sha1":"7249c6f90eece9e8eacc2b64953f7c233b7141d3","format":"VBR MP3","length":"290.14","title":"Come Alive","creator":"Ruscha","album":"Come Alive","track":"1","artist":"Ruscha","genre":"Melodic Rock"},{"name":"01 Come Alive.png","source":"derivative","format":"PNG","original":"01 Come Alive.mp3","mtime":"1759121600","size":"41068","md5":"bcd57ab03ee2c0bedd87e2abd34f23a0","crc32":"1841a119","sha1":"8d9c148f21eae719a4c0eaba2ca9c6ed888a7416"},{"name":"01 Come Alive_spectrogram.png","source":"derivative","format":"Spectrogram","original":"01 Come Alive.mp3","mtime":"1759121808","size":"322405","md5":"df2d3a64065ee30f6852b30b563122d4","crc32":"c0ef50b8","sha1":"d267c6e387af998346d7541f90f0c20699682527"},{"name":"01-come-alive_archive.torrent","source":"metadata","btih":"7ef7e91044fecd1fe4311534c8204299e7a8f314","mtime":"1759122035","size":"12650","md5":"a02729f88d6d551b89b4d7a70bce3949","crc32":"72c552b9","sha1":"d5e62ba07f777b0c98195007780630e0f03673f6","format":"Archive BitTorrent"},{"name":"01-come-alive_files.xml","source":"original","format":"Metadata","md5":"3bc33a2c3426792302589e8e2a8bbcd4","summation":"md5"},{"name":"01-come-alive_meta.sqlite","source":"original","mtime":"1759121365","size":"49152","md5":"a75dacfc88c34bd1acb18428b574f36e","crc32":"18d2002a","sha1":"904259789ab03ad3771fa6e8cd49058d1a51939b","format":"Metadata"},{"name":"01-come-alive_meta.xml","source":"original","mtime":"1759122016","size":"801","md5":"14132f360b984e58825e63694fdf7dcf","crc32":"9340b290","sha1":"ddbbff8e9b978a580c6461a71029752ebbad49d4","format":"Metadata"},{"name":"02 Someone Listening.mp3","source":"original","mtime":"1759121268","size":"9719856","md5":"2fd041a03f6e84164f5e1c43bea38830","crc32":"3387cfd2","sha1":"782c770fccd46e90028c6cf8f886c49b40464e2a","format":"VBR MP3","length":"231.34","title":"Someone Listening","creator":"Ruscha","album":"Come Alive","track":"2","artist":"Ruscha","genre":"Melodic Rock"},{"name":"02 Someone Listening.png","source":"derivative","format":"PNG","original":"02 Someone Listening.mp3","mtime":"1759121777","size":"41951","md5":"557e809874df08c8b33f91614f8397f6","crc32":"9fc821a4","sha1":"bd13a318ad42ca48fbcfd8b7d646f9d634300f57"},{"name":"02 Someone Listening_spectrogram.png","source":"derivative","format":"Spectrogram","original":"02 Someone Listening.mp3","mtime":"1759121981","size":"304496","md5":"446fb955fbf9043758e9760b136cf2d8","crc32":"08a9ff1b","sha1":"2d2c885fe3dca0c1e0b9b2fa010f09865a82de83"},{"name":"03 Broken Heart.mp3","source":"original","mtime":"1759121284","size":"10403893","md5":"1594a1115387842f514ea1c94de766b1","crc32":"4e67d829","sha1":"c9f9d9d59b8bb18a3c95299f1719f44213d264bb","format":"VBR MP3","length":"248.42","title":"Broken Heart","creator":"Ruscha","album":"Come Alive","track":"3","artist":"Ruscha","genre":"Melodic Rock"},{"name":"03 Broken Heart.png","source":"derivative","format":"PNG","original":"03 Broken Heart.mp3","mtime":"1759121753","size":"38680","md5":"fb9331e661d64531b5d5a49df71e28d0","crc32":"fee4f905","sha1":"78c74698a69ca5de5918a5fadce1b51af1c77b08"},{"name":"03 Broken Heart_spectrogram.png","source":"derivative","format":"Spectrogram","original":"03 Broken Heart.mp3","mtime":"1759121961","size":"327764","md5":"399d1e445f9401efc652fda6251ee7c5","crc32":"2308e268","sha1":"851bf33e33385f46d427abc7ec7259253eb0fbd5"},{"name":"04 Holy And True.mp3","source":"original","mtime":"1759121288","size":"9266955","md5":"07fcf479b3a70c2cebf831d5e983be63","crc32":"9913b7c2","sha1":"5e84823365fad899ca8f50a4f4f3f3988d68fd32","format":"VBR MP3","length":"220.03","title":"Holy And True","creator":"Ruscha","album":"Come Alive","track":"4","artist":"Ruscha","genre":"Melodic Rock"},{"name":"04 Holy And True.png","source":"derivative","format":"PNG","original":"04 Holy And True.mp3","mtime":"1759121701","size":"39202","md5":"5c34fa697a31f8ef4e3768e703fc45b5","crc32":"a1795faa","sha1":"80814c86332992b51d94914a7a8de735e7cc6028"},{"name":"04 Holy And True_spectrogram.png","source":"derivative","format":"Spectrogram","original":"04 Holy And True.mp3","mtime":"1759121936","size":"310646","md5":"0698b902eb3051c0d3db741882373653","crc32":"45355654","sha1":"8600e763d6e96087488b1e86baf66ea37b7c5979"},{"name":"05 Come Home.mp3","source":"original","mtime":"1759121295","size":"10925812","md5":"9e68e4c3f6b6453b9ec7d05ae1080a27","crc32":"c161672f","sha1":"582b226923ef9d217d28be36bdb8742c94335735","format":"VBR MP3","length":"261.46","title":"Come Home","creator":"Ruscha","album":"Come Alive","track":"5","artist":"Ruscha","genre":"Melodic Rock"},{"name":"05 Come Home.png","source":"derivative","format":"PNG","original":"05 Come Home.mp3","mtime":"1759121677","size":"34397","md5":"26b2e5e0b2bf7f823cc5d199076b9350","crc32":"782cc44f","sha1":"b1496d4ec8b0a71e481296ff76003d396f720c74"},{"name":"05 Come Home_spectrogram.png","source":"derivative","format":"Spectrogram","original":"05 Come Home.mp3","mtime":"1759121916","size":"332044","md5":"26e9a53ccdf941fe9fd4c278be1e3089","crc32":"2c4b9453","sha1":"d9f4ccf1df8c819c4ec3623474fc9c8cf5e0e624"},{"name":"06 The Word Stands Forever.mp3","source":"original","mtime":"1759121301","size":"11803387","md5":"9e0390dc5300e82b5afb6b26b8de77d0","crc32":"0170fbce","sha1":"dc52c1b0dd34a597ab08a00cc0d3eedbc92e6225","format":"VBR MP3","length":"283.38","title":"The Word Stands Forever","creator":"Ruscha","album":"Come Alive","track":"6","artist":"Ruscha","genre":"Melodic Rock"},{"name":"06 The Word Stands Forever.png","source":"derivative","format":"PNG","original":"06 The Word Stands Forever.mp3","mtime":"1759121539","size":"42016","md5":"5e9d08f17843c77ac2b207b469873d86","crc32":"38102224","sha1":"e88e63215bb37319a23a08541d51ce3aba533ff5"},{"name":"06 The Word Stands Forever_spectrogram.png","source":"derivative","format":"Spectrogram","original":"06 The Word Stands Forever.mp3","mtime":"1759121892","size":"311253","md5":"cd60f07a916c971226773cb2d095cd92","crc32":"3bfcb0f3","sha1":"0c70375725cab5dbf5369aabbc9b2e5c942ff97e"},{"name":"07 Burning Bridges.mp3","source":"original","mtime":"1759121306","size":"10882940","md5":"eb01c9ffb4258e86a1528238da21f4cd","crc32":"53203caa","sha1":"f93ca4f90a6157244e41b59f59b5cd8b225ecc71","format":"VBR MP3","length":"260.39","title":"Burning Bridges","creator":"Ruscha","album":"Come Alive","track":"7","artist":"Ruscha","genre":"Melodic Rock"},{"name":"07 Burning Bridges.png","source":"derivative","format":"PNG","original":"07 Burning Bridges.mp3","mtime":"1759121626","size":"41807","md5":"a79c6ee6413af0442c9bd4049690c147","crc32":"3c83210c","sha1":"f291ced9b7ca9f55846f8c6f29cec0c64f0ac021"},{"name":"07 Burning Bridges_spectrogram.png","source":"derivative","format":"Spectrogram","original":"07 Burning Bridges.mp3","mtime":"1759121844","size":"300367","md5":"be0be5f6d9b90691e0b24eb8ec86e254","crc32":"1630d674","sha1":"a3ce26893224ad2fed90e1fbd13a53561a49c71a"},{"name":"08 Exalt The Name.mp3","source":"original","mtime":"1759121327","size":"9346448","md5":"d306fa587619474b50c02c35332a31f8","crc32":"8ababe05","sha1":"c588d5572ec0968d8c0601d9e39194c99507b94b","format":"VBR MP3","length":"222.01","title":"Exalt The Name","creator":"Ruscha","album":"Come Alive","track":"8","artist":"Ruscha","genre":"Melodic Rock"},{"name":"08 Exalt The Name.png","source":"derivative","format":"PNG","original":"08 Exalt The Name.mp3","mtime":"1759121650","size":"39389","md5":"191f691fc1bcd74b5175cbedd2f443b7","crc32":"f4c20e24","sha1":"a08b0f3cd8ab86456f23708a12b452bc18f900f4"},{"name":"08 Exalt The Name_spectrogram.png","source":"derivative","format":"Spectrogram","original":"08 Exalt The Name.mp3","mtime":"1759121867","size":"316614","md5":"4467d93831248be5ac236a33415a25f4","crc32":"ea692b93","sha1":"787d2853e5e2fef4cd2f7e1620a561031c07c1d8"},{"name":"09 Do You Care.mp3","source":"original","mtime":"1759121331","size":"9716706","md5":"667c3e564c214a69158713a8bc959cea","crc32":"60164d78","sha1":"2edec6c4e7a82fe1b3c73a2a713c8f5b0995baa4","format":"VBR MP3","length":"231.26","title":"Do You Care","creator":"Ruscha","album":"Come Alive","track":"9","artist":"Ruscha","genre":"Melodic Rock"},{"name":"09 Do You Care.png","source":"derivative","format":"PNG","original":"09 Do You Care.mp3","mtime":"1759121728","size":"38095","md5":"1ace37ea93a67c306d2518e739a6a04b","crc32":"8cc0eee4","sha1":"4babbb39d938db5e839bd7f267d32082314baa46"},{"name":"09 Do You Care_spectrogram.png","source":"derivative","format":"Spectrogram","original":"09 Do You Care.mp3","mtime":"1759121994","size":"308254","md5":"bd1b172084819f3c365b11821796e04c","crc32":"524a164b","sha1":"ac9bf942d91e57d5312cc918dc72f310e3b494f4"},{"name":"10 Lord Of The Impossible.mp3","source":"original","mtime":"1759121347","size":"8354913","md5":"6c28e858f39ed0f07fc30a39fce69546","crc32":"cb25894f","sha1":"b4e0ddc45aadf19e310408a4a1c0a0884dfa4995","format":"VBR MP3","length":"197.25","title":"Lord Of The Impossible","creator":"Ruscha","album":"Come Alive","track":"10","artist":"Ruscha","genre":"Melodic Rock"},{"name":"10 Lord Of The Impossible.png","source":"derivative","format":"PNG","original":"10 Lord Of The Impossible.mp3","mtime":"1759121573","size":"42969","md5":"dbb693b716be6113938fb8905d17f0f6","crc32":"5d3068b3","sha1":"175831ed1f157af98278739f50df705e49bb38b4"},{"name":"10 Lord Of The Impossible_spectrogram.png","source":"derivative","format":"Spectrogram","original":"10 Lord Of The Impossible.mp3","mtime":"1759121828","size":"316123","md5":"276cabd56b3aeffea8b850be209a4d1c","crc32":"6997e886","sha1":"5a2264f12f4f929cc673fd63e2ab5b94ddcd0d90"},{"name":"AlbumArtSmall.jpg","source":"original","mtime":"1759121357","size":"5923","md5":"24d0630e779826fbf69eed0bcaad8033","crc32":"5f4769ad","sha1":"e529456c8158b00b069f746931321313adc9b256","format":"JPEG"},{"name":"AlbumArtSmall_thumb.jpg","source":"derivative","format":"JPEG Thumb","original":"AlbumArtSmall.jpg","mtime":"1759121489","size":"4803","md5":"1f66d87f14ee22b899f45abd1ae89d9d","crc32":"74beac62","sha1":"1ded9b05c168682fef49162554b2b4cf5c3bebeb"},{"name":"AlbumArt_{B5020207-474E-4720-7B78-3D2E84624700}_Large.jpg","source":"original","mtime":"1759121351","size":"25385","md5":"d1cf2a79cb2d8a8bd8b9cd721e1275c2","crc32":"a741eb1f","sha1":"6e35b13085726e19e7dcc0f33477733071a9135d","format":"JPEG"},{"name":"AlbumArt_{B5020207-474E-4720-7B78-3D2E84624700}_Large_thumb.jpg","source":"derivative","format":"JPEG Thumb","original":"AlbumArt_{B5020207-474E-4720-7B78-3D2E84624700}_Large.jpg","mtime":"1759121521","size":"7485","md5":"ca30c6c88cfbf89e2bbd3a26087e1347","crc32":"a069d849","sha1":"cd730d664d459aec0d653c81f6a64ad0042e9e91"},{"name":"AlbumArt_{B5020207-474E-4720-7B78-3D2E84624700}_Small.jpg","source":"original","mtime":"1759121353","size":"5923","md5":"24d0630e779826fbf69eed0bcaad8033","crc32":"5f4769ad","sha1":"e529456c8158b00b069f746931321313adc9b256","format":"JPEG"},{"name":"AlbumArt_{B5020207-474E-4720-7B78-3D2E84624700}_Small_thumb.jpg","source":"derivative","format":"JPEG Thumb","original":"AlbumArt_{B5020207-474E-4720-7B78-3D2E84624700}_Small.jpg","mtime":"1759121505","size":"4803","md5":"1f66d87f14ee22b899f45abd1ae89d9d","crc32":"74beac62","sha1":"1ded9b05c168682fef49162554b2b4cf5c3bebeb"},{"name":"Folder.jpg","source":"original","mtime":"1759121359","size":"25385","md5":"d1cf2a79cb2d8a8bd8b9cd721e1275c2","crc32":"a741eb1f","sha1":"6e35b13085726e19e7dcc0f33477733071a9135d","format":"JPEG"},{"name":"Folder_thumb.jpg","source":"derivative","format":"JPEG Thumb","original":"Folder.jpg","mtime":"1759121477","size":"7485","md5":"ca30c6c88cfbf89e2bbd3a26087e1347","crc32":"a069d849","sha1":"cd730d664d459aec0d653c81f6a64ad0042e9e91"},{"name":"__ia_thumb.jpg","source":"original","mtime":"1759121405","size":"6531","md5":"ae64efb7537e78fb67cee088c1030eb4","crc32":"0bbfd94c","sha1":"b91f034ec793438162399d4d80e936bd7178b95e","format":"Item Tile"}],"files_count":43,"item_last_updated":1759122035,"item_size":106201035,"metadata":{"identifier":"01-come-alive","mediatype":"audio","collection":"opensource_audio","creator":"Ruscha","date":"1988","description":"Ruscha Come Alive 2012 remastered version of 1988 classic.","scanner":"Internet Archive HTML5 Uploader 1.7.0","subject":["Ruscha","The Russians","Hard Rock","1988"],"title":"Ruscha Come Alive 1988","uploader":"poiemajeremiah@yahoo.com","publicdate":"2025-09-29 04:47:33","addeddate":"2025-09-29 04:47:33","curation":"[curator]validator@archive.org[/curator][date]20250929045050[/date][comment]checked for malware[/comment]"},"server":"ia801005.us.archive.org","uniq":895250437,"workable_servers":["ia801005.us.archive.org","ia601005.us.archive.org"]}