{"alternate_locations":{"servers":[{"server":"dn721309.ca.archive.org","dir":"/0/items/01-de-bla-ck-foo-ss-emi-1-c-006-14-71677-side-a-party-service"}],"workable":[{"server":"dn721309.ca.archive.org","dir":"/0/items/01-de-bla-ck-foo-ss-emi-1-c-006-14-71677-side-a-party-service"}]},"created":1767567013,"d1":"ia600707.us.archive.org","d2":"ia800707.us.archive.org","dir":"/26/items/01-de-bla-ck-foo-ss-emi-1-c-006-14-71677-side-a-party-service","files":[{"name":"01 - DE BLÄCK FÖÖSS - EMI 1C 006 14 71677 - Side A - Party-Service.afpk","source":"derivative","format":"Columbia Peaks","original":"01 - DE BLÄCK FÖÖSS - EMI 1C 006 14 71677 - Side A - Party-Service.wav","mtime":"1750292010","size":"47072","md5":"05e7503394aaed7e9932924886ca21e3","crc32":"2842d65e","sha1":"59a829f52a4f98bb105951dbe89d1656a4f61157"},{"name":"01 - DE BLÄCK FÖÖSS - EMI 1C 006 14 71677 - Side A - Party-Service.flac","source":"derivative","format":"Flac","original":"01 - DE BLÄCK FÖÖSS - EMI 1C 006 14 71677 - Side A - Party-Service.wav","mtime":"1750286719","size":"22533232","md5":"f218888a7f2e67f9e5d1fb09d5c7214f","crc32":"95dfbe68","sha1":"af79b01ccb7a6e3b49bd07fef0cbe1ac988ff635","length":"200.83"},{"name":"01 - DE BLÄCK FÖÖSS - EMI 1C 006 14 71677 - Side A - Party-Service.mp3","source":"derivative","bitrate":"195","length":"03:21","format":"VBR MP3","original":"01 - DE BLÄCK FÖÖSS - EMI 1C 006 14 71677 - Side A - Party-Service.wav","mtime":"1750280545","size":"5017647","md5":"696b62ba336883ab581b6f03cf6f3c71","crc32":"a2fd8de4","sha1":"cfdff7b9cc6ba027507fe4cf3d2c65ed0d172c2f"},{"name":"01 - DE BLÄCK FÖÖSS - EMI 1C 006 14 71677 - Side A - Party-Service.png","source":"derivative","format":"PNG","original":"01 - DE BLÄCK FÖÖSS - EMI 1C 006 14 71677 - Side A - Party-Service.wav","mtime":"1750287837","size":"44494","md5":"e7234f839af28bf9440618f4d08b7041","crc32":"9157fb7f","sha1":"0c726e88a78e8c01164d112f4d096ab0af4fd994"},{"name":"01 - DE BLÄCK FÖÖSS - EMI 1C 006 14 71677 - Side A - Party-Service.wav","source":"original","mtime":"1750278922","size":"35425868","md5":"ba6f9bb71d1f7416400b046f80feffdf","crc32":"ab067637","sha1":"00660cc945fe8f0af65fe7eea14029f69a14cd1e","format":"WAVE","length":"200.83","track":"01"},{"name":"01 - DE BLÄCK FÖÖSS - EMI 1C 006 14 71677 - Side A - Party-Service_spectrogram.png","source":"derivative","format":"Spectrogram","original":"01 - DE BLÄCK FÖÖSS - EMI 1C 006 14 71677 - Side A - Party-Service.wav","mtime":"1750290609","size":"299653","md5":"4f9aa13fefccfbbf2b11e6194e75d113","crc32":"e9f34b4a","sha1":"70025444e5dd7967f7236a1d4a2ec8cf77afe570"},{"name":"01-de-bla-ck-foo-ss-emi-1-c-006-14-71677-side-a-party-service_archive.torrent","source":"metadata","btih":"147b30c28ecd5a9e9ae3e08e4a176eb16f69504e","mtime":"1750292453","size":"10933","md5":"763055d20d767360a5c8156b2e7c6390","crc32":"7f272178","sha1":"d9a527908842f6bfb8409e2072e9a22e78459341","format":"Archive BitTorrent"},{"name":"01-de-bla-ck-foo-ss-emi-1-c-006-14-71677-side-a-party-service_files.xml","source":"original","format":"Metadata","md5":"af94789fd01e912615dec91a85aab051","summation":"md5"},{"name":"01-de-bla-ck-foo-ss-emi-1-c-006-14-71677-side-a-party-service_meta.sqlite","source":"original","mtime":"1750281770","size":"36864","md5":"690c0b62a0dda87c0978338ad0346249","crc32":"883e6c21","sha1":"5e3ea191a8b5bef06cdcd4a9c15e61df6b25012b","format":"Metadata"},{"name":"01-de-bla-ck-foo-ss-emi-1-c-006-14-71677-side-a-party-service_meta.xml","source":"original","mtime":"1750292430","size":"2093","md5":"5e775a229a68ece4f10d88bb2639d692","crc32":"017c46ca","sha1":"def42c55bbb0c3e3b14155fe62e7adc75bdd34c8","format":"Metadata"},{"name":"02 - DE BLÄCK FÖÖSS - EMI 1C 006 14 71677 - Side B - Drachenfels.afpk","source":"derivative","format":"Columbia Peaks","original":"02 - DE BLÄCK FÖÖSS - EMI 1C 006 14 71677 - Side B - Drachenfels.wav","mtime":"1750292276","size":"40896","md5":"9479d02fb96f87bd491e41c7c041f22e","crc32":"30258de9","sha1":"90adb617ed24fd5f69073f2ce5f2d52fa5087c23"},{"name":"02 - DE BLÄCK FÖÖSS - EMI 1C 006 14 71677 - Side B - Drachenfels.flac","source":"derivative","format":"Flac","original":"02 - DE BLÄCK FÖÖSS - EMI 1C 006 14 71677 - Side B - Drachenfels.wav","mtime":"1750287344","size":"20358007","md5":"a76572311c7dec8f9a0b606e1d844f58","crc32":"0b8a49c6","sha1":"b24a526b9f7cccfa154ef406564ac18c7273f773","length":"172.77"},{"name":"02 - DE BLÄCK FÖÖSS - EMI 1C 006 14 71677 - Side B - Drachenfels.mp3","source":"derivative","bitrate":"191","length":"02:53","format":"VBR MP3","original":"02 - DE BLÄCK FÖÖSS - EMI 1C 006 14 71677 - Side B - Drachenfels.wav","mtime":"1750282871","size":"4266896","md5":"23dd3e600f814bc1d5fa6229e5478de4","crc32":"2e7dacc6","sha1":"1d8cde5917f542dc11097c099248408e734b3c2a"},{"name":"02 - DE BLÄCK FÖÖSS - EMI 1C 006 14 71677 - Side B - Drachenfels.png","source":"derivative","format":"PNG","original":"02 - DE BLÄCK FÖÖSS - EMI 1C 006 14 71677 - Side B - Drachenfels.wav","mtime":"1750289234","size":"41631","md5":"f7b49d5fd1b9de7c57cc40b0366112bf","crc32":"23ef7927","sha1":"f44d933ac1f220e01ae6021e4033d33641df4699"},{"name":"02 - DE BLÄCK FÖÖSS - EMI 1C 006 14 71677 - Side B - Drachenfels.wav","source":"original","mtime":"1750279271","size":"30477260","md5":"ab383c15e07eeda20ee61ed1740cf9bd","crc32":"b60d1540","sha1":"35e8457abbcb9f2d465a5a24330da675047b51b5","format":"WAVE","length":"172.77","track":"02"},{"name":"02 - DE BLÄCK FÖÖSS - EMI 1C 006 14 71677 - Side B - Drachenfels_spectrogram.png","source":"derivative","format":"Spectrogram","original":"02 - DE BLÄCK FÖÖSS - EMI 1C 006 14 71677 - Side B - Drachenfels.wav","mtime":"1750291001","size":"313321","md5":"f2ea3d4984900ed79330e1f7b2e9315d","crc32":"935e8228","sha1":"395ea5c98d08ffc6e16a4d069692ec2958526fa7"},{"name":"Partyservice 1.jpg","source":"original","mtime":"1750278938","size":"1699653","md5":"bbe575799d2a3d20dc6264a23c9dc811","crc32":"b4ae5593","sha1":"3bf315aa521a5f36c35cd6c27c9628dd522825ae","format":"JPEG"},{"name":"Partyservice 1_thumb.jpg","source":"derivative","format":"JPEG Thumb","original":"Partyservice 1.jpg","mtime":"1750282981","size":"10765","md5":"b0887a504d4f17c088e20e1e66389f32","crc32":"1ef8bd00","sha1":"5a4e3b4fcad723e465d2c9906072a9085f0bf17d"},{"name":"Partyservice 2.jpg","source":"original","mtime":"1750278944","size":"1763667","md5":"d4b2d63393e296e92210491f82e71e66","crc32":"df378e49","sha1":"96f0244d1e2472bbe559acdc0cc8f939fb5d0053","format":"JPEG"},{"name":"Partyservice 2_thumb.jpg","source":"derivative","format":"JPEG Thumb","original":"Partyservice 2.jpg","mtime":"1750283005","size":"10330","md5":"0e750459ff0359548b4da53ea7ba1861","crc32":"6c67d3d5","sha1":"bec54744f10e2fc5099b223abc2af05fdd5f494e"},{"name":"Partyservice 3.jpg","source":"original","mtime":"1750278946","size":"249601","md5":"d2a3ab7f9653b9215c5a647ffc2ef174","crc32":"d4666e8e","sha1":"bd07e36be9433d8ae491001c1596dd43b60f08b3","format":"JPEG"},{"name":"Partyservice 3_thumb.jpg","source":"derivative","format":"JPEG Thumb","original":"Partyservice 3.jpg","mtime":"1750283020","size":"7988","md5":"c2ee40bbca5aa830a9b59d234a0eac25","crc32":"b986e2d3","sha1":"5deeb4a77c9423fd642e2733c095d22765872c98"},{"name":"Partyservice 4.jpg","source":"original","mtime":"1750278934","size":"255214","md5":"65e1ed0cba53e76e8ce97215d3df964f","crc32":"e87f8813","sha1":"d38d6f94711175581dbe9d4948b4d053c4586446","format":"JPEG"},{"name":"Partyservice 4_thumb.jpg","source":"derivative","format":"JPEG Thumb","original":"Partyservice 4.jpg","mtime":"1750283029","size":"8035","md5":"1e5f4c5d608a70442fafdceaaa48adcd","crc32":"0b536dcb","sha1":"dc12b858d10a063d86eb44644ae4612973e000a3"},{"name":"__ia_thumb.jpg","source":"original","mtime":"1750279002","size":"15776","md5":"ee646ce4a9272968ebff01c0926bc6f2","crc32":"7ef09905","sha1":"46f2b9763d8ebc591bcdba609d3670b07811b2b9","format":"Item Tile"}],"files_count":25,"item_last_updated":1750292453,"item_size":122936896,"metadata":{"identifier":"01-de-bla-ck-foo-ss-emi-1-c-006-14-71677-side-a-party-service","mediatype":"audio","collection":["emiliosunforgottenmusic","audio_music"],"creator":"DE BLÄCK FÖÖSS - Musikgruppe","date":"1986","description":"17 cm 45 rpm Single EMI 1C 006 14 71677<div><br /></div><div><div style=\"color:rgb(44,44,44);font-family:'Helvetica Neue', Helvetica, Arial, sans-serif;font-size:14px;background-color:rgb(255,255,255);\">Side A - Party-Service</div><div style=\"color:rgb(44,44,44);font-family:'Helvetica Neue', Helvetica, Arial, sans-serif;font-size:14px;background-color:rgb(255,255,255);\">Side B - Drachenfels</div><div style=\"color:rgb(44,44,44);font-family:'Helvetica Neue', Helvetica, Arial, sans-serif;font-size:14px;background-color:rgb(255,255,255);\"><br /></div><span style=\"color:rgb(44,44,44);font-family:'Helvetica Neue', Helvetica, Arial, sans-serif;font-size:14px;background-color:rgb(255,255,255);\">DE BLÄCK FÖÖSS - Musikgruppe (aus Köln...!)</span><div style=\"color:rgb(44,44,44);font-family:'Helvetica Neue', Helvetica, Arial, sans-serif;font-size:14px;background-color:rgb(255,255,255);\"><br /></div><div style=\"color:rgb(44,44,44);font-family:'Helvetica Neue', Helvetica, Arial, sans-serif;font-size:14px;background-color:rgb(255,255,255);\">rec. 1986</div></div>","language":"ger","licenseurl":"https://creativecommons.org/licenses/by-nc-nd/4.0/","scanner":"Internet Archive HTML5 Uploader 1.7.0","subject":["Bläck Fööss","Kölner Mundart","Ironischer Rock","EMI 1C 006 14 71677"],"title":"Party-Service","uploader":"recordplayer78@gmail.com","collection_added":"audio_music","publicdate":"2025-06-18 20:35:36","addeddate":"2025-06-18 20:35:36"},"server":"ia800707.us.archive.org","uniq":727378541,"workable_servers":["ia800707.us.archive.org","ia600707.us.archive.org"]}