{"alternate_locations":{"servers":[{"server":"dn720300.ca.archive.org","dir":"/0/items/01-i-shall-be-released"}],"workable":[{"server":"dn720300.ca.archive.org","dir":"/0/items/01-i-shall-be-released"}]},"created":1767564434,"d1":"ia600707.us.archive.org","d2":"ia800707.us.archive.org","dir":"/9/items/01-i-shall-be-released","files":[{"name":"01 I shall be released.flac","source":"derivative","format":"Flac","original":"01 I shall be released.wav","mtime":"1645527608","size":"30669216","md5":"31781a0a8c0255cff9f28f75e8bff9db","crc32":"4df5eba6","sha1":"46bcf748ec0762cdf2f901c18c0f6c04adbde409","length":"224.47"},{"name":"01 I shall be released.mp3","source":"derivative","creator":"PAMELAH","title":"I shall be released","genre":"World Pop","bitrate":"200","format":"VBR MP3","original":"01 I shall be released.wav","mtime":"1645527556","size":"5619483","md5":"ecfee2fc39b07f7e1b643c4dbf3b7777","crc32":"cc50cd02","sha1":"50c6fd4d695c20e73bf779f467f773f0fc1decdb","length":"224.5"},{"name":"01 I shall be released.png","source":"derivative","format":"PNG","original":"01 I shall be released.wav","mtime":"1645527654","size":"42202","md5":"45ced39ee0ff0af16448ef41853258a9","crc32":"2ab47ed7","sha1":"16d33a669aca0ed06bd93c93693ec0c4c1134834"},{"name":"01 I shall be released.wav","source":"original","mtime":"1645527519","size":"39596106","md5":"09863a19d0843707c4e51cbf11ba6fe3","crc32":"6aa80608","sha1":"9328ee029efc3b3fa0b8aa5a548ab780373371a8","format":"WAVE","length":"224.47","track":"01","title":"I shall be released","artist":"PAMELAH","genre":"World Pop"},{"name":"01 I shall be released_spectrogram.png","source":"derivative","format":"Spectrogram","original":"01 I shall be released.wav","mtime":"1645527702","size":"308956","md5":"b78cf25a4ae4ed863eb6e8c16259b4f4","crc32":"db56ddb6","sha1":"691f08cc867517dafe0c0ff1076ba0310587d08b"},{"name":"01-i-shall-be-released_archive.torrent","source":"metadata","btih":"239956a81d9ddd6d449c6738ddcbb57711fc16cc","mtime":"1645527741","size":"12504","md5":"dbdbb2a5be4e3ce8435563719b8075e6","crc32":"57475fd5","sha1":"d2d9cc743c696fcdaa8d2a73a274b636383c5263","format":"Archive BitTorrent"},{"name":"01-i-shall-be-released_files.xml","source":"original","format":"Metadata","md5":"2d109228c909e27c5289e08af00e04da","summation":"md5"},{"name":"01-i-shall-be-released_meta.sqlite","source":"original","mtime":"1645527524","size":"28672","md5":"5df2db1d739fd9e3c0357d1e0fa9acdc","crc32":"308b8af5","sha1":"6a4b1e67df30b2d1e3e098620360029d30483132","format":"Metadata"},{"name":"01-i-shall-be-released_meta.xml","source":"original","mtime":"1645527732","size":"756","md5":"e0d1e6768c5c38e41cee542d7cd6f941","crc32":"006316f6","sha1":"17f70cf90847b1b9c855f0c4d610054be2f71323","format":"Metadata"},{"name":"02 そばにおいで.flac","source":"derivative","format":"Flac","original":"02 そばにおいで.wav","mtime":"1645527620","size":"28459406","md5":"794ab424927d6f0eea6c324ca270da9d","crc32":"4030b1e6","sha1":"e2ee5dd2a81cbc244a8e58cff66dcbdd8391c579","length":"212.17"},{"name":"02 そばにおいで.mp3","source":"derivative","creator":"PAMELAH","title":"??????","genre":"World Pop","bitrate":"203","format":"VBR MP3","original":"02 そばにおいで.wav","mtime":"1645527576","size":"5401002","md5":"94a5cb09b0f2f40295786c7649076d56","crc32":"5ac364fe","sha1":"ce02d0023a5e05fca65e14974ab55a9edb75bfeb","length":"212.22"},{"name":"02 そばにおいで.png","source":"derivative","format":"PNG","original":"02 そばにおいで.wav","mtime":"1645527673","size":"39307","md5":"0091e5a40688af953c0ee50a03c9164c","crc32":"f1d5e871","sha1":"7e48fadaf11d8a7979d07e5c49eb53bcd84bcfba"},{"name":"02 そばにおいで.wav","source":"original","mtime":"1645527439","size":"37427550","md5":"5e0529f56d5f099b448c0ab2878da2f0","crc32":"c19eb9bc","sha1":"b19474c29234019a6b032635cef0630e9640d9f2","format":"WAVE","length":"212.17","track":"02","title":"??????","artist":"PAMELAH","genre":"World Pop"},{"name":"02 そばにおいで_spectrogram.png","source":"derivative","format":"Spectrogram","original":"02 そばにおいで.wav","mtime":"1645527713","size":"316043","md5":"6bea38cb69a74db7ca64f3b1c3806106","crc32":"897aad83","sha1":"ab9c8a11d239170dce319590eaac33a97b100fd5"},{"name":"03 I shall be released (Original Karaoke).flac","source":"derivative","format":"Flac","original":"03 I shall be released (Original Karaoke).wav","mtime":"1645527633","size":"30537600","md5":"9abc2d05a607e502a20b3357a9f8401a","crc32":"7ae7e296","sha1":"7c4cbaf22f119a4d90bf3d35ef0e325d9796888c","length":"223.68"},{"name":"03 I shall be released (Original Karaoke).mp3","source":"derivative","creator":"PAMELAH","title":"I shall be released (Original Karaoke)","genre":"World Pop","bitrate":"202","format":"VBR MP3","original":"03 I shall be released (Original Karaoke).wav","mtime":"1645527596","size":"5666726","md5":"719435d3c53e93dcc259f6e58014e09d","crc32":"fd12aa94","sha1":"fe903353b07651c4bc7efc947d3e2df06cd45592","length":"223.71"},{"name":"03 I shall be released (Original Karaoke).png","source":"derivative","format":"PNG","original":"03 I shall be released (Original Karaoke).wav","mtime":"1645527691","size":"41282","md5":"9794b489355518c86e2619a81c57aedf","crc32":"336e75d0","sha1":"497ac4577012fbf0d8d7b4810335d6c2847a344e"},{"name":"03 I shall be released (Original Karaoke).wav","source":"original","mtime":"1645527492","size":"39457358","md5":"681b7b7c266c021ad2d6be2addd09659","crc32":"6eb8f1b8","sha1":"2538fe00d4581fef674073e99bda89d6d6703041","format":"WAVE","length":"223.68","track":"03","title":"I shall be released (Original Karaoke)","artist":"PAMELAH","genre":"World Pop"},{"name":"03 I shall be released (Original Karaoke)_spectrogram.png","source":"derivative","format":"Spectrogram","original":"03 I shall be released (Original Karaoke).wav","mtime":"1645527723","size":"312252","md5":"0aab88b1027422f9351d6ddbe359da28","crc32":"1afcf1ea","sha1":"b41aefd4d076282e42015f02a59b18459bc859d1"},{"name":"__ia_thumb.jpg","source":"original","mtime":"1645527739","size":"3452","md5":"9885ad63e6e24ef6a7944b228545e7ae","crc32":"3e87a557","sha1":"dbfcaa492da1f9a88fb793008cf0cd2819fd1385","format":"Item Tile","rotation":"0"}],"files_count":20,"item_last_updated":1645527741,"item_size":223939873,"metadata":{"identifier":"01-i-shall-be-released","mediatype":"audio","collection":["opensource_audio","community"],"creator":"Pamela","date":"1996","description":"J-Pop","language":"jpn","scanner":"Internet Archive HTML5 Uploader 1.6.4","subject":["music","Japanese pop"],"title":"I Shall Be Released","uploader":"shockfleet@gmail.com","publicdate":"2022-02-22 10:57:53","addeddate":"2022-02-22 10:57:53","curation":"[curator]validator@archive.org[/curator][date]20220222105807[/date][comment]checked for malware[/comment]"},"server":"ia600707.us.archive.org","uniq":402514161,"workable_servers":["ia600707.us.archive.org","ia800707.us.archive.org"]}