{"alternate_locations":{"servers":[{"server":"dn721602.ca.archive.org","dir":"/0/items/01-kansas-silhouettes-in-disguise"}],"workable":[{"server":"dn721602.ca.archive.org","dir":"/0/items/01-kansas-silhouettes-in-disguise"}]},"created":1767567032,"d1":"ia601005.us.archive.org","d2":"ia801005.us.archive.org","dir":"/26/items/01-kansas-silhouettes-in-disguise","files":[{"name":"(01) {Kansas} Silhouettes In Disguise.flac","source":"original","mtime":"1759161716","size":"32070017","md5":"9cf42e15731185ad9ad850bdd4e0ddbe","crc32":"96a190d0","sha1":"800dbd12ec1a5bbd3119a7318d232b38fd8ebd5c","format":"Flac","length":"267.69","viruscheck":"1759162701","title":"Silhouettes In Disguise","creator":"Kansas","album":"Power [Japanese SHM-CD Limited Edition]","track":"01","artist":"Kansas"},{"name":"(01) {Kansas} Silhouettes In Disguise.mp3","source":"derivative","creator":"Kansas","title":"Silhouettes In Disguise","track":"01","album":"Power [Japanese SHM-CD Limited Edition]","bitrate":"183","length":"04:28","format":"VBR MP3","original":"(01) {Kansas} Silhouettes In Disguise.flac","mtime":"1759162734","size":"6123661","md5":"2bb0e8c1d01b540e1bfb863b0c5f7da0","crc32":"5f6144a0","sha1":"13921b71fcab79f2b510c5da8b8ee425dc055267"},{"name":"(01) {Kansas} Silhouettes In Disguise.png","source":"derivative","format":"PNG","original":"(01) {Kansas} Silhouettes In Disguise.flac","mtime":"1759163089","size":"40311","md5":"5bbc15a3d309b6a7d569c08c0957f079","crc32":"7fa5951d","sha1":"7e9e4a31dc244b5215230c62dfccb775c72f616d"},{"name":"(01) {Kansas} Silhouettes In Disguise_spectrogram.png","source":"derivative","format":"Spectrogram","original":"(01) {Kansas} Silhouettes In Disguise.flac","mtime":"1759163239","size":"308445","md5":"257bcd6668559c9cc0f6dab56ab365c4","crc32":"bbada4fc","sha1":"94a16822850058de95d3aa048acf2c1a46c290de"},{"name":"(02) {Kansas} Power.flac","source":"original","mtime":"1759161771","size":"29949128","md5":"e0071e575dd3e7b49f68a1031ab1407f","crc32":"9df33b50","sha1":"d10d1c0c89060fda7f6e811f36462b000cad9897","format":"Flac","length":"266.4","viruscheck":"1759162701","title":"Power","creator":"Kansas","album":"Power [Japanese SHM-CD Limited Edition]","track":"02","artist":"Kansas"},{"name":"(02) {Kansas} Power.mp3","source":"derivative","creator":"Kansas","title":"Power","track":"02","album":"Power [Japanese SHM-CD Limited Edition]","bitrate":"185","length":"04:26","format":"VBR MP3","original":"(02) {Kansas} Power.flac","mtime":"1759162949","size":"6153291","md5":"3fe6deee6da86ff6150d6f5f24aa22e1","crc32":"ae59e300","sha1":"cbfc6ad1585a621d5e97b7d97bb6542e2008ca65"},{"name":"(02) {Kansas} Power.png","source":"derivative","format":"PNG","original":"(02) {Kansas} Power.flac","mtime":"1759163013","size":"39148","md5":"930d591e5eb447a22697d0dc27c60b7f","crc32":"cac8d067","sha1":"66246590af652a77a8db99dd5e0be803f8d5931c"},{"name":"(02) {Kansas} Power_spectrogram.png","source":"derivative","format":"Spectrogram","original":"(02) {Kansas} Power.flac","mtime":"1759163153","size":"327256","md5":"4ced0a1f86ee7f13cb864cbaedf8469f","crc32":"c76c7b05","sha1":"d23f6f0a5bb6b7f90c372e8ff70fedeacdb3f481"},{"name":"(03) {Kansas} All I Wanted.flac","source":"original","mtime":"1759161779","size":"23431777","md5":"2238619534ad9a1fc53a7f4d1f6239db","crc32":"a31222af","sha1":"1098099271de9c886fd5a85aa8b987bd232ad32a","format":"Flac","length":"201.13","viruscheck":"1759162701","title":"All I Wanted","creator":"Kansas","album":"Power [Japanese SHM-CD Limited Edition]","track":"03","artist":"Kansas"},{"name":"(03) {Kansas} All I Wanted.mp3","source":"derivative","creator":"Kansas","title":"All I Wanted","track":"03","album":"Power [Japanese SHM-CD Limited Edition]","bitrate":"194","length":"03:21","format":"VBR MP3","original":"(03) {Kansas} All I Wanted.flac","mtime":"1759162926","size":"4893271","md5":"9f7ee187eeaf76725cf5fceeed850337","crc32":"29bc4555","sha1":"2c0d7cb13f4b8a0706ef5c5b298999ecd023bf06"},{"name":"(03) {Kansas} All I Wanted.png","source":"derivative","format":"PNG","original":"(03) {Kansas} All I Wanted.flac","mtime":"1759163124","size":"39653","md5":"0b0fb81e96bb9593529397cc52c8ee6c","crc32":"f23dbd3a","sha1":"b6d26ea82540c9bf6a9fbe9b10d357587e9a4327"},{"name":"(03) {Kansas} All I Wanted_spectrogram.png","source":"derivative","format":"Spectrogram","original":"(03) {Kansas} All I Wanted.flac","mtime":"1759163176","size":"325192","md5":"c4a2f13606647f091643af1baa45ac1a","crc32":"37e95950","sha1":"147117425610ee2e7f102db2c37570d13bda3688"},{"name":"(04) {Kansas} Secret Service.flac","source":"original","mtime":"1759161851","size":"30740759","md5":"e0fcc8243ef93c85091dcc57e259d2ea","crc32":"4620a869","sha1":"3e7cfeac2f9b9d21817da84f959d526e02533d54","format":"Flac","length":"282.11","viruscheck":"1759162701","title":"Secret Service","creator":"Kansas","album":"Power [Japanese SHM-CD Limited Edition]","track":"04","artist":"Kansas"},{"name":"(04) {Kansas} Secret Service.mp3","source":"derivative","creator":"Kansas","title":"Secret Service","track":"04","album":"Power [Japanese SHM-CD Limited Edition]","bitrate":"188","length":"04:42","format":"VBR MP3","original":"(04) {Kansas} Secret Service.flac","mtime":"1759162759","size":"6650723","md5":"d36a63fe2f2889fe7b9007c92ad25e79","crc32":"ca1f8c33","sha1":"3b7c48a47f2b1eb54777df2c3314eb9be7669963"},{"name":"(04) {Kansas} Secret Service.png","source":"derivative","format":"PNG","original":"(04) {Kansas} Secret Service.flac","mtime":"1759162966","size":"40007","md5":"48dca82bb609dff671928e13818a3080","crc32":"00436cc9","sha1":"c6b8889463db3ee7fa8d6b9daeff2b33025b6b77"},{"name":"(04) {Kansas} Secret Service_spectrogram.png","source":"derivative","format":"Spectrogram","original":"(04) {Kansas} Secret Service.flac","mtime":"1759163266","size":"333812","md5":"2d05c9d8adebedb8000adeb888e463bd","crc32":"759b90e6","sha1":"e27f776ce57e7042d5a290e953da4d23a97d0fa7"},{"name":"(05) {Kansas} We're Not Alone Anymore.flac","source":"original","mtime":"1759162011","size":"30702818","md5":"205e8298f0dab56cd319f58f18e36b1b","crc32":"92c5a248","sha1":"a4909c462de309687199fcdf0e11d8ed8c4d0d5c","format":"Flac","length":"256.09","viruscheck":"1759162701","title":"We're Not Alone Anymore","creator":"Kansas","album":"Power [Japanese SHM-CD Limited Edition]","track":"05","artist":"Kansas"},{"name":"(05) {Kansas} We're Not Alone Anymore.mp3","source":"derivative","creator":"Kansas","title":"We're Not Alone Anymore","track":"05","album":"Power [Japanese SHM-CD Limited Edition]","bitrate":"192","length":"04:16","format":"VBR MP3","original":"(05) {Kansas} We're Not Alone Anymore.flac","mtime":"1759162884","size":"6169225","md5":"3627fc3339be3a0b3ff9757e4e4ecc03","crc32":"e2ce1417","sha1":"987a5669ba8ee64e7f793a10147224f7eab08789"},{"name":"(05) {Kansas} We're Not Alone Anymore.png","source":"derivative","format":"PNG","original":"(05) {Kansas} We're Not Alone Anymore.flac","mtime":"1759162980","size":"37985","md5":"ad3144d01f33077b75daaebcb4a3a7fd","crc32":"fe4d3d70","sha1":"ca6a56946d4bd735ca83301d18efb29050dc87fc"},{"name":"(05) {Kansas} We're Not Alone Anymore_spectrogram.png","source":"derivative","format":"Spectrogram","original":"(05) {Kansas} We're Not Alone Anymore.flac","mtime":"1759163250","size":"312509","md5":"8a9471ecbe461e8099b87fdaefef66c3","crc32":"0c74e8f5","sha1":"7a771e503a526419e371c3ba344eb1b97be80650"},{"name":"(06) {Kansas} Musicatto.flac","source":"original","mtime":"1759162091","size":"25158392","md5":"ba3d0b5931172f4488b7359ef403572f","crc32":"dc70a092","sha1":"771349b6686e1845b92bdea9e4c9087313266739","format":"Flac","length":"212.91","viruscheck":"1759162701","title":"Musicatto","creator":"Kansas","album":"Power [Japanese SHM-CD Limited Edition]","track":"06","artist":"Kansas"},{"name":"(06) {Kansas} Musicatto.mp3","source":"derivative","creator":"Kansas","title":"Musicatto","track":"06","album":"Power [Japanese SHM-CD Limited Edition]","bitrate":"187","length":"03:33","format":"VBR MP3","original":"(06) {Kansas} Musicatto.flac","mtime":"1759162906","size":"4997197","md5":"7917b03481b8bcb01a1934d797f7b35a","crc32":"aec469d6","sha1":"290a3051c29271fd03994c253c57dc82d213ab47"},{"name":"(06) {Kansas} Musicatto.png","source":"derivative","format":"PNG","original":"(06) {Kansas} Musicatto.flac","mtime":"1759162996","size":"41697","md5":"6881f22475777607d09c8506afb48bfe","crc32":"c98ef3db","sha1":"649b75c7f235ede0e6dac6ac71d033c27beb39d8"},{"name":"(06) {Kansas} Musicatto_spectrogram.png","source":"derivative","format":"Spectrogram","original":"(06) {Kansas} Musicatto.flac","mtime":"1759163219","size":"315346","md5":"2ad312bd4858c2a1e9064c4412dee09c","crc32":"2f4fb848","sha1":"77da9a1861d52f275c7bc9933bd696d80af0c601"},{"name":"(07) {Kansas} Taking In The View.flac","source":"original","mtime":"1759162136","size":"17384043","md5":"766810522db17cdb4acb918abc6dde68","crc32":"3faf0b1f","sha1":"b69ca57cef0baafdac8b89bdcecae42dc15e5d64","format":"Flac","length":"177.27","viruscheck":"1759162701","title":"Taking In The View","creator":"Kansas","album":"Power [Japanese SHM-CD Limited Edition]","track":"07","artist":"Kansas"},{"name":"(07) {Kansas} Taking In The View.mp3","source":"derivative","creator":"Kansas","title":"Taking In The View","track":"07","album":"Power [Japanese SHM-CD Limited Edition]","bitrate":"182","length":"02:57","format":"VBR MP3","original":"(07) {Kansas} Taking In The View.flac","mtime":"1759162856","size":"4028811","md5":"70f0111cd237ead7423d2f7c8214c68c","crc32":"05a7517d","sha1":"d8a3f5c6193a721bd41a0a2265bd180f51eb4a7c"},{"name":"(07) {Kansas} Taking In The View.png","source":"derivative","format":"PNG","original":"(07) {Kansas} Taking In The View.flac","mtime":"1759163103","size":"37444","md5":"cee537f48e8d64960e47018ae8dbf2b0","crc32":"710ccadb","sha1":"be01aa40a2eb062eea10f1a29cc0cfab37e7380a"},{"name":"(07) {Kansas} Taking In The View_spectrogram.png","source":"derivative","format":"Spectrogram","original":"(07) {Kansas} Taking In The View.flac","mtime":"1759163163","size":"340255","md5":"4e47756b181c4b1b8c661da704863560","crc32":"97de8c20","sha1":"aca9bc60b91b45fb51442f0cd819bfc2edb88bd3"},{"name":"(08) {Kansas} Three Pretenders.flac","source":"original","mtime":"1759162199","size":"28144749","md5":"ba50a013baa763efc1cd307e745c4336","crc32":"dc8a4e22","sha1":"b31c32366bf52eec2c918baaf61dd2a36dde9405","format":"Flac","length":"235.23","viruscheck":"1759162701","title":"Three Pretenders","creator":"Kansas","album":"Power [Japanese SHM-CD Limited Edition]","track":"08","artist":"Kansas"},{"name":"(08) {Kansas} Three Pretenders.mp3","source":"derivative","creator":"Kansas","title":"Three Pretenders","track":"08","album":"Power [Japanese SHM-CD Limited Edition]","bitrate":"185","length":"03:55","format":"VBR MP3","original":"(08) {Kansas} Three Pretenders.flac","mtime":"1759162833","size":"5453991","md5":"384393fb541e157de5600a4bc1c6b4e3","crc32":"1ef51af2","sha1":"d2bebb4784a2cdadcd2fa2b8589130c70d8348c9"},{"name":"(08) {Kansas} Three Pretenders.png","source":"derivative","format":"PNG","original":"(08) {Kansas} Three Pretenders.flac","mtime":"1759163032","size":"42016","md5":"d3c560e3c52120662edb451d8c523e36","crc32":"c4928301","sha1":"82999e30e15689085a08245b1a24f14e42ce31f4"},{"name":"(08) {Kansas} Three Pretenders_spectrogram.png","source":"derivative","format":"Spectrogram","original":"(08) {Kansas} Three Pretenders.flac","mtime":"1759163137","size":"317208","md5":"65fa73fb3706d0527f3f6c5c374b47bf","crc32":"4993e46d","sha1":"d1ebc48f7fa01034e3f06821468122c2e2f0e493"},{"name":"(09) {Kansas} Tomb 19.flac","source":"original","mtime":"1759162274","size":"27606638","md5":"2573043102e1cfa354f50a9ff8904b36","crc32":"1a058608","sha1":"30fa0456f3a8c70678abffddf20fa5bcda6a2757","format":"Flac","length":"230.31","viruscheck":"1759162701","title":"Tomb 19","creator":"Kansas","album":"Power [Japanese SHM-CD Limited Edition]","track":"09","artist":"Kansas"},{"name":"(09) {Kansas} Tomb 19.mp3","source":"derivative","creator":"Kansas","title":"Tomb 19","track":"09","album":"Power [Japanese SHM-CD Limited Edition]","bitrate":"190","length":"03:50","format":"VBR MP3","original":"(09) {Kansas} Tomb 19.flac","mtime":"1759162808","size":"5481072","md5":"229446166d28cde2ef70b6e417df4fca","crc32":"6c4fb169","sha1":"7fd6c04f6a85823dba29b7d20f082395d24fac9c"},{"name":"(09) {Kansas} Tomb 19.png","source":"derivative","format":"PNG","original":"(09) {Kansas} Tomb 19.flac","mtime":"1759163070","size":"40754","md5":"8cff71aadf0a84e15ead1f93d19f6f1c","crc32":"df443595","sha1":"d36291869f78c3c4911bbf75dd8addc6eec08545"},{"name":"(09) {Kansas} Tomb 19_spectrogram.png","source":"derivative","format":"Spectrogram","original":"(09) {Kansas} Tomb 19.flac","mtime":"1759163280","size":"319598","md5":"5b4a2539f2d610ee81c4110160ee660f","crc32":"3394cd7f","sha1":"47afcd59ae4a768247d9f2008f6fc0c19a70583f"},{"name":"(10) {Kansas} Can't Cry Anymore.flac","source":"original","mtime":"1759162337","size":"26508028","md5":"a9bb1e59ba94e1ea76a7aa3b917456ff","crc32":"412511c1","sha1":"f1e48f47b50b0f041e870e8ec278ed5fe26c0c5f","format":"Flac","length":"244.63","viruscheck":"1759162701","title":"Can't Cry Anymore","creator":"Kansas","album":"Power [Japanese SHM-CD Limited Edition]","track":"10","artist":"Kansas"},{"name":"(10) {Kansas} Can't Cry Anymore.mp3","source":"derivative","creator":"Kansas","title":"Can't Cry Anymore","track":"10","album":"Power [Japanese SHM-CD Limited Edition]","bitrate":"185","length":"04:05","format":"VBR MP3","original":"(10) {Kansas} Can't Cry Anymore.flac","mtime":"1759162786","size":"5656907","md5":"749f3c3e66dfe700b9ed4ca2761d6522","crc32":"dd3cdbc9","sha1":"800c2d2644156cd85b4bd613dc6f59a6c83b3ea9"},{"name":"(10) {Kansas} Can't Cry Anymore.png","source":"derivative","format":"PNG","original":"(10) {Kansas} Can't Cry Anymore.flac","mtime":"1759163048","size":"37444","md5":"aa218b4b71d67134151557e7109f5b66","crc32":"01892022","sha1":"47979c58b0a789fa87a0be16fadbff116717518c"},{"name":"(10) {Kansas} Can't Cry Anymore_spectrogram.png","source":"derivative","format":"Spectrogram","original":"(10) {Kansas} Can't Cry Anymore.flac","mtime":"1759163200","size":"339236","md5":"5a0dcc483428fd2027fb099f12b8feb8","crc32":"78d84939","sha1":"02dfef6f0ce17f5bec3f9a94619d92d02dadfae8"},{"name":"01-kansas-silhouettes-in-disguise_archive.torrent","source":"metadata","btih":"17c70254b41f81bb23a92c7382418892595fcd2e","mtime":"1759163316","size":"21096","md5":"ac0a08da76fad391fe41a9b0b55ef9fe","crc32":"2476e036","sha1":"bd7d968505e8ecbdf655eee162c08f84f780f80b","format":"Archive BitTorrent"},{"name":"01-kansas-silhouettes-in-disguise_files.xml","source":"original","format":"Metadata","md5":"698a56bb781fed37568b67929a4865e5","summation":"md5"},{"name":"01-kansas-silhouettes-in-disguise_meta.sqlite","source":"original","mtime":"1759162339","size":"40960","md5":"0047484626d41b5f4fcca12616c11b59","crc32":"77780fbf","sha1":"f8719db5a977d82761d26b7f2be17889c6b173d1","format":"Metadata"},{"name":"01-kansas-silhouettes-in-disguise_meta.xml","source":"original","mtime":"1759163297","size":"806","md5":"01f9a3762544ff212099b8a71d944633","crc32":"87fcc004","sha1":"fd5c0590d9c7f7822cd8871ae0ba8eaeb6153796","format":"Metadata"},{"name":"__ia_thumb.jpg","source":"original","mtime":"1759163315","size":"3217","md5":"872e51540c7537be574b9b61b29438cd","crc32":"7f0c78d7","sha1":"c1616bae5c361be6941c66cddc34d7d7431c8f71","format":"Item Tile"}],"files_count":45,"item_last_updated":1759163316,"item_size":331005893,"metadata":{"identifier":"01-kansas-silhouettes-in-disguise","mediatype":"audio","collection":"opensource_audio","creator":"Kansas","date":"1988","description":"Kansas Power 1988 Remastered ","scanner":"Internet Archive HTML5 Uploader 1.7.0","subject":["Kansas","1988","Classic Rock","progressive rock"],"title":"Kansas Power 1988 Remastered","uploader":"poiemajeremiah@yahoo.com","publicdate":"2025-09-29 16:02:33","addeddate":"2025-09-29 16:02:33","curation":"[curator]validator@archive.org[/curator][date]20250929161821[/date][comment]checked for malware[/comment]"},"server":"ia801005.us.archive.org","uniq":1568643330,"workable_servers":["ia801005.us.archive.org","ia601005.us.archive.org"]}