{"alternate_locations":{"servers":[{"server":"dn720309.ca.archive.org","dir":"/0/items/01-lost-horizons-cajun-song"}],"workable":[{"server":"dn720309.ca.archive.org","dir":"/0/items/01-lost-horizons-cajun-song"}]},"created":1767567037,"d1":"ia902908.us.archive.org","d2":"ia802908.us.archive.org","dir":"/20/items/01-lost-horizons-cajun-song","files":[{"name":"01 Lost Horizons & Cajun Song","source":"original","mtime":"1587942696","size":"5327444","md5":"1cd27808c79ff2e86919a8722aceef53","crc32":"f5b543f1","sha1":"9a2ab387895a230d7aed5b75cbd4865215912b2b","format":"VBR MP3","length":"332.93","height":"0","width":"0"},{"name":"01 Lost Horizons & Cajun Song.afpk","source":"derivative","format":"Columbia Peaks","original":"01 Lost Horizons & Cajun Song","mtime":"1587943158","size":"64520","md5":"374bc9a559aacd3176569692854d4282","crc32":"a359e2d4","sha1":"09d1c63ef3bac25e534cdd1ee6d3aad29b885cf1"},{"name":"01 Lost Horizons & Cajun Song.png","source":"derivative","format":"PNG","original":"01 Lost Horizons & Cajun Song","mtime":"1587943069","size":"37001","md5":"26fde965f5bed3eab2f3611f18ec0dce","crc32":"c93e380a","sha1":"aa00e34d9a81beb12d30697ee85b3f625f0a6851"},{"name":"01 Lost Horizons & Cajun Song_spectrogram.png","source":"derivative","format":"Spectrogram","original":"01 Lost Horizons & Cajun Song","mtime":"1587943080","size":"8598","md5":"637e94b4ee6085347bf9e307431a653f","crc32":"147e1266","sha1":"c23b29d9586f04f825183747e9e4161ed16f0938"},{"name":"01-lost-horizons-cajun-song_archive.torrent","source":"metadata","btih":"9ac736759a06cf005abfcc541237777ea1ad2c04","mtime":"1613077111","size":"9704","md5":"61a709156d3e1b7183bbf68ea36e9f2d","crc32":"52eb2689","sha1":"33c095f603ee62fa1e752d2b16307d50a357e8cf","format":"Archive BitTorrent"},{"name":"01-lost-horizons-cajun-song_files.xml","source":"original","format":"Metadata","md5":"46c5ad16f323479a8205fefb837b30ee"},{"name":"01-lost-horizons-cajun-song_meta.sqlite","source":"original","mtime":"1587942892","size":"39936","format":"Metadata","md5":"c8566b2e63f877070cad37b409307fd5","crc32":"15460f10","sha1":"9e6dcfa805290c5a0b825cd792feabe2f563ca9d"},{"name":"01-lost-horizons-cajun-song_meta.xml","source":"original","mtime":"1613077110","size":"1633","format":"Metadata","md5":"b95a27814ef157d4b78d4b391c956155","crc32":"de01198a","sha1":"5c49ce1557ec77fe131813670b8bffc1950bb7d9"},{"name":"02 Hey Jealousy & Found Out Abou You","source":"original","mtime":"1587942730","size":"6577978","md5":"55b54d360299c60fda30d709dc2480c6","crc32":"e413e132","sha1":"5b7a119558ea481ba05986a9b8665a2a3c1562cb","format":"VBR MP3","length":"411.09","height":"0","width":"0"},{"name":"02 Hey Jealousy & Found Out Abou You.afpk","source":"derivative","format":"Columbia Peaks","original":"02 Hey Jealousy & Found Out Abou You","mtime":"1587943109","size":"86752","md5":"132c6eb72029bbb55c79f7d28adcf2c5","crc32":"cf0da602","sha1":"8d83571044cadcc86b9dc9d1d8f3fca6f7564487"},{"name":"02 Hey Jealousy & Found Out Abou You.png","source":"derivative","format":"PNG","original":"02 Hey Jealousy & Found Out Abou You","mtime":"1587943053","size":"35140","md5":"37ab486adbaf89dd1c7dadf7592c2afa","crc32":"22edf9b8","sha1":"5411b166905ed24d1eecaaa55f02ddd5e4ee16a9"},{"name":"02 Hey Jealousy & Found Out Abou You_spectrogram.png","source":"derivative","format":"Spectrogram","original":"02 Hey Jealousy & Found Out Abou You","mtime":"1587943090","size":"9791","md5":"dbea7a4698a85887d22bf802965467ea","crc32":"088f2f04","sha1":"5d3c16baacd06b0376d1f526b6e92cce6f5d1748"},{"name":"03 Girls Can't Wait","source":"original","mtime":"1587942739","size":"2893668","md5":"8a4fabbb36ddfe42a3c2eb2a15032129","crc32":"6ae521a3","sha1":"9d3ea332b2b64ac6705d275e8615740f0defb8cf","format":"VBR MP3","length":"180.82","height":"0","width":"0"},{"name":"03 Girls Can't Wait.afpk","source":"derivative","format":"Columbia Peaks","original":"03 Girls Can't Wait","mtime":"1587943114","size":"38800","md5":"dbc73bcaf7f2554f06ad8172679f3e24","crc32":"cd3476ff","sha1":"d4990cbf71d3dfff86f820235cba071d66f3ad41"},{"name":"03 Girls Can't Wait.png","source":"derivative","format":"PNG","original":"03 Girls Can't Wait","mtime":"1587943043","size":"35779","md5":"0cee88641b5b166943e9b971044de832","crc32":"4f15b859","sha1":"24290ec4dce2bbebe62675ba61e7d5ea22238ccd"},{"name":"03 Girls Can't Wait_spectrogram.png","source":"derivative","format":"Spectrogram","original":"03 Girls Can't Wait","mtime":"1587943087","size":"6797","md5":"1e0d8c2d48c9ca7847413f05adfea20a","crc32":"a8901900","sha1":"89b2c74d7d754f96d4006b7b0129e6f022049d24"},{"name":"04 I Can Sleep & Something Wrong","source":"original","mtime":"1587942751","size":"5965250","md5":"6b3d8631a6fcc7221b13f4cc7439e8ea","crc32":"84605f4a","sha1":"aa0e659741c2e6828646fe808bf509dfb63f91bd","format":"VBR MP3","length":"372.79","height":"0","width":"0"},{"name":"04 I Can Sleep & Something Wrong.afpk","source":"derivative","format":"Columbia Peaks","original":"04 I Can Sleep & Something Wrong","mtime":"1587943129","size":"82040","md5":"d43bd2e590e1a5d11af8ca6f0c4e2b7b","crc32":"cf68c730","sha1":"41c5d4026c1817e9f94f3a0b80901ff285bb0771"},{"name":"04 I Can Sleep & Something Wrong.png","source":"derivative","format":"PNG","original":"04 I Can Sleep & Something Wrong","mtime":"1587943048","size":"32481","md5":"360f91c8bb0a68647122f099ba592d2b","crc32":"966ff051","sha1":"a81830f47c16f03a893b7db69e69c57d4f789426"},{"name":"04 I Can Sleep & Something Wrong_spectrogram.png","source":"derivative","format":"Spectrogram","original":"04 I Can Sleep & Something Wrong","mtime":"1587943097","size":"9359","md5":"dfc2e0ad58fed54165ed45a020b55ab3","crc32":"3011c1b2","sha1":"f969eb3ca70bd8d49f9efd05e6323a0e3317138b"},{"name":"05 Idiot  Summer","source":"original","mtime":"1587942758","size":"3704509","md5":"66ece230726671dd7caed2dea2559b49","crc32":"3f14d14c","sha1":"ec0c6fba032343ea2abb9d8bf228580d4a2684bb","format":"VBR MP3","length":"231.5","height":"0","width":"0"},{"name":"05 Idiot  Summer.afpk","source":"derivative","format":"Columbia Peaks","original":"05 Idiot  Summer","mtime":"1587943120","size":"52448","md5":"b819072a2c8ab6ad2b4a1da93bb4d28d","crc32":"8f52adc6","sha1":"90809c8651209d374abb82b415d506a66158e54f"},{"name":"05 Idiot  Summer.png","source":"derivative","format":"PNG","original":"05 Idiot  Summer","mtime":"1587943073","size":"36877","md5":"2906863c0e117431c634ece77166e228","crc32":"e3ebfb43","sha1":"5c0bf7d25c1b13f4f2cde5d94e481dc193feac28"},{"name":"05 Idiot  Summer_spectrogram.png","source":"derivative","format":"Spectrogram","original":"05 Idiot  Summer","mtime":"1587943100","size":"7315","md5":"8efde06cc65d8dabb28bbcc3ac85e073","crc32":"624b7cfa","sha1":"11659df5b55d81ece247a4b1b069225aea9628e2"},{"name":"06 Angels Tonight","source":"original","mtime":"1587942764","size":"2510399","md5":"c072313806579ecccd6ba93de37efe50","crc32":"489c904f","sha1":"33acc036ac480eaeb441ca6c9c15307aabe5c155","format":"VBR MP3","length":"156.87","height":"0","width":"0"},{"name":"06 Angels Tonight.afpk","source":"derivative","format":"Columbia Peaks","original":"06 Angels Tonight","mtime":"1587943134","size":"31248","md5":"3b15b32e9ee4bd028c41f6c63e4cf05b","crc32":"6e8cc7ee","sha1":"c08670ccc803f31d1b1941e0c1a4c206ea43e44d"},{"name":"06 Angels Tonight.png","source":"derivative","format":"PNG","original":"06 Angels Tonight","mtime":"1587943065","size":"34437","md5":"39e3abae19ea27416811a4b0465009e2","crc32":"ce8914d6","sha1":"101ed3a18777f03d63f335af0220404a80fc5d5c"},{"name":"06 Angels Tonight_spectrogram.png","source":"derivative","format":"Spectrogram","original":"06 Angels Tonight","mtime":"1587943082","size":"6737","md5":"4e0af5de6d3c23be42177be776cb789a","crc32":"16300e84","sha1":"8bbf8b9fd1bdcf1101d69319b36cdce4c42f4f92"},{"name":"07 Keli Richards","source":"original","mtime":"1587942770","size":"2418866","md5":"707e5f764efe8d5b3004d0e8c14db336","crc32":"770169c1","sha1":"e474e8ff69af08203bbb422f8d422e2323dc2f0d","format":"VBR MP3","length":"151.14","height":"0","width":"0"},{"name":"07 Keli Richards.afpk","source":"derivative","format":"Columbia Peaks","original":"07 Keli Richards","mtime":"1587943139","size":"32376","md5":"4ee914d9d7b112b40cb1b14aea69d7e8","crc32":"0df7fb55","sha1":"26c22cc7909f8f9303de64a6b20767cb2a5a6cc2"},{"name":"07 Keli Richards.png","source":"derivative","format":"PNG","original":"07 Keli Richards","mtime":"1587943060","size":"35521","md5":"3f3d270f6ab24d7f31180fc245e2fe94","crc32":"e1d88124","sha1":"6f2c95485a366e130baa7bb278694191a5028d20"},{"name":"07 Keli Richards_spectrogram.png","source":"derivative","format":"Spectrogram","original":"07 Keli Richards","mtime":"1587943084","size":"6285","md5":"ec25900642c29f2eb2583b5b4f2631b5","crc32":"91e70c4e","sha1":"98ebdbf6d3f10ac062cb4a8f3c3584c177f225e4"},{"name":"08 Slave Dealer's Daughter","source":"original","mtime":"1587942776","size":"2472365","md5":"a2c2b4d73d8323a01b95206c013b9466","crc32":"d24a72d2","sha1":"0d6a7960586365137e9b2935b353cde87158d452","format":"VBR MP3","length":"154.49","height":"0","width":"0"},{"name":"08 Slave Dealer's Daughter.afpk","source":"derivative","format":"Columbia Peaks","original":"08 Slave Dealer's Daughter","mtime":"1587943144","size":"32704","md5":"0a89086697f80818c4bad4f9e1788cf6","crc32":"b8cf4ea7","sha1":"94252e148670f5bd876d46252af29e6932d6d9d4"},{"name":"08 Slave Dealer's Daughter.png","source":"derivative","format":"PNG","original":"08 Slave Dealer's Daughter","mtime":"1587943056","size":"35897","md5":"0a72a3dc578a7b3af424bd07fa198b6e","crc32":"94e73c69","sha1":"546695436eb9e8509988a3a01231c45d0ec34a4f"},{"name":"08 Slave Dealer's Daughter_spectrogram.png","source":"derivative","format":"Spectrogram","original":"08 Slave Dealer's Daughter","mtime":"1587943092","size":"6166","md5":"5f620bd3f8bac73f6265f28f5b434e2d","crc32":"8fe1a67f","sha1":"d58da0e3019c3e8f3372f0f79e92aafcee1227d5"},{"name":"09 Fireworks","source":"original","mtime":"1587942783","size":"2983111","md5":"94b548b463dd666f23bcd8a9039fa523","crc32":"ad470e7f","sha1":"d97e3f9c1d705d444d2463e082c6e0a0e2f8c82e","format":"VBR MP3","length":"186.41","height":"0","width":"0"},{"name":"09 Fireworks.afpk","source":"derivative","format":"Columbia Peaks","original":"09 Fireworks","mtime":"1587943150","size":"41176","md5":"bd440e755b4a4695ed7484d8ba5e16b4","crc32":"92fbafb9","sha1":"ed0f3c5ec2099d25371f9a52aa00d007d2d9020d"},{"name":"09 Fireworks.png","source":"derivative","format":"PNG","original":"09 Fireworks","mtime":"1587943077","size":"37766","md5":"564f83769b874c791595ef642a33c954","crc32":"66610d3f","sha1":"ef2f16b281070cb902a75c99ef984eeb31cad8bd"},{"name":"09 Fireworks_spectrogram.png","source":"derivative","format":"Spectrogram","original":"09 Fireworks","mtime":"1587943094","size":"7251","md5":"185ef1bac098d81ac9c740dc0766fd7f","crc32":"61e046e3","sha1":"69b46fac7f03d388a52eb9d4a2bebc796ff8c4fb"},{"name":"__ia_thumb.jpg","source":"original","mtime":"1613077110","size":"3596","md5":"97b55b9ce1b55c93c42111239c0b1360","crc32":"4941127a","sha1":"1f078a0a166f7baf020d919b0ff7563f403699e6","format":"Item Tile","rotation":"0"}],"files_count":41,"item_last_updated":1613077111,"item_size":35759721,"metadata":{"identifier":"01-lost-horizons-cajun-song","mediatype":"audio","collection":["opensource_audio","community"],"creator":"Gin Blossoms","date":"1989-12-01","description":"<span style=\"background-color:rgb(255,255,255);\"><font color=\"#3c4043\" face=\"Roboto-Regular, HelveticaNeue, Arial, sans-serif\"><span style=\"font-size:14px;\">Dusted is the debut album by the alternative rock band the Gin Blossoms. It was released through San Jacinto Records, a small independent label as a 12-song tape and record in 1989. This album is no longer distributed by the band or record label and is difficult to find in an mp3 format. I've decided to archive this record to ensure it </span></font></span><span style=\"font-size:14px;color:rgb(60,64,67);font-family:'Roboto-Regular', HelveticaNeue, Arial, sans-serif;background-color:rgb(255,255,255);\">is never lost.</span>","language":"eng","scanner":"Internet Archive HTML5 Uploader 1.6.4","subject":["gin blossoms","music","albums","alternative rock","album","songs"],"title":"Gin Blossoms - Dusted (1989 album)","uploader":"wjkmich@gmail.com","publicdate":"2020-04-26 23:14:03","addeddate":"2020-04-26 23:14:03","curation":"[curator]validator@archive.org[/curator][date]20200426231614[/date][comment]checked for malware[/comment]"},"server":"ia902908.us.archive.org","uniq":426701135,"workable_servers":["ia902908.us.archive.org","ia802908.us.archive.org"]}