{"alternate_locations":{"servers":[{"server":"dn710205.ca.archive.org","dir":"/0/items/01-livin-in-sincinnati"}],"workable":[{"server":"dn710205.ca.archive.org","dir":"/0/items/01-livin-in-sincinnati"}]},"created":1767567033,"d1":"ia600800.us.archive.org","d2":"ia800800.us.archive.org","dir":"/10/items/01-livin-in-sincinnati","files":[{"name":"01 Livin' in Sincinnati.mp3","source":"original","mtime":"1725153393","size":"2676629","md5":"65f0d6604f7ffaecd8585cd04a491d49","crc32":"6e71a434","sha1":"d824d1a830360efc17fd7a9669956b00d1fe4363","format":"VBR MP3","length":"133.72","title":"Livin' in Sincinnati","creator":"Gary Platt & The Porkopolis All Stars","album":"WEBN Album Project 8","track":"1","artist":"Gary Platt & The Porkopolis All Stars","genre":"Rock","comment":"(iTunSMPB) 00000000 00000210 00000912 000000000059F05E 00000000 0028BE9D 00000000 00000000 00000000 00000000 00000000 00000000"},{"name":"01 Livin' in Sincinnati.png","source":"derivative","format":"PNG","original":"01 Livin' in Sincinnati.mp3","mtime":"1725155696","size":"42027","md5":"b4f074c483ff9796b05a0677fe1e4397","crc32":"480e95c1","sha1":"e87d6ad81f5690acf98db7dd14f5f536c890ea09"},{"name":"01 Livin' in Sincinnati_spectrogram.png","source":"derivative","format":"Spectrogram","original":"01 Livin' in Sincinnati.mp3","mtime":"1725156414","size":"299353","md5":"cae931800ccdaf462c5484e51d8abaa1","crc32":"5b8a46f6","sha1":"592c0278a19c663818713eaf0deb85d5fd2e735c"},{"name":"01-livin-in-sincinnati_archive.torrent","source":"metadata","btih":"a38680f8e881f0c6c491db1a7c4c0ecb4ff36011","mtime":"1725156640","size":"2396","md5":"5bbaedff930a1a9fdd5f0bed5aeba6c1","crc32":"c36d7c29","sha1":"841b3867052781538ab15f43facd41bb2200137a","format":"Archive BitTorrent"},{"name":"01-livin-in-sincinnati_files.xml","source":"original","format":"Metadata","md5":"52649b0a4ccfffca187f1b61b6d04f14","summation":"md5"},{"name":"01-livin-in-sincinnati_meta.sqlite","source":"original","mtime":"1725153449","size":"20480","md5":"8555c17103c42d36bcb9e6ccf8eea179","crc32":"352a0b6e","sha1":"1c8191a65ccc04e41df66612a445beb9df197407","format":"Metadata"},{"name":"01-livin-in-sincinnati_meta.xml","source":"original","mtime":"1725156635","size":"1070","md5":"d311c860b366ed7fa093bdc542f76e08","crc32":"1c48b509","sha1":"c154d9ed598e1998078ee8a2c32303ded425db60","format":"Metadata"},{"name":"__ia_thumb.jpg","source":"original","mtime":"1725156639","size":"3026","md5":"4d24089235bb3536d378c516cb99c48e","crc32":"4b3dbee6","sha1":"cd71fd7338365f0eb6153383eae0025a9afda378","format":"Item Tile"}],"files_count":8,"item_last_updated":1725156640,"item_size":3044981,"metadata":{"identifier":"01-livin-in-sincinnati","mediatype":"audio","collection":"opensource_audio","creator":"Gary Platt and the Porkopolis All Stars","date":"1983","description":"Livin' in Sincinnati by Gary Platt and the Porkopolis All Stars. Released as track B5 of WEBN Album Project 8 by record label Brute Force Cybernetics Records. Duration: 2:12.<br />","language":"eng","scanner":"Internet Archive HTML5 Uploader 1.7.0","subject":["Rock","Gary Platt","Cincinnati","WEBN","WEBN Album Project","WEBN Album Project 8"],"title":"Livin' In Sincinnati","uploader":"mdean0397@gmail.com","publicdate":"2024-09-01 01:17:10","addeddate":"2024-09-01 01:17:10","curation":"[curator]validator@archive.org[/curator][date]20240901011745[/date][comment]checked for malware[/comment]"},"server":"ia600800.us.archive.org","uniq":1380469635,"workable_servers":["ia600800.us.archive.org","ia800800.us.archive.org"]}