{"alternate_locations":{"servers":[{"server":"dn721901.ca.archive.org","dir":"/0/items/01-ma-cherie"}],"workable":[{"server":"dn721901.ca.archive.org","dir":"/0/items/01-ma-cherie"}]},"created":1767564437,"d1":"ia601602.us.archive.org","d2":"ia801602.us.archive.org","dir":"/4/items/01-ma-cherie","files":[{"name":"01-ma-cherie_archive.torrent","source":"metadata","btih":"bf38b2c10e1a0d1b303f951801581fd123101b51","mtime":"1759112201","size":"6308","md5":"28ea9a297d528b2a32d141f6b77c1f08","crc32":"b5de5f60","sha1":"ac13e9492da40bd8d162a747b6f90c20a1191a0b","format":"Archive BitTorrent"},{"name":"01-ma-cherie_files.xml","source":"original","format":"Metadata","md5":"246137c3cd1d717249f9eaf2ca37d923","summation":"md5"},{"name":"01-ma-cherie_meta.sqlite","source":"original","mtime":"1759111722","size":"28672","md5":"d4439cb818c28ae07363050863041c15","crc32":"2a26e945","sha1":"2b5fa76ad6b17adebcda90545e1ea024b9bdd28e","format":"Metadata"},{"name":"01-ma-cherie_meta.xml","source":"original","mtime":"1759112196","size":"759","md5":"a079ab0f67fcfd5691748777265658b3","crc32":"9b705007","sha1":"499431003893cd7b5cbeb420f1808f0d9b7d74ba","format":"Metadata"},{"name":"R-620985-1139517904.jpg","source":"original","mtime":"1759111713","size":"32066","md5":"31ed303cd2d7d04fa158cc76e1dba946","crc32":"62159546","sha1":"187ea0e81910e9b8ec4125bcfbf0c4f8c353cd51","format":"JPEG"},{"name":"R-620985-1139517904_thumb.jpg","source":"derivative","format":"JPEG Thumb","original":"R-620985-1139517904.jpg","mtime":"1759112138","size":"6558","md5":"2193d524ed80238e96a8d03c93071c29","crc32":"bcfdfda9","sha1":"fbd75286dc8968a557ffef5fb8c41dc00e9cd3e3"},{"name":"__ia_thumb.jpg","source":"original","mtime":"1759111757","size":"13555","md5":"6f568a2976cb97ad41c38aedc98f20f5","crc32":"67a47539","sha1":"ad357fb88d06fd179824cd323bf0272c0a8c6413","format":"Item Tile"},{"name":"ma chérie/01 ma chérie ～愛しい君へ～.flac","source":"original","mtime":"1759111636","size":"35393920","md5":"2d0458aa050c6fc497faa7a520fcb207","crc32":"8ace652a","sha1":"b5874b57a3f6574d20cc3a1d935cba2b2192c9c1","format":"Flac","length":"323.36","title":"ma chérie 〜愛しい君へ〜","creator":"MALICE MIZER","album":"ma chérie 〜愛しい君へ〜","track":"1","artist":"MALICE MIZER","genre":"Visual kei","comment":"ma chérie ~Itoshii kimi e~ ma chérie ~Itoshii kimi e~"},{"name":"ma chérie/01 ma chérie ～愛しい君へ～.mp3","source":"derivative","creator":"MALICE MIZER","title":"ma chérie 〜愛しい君へ〜","track":"1","album":"ma chérie 〜愛しい君へ〜","genre":"Visual kei","bitrate":"197","length":"05:23","format":"VBR MP3","original":"ma chérie/01 ma chérie ～愛しい君へ～.flac","mtime":"1759112108","size":"7975256","md5":"f079caf66ddef8f2004f425dd85ce40e","crc32":"dd5ec823","sha1":"9aa06ea1c9b313ead0ff5b239ec5e53e6fd852d2"},{"name":"ma chérie/01 ma chérie ～愛しい君へ～.png","source":"derivative","format":"PNG","original":"ma chérie/01 ma chérie ～愛しい君へ～.flac","mtime":"1759112148","size":"37018","md5":"78b3838adf62e83211222e221c9167ee","crc32":"af978e5d","sha1":"0466df605c3b8799d6a8da2e0b39422f071d50f2"},{"name":"ma chérie/01 ma chérie ～愛しい君へ～_spectrogram.png","source":"derivative","format":"Spectrogram","original":"ma chérie/01 ma chérie ～愛しい君へ～.flac","mtime":"1759112174","size":"328231","md5":"97432ddee7664d50283f5698a08e3f4a","crc32":"053799c7","sha1":"fbd0b498010fb9c47c79a3fb4825325db89d62c8"},{"name":"ma chérie/02 regret.flac","source":"original","mtime":"1759111711","size":"20790046","md5":"9639449e611b830505154807cebacf6c","crc32":"dce9fc66","sha1":"d002d91a289291d29fae5344b00273cf6d1d16b6","format":"Flac","length":"279.72","viruscheck":"1759112080","title":"regret","creator":"MALICE MIZER","album":"ma chérie 〜愛しい君へ〜","track":"2","artist":"MALICE MIZER","genre":"Visual kei"},{"name":"ma chérie/02 regret.mp3","source":"derivative","creator":"MALICE MIZER","title":"regret","track":"2","album":"ma chérie 〜愛しい君へ〜","genre":"Visual kei","bitrate":"184","length":"04:40","format":"VBR MP3","original":"ma chérie/02 regret.flac","mtime":"1759112129","size":"6450517","md5":"81e2427515da24a5a671b83a75617823","crc32":"b95228b7","sha1":"4d195be518098bb245c151d7ce2c31de787d656f"},{"name":"ma chérie/02 regret.png","source":"derivative","format":"PNG","original":"ma chérie/02 regret.flac","mtime":"1759112162","size":"29277","md5":"928aa036e4d14530eb688488bd7feeae","crc32":"072761d6","sha1":"b9dccc0bce662dd051f99f06dbeeb6e888bfe8ec"},{"name":"ma chérie/02 regret_spectrogram.png","source":"derivative","format":"Spectrogram","original":"ma chérie/02 regret.flac","mtime":"1759112187","size":"281960","md5":"b800b9a9bf50681c3856f2c17fafa35c","crc32":"4a6b7ecb","sha1":"3e9322ea4d9726bba0207cd82c59ad4e1d50de49"}],"files_count":15,"item_last_updated":1759112201,"item_size":71374143,"metadata":{"identifier":"01-ma-cherie","mediatype":"audio","collection":"opensource_audio","creator":"Malice Mizer","date":"1996","description":"Another Malice Mizer songs from my vault. this one is the more popular ones. FLAC FILES. Enjoy!","scanner":"Internet Archive HTML5 Uploader 1.7.0","subject":"pop rock","title":"Malice Mizer - Ma Chérie","uploader":"twomad.says.bruh@gmail.com","publicdate":"2025-09-29 02:07:36","addeddate":"2025-09-29 02:07:36","curation":"[curator]validator@archive.org[/curator][date]20250929020833[/date][comment]checked for malware[/comment]"},"server":"ia601602.us.archive.org","uniq":312133522,"workable_servers":["ia601602.us.archive.org","ia801602.us.archive.org"]}