{"alternate_locations":{"servers":[{"server":"dn721201.ca.archive.org","dir":"/0/items/01-new-day"}],"workable":[{"server":"dn721201.ca.archive.org","dir":"/0/items/01-new-day"}]},"created":1767564441,"d1":"ia601804.us.archive.org","d2":"ia801804.us.archive.org","dir":"/18/items/01-new-day","files":[{"name":"01 New Day.flac","source":"original","mtime":"1740490572","size":"28875265","md5":"52258aca885ae18516fbac592e22a5fd","crc32":"c3e0821f","sha1":"bb49048440af733085887f342d9c41e98b923591","format":"Flac","length":"239.96","viruscheck":"1740491220","title":"New Day","creator":"Magic Mushroom Band","album":"R U Spaced Out 2","track":"1","artist":"Magic Mushroom Band","genre":"Electronica"},{"name":"01 New Day.mp3","source":"derivative","creator":"Magic Mushroom Band","title":"New Day","track":"1","album":"R U Spaced Out 2","genre":"Electronica","bitrate":"199","length":"04:00","format":"VBR MP3","original":"01 New Day.flac","mtime":"1740492347","size":"6078973","md5":"1b807e045c673065e57640bdce2209d6","crc32":"685a90a9","sha1":"c2c4e8706fd6700bb09401835dbf6be5458f8c04"},{"name":"01 New Day.png","source":"derivative","format":"PNG","original":"01 New Day.flac","mtime":"1740499835","size":"38427","md5":"2c5a6d1443a750763d44d699376b5ef6","crc32":"09b1c4f1","sha1":"e37237e763ec82b4844792eb19bf5ee53f0872fb"},{"name":"01 New Day_spectrogram.png","source":"derivative","format":"Spectrogram","original":"01 New Day.flac","mtime":"1740502628","size":"309284","md5":"228dbd44ccebb7ba880c07257042e92f","crc32":"bf6bce0f","sha1":"1a61095f090bdc057612576e05655403aac2a645"},{"name":"01-new-day_archive.torrent","source":"metadata","btih":"278b0b60401ff3e791c3dcc9f88c519630ca0347","mtime":"1747421101","size":"23404","md5":"a03e78e942f9985b5ec9d1688b2f9390","crc32":"a22d9ecc","sha1":"376036cd420b607b0c3b91efa305aeef9a074949","format":"Archive BitTorrent"},{"name":"01-new-day_files.xml","source":"original","format":"Metadata","md5":"3e72a81e9571b05f3c1cbcc045e86d07","summation":"md5"},{"name":"01-new-day_meta.sqlite","source":"original","mtime":"1740490854","size":"65536","md5":"da3d2265e964a6da8f15767cf5bdeb81","crc32":"a38b5ec3","sha1":"e98e8362911d501a44ae2dfadb1699220e6ee930","format":"Metadata"},{"name":"01-new-day_meta.xml","source":"original","mtime":"1747421098","size":"1227","md5":"d2380a86edfeb6329829bfabd04f43ab","crc32":"69cfdf8a","sha1":"ec8d60e8702d6d8365903e4483526e52023df30d","format":"Metadata"},{"name":"02 Hubbly Bubbly.flac","source":"original","mtime":"1740490620","size":"36490140","md5":"d4390d05a3699a8508f3efdf8344ad12","crc32":"8e060571","sha1":"aa9cc0276757ec23c49387a22b2137fadebae449","format":"Flac","length":"342.8","title":"Hubbly Bubbly","creator":"Magic Mushroom Band","album":"R U Spaced Out 2","track":"2","artist":"Magic Mushroom Band","genre":"Electronica"},{"name":"02 Hubbly Bubbly.mp3","source":"derivative","creator":"Magic Mushroom Band","title":"Hubbly Bubbly","track":"2","album":"R U Spaced Out 2","genre":"Electronica","bitrate":"193","length":"05:43","format":"VBR MP3","original":"02 Hubbly Bubbly.flac","mtime":"1740498985","size":"8370852","md5":"f5c29383296872f848983eec32f5dc76","crc32":"c9addfea","sha1":"4b443b77ecaba5da58918a83e6905c2a320cae54"},{"name":"02 Hubbly Bubbly.png","source":"derivative","format":"PNG","original":"02 Hubbly Bubbly.flac","mtime":"1740501944","size":"37496","md5":"b5938a9f277e06b68e9329a65ab0d2b4","crc32":"ad9b9445","sha1":"53fce04b1b8b43fef06bf0cf08ed9a0eaf7e903e"},{"name":"02 Hubbly Bubbly_spectrogram.png","source":"derivative","format":"Spectrogram","original":"02 Hubbly Bubbly.flac","mtime":"1740503423","size":"321702","md5":"035f5f7b2e2b8d7634210709988ea696","crc32":"86d36e9a","sha1":"0db985a9ccb683811d8cd4559f714b8906fddb41"},{"name":"03 Remember Your Future.flac","source":"original","mtime":"1740490645","size":"32855075","md5":"6b5e242a515d51c7a0becac4f78ae5be","crc32":"708542f4","sha1":"e1ee91ef763ac5cb2d94e9b3442ff9188cac8349","format":"Flac","length":"275.27","title":"Remember Your Future","creator":"Magic Mushroom Band","album":"R U Spaced Out 2","track":"3","artist":"Magic Mushroom Band","genre":"Electronica"},{"name":"03 Remember Your Future.mp3","source":"derivative","creator":"Magic Mushroom Band","title":"Remember Your Future","track":"3","album":"R U Spaced Out 2","genre":"Electronica","bitrate":"199","length":"04:35","format":"VBR MP3","original":"03 Remember Your Future.flac","mtime":"1740499287","size":"6933496","md5":"63c95c2951dadab1c764356d5af0a3a1","crc32":"15e150dc","sha1":"4ecf9a4780d3d35d2566ec1fe17aa865dad7f179"},{"name":"03 Remember Your Future.png","source":"derivative","format":"PNG","original":"03 Remember Your Future.flac","mtime":"1740500520","size":"38701","md5":"021b9082af4516c98c5ee2b15782a96e","crc32":"db3de703","sha1":"c84091ecd7ba31828391a67e4849465cf3a8c309"},{"name":"03 Remember Your Future_spectrogram.png","source":"derivative","format":"Spectrogram","original":"03 Remember Your Future.flac","mtime":"1740504024","size":"307316","md5":"d0e0f200518aa10753cb028b8a1c7535","crc32":"49d8ff58","sha1":"74ac12ac176a002d9f53ee291259071ed5b49214"},{"name":"04 Bunk.flac","source":"original","mtime":"1740490663","size":"17729642","md5":"3cba1714a79d868302aa5582e895e806","crc32":"d10c04be","sha1":"526be0ae1c52bdc0a3999f202a912cf16aca3097","format":"Flac","length":"177.51","viruscheck":"1740491220","title":"Bunk","creator":"Magic Mushroom Band","album":"R U Spaced Out 2","track":"4","artist":"Magic Mushroom Band","genre":"Electronica"},{"name":"04 Bunk.mp3","source":"derivative","creator":"Magic Mushroom Band","title":"Bunk","track":"4","album":"R U Spaced Out 2","genre":"Electronica","bitrate":"192","length":"02:58","format":"VBR MP3","original":"04 Bunk.flac","mtime":"1740493807","size":"4355055","md5":"034fc2d5a96413f483a650eb3d124af7","crc32":"fb6e0cef","sha1":"685fd90a9a1e850a14db3a21c36398d64f23d05f"},{"name":"04 Bunk.png","source":"derivative","format":"PNG","original":"04 Bunk.flac","mtime":"1740500778","size":"34247","md5":"5d436994f669a5a43d85fe34e0d02580","crc32":"f1ced7f2","sha1":"cb62278485a7d318cd4b13029388200a19e016ce"},{"name":"04 Bunk_spectrogram.png","source":"derivative","format":"Spectrogram","original":"04 Bunk.flac","mtime":"1740502987","size":"322362","md5":"009e8c38eb80d214a8c69e2459b67024","crc32":"9bdcc1c6","sha1":"5477a14e702c81b5e56d784b128d9b5175b682ab"},{"name":"05 Dandelion Parachute.flac","source":"original","mtime":"1740490682","size":"23344240","md5":"9cac2a975c817e2e109c7215e4c8fcf0","crc32":"0fd56807","sha1":"34699aecb64d4987b3200c55630e905e15874d7c","format":"Flac","length":"195.07","viruscheck":"1740491220","title":"Dandelion Parachute","creator":"Magic Mushroom Band","album":"R U Spaced Out 2","track":"5","artist":"Magic Mushroom Band","genre":"Electronica"},{"name":"05 Dandelion Parachute.mp3","source":"derivative","creator":"Magic Mushroom Band","title":"Dandelion Parachute","track":"5","album":"R U Spaced Out 2","genre":"Electronica","bitrate":"190","length":"03:15","format":"VBR MP3","original":"05 Dandelion Parachute.flac","mtime":"1740497220","size":"4719377","md5":"73c31615562ae056f33866b597b6b0aa","crc32":"cd765ed3","sha1":"d713bf1c3dd716ed2ae6b7f3ac6cc8aef85c3acb"},{"name":"05 Dandelion Parachute.png","source":"derivative","format":"PNG","original":"05 Dandelion Parachute.flac","mtime":"1740501452","size":"41379","md5":"318abc48966b8cdba70c39964b011f62","crc32":"3677344c","sha1":"47e70ff03ba8f912e3ef2d9c0d58aa23c014fa8b"},{"name":"05 Dandelion Parachute_spectrogram.png","source":"derivative","format":"Spectrogram","original":"05 Dandelion Parachute.flac","mtime":"1740503230","size":"294721","md5":"7db8bd6a2b1d113f1aff1f6fd87c292f","crc32":"fbfa4d12","sha1":"aff71629cebdb15173deb23cd35b8d13697efd49"},{"name":"06 Hurry On Sundown.flac","source":"original","mtime":"1740490720","size":"43944234","md5":"03c7bf8f33b204773157d3ccd1055bf9","crc32":"eecdd06f","sha1":"e87d9cbd05ac1cf2fdc57d409b56b77c7da91089","format":"Flac","length":"376.4","title":"Hurry On Sundown","creator":"Magic Mushroom Band","album":"R U Spaced Out 2","track":"6","artist":"Magic Mushroom Band","genre":"Electronica"},{"name":"06 Hurry On Sundown.mp3","source":"derivative","creator":"Magic Mushroom Band","title":"Hurry On Sundown","track":"6","album":"R U Spaced Out 2","genre":"Electronica","bitrate":"193","length":"06:16","format":"VBR MP3","original":"06 Hurry On Sundown.flac","mtime":"1740498396","size":"9188753","md5":"77057f35858f1fa74b919296b28e9efb","crc32":"48feb3aa","sha1":"1fcabb5f7de56df83150cf4d34172defa3504a53"},{"name":"06 Hurry On Sundown.png","source":"derivative","format":"PNG","original":"06 Hurry On Sundown.flac","mtime":"1740502196","size":"39239","md5":"77c16200d045ebcc2dceaeee91bfae39","crc32":"1be6d7fa","sha1":"a84d63b1de75640d0602d013d6f879e38f167f6b"},{"name":"06 Hurry On Sundown_spectrogram.png","source":"derivative","format":"Spectrogram","original":"06 Hurry On Sundown.flac","mtime":"1740503570","size":"299518","md5":"9038c6f37e0bdc9e2f408ea3ef257ea0","crc32":"98377a59","sha1":"af610752563040e367c72b911a321b379619c007"},{"name":"07 More Bunk.flac","source":"original","mtime":"1740490737","size":"14810109","md5":"a4f110c5dbf000a49e3b0af14283f0f5","crc32":"e8d6f943","sha1":"a29019a1038c5bbe8198c6e464e4869d6e3cf5d9","format":"Flac","length":"136.16","viruscheck":"1740491220","title":"More Bunk","creator":"Magic Mushroom Band","album":"R U Spaced Out 2","track":"7","artist":"Magic Mushroom Band","genre":"Electronica"},{"name":"07 More Bunk.mp3","source":"derivative","creator":"Magic Mushroom Band","title":"More Bunk","track":"7","album":"R U Spaced Out 2","genre":"Electronica","bitrate":"194","length":"02:16","format":"VBR MP3","original":"07 More Bunk.flac","mtime":"1740496688","size":"3401239","md5":"b51e1c065944fa6e338504c5b62e5c50","crc32":"e1fc5cfd","sha1":"dbc5f99c09c19af2ecd5f461f16dcf8c2d2bf94b"},{"name":"07 More Bunk.png","source":"derivative","format":"PNG","original":"07 More Bunk.flac","mtime":"1740501625","size":"40233","md5":"fe6adefbda814abeba8285feb36fbc54","crc32":"81121ab3","sha1":"12d2a383fdb01f395be66e10e5c921c1bc1fe213"},{"name":"07 More Bunk_spectrogram.png","source":"derivative","format":"Spectrogram","original":"07 More Bunk.flac","mtime":"1740503677","size":"311509","md5":"a9fd5138fe826f8729680b2a9c749e4a","crc32":"f1276f53","sha1":"92e121ea3d02efb484a5cc8c648df4382d8e007f"},{"name":"08 Herbs & Spice.flac","source":"original","mtime":"1740490769","size":"36588860","md5":"b6a39e120f41702ea8b54057b0e14d31","crc32":"48a626a2","sha1":"3e82453360a9d973ab4ab09fadb4c81b84550921","format":"Flac","length":"293.93","title":"Herbs & Spice","creator":"Magic Mushroom Band","album":"R U Spaced Out 2","track":"8","artist":"Magic Mushroom Band","genre":"Electronica"},{"name":"08 Herbs & Spice.mp3","source":"derivative","creator":"Magic Mushroom Band","title":"Herbs & Spice","track":"8","album":"R U Spaced Out 2","genre":"Electronica","bitrate":"193","length":"04:54","format":"VBR MP3","original":"08 Herbs & Spice.flac","mtime":"1740495606","size":"7204601","md5":"26b26f9fbe0dad3132aabcc3c05654b8","crc32":"f0a39043","sha1":"42fbb955a4cf13375b7a4c7bfd8aae180f98991e"},{"name":"08 Herbs & Spice.png","source":"derivative","format":"PNG","original":"08 Herbs & Spice.flac","mtime":"1740500977","size":"41602","md5":"14113e16d1691b30c18e777ecd1c58a5","crc32":"8df630b3","sha1":"cdacb9aa5cf38d9a1b87a80271639e9a5e0fc3e0"},{"name":"08 Herbs & Spice_spectrogram.png","source":"derivative","format":"Spectrogram","original":"08 Herbs & Spice.flac","mtime":"1740503752","size":"293895","md5":"6ff962567b9e75b6897a5b2a0c9951a3","crc32":"43e7e449","sha1":"a297a12797637340f60dc306e444b1f0a6c8433e"},{"name":"09 Thought Train.flac","source":"original","mtime":"1740490788","size":"18286820","md5":"9cb2ec4b5c8b029e445771f7ea7917a1","crc32":"0f35ccab","sha1":"7aa9375c2f07df105cae7e8576117d988750b927","format":"Flac","length":"168.4","viruscheck":"1740491220","title":"Thought Train","creator":"Magic Mushroom Band","album":"R U Spaced Out 2","track":"9","artist":"Magic Mushroom Band","genre":"Electronica"},{"name":"09 Thought Train.mp3","source":"derivative","creator":"Magic Mushroom Band","title":"Thought Train","track":"9","album":"R U Spaced Out 2","genre":"Electronica","bitrate":"185","length":"02:48","format":"VBR MP3","original":"09 Thought Train.flac","mtime":"1740495297","size":"3987501","md5":"b49943795176284c07801c2ac5c0a561","crc32":"707ca10e","sha1":"ea5737af77800cae192ef135c540f7ec42fc83cd"},{"name":"09 Thought Train.png","source":"derivative","format":"PNG","original":"09 Thought Train.flac","mtime":"1740499691","size":"33396","md5":"05ef5b389a3ea8e7a33c52d0be8145a5","crc32":"7031980a","sha1":"271d8174250e2053e2e22a198d2f6d1c96df63c9"},{"name":"09 Thought Train_spectrogram.png","source":"derivative","format":"Spectrogram","original":"09 Thought Train.flac","mtime":"1740503800","size":"303977","md5":"ebc4acb9a09cda8ef016980f2dab6f32","crc32":"907ceff4","sha1":"202d12a6d974cd30626948a6f8b98c116b5a8eef"},{"name":"10 Life Is so Strange.flac","source":"original","mtime":"1740490830","size":"44829159","md5":"ccf38f04e0acb75d58122b2403919211","crc32":"df19beeb","sha1":"6c8839e5894cf2e56fcee6a438ceea0eacf96050","format":"Flac","length":"397.23","title":"Life Is so Strange","creator":"Magic Mushroom Band","album":"R U Spaced Out 2","track":"10","artist":"Magic Mushroom Band","genre":"Electronica"},{"name":"10 Life Is so Strange.mp3","source":"derivative","creator":"Magic Mushroom Band","title":"Life Is so Strange","track":"10","album":"R U Spaced Out 2","genre":"Electronica","bitrate":"185","length":"06:37","format":"VBR MP3","original":"10 Life Is so Strange.flac","mtime":"1740494302","size":"9277730","md5":"dfdbe7bbc3c58ce6c25514e04372d444","crc32":"7de582f9","sha1":"0d07809fd19a4db0c08cf2e309b40e552332f31b"},{"name":"10 Life Is so Strange.png","source":"derivative","format":"PNG","original":"10 Life Is so Strange.flac","mtime":"1740501764","size":"38179","md5":"db47d46de3704ac0acb28fb286653aa4","crc32":"3829bdb6","sha1":"9e3370fedbb0f657989a3a3126e3d35aee03804d"},{"name":"10 Life Is so Strange_spectrogram.png","source":"derivative","format":"Spectrogram","original":"10 Life Is so Strange.flac","mtime":"1740503908","size":"301719","md5":"f71e299b3927d5b945089b6e6ecd69e1","crc32":"c5054f7d","sha1":"7f24aaac4944c68f0f0979bf194869d7aab06bf4"},{"name":"__ia_thumb.jpg","source":"original","mtime":"1740490890","size":"23942","md5":"78753036f2b0abdf4fb3bf51ddfdea09","crc32":"166a693c","sha1":"0e286867989920c24268a83d36c2a3ceebbb760e","format":"Item Tile"},{"name":"cover.jpg","source":"original","mtime":"1740490840","size":"9677278","md5":"f43b862808efc3b42eb1896598478670","crc32":"889019f4","sha1":"45b45a5fdeed4f253c226430fba87ca727d86468","format":"JPEG"},{"name":"cover_thumb.jpg","source":"derivative","format":"JPEG Thumb","original":"cover.jpg","mtime":"1740499633","size":"11038","md5":"f7dfc9e84320ebcfb19a440c52837798","crc32":"b601ba73","sha1":"2e5f4e1acd6039e544e7e648a5276615dba83e98"}],"files_count":47,"item_last_updated":1747421101,"item_size":374522448,"metadata":{"identifier":"01-new-day","mediatype":"audio","collection":"audio_music","creator":"Magic Mushroom Band","date":"1993-01-01","description":"The 1993 album by the proggy psych band who labelled themselves as \"psychedelic space pop\" from their formation over a decade earlier. <div>This is a 16 bit .flac rip of my nimbus pressed CD copy, which is now something of a rarity having not sold spectacularly at the time.</div>","language":"eng","licenseurl":"https://creativecommons.org/licenses/by-nd/4.0/","r56869":"n46780","scanner":"Internet Archive HTML5 Uploader 1.7.0","subject":["Magic Mushroom Band","1993","Space Rock","Psychedelic Pop"],"title":"Magic Mushroom Band - R U Spaced Out 2 [FLAC] [EYE CDLP3]","uploader":"swilliamson048@gmail.com","publicdate":"2025-02-25 13:36:35","addeddate":"2025-02-25 13:36:35","curation":"[curator]validator@archive.org[/curator][date]20250225134700[/date][comment]checked for malware[/comment]"},"server":"ia801804.us.archive.org","uniq":221502157,"workable_servers":["ia801804.us.archive.org","ia601804.us.archive.org"]}