{"alternate_locations":{"servers":[{"server":"dn710201.ca.archive.org","dir":"/0/items/01-nitetime-in-the-heart-of-new-york-special-quarterbeat-cut"}],"workable":[{"server":"dn710201.ca.archive.org","dir":"/0/items/01-nitetime-in-the-heart-of-new-york-special-quarterbeat-cut"}]},"created":1767567041,"d1":"ia600307.us.archive.org","d2":"ia800307.us.archive.org","dir":"/21/items/01-nitetime-in-the-heart-of-new-york-special-quarterbeat-cut","files":[{"name":"01 Nitetime In The Heart Of New York (Special Quarterbeat Cut).mp3","source":"original","mtime":"1714854187","size":"18947860","md5":"8a9c8640e05ec62a5836f3266eaf81ab","crc32":"638030b2","sha1":"1384a320e57ad20a197be0f8c4be1a759c1298ea","format":"VBR MP3","length":"473.58","title":"Nitetime In The Heart Of New York (Special Quarterbeat Cut)","creator":"Darrell Sherbert","album":"Heaven's Waters","track":"1","artist":"Darrell Sherbert","genre":"Classic Rock"},{"name":"01 Nitetime In The Heart Of New York (Special Quarterbeat Cut).png","source":"derivative","format":"PNG","original":"01 Nitetime In The Heart Of New York (Special Quarterbeat Cut).mp3","mtime":"1714855339","size":"44319","md5":"a94a9699f2e49ab746a1bb60897f59f7","crc32":"48e23cb4","sha1":"e4b751beab753d4c47b2c796635796e013299ecb"},{"name":"01 Nitetime In The Heart Of New York (Special Quarterbeat Cut)_spectrogram.png","source":"derivative","format":"Spectrogram","original":"01 Nitetime In The Heart Of New York (Special Quarterbeat Cut).mp3","mtime":"1714857268","size":"291346","md5":"438f805f22b5df57434cd2d51ef3324c","crc32":"4134105c","sha1":"92110ae0667b54b61b3dfb80f786469f15363276"},{"name":"01-nitetime-in-the-heart-of-new-york-special-quarterbeat-cut_archive.torrent","source":"metadata","btih":"802c8c4ff1144a7e5f78ddd729eedea2d35d1e79","mtime":"1714858833","size":"5863","md5":"aaa3dd2dc16cd0fe11adca24c89365c6","crc32":"5d6e6820","sha1":"5f3f1409e0a3dee662da672fbb65a0425c771e77","format":"Archive BitTorrent"},{"name":"01-nitetime-in-the-heart-of-new-york-special-quarterbeat-cut_files.xml","source":"original","format":"Metadata","md5":"58cc1cfc8422ed6b7e70f57b9959d8f0","summation":"md5"},{"name":"01-nitetime-in-the-heart-of-new-york-special-quarterbeat-cut_meta.sqlite","source":"original","mtime":"1714854671","size":"36864","md5":"61e09db6c5c512c959e56e7d65e9edae","crc32":"e7a11e06","sha1":"d326cf98b60a67053d189e85b27813982039c902","format":"Metadata"},{"name":"01-nitetime-in-the-heart-of-new-york-special-quarterbeat-cut_meta.xml","source":"original","mtime":"1714858784","size":"1519","md5":"79bf6a833e8af872b53fcaa3000c7a5e","crc32":"23961aad","sha1":"cae5b64e1ab85b3f22ad2fcf4727084926bde35f","format":"Metadata"},{"name":"02 Out On The Streets Tonight.mp3","source":"original","mtime":"1714854231","size":"12433300","md5":"af9a266e86590472be20ae0b529d0e78","crc32":"fe532a1f","sha1":"100b4f54235932375e59fbb82d46ef387d253dfd","format":"VBR MP3","length":"310.72","title":"Out On The Streets Tonight","creator":"Darrell Sherbert","album":"Heaven's Waters","track":"2","artist":"Darrell Sherbert","genre":"Classic Rock"},{"name":"02 Out On The Streets Tonight.png","source":"derivative","format":"PNG","original":"02 Out On The Streets Tonight.mp3","mtime":"1714856770","size":"41337","md5":"41ef1d0f10eec450b9d3781d020ad79c","crc32":"e76fd222","sha1":"0047ef0645ef634a5581feffc71db6d8ba5ce69e"},{"name":"02 Out On The Streets Tonight_spectrogram.png","source":"derivative","format":"Spectrogram","original":"02 Out On The Streets Tonight.mp3","mtime":"1714858250","size":"303827","md5":"cbdf9224e525460bf7358d64d2d10866","crc32":"3910c400","sha1":"aec64a5853451e96232fe948c23e0cabf98b2496"},{"name":"03 Nitetime In The Heart Of New York.mp3","source":"original","mtime":"1714854250","size":"9395260","md5":"8e375f59519a99335b22288be9433868","crc32":"03570b3d","sha1":"a16d4c469f4a8cca774757dab9ed74d9e7537b1d","format":"VBR MP3","length":"234.77","title":"Nitetime In The Heart Of New York","creator":"Darrell Sherbert","album":"Heaven's Waters","track":"3","artist":"Darrell Sherbert","genre":"Classic Rock"},{"name":"03 Nitetime In The Heart Of New York.png","source":"derivative","format":"PNG","original":"03 Nitetime In The Heart Of New York.mp3","mtime":"1714856970","size":"44256","md5":"36bbc4ffe1a9758f84f1a256bb871751","crc32":"3a4b31fd","sha1":"3bb1be7cda4ccfa45d7c58c5ca7cbef7cecdbffd"},{"name":"03 Nitetime In The Heart Of New York_spectrogram.png","source":"derivative","format":"Spectrogram","original":"03 Nitetime In The Heart Of New York.mp3","mtime":"1714858764","size":"303141","md5":"92f08a0cb0c31db96a8b53de9294e7b5","crc32":"877ec677","sha1":"c8e895185fa3b521978d20774aa47bf60bd15bda"},{"name":"Maria Chapter 1.jpg","source":"original","mtime":"1714854665","size":"54041","md5":"0273238115dfbda8120eaf72cedfac83","crc32":"df077b2f","sha1":"6a159118ef5650f1b7c4731b700be7cf8f734cad","format":"JPEG"},{"name":"Maria Chapter 1_thumb.jpg","source":"derivative","format":"JPEG Thumb","original":"Maria Chapter 1.jpg","mtime":"1714854841","size":"8970","md5":"41b8c07892f8e5c15a8e58d8dccbb8ec","crc32":"2e9d1b8c","sha1":"2643aa7a2028cfa2c9757b2b924df0925656b0af"},{"name":"__ia_thumb.jpg","source":"original","mtime":"1714854674","size":"13326","md5":"36c71068c8472b41763dd9945553b173","crc32":"df1f628f","sha1":"8e237a246fec15c6645d19ea6cd7ab698325cf0f","format":"Item Tile"}],"files_count":16,"item_last_updated":1714858833,"item_size":41925229,"metadata":{"identifier":"01-nitetime-in-the-heart-of-new-york-special-quarterbeat-cut","mediatype":"audio","collection":"opensource_audio","creator":"Maria","date":"1988","description":"Once again here are some tracks from an old Music Project/Band that currently has no active liscence anymore so i think its good to archive.<div><br /></div><div>Credits:</div><div><br /></div><div><span style=\"color:rgb(19,19,19);font-family:Roboto, Arial, sans-serif;font-size:14px;background-color:rgba(0,0,0,0.05);\">All words and music by Maria\nProduced by Maria\n\nRecorded at Heavens Gate Studios, ELM\nMixed at Studio 33, Hamburg\nMastered at Audio Studios, Berlin\n\nSleeve Design: Projektateliers\nPhotography: Martin Becker\n\nA.C.B. Productions (C) 1988\n(P) Phonogram GmbH, 1988</span><br /></div>","language":"eng","scanner":"Internet Archive HTML5 Uploader 1.7.0","subject":"Maria, Marion, Schwaiger, Maxi, Single, Rock, Pop , Nitetime, in, the, heart, of, new, york","title":"Nitetime in the Heart of New York","uploader":"ghostvibration@hotmail.de","publicdate":"2024-05-04 20:23:26","addeddate":"2024-05-04 20:23:26","curation":"[curator]validator@archive.org[/curator][date]20240504202345[/date][comment]checked for malware[/comment]","year":"1988"},"server":"ia800307.us.archive.org","uniq":2088192858,"workable_servers":["ia800307.us.archive.org","ia600307.us.archive.org"]}