{"alternate_locations":{"servers":[{"server":"dn710200.ca.archive.org","dir":"/0/items/01-old-chisholm-trail"}],"workable":[{"server":"dn710200.ca.archive.org","dir":"/0/items/01-old-chisholm-trail"}]},"created":1767567356,"d1":"ia600101.us.archive.org","d2":"ia800101.us.archive.org","dir":"/8/items/01-old-chisholm-trail","files":[{"name":"01 Old Chisholm Trail.mp3","source":"original","mtime":"1728436492","size":"3917378","md5":"772061f9dcad073cb05ee67cfc1dd855","crc32":"4031a1d8","sha1":"006f0d2d31bf8fe94965db105fc678c2a7014f58","format":"VBR MP3","length":"161.36","title":"Old Chisholm Trail","creator":"Arbuckle Boys","album":"Songs Of The Cowboys","track":"1/12","artist":"Arbuckle Boys","genre":"Country & Folk","comment":"(iTunes_CDDB_IDs) 12++"},{"name":"01 Old Chisholm Trail.png","source":"derivative","format":"PNG","original":"01 Old Chisholm Trail.mp3","mtime":"1728441440","size":"43071","md5":"5ef23d73d99f0cb128674c7f721146d9","crc32":"6d2e6599","sha1":"d295ef4dc52fc84ecc4de2104b639ba84a1aa969"},{"name":"01 Old Chisholm Trail_spectrogram.png","source":"derivative","format":"Spectrogram","original":"01 Old Chisholm Trail.mp3","mtime":"1728447904","size":"343520","md5":"39643466e6bdceb3261cb47699e7ae8c","crc32":"bd36c1be","sha1":"d23bf09e7d8d375b306172a0a0a4ee20d47edd3d"},{"name":"01-old-chisholm-trail_archive.torrent","source":"metadata","btih":"7ce34648e6aaca1bc55329042e4cdf7eb71289f6","mtime":"1728447979","size":"10840","md5":"633f04638cc4ad771461dfcc936441d5","crc32":"4e116aa4","sha1":"5aab962ae4d9132652aed0aea7541d58e9074526","format":"Archive BitTorrent"},{"name":"01-old-chisholm-trail_files.xml","source":"original","format":"Metadata","md5":"7af93e4df9593228bad405de2aa33826","summation":"md5"},{"name":"01-old-chisholm-trail_meta.sqlite","source":"original","mtime":"1728436719","size":"49152","md5":"25a3fe6519a138e1e6a8af5cb53719cf","crc32":"a034e4c0","sha1":"1f5686d595a76f7364745cd5538261de50cb3b7a","format":"Metadata"},{"name":"01-old-chisholm-trail_meta.xml","source":"original","mtime":"1728447970","size":"691","md5":"17d0a036412b3c4e8a9ea1e709356234","crc32":"48efce49","sha1":"59925372daa7368f7254befff16e5739deb45da9","format":"Metadata"},{"name":"02 Navajo Trail.mp3","source":"original","mtime":"1728436539","size":"4779410","md5":"ba417e591aa5fb3ab252817817a157d5","crc32":"e11f8789","sha1":"288d22a8c7a4173b458c6bbf110d76a423e828a7","format":"VBR MP3","length":"197.28","title":"Navajo Trail","creator":"Arbuckle Boys","album":"Songs Of The Cowboys","track":"2/12","artist":"Arbuckle Boys","genre":"Country & Folk","comment":"(iTunes_CDDB_IDs) 12++"},{"name":"02 Navajo Trail.png","source":"derivative","format":"PNG","original":"02 Navajo Trail.mp3","mtime":"1728443447","size":"39914","md5":"40ec07f3167db4f99ea49856d01130ab","crc32":"84d25e60","sha1":"8880ad760449ee25fd9ea2805480872f2f8baadb"},{"name":"02 Navajo Trail_spectrogram.png","source":"derivative","format":"Spectrogram","original":"02 Navajo Trail.mp3","mtime":"1728445006","size":"343562","md5":"4813032bc47893334146cdcfe231ff61","crc32":"140c157f","sha1":"6da34bcf83776354b954063127252125e395e9f1"},{"name":"03 Sweet Betsy From Pike.mp3","source":"original","mtime":"1728436563","size":"5571246","md5":"bf4fdc73f04e985621c3c2d0cc76040d","crc32":"2f572d26","sha1":"a71ed1fda61544a8a0b9c079c4db69a3870e304a","format":"VBR MP3","length":"230.27","title":"Sweet Betsy From Pike","creator":"Arbuckle Boys","album":"Songs Of The Cowboys","track":"3/12","artist":"Arbuckle Boys","genre":"Country & Folk","comment":"(iTunes_CDDB_IDs) 12++"},{"name":"03 Sweet Betsy From Pike.png","source":"derivative","format":"PNG","original":"03 Sweet Betsy From Pike.mp3","mtime":"1728443195","size":"42842","md5":"44c79f9a3f966607dd7cd550b6ff3d74","crc32":"86d64247","sha1":"595f0f392285df7c8ddc1b62e0052a33f5ea62ab"},{"name":"03 Sweet Betsy From Pike_spectrogram.png","source":"derivative","format":"Spectrogram","original":"03 Sweet Betsy From Pike.mp3","mtime":"1728445393","size":"336189","md5":"06bb616ae6894aaa456303b4bf1e7c08","crc32":"bab15fbf","sha1":"47f4457880ca9013b004f71f1d24c72bf8574bfd"},{"name":"04 Mustang Grey.mp3","source":"original","mtime":"1728436582","size":"4501052","md5":"1033c608421f186043edaad682dc4e71","crc32":"299d6aba","sha1":"30f4b10d94a73c2ae6a0cb421f66079cf1cc601c","format":"VBR MP3","length":"185.68","title":"Mustang Grey","creator":"Arbuckle Boys","album":"Songs Of The Cowboys","track":"4/12","artist":"Arbuckle Boys","genre":"Country & Folk","comment":"(iTunes_CDDB_IDs) 12++"},{"name":"04 Mustang Grey.png","source":"derivative","format":"PNG","original":"04 Mustang Grey.mp3","mtime":"1728442499","size":"40683","md5":"c2d09392df3e6ce7b219773cee85cf35","crc32":"09e93bd1","sha1":"8cfe65d6dc0a226c28f533d2023a3f401d0b1059"},{"name":"04 Mustang Grey_spectrogram.png","source":"derivative","format":"Spectrogram","original":"04 Mustang Grey.mp3","mtime":"1728445875","size":"338606","md5":"96ea621cf7aba7e33398a4515322a431","crc32":"acbd3f8f","sha1":"931104fab34e7033e2176647928eda022e6107f4"},{"name":"05 Branding G's On Cattle.mp3","source":"original","mtime":"1728436590","size":"4022708","md5":"466375092b630f7510552750bad5290c","crc32":"bca3ce86","sha1":"209b0d86e48322b742f78193c6036d949bc37c41","format":"VBR MP3","length":"165.75","title":"Branding G's On Cattle","creator":"Arbuckle Boys","album":"Songs Of The Cowboys","track":"5/12","artist":"Arbuckle Boys","genre":"Country & Folk","comment":"(iTunes_CDDB_IDs) 12++"},{"name":"05 Branding G's On Cattle.png","source":"derivative","format":"PNG","original":"05 Branding G's On Cattle.mp3","mtime":"1728443819","size":"40080","md5":"5997a01728422a0c0b83ead0d3481f15","crc32":"7e603384","sha1":"506f85035e2744d2f945ff0af3bde4a886ead89c"},{"name":"05 Branding G's On Cattle_spectrogram.png","source":"derivative","format":"Spectrogram","original":"05 Branding G's On Cattle.mp3","mtime":"1728446163","size":"332679","md5":"048b50e25a344b091cf7970902cd910a","crc32":"6f2a8b14","sha1":"fc46cf8f1d8427d86aa58bb23ff4ed7eb7f8c8c0"},{"name":"06 Wagon Wheels.mp3","source":"original","mtime":"1728436611","size":"5005738","md5":"7c546b9c5ff7337e44d653647d16c088","crc32":"e400e966","sha1":"6c0d6765ef63f1e069b2cb9a9c6d8d5712ea6a32","format":"VBR MP3","length":"206.71","title":"Wagon Wheels","creator":"Arbuckle Boys","album":"Songs Of The Cowboys","track":"6/12","artist":"Arbuckle Boys","genre":"Country & Folk","comment":"(iTunes_CDDB_IDs) 12++"},{"name":"06 Wagon Wheels.png","source":"derivative","format":"PNG","original":"06 Wagon Wheels.mp3","mtime":"1728437466","size":"40684","md5":"03db3ac00ef98cbae13753c5e73e1df2","crc32":"585edc8b","sha1":"51c8c0f3ad386b04e976649c6683e65b5cf733f7"},{"name":"06 Wagon Wheels_spectrogram.png","source":"derivative","format":"Spectrogram","original":"06 Wagon Wheels.mp3","mtime":"1728444539","size":"342322","md5":"bd4fbc0cc15ac566fe6c48bb9c483b30","crc32":"e7c1a2dd","sha1":"49654047f9dab334724630d943951f12299f0e07"},{"name":"07 Ragtime Cowboy Joe.mp3","source":"original","mtime":"1728436620","size":"4030224","md5":"b90d06ece8245f3f9bc74577101216c0","crc32":"8088823e","sha1":"346789dc3a9e5c301fe5be10cfd10919a29b97c8","format":"VBR MP3","length":"166.06","title":"Ragtime Cowboy Joe","creator":"Arbuckle Boys","album":"Songs Of The Cowboys","track":"7/12","artist":"Arbuckle Boys","genre":"Country & Folk","comment":"(iTunes_CDDB_IDs) 12++"},{"name":"07 Ragtime Cowboy Joe.png","source":"derivative","format":"PNG","original":"07 Ragtime Cowboy Joe.mp3","mtime":"1728440599","size":"44478","md5":"c8323cb718011028cc726814f3acb27f","crc32":"50206218","sha1":"7462290d2d2df0589123ccadb8c95807c3e81ec4"},{"name":"07 Ragtime Cowboy Joe_spectrogram.png","source":"derivative","format":"Spectrogram","original":"07 Ragtime Cowboy Joe.mp3","mtime":"1728446679","size":"343133","md5":"905440f9c5057f792cf2ba2b01966da4","crc32":"a37aa421","sha1":"dfb97716889ecabac93c9de78d3fa0b156cc4b32"},{"name":"08 Abuckle Coffee.mp3","source":"original","mtime":"1728436634","size":"4545564","md5":"eaa89fd31b4e36389b8c70bcdd64cb26","crc32":"2f8e15f9","sha1":"f94b3e0123b045994d71e3192b751ef4dc956950","format":"VBR MP3","length":"187.53","title":"Abuckle Coffee","creator":"Arbuckle Boys","album":"Songs Of The Cowboys","track":"8/12","artist":"Arbuckle Boys","genre":"Country & Folk","comment":"(iTunes_CDDB_IDs) 12++"},{"name":"08 Abuckle Coffee.png","source":"derivative","format":"PNG","original":"08 Abuckle Coffee.mp3","mtime":"1728439626","size":"41280","md5":"0afcae1fecd9afe23dacdb37a89badbe","crc32":"e7611483","sha1":"709bb8103569a2bef87de12c7598ce68a5ae1550"},{"name":"08 Abuckle Coffee_spectrogram.png","source":"derivative","format":"Spectrogram","original":"08 Abuckle Coffee.mp3","mtime":"1728446935","size":"341336","md5":"876a8a73ceb255715a39ed97040abd28","crc32":"50843215","sha1":"0dbd852edb62afd7cbebc11e201fbe6fb9d2adfc"},{"name":"09 Red River Valley.mp3","source":"original","mtime":"1728436672","size":"6010098","md5":"fd22af07ef215e82e2d0755cb9fd6b6c","crc32":"104f2295","sha1":"42429eeecacc55190b34f754f812e49138a2cf42","format":"VBR MP3","length":"248.56","title":"Red River Valley","creator":"Arbuckle Boys","album":"Songs Of The Cowboys","track":"9/12","artist":"Arbuckle Boys","genre":"Country & Folk","comment":"(iTunes_CDDB_IDs) 12++"},{"name":"09 Red River Valley.png","source":"derivative","format":"PNG","original":"09 Red River Valley.mp3","mtime":"1728441803","size":"41480","md5":"8fcd4af8ac74528c145f2c600638d403","crc32":"1dfe81e1","sha1":"0daeb5e6cf7acdeba05636bb32c0c7079ba781a5"},{"name":"09 Red River Valley_spectrogram.png","source":"derivative","format":"Spectrogram","original":"09 Red River Valley.mp3","mtime":"1728447176","size":"336100","md5":"eac2c8f9ed9bce365c04b53205ae5ee5","crc32":"56557bed","sha1":"593b87d3b3fa64ba9cbf4507a479ea0f8a7f550a"},{"name":"10 I Rid An Old Paint.mp3","source":"original","mtime":"1728436692","size":"5495384","md5":"e3a8bda66b2e82162c6e104dae22662c","crc32":"366fac05","sha1":"ecb21e2bf8e084be3be721648018287a730fbcb3","format":"VBR MP3","length":"227.11","title":"I Rid An Old Paint","creator":"Arbuckle Boys","album":"Songs Of The Cowboys","track":"10/12","artist":"Arbuckle Boys","genre":"Country & Folk","comment":"(iTunes_CDDB_IDs) 12++"},{"name":"10 I Rid An Old Paint.png","source":"derivative","format":"PNG","original":"10 I Rid An Old Paint.mp3","mtime":"1728442231","size":"41758","md5":"d0d8e6b706860c1d5ae21ffe9f912661","crc32":"8a26d1dc","sha1":"d7bd79b5533f1ecd1f9023d7755051ced2bbe848"},{"name":"10 I Rid An Old Paint_spectrogram.png","source":"derivative","format":"Spectrogram","original":"10 I Rid An Old Paint.mp3","mtime":"1728447337","size":"330643","md5":"061d2de240cc4a291e17e502f6f13165","crc32":"0c422cb9","sha1":"c49651fa2135d6563d42959a1f0f220cc179152a"},{"name":"11 Last Round-Up.mp3","source":"original","mtime":"1728436707","size":"3994485","md5":"13027429276a4c199c217700b2507c2a","crc32":"fe25f26e","sha1":"bb707c1d2d2cfbd4475403a97089d64ccf121727","format":"VBR MP3","length":"164.57","title":"Last Round-Up","creator":"Arbuckle Boys","album":"Songs Of The Cowboys","track":"11/12","artist":"Arbuckle Boys","genre":"Country & Folk","comment":"(iTunes_CDDB_IDs) 12++"},{"name":"11 Last Round-Up.png","source":"derivative","format":"PNG","original":"11 Last Round-Up.mp3","mtime":"1728442875","size":"39636","md5":"f64d1930bf142c75a67e7592f2071c5b","crc32":"d634287d","sha1":"7900551fcbc0657e0911b39f1d6a46bf6b55e5ee"},{"name":"11 Last Round-Up_spectrogram.png","source":"derivative","format":"Spectrogram","original":"11 Last Round-Up.mp3","mtime":"1728447535","size":"339438","md5":"2bdb10e29d9f9a9acbd3c17a3129a750","crc32":"a58554f0","sha1":"db749c86265fad4c413f8fdec0d41ebbda5f50c4"},{"name":"12 Arbuckle Coffee Jingle.mp3","source":"original","mtime":"1728436712","size":"1397089","md5":"a80de8edd301a66d3eb833fb1410d8c3","crc32":"17a6ab87","sha1":"90ce95f5196be854da8303961f92f882999011ee","format":"VBR MP3","length":"56.35","title":"Arbuckle Coffee Jingle","creator":"Arbuckle Boys","album":"Songs Of The Cowboys","track":"12/12","artist":"Arbuckle Boys","genre":"Country & Folk","comment":"(iTunes_CDDB_IDs) 12++"},{"name":"12 Arbuckle Coffee Jingle.png","source":"derivative","format":"PNG","original":"12 Arbuckle Coffee Jingle.mp3","mtime":"1728438364","size":"37947","md5":"5cf55306f75cf76cdeab092f1f59cd7b","crc32":"182b068b","sha1":"f265f69409527553b1ac8c181dfc5a7de5dccd97"},{"name":"12 Arbuckle Coffee Jingle_spectrogram.png","source":"derivative","format":"Spectrogram","original":"12 Arbuckle Coffee Jingle.mp3","mtime":"1728447673","size":"340220","md5":"88cd9f0dfc2c11d4ed221860cef75f2e","crc32":"442548cf","sha1":"1edc45d794cc29471e6f581259da3968b714815a"},{"name":"90285-huge.jpg","source":"original","mtime":"1728436714","size":"33934","md5":"c857345b2aa131fc381514dcea5a6629","crc32":"11159dcc","sha1":"9e0f005d82f0f299c30a567e222550181a919c7e","format":"JPEG"},{"name":"90285-huge_thumb.jpg","source":"derivative","format":"JPEG Thumb","original":"90285-huge.jpg","mtime":"1728436928","size":"10515","md5":"7940ae4e8860b4eec858ab6eb377c230","crc32":"ff189e10","sha1":"ef1569fef90b36328c9aa578a45663bc840d3140"},{"name":"__ia_thumb.jpg","source":"original","mtime":"1728436725","size":"15824","md5":"da0d17aa7d32cb6aacff38cb3a55f2a4","crc32":"6fd1316d","sha1":"b10838495b56b3eac112fbc031e4a77278aa2b39","format":"Item Tile"}],"files_count":43,"item_last_updated":1728447979,"item_size":57952933,"metadata":{"identifier":"01-old-chisholm-trail","mediatype":"audio","collection":"opensource_audio","creator":"Arbuckle Boys","date":"1997","description":"Arbuckle Boys 1997<br />","scanner":"Internet Archive HTML5 Uploader 1.7.0","subject":"Country","title":"Songs Of the Cowboys","uploader":"jaqjr0429@gmail.com","publicdate":"2024-10-09 01:15:11","addeddate":"2024-10-09 01:15:11","curation":"[curator]validator@archive.org[/curator][date]20241009011525[/date][comment]checked for malware[/comment]"},"server":"ia600101.us.archive.org","uniq":1560807795,"workable_servers":["ia600101.us.archive.org","ia800101.us.archive.org"]}