{"alternate_locations":{"servers":[{"server":"dn721905.ca.archive.org","dir":"/0/items/01-phosphorescence"}],"workable":[{"server":"dn721905.ca.archive.org","dir":"/0/items/01-phosphorescence"}]},"created":1767567047,"d1":"ia601303.us.archive.org","d2":"ia801303.us.archive.org","dir":"/35/items/01-phosphorescence","files":[{"name":"01 Phosphorescence + Distance between us.mp3","source":"original","mtime":"1704484369","size":"18448828","md5":"d3ca5ab0c6e781d2ea7e400da060ba33","crc32":"389aba39","sha1":"793989c05c489ee148499874c22fb9fae44a6a19","format":"VBR MP3","length":"461.11","title":"Phosphorescence + Distance Between Us","creator":"Phi","album":"Phosphorescence","track":"1","artist":"Phi","genre":"Indie / Alternative"},{"name":"01 Phosphorescence.png","source":"derivative","format":"PNG","original":"01 Phosphorescence + Distance between us.mp3","mtime":"1704484770","size":"35726","md5":"7dc7080caa8135c80830d5e55e1ca5b1","crc32":"50cff05e","sha1":"8ac08ffdfd2aebb68b8c9d86f67f04e544019834"},{"name":"01 Phosphorescence_spectrogram.png","source":"derivative","format":"Spectrogram","original":"01 Phosphorescence + Distance between us.mp3","mtime":"1704485671","size":"317082","md5":"eb9890ccfd206f238636668f23750f9d","crc32":"1e665628","sha1":"720b2c040fbe34901911ff453e66ab3eb7e76983"},{"name":"01-phosphorescence_archive.torrent","source":"metadata","btih":"d32afb0565865f70faf581716dbd76d7fc2b8134","mtime":"1705188731","size":"6748","md5":"cea81532767d916fe02cd2886e8e0a8c","crc32":"4ebc213c","sha1":"81f67981fde826f4d1b8d5001051dfb13f73352a","format":"Archive BitTorrent"},{"name":"01-phosphorescence_files.xml","source":"original","format":"Metadata","md5":"c272b5b205f82bb402b959c2a90c1c2a","summation":"md5"},{"name":"01-phosphorescence_meta.sqlite","source":"original","mtime":"1704484649","size":"40960","md5":"0cb249ba80718368f503ddbd2b79e616","crc32":"5abf4b2e","sha1":"c27d2a0706b83d8abe41e0a6aebd7d30d0d55038","format":"Metadata"},{"name":"01-phosphorescence_meta.xml","source":"original","mtime":"1705188721","size":"3448","md5":"0d7f2ea056b098e9f0643721b05f1a2d","crc32":"fc703328","sha1":"6897251f23cc492e8da1172a6fa4645c14573d65","format":"Metadata"},{"name":"02 .mp3","source":"original","mtime":"1704484484","size":"16380664","md5":"48cb5329d6a5a9b86222c6cfac2c5cab","crc32":"7d719235","sha1":"57b5b15320b68b39bac4894e8dce53e8c4b10536","format":"VBR MP3","length":"409.4","title":"Ask You","creator":"Phi","album":"Phosphorescence","track":"2","artist":"Phi","genre":"Indie / Alternative"},{"name":"02 Distance Between Us.png","source":"derivative","format":"PNG","original":"02 .mp3","mtime":"1704485278","size":"37965","md5":"9318a8bc86711f2d2bb27317b9f4c7d4","crc32":"dc3ebfef","sha1":"ebc2a2a3f6ef8b9ad29372529eeb5ce363890f48"},{"name":"02 Distance Between Us_spectrogram.png","source":"derivative","format":"Spectrogram","original":"02 .mp3","mtime":"1704485742","size":"314605","md5":"57a15f8abf52b3db78da5f62d33b9c44","crc32":"7aad887b","sha1":"ffce378943d69e0584e96a8854dc2c511fceceb7"},{"name":"03 Ending A Day.mp3","source":"original","mtime":"1704484547","size":"13879240","md5":"e0d5b2f5aca0f50cdd757b060ffcb2ac","crc32":"20c62f65","sha1":"abe830936825291f5e9dc50565329b38b77ba988","format":"VBR MP3","length":"346.87","title":"Ending A Day","creator":"Phi","album":"Phosphorescence","track":"3","artist":"Phi","genre":"Indie / Alternative"},{"name":"03 Ending A Day.png","source":"derivative","format":"PNG","original":"03 Ending A Day.mp3","mtime":"1704485527","size":"34668","md5":"076fde75041aa6747713481f35d2f45b","crc32":"38e27e95","sha1":"c5b3bc5bbb01e078cb22843e1214b4ac6ba9d180"},{"name":"03 Ending A Day_spectrogram.png","source":"derivative","format":"Spectrogram","original":"03 Ending A Day.mp3","mtime":"1704485814","size":"315510","md5":"f2a214a6918ab5a8d3ea4845ee78a2ca","crc32":"ed93295b","sha1":"0a91b4efe2166692134cd314f2c7c7d4e0553189"},{"name":"04 Call My Heart.mp3","source":"original","mtime":"1704484643","size":"15969328","md5":"ce6b9f595d71eb63763b217a8aafad59","crc32":"788ac093","sha1":"552e6dc86b0d7a996b511999f9ebd51336ada732","format":"VBR MP3","length":"399.12","title":"Call My Heart","creator":"Phi","album":"Phosphorescence","track":"4","artist":"Phi","genre":"Indie / Alternative"},{"name":"04 Call My Heart.png","source":"derivative","format":"PNG","original":"04 Call My Heart.mp3","mtime":"1704485604","size":"37695","md5":"8459192a747c89b524f6218c66d79fee","crc32":"2a6c343e","sha1":"7eb67d980965ffc624be586587757baac94b1631"},{"name":"04 Call My Heart_spectrogram.png","source":"derivative","format":"Spectrogram","original":"04 Call My Heart.mp3","mtime":"1704485882","size":"304035","md5":"b0c5d6a833be7cbc232292ad33ef308d","crc32":"276faa61","sha1":"647e46a6303d7fc34bdfdd7e9311ef319570dd3d"},{"name":"Phi Picture 2.jpg","source":"original","mtime":"1704484645","size":"437103","md5":"2fd1fa029f9c1fdd11e0bae5037c1616","crc32":"18a2d1ad","sha1":"4a6c515524c3d38344e7206ae555b4194085ace5","format":"JPEG","rotation":"0"},{"name":"Phi Picture 2_thumb.jpg","source":"derivative","format":"JPEG Thumb","original":"Phi Picture 2.jpg","mtime":"1704484711","size":"14783","md5":"f441c32acb7d5ca2c9bfb8d2d0bba34b","crc32":"7c6946c6","sha1":"033f3315b01775257ca86537b68da2f88a5f5639"},{"name":"__ia_thumb.jpg","source":"original","mtime":"1704484657","size":"11636","md5":"142422ba9ae44e12d49319fea3117859","crc32":"3ac0f9a8","sha1":"514e893ea0d7b4019c91cd5cccb731f22b1d7463","format":"Item Tile","rotation":"0"}],"files_count":19,"item_last_updated":1705188731,"item_size":66590024,"metadata":{"identifier":"01-phosphorescence","mediatype":"audio","collection":"opensource_audio","creator":"Phi","date":"1988-11","description":"A obscure EP from Japan that was apparently from a line of different Rock Artists that were introduced in Sample Albums made by Alphabet Presents.<div><br /></div><div>Only 2 releases from the Alphabet Presents line are currently known and this is the only non-compilation Album found so far.</div><div><br /></div><div>Copyright seems to not exist anymore.</div><div><br /></div><div>Info taken from CD:</div><div><br /></div><div><span style=\"color:rgb(19,19,19);font-family:Roboto, Arial, sans-serif;font-size:14px;background-color:rgba(0,0,0,0.05);\">Kota Seshimo\nVocals, 12 String Accoustic Guitar, Electric Guitar.</span></div><div><span style=\"color:rgb(19,19,19);font-family:Roboto, Arial, sans-serif;font-size:14px;background-color:rgba(0,0,0,0.05);\">Taro Terada\nAccoustic &amp; Electric Bass.</span></div><div><span style=\"color:rgb(19,19,19);font-family:Roboto, Arial, sans-serif;font-size:14px;background-color:rgba(0,0,0,0.05);\">Tsutomu Tao\nElectric Guitars, E-Bow.</span></div><div><span style=\"color:rgb(19,19,19);font-family:Roboto, Arial, sans-serif;font-size:14px;background-color:rgba(0,0,0,0.05);\">Akiko Higashi\nKeyboards, backing Vocals.</span></div><div><span style=\"color:rgb(19,19,19);font-family:Roboto, Arial, sans-serif;font-size:14px;background-color:rgba(0,0,0,0.05);\">Produced: Phi</span></div><div><span style=\"color:rgb(19,19,19);font-family:Roboto, Arial, sans-serif;font-size:14px;background-color:rgba(0,0,0,0.05);\">Engineered: Ishibashi</span></div><div><span style=\"color:rgb(19,19,19);font-family:Roboto, Arial, sans-serif;font-size:14px;background-color:rgba(0,0,0,0.05);\">Recorded: November, 1988 at Heicon Studios.</span></div><div><span style=\"color:rgb(19,19,19);font-family:Roboto, Arial, sans-serif;font-size:14px;background-color:rgba(0,0,0,0.05);\">Manufacturer of Alphabet Presents.</span></div><div><span style=\"color:rgb(19,19,19);font-family:Roboto, Arial, sans-serif;font-size:14px;background-color:rgba(0,0,0,0.05);\">Distributed by E.R.C.</span></div><div><span style=\"color:rgb(19,19,19);font-family:Roboto, Arial, sans-serif;font-size:14px;background-color:rgba(0,0,0,0.05);\">Alphabet Presents</span></div><div><span style=\"color:rgb(19,19,19);font-family:Roboto, Arial, sans-serif;font-size:14px;background-color:rgba(0,0,0,0.05);\">Present 111.</span></div>","language":"eng","scanner":"Internet Archive HTML5 Uploader 1.7.0","subject":"\"Phi\" \"Phosphorescence\" \"Rock\" \"Japan\" \"EP\" \"Alphabet Presents\"","title":"Phi - Phosphorescence","uploader":"ghostvibration@hotmail.de","publicdate":"2024-01-05 19:53:07","addeddate":"2024-01-05 19:53:07","curation":"[curator]validator@archive.org[/curator][date]20240105195327[/date][comment]checked for malware[/comment]","year":"1988"},"server":"ia601303.us.archive.org","uniq":1305418354,"workable_servers":["ia601303.us.archive.org","ia801303.us.archive.org"]}