{"alternate_locations":{"servers":[{"server":"dn721609.ca.archive.org","dir":"/0/items/01-screamer-demo"}],"workable":[{"server":"dn721609.ca.archive.org","dir":"/0/items/01-screamer-demo"}]},"created":1767564442,"d1":"ia600804.us.archive.org","d2":"ia800804.us.archive.org","dir":"/16/items/01-screamer-demo","files":[{"name":"01 Screamer (Demo).mp3","source":"original","mtime":"1718606281","size":"6138978","md5":"1a267a2d92d755d150c23eb497cf7048","crc32":"4b775e0d","sha1":"01f4b7f0e90bdff2657b31a4c3adb6ec33855ba5","format":"VBR MP3","length":"246.02","title":"Screamer (Demo)","creator":"Good Charlotte","album":"Demo #1","track":"1","artist":"Good Charlotte","genre":"Punk","comment":"www.dvdvideosoft.com"},{"name":"01 Screamer (Demo).png","source":"derivative","format":"PNG","original":"01 Screamer (Demo).mp3","mtime":"1718606956","size":"39836","md5":"bb97ea30609a7c4e4d28193c01faf81a","crc32":"13ff083c","sha1":"bca38ca4f4e430cc44dd262900866626e830549e"},{"name":"01 Screamer (Demo)_spectrogram.png","source":"derivative","format":"Spectrogram","original":"01 Screamer (Demo).mp3","mtime":"1718608232","size":"321372","md5":"3cd285460eeed40121ff5e49c60df38b","crc32":"04eb7501","sha1":"015b91ba68d52e248c88a6592e307b9bb94c5973"},{"name":"01-screamer-demo_archive.torrent","source":"metadata","btih":"ebf58b5cfc90b5a34705b83b1e7c69890571bdcf","mtime":"1759790572","size":"5338","md5":"ef2c17b31169b63a30f46eccb92b4218","crc32":"ea4171c0","sha1":"f90dc5e3fb55f93941394504845536b01dfcf1f3","format":"Archive BitTorrent"},{"name":"01-screamer-demo_files.xml","source":"original","format":"Metadata","md5":"4e2bad7f46c4a0e15a0abc3d6facbe68","summation":"md5"},{"name":"01-screamer-demo_meta.sqlite","source":"original","mtime":"1718606381","size":"45056","md5":"610efd725999a5da18b5ed2f1583edcd","crc32":"0a6aae43","sha1":"b39c9147e0bd612923604a31d0ec49616f06049c","format":"Metadata"},{"name":"01-screamer-demo_meta.xml","source":"original","mtime":"1759790570","size":"1155","md5":"c8e2e722b6f230ee1dd3d70da0c59cf2","crc32":"f43461ff","sha1":"9abb014b6ea8917b6699b765d7ef635393746f54","format":"Metadata"},{"name":"02 Let Me Go (Demo).mp3","source":"original","mtime":"1718606309","size":"3983011","md5":"bf28b26971f0435b1394b9d20a04d22d","crc32":"569d66d2","sha1":"505bfb0497aa5894b1da967ff37c33cbd1c4e85f","format":"VBR MP3","length":"156.19","title":"Let Me Go (Demo)","creator":"Good Charlotte","album":"Demo #1","track":"2","artist":"Good Charlotte","genre":"Punk","comment":"www.dvdvideosoft.com"},{"name":"02 Let Me Go (Demo).png","source":"derivative","format":"PNG","original":"02 Let Me Go (Demo).mp3","mtime":"1718607319","size":"39643","md5":"a7ef661940deb316dc340a8e5f24bb15","crc32":"f7120379","sha1":"1c47fa3b5858f7a0e1108a25c49f1d6a33204cc7"},{"name":"02 Let Me Go (Demo)_spectrogram.png","source":"derivative","format":"Spectrogram","original":"02 Let Me Go (Demo).mp3","mtime":"1718608976","size":"315773","md5":"32575af6ec9a8efd1ad7e5b40dc80d8e","crc32":"d7478632","sha1":"a5f20abd21cae93c8f386e30226ede8abc4706f6"},{"name":"03 Hey Dad (Demo).mp3","source":"original","mtime":"1718606367","size":"4555556","md5":"70952715dd9ddd957f8dbafc636f2c9e","crc32":"8a49ba26","sha1":"a465ecdab37220621c0475fc79c179e2be957bff","format":"VBR MP3","length":"180.05","title":"Hey Dad (Demo)","creator":"Good Charlotte","album":"Demo #1","track":"3/13","artist":"Good Charlotte","genre":"Punk","comment":"www.dvdvideosoft.com"},{"name":"03 Hey Dad (Demo).png","source":"derivative","format":"PNG","original":"03 Hey Dad (Demo).mp3","mtime":"1718607556","size":"37248","md5":"db15526d6351e1aa2207267176df258b","crc32":"ae731949","sha1":"2aae2ffc02b21abc5279d9687ddaf5e2b4b49803"},{"name":"03 Hey Dad (Demo)_spectrogram.png","source":"derivative","format":"Spectrogram","original":"03 Hey Dad (Demo).mp3","mtime":"1718609381","size":"303857","md5":"fb001a16c3a9cb10b605cdd7dc10d8cf","crc32":"0525855a","sha1":"88165d578536936ccb0688d258c71420f02dde19"},{"name":"04 Gravity Girl (Demo).mp3","source":"original","mtime":"1718606182","size":"5006566","md5":"f97835d829465267ed65c4dbaf2b1c14","crc32":"a08cfb1f","sha1":"85e1c9f3bd68d0d8be22c290ec326712a3411354","format":"VBR MP3","length":"198.84","title":"Gravity Girl (Demo)","creator":"Good Charlotte","album":"Demo #1","track":"4","artist":"Good Charlotte","genre":"Punk","comment":"www.dvdvideosoft.com"},{"name":"04 Gravity Girl (Demo).png","source":"derivative","format":"PNG","original":"04 Gravity Girl (Demo).mp3","mtime":"1718607835","size":"38441","md5":"47ce40b3a978b648ec08d9e91ee2030f","crc32":"21f5e9c0","sha1":"550233bf5088ed65eaadd21a4006bb36ed7a00d5"},{"name":"04 Gravity Girl (Demo)_spectrogram.png","source":"derivative","format":"Spectrogram","original":"04 Gravity Girl (Demo).mp3","mtime":"1718610099","size":"296724","md5":"df3ccfacb1998333f9574bb35b0e6d3b","crc32":"0b11ba45","sha1":"39233f3fd93d77bbe167fe8772a696093e7ade5e"},{"name":"05 Can't Go On (Demo).mp3","source":"original","mtime":"1718606235","size":"3876453","md5":"c53d9fec4011f63261fae6b919d8a4f7","crc32":"652a0414","sha1":"cb74f9b84b4d01ea596592702656b4884f8f084e","format":"VBR MP3","length":"151.75","title":"Can't Go On (Demo)","creator":"Good Charlotte","album":"Demo #1","track":"5","artist":"Good Charlotte","genre":"Punk","comment":"www.dvdvideosoft.com"},{"name":"05 Can't Go On (Demo).png","source":"derivative","format":"PNG","original":"05 Can't Go On (Demo).mp3","mtime":"1718608109","size":"36738","md5":"ff3e326a24e49e01fe07c8d52d8c1583","crc32":"1ca2b30b","sha1":"9d053528f6c3066d9c65a326d8537f2c48c2b0fc"},{"name":"05 Can't Go On (Demo)_spectrogram.png","source":"derivative","format":"Spectrogram","original":"05 Can't Go On (Demo).mp3","mtime":"1718610392","size":"324751","md5":"39524a70aab72b71adebb01c3c00993c","crc32":"910f0fda","sha1":"25d8ebf94bf2313e862ffb1e0e9da0ba5eb8d918"},{"name":"Demo #1.jpg","source":"original","mtime":"1718606372","size":"223854","md5":"e33b80afbebfa8f2cc2a76befc90c6ed","crc32":"8ee82221","sha1":"bc9151540e6654de4fc5755381b3ab93bbe84961","format":"JPEG"},{"name":"Demo #1_thumb.jpg","source":"derivative","format":"JPEG Thumb","original":"Demo #1.jpg","mtime":"1718606600","size":"7292","md5":"969d2db16416d45ab3406ef56cc618c0","crc32":"10e56c36","sha1":"4f7dd42e55efa6f15933a0006296ab32fb3fa27c"},{"name":"__ia_thumb.jpg","source":"original","mtime":"1718606387","size":"8549","md5":"151391392fe5a0e83d91e86f4e89e317","crc32":"4f5749aa","sha1":"e3d7f26fcbf975705a5fa8a58825450636ef1af3","format":"Item Tile"}],"files_count":22,"item_last_updated":1759790572,"item_size":25606191,"metadata":{"identifier":"01-screamer-demo","mediatype":"audio","collection":["hifidelity_potpourri","hifidelity"],"creator":"Good Charlotte","date":"1996","description":"If What I read online is to be believed, this is the very first demo/release by Good Charlotte. These early Good Charlotte songs have always fascinated me. FYI, the album art isn't the official art for this demo, but I think it looks nice","scanner":"Internet Archive HTML5 Uploader 1.7.0","subject":["Demo","Good Charlotte","Punk Rock","Pop Punk","Grunge","Madden Brothers"],"title":"Good Charlotte - Demo #1","uploader":"my-last-life@hotmail.com","publicdate":"2024-06-17 06:36:37","addeddate":"2024-06-17 06:36:37","curation":"[curator]validator@archive.org[/curator][date]20240617063658[/date][comment]checked for malware[/comment]","collection_added":"hifidelity"},"server":"ia600804.us.archive.org","uniq":1117870452,"workable_servers":["ia600804.us.archive.org","ia800804.us.archive.org"]}