{"alternate_locations":{"servers":[{"server":"dn720305.ca.archive.org","dir":"/0/items/01-song-for-america"}],"workable":[{"server":"dn720305.ca.archive.org","dir":"/0/items/01-song-for-america"}]},"created":1767567053,"d1":"ia600704.us.archive.org","d2":"ia800704.us.archive.org","dir":"/30/items/01-song-for-america","files":[{"name":"01 Song For America.flac","source":"original","mtime":"1639755877","size":"72676467","md5":"a130569a127918d7167db13607923f75","crc32":"3098e2c2","sha1":"337bf5f811b6e81a82833276888717aacf661969","format":"Flac","length":"579.94","track":"01"},{"name":"01 Song For America.mp3","source":"derivative","bitrate":"188","format":"VBR MP3","original":"01 Song For America.flac","mtime":"1639756273","size":"13663168","md5":"cfcc7fdcaf6205ea431425166749e586","crc32":"cf1897c2","sha1":"aeb48042123edde17952153b55bf2c19f473196d","length":"579.97"},{"name":"01 Song For America.png","source":"derivative","format":"PNG","original":"01 Song For America.flac","mtime":"1639756679","size":"42614","md5":"74e41df2d0b82b4d8e8fa081e036b39e","crc32":"e9bf6bc8","sha1":"70019fd7545e027afbf7cd853299cdb9ef666418"},{"name":"01 Song For America_spectrogram.png","source":"derivative","format":"Spectrogram","original":"01 Song For America.flac","mtime":"1639756813","size":"250306","md5":"ca201c47da3cf66ff84d153f7dd317ee","crc32":"23d158cd","sha1":"1399c2e9f3a5e0d033f0c52d383d750c0f8ed5b2"},{"name":"01-song-for-america_archive.torrent","source":"metadata","btih":"d70792b7eaa94d327673bbe0f0e5d8b07b5fc431","mtime":"1639756877","size":"25901","md5":"1b50daed4da847082d17fae62d37a386","crc32":"7db7b97a","sha1":"e55b256674f61731edf1ee3f97981ee98e4b1a12","format":"Archive BitTorrent"},{"name":"01-song-for-america_files.xml","source":"original","format":"Metadata","md5":"a0111da9ec39af2e0f912673c5333b20","summation":"md5"},{"name":"01-song-for-america_meta.sqlite","source":"original","mtime":"1639756188","size":"40960","md5":"56df83019189e8de3ce1844b0c7a54ff","crc32":"96768884","sha1":"c4ad329870bad9586ec5197bf8c30fa9b91f2a26","format":"Metadata"},{"name":"01-song-for-america_meta.xml","source":"original","mtime":"1639756864","size":"826","md5":"6003af678691cecb246dc83366740eaf","crc32":"78e3fe66","sha1":"2323a8629628040a8294ae6f05310dd8472e7891","format":"Metadata"},{"name":"02 Got To Rock On.flac","source":"original","mtime":"1639755914","size":"19515183","md5":"8158645a2c29d905e54d04bed79d81c5","crc32":"ef358211","sha1":"c0ae02f9e0dded2427dbb67c962be127e268796e","format":"Flac","length":"159.47","viruscheck":"1639756171","track":"02"},{"name":"02 Got To Rock On.mp3","source":"derivative","bitrate":"188","format":"VBR MP3","original":"02 Got To Rock On.flac","mtime":"1639756513","size":"3756066","md5":"94f8428182b0f985e1febc5f71344e2a","crc32":"55563023","sha1":"43888f5ff298b0d54630fab8a9f287d7ad574965","length":"159.5"},{"name":"02 Got To Rock On.png","source":"derivative","format":"PNG","original":"02 Got To Rock On.flac","mtime":"1639756594","size":"45365","md5":"fc4e6d725bcc09f3ba7cd620cc424464","crc32":"6a228531","sha1":"7c5b96c2d1495add7a4768078a2c45c7ca46acf6"},{"name":"02 Got To Rock On_spectrogram.png","source":"derivative","format":"Spectrogram","original":"02 Got To Rock On.flac","mtime":"1639756743","size":"269217","md5":"da7ead86c675a8532bbb0810e3e18b03","crc32":"72ba6424","sha1":"456821958934c7600918a5af98e83e1137ada2fd"},{"name":"03 Paradox.flac","source":"original","mtime":"1639755939","size":"33778871","md5":"5d16e1acaf4c637d88fea11f49156eaa","crc32":"ede54fbe","sha1":"5e93d22db30b95d38b0dc666dffa39233aab048d","format":"Flac","length":"271.12","track":"03"},{"name":"03 Paradox.mp3","source":"derivative","bitrate":"188","format":"VBR MP3","original":"03 Paradox.flac","mtime":"1639756494","size":"6387600","md5":"53630522a6a3a683c450357e83396c4b","crc32":"ffb42588","sha1":"dd9dd223d2350b96a3272ea615a809da927540ae","length":"271.15"},{"name":"03 Paradox.png","source":"derivative","format":"PNG","original":"03 Paradox.flac","mtime":"1639756718","size":"43512","md5":"f89e10316444315e72512f9cb4591ebc","crc32":"ecaf0803","sha1":"151dd7e1736017492c2e2bedf7ea430bc2a0f4bb"},{"name":"03 Paradox_spectrogram.png","source":"derivative","format":"Spectrogram","original":"03 Paradox.flac","mtime":"1639756770","size":"260806","md5":"8f331b8708c870f8888851e8bb0a39e7","crc32":"c6fc93a5","sha1":"a469903d134662f006d86bfc78a12637168b18a1"},{"name":"04 Point Of Know Return.flac","source":"original","mtime":"1639755958","size":"24101273","md5":"3ebee67f9df53204f40c26cbc5ec1440","crc32":"61d77039","sha1":"6e4fb90feaf29efe5383cb4f0817e8f696ae07e6","format":"Flac","length":"195.88","viruscheck":"1639756171","track":"04"},{"name":"04 Point Of Know Return.mp3","source":"derivative","bitrate":"189","format":"VBR MP3","original":"04 Point Of Know Return.flac","mtime":"1639756298","size":"4627703","md5":"afffddc303e2b3755794e93118aee8e5","crc32":"ae671abb","sha1":"56404d2338c5b13ea5eb0c21abb39bcc79a96b91","length":"195.92"},{"name":"04 Point Of Know Return.png","source":"derivative","format":"PNG","original":"04 Point Of Know Return.flac","mtime":"1639756536","size":"44546","md5":"45d6216ee2671b196d709a906642d9fb","crc32":"3a769fec","sha1":"1737927306530a63d210fa908e210b83aae43f8b"},{"name":"04 Point Of Know Return_spectrogram.png","source":"derivative","format":"Spectrogram","original":"04 Point Of Know Return.flac","mtime":"1639756841","size":"267548","md5":"e6d427129162e587817f7bfa11b42251","crc32":"fd402645","sha1":"3b07d7cfc55c0aad678a11f318ac0ef4f52ceab3"},{"name":"05 Dust In The Wind.flac","source":"original","mtime":"1639755982","size":"30435325","md5":"b0d3fa929fe7203d32d842280c17e2b9","crc32":"91240eb0","sha1":"0e7059e823f70ce5d3ecf77973dae6b519c1ab20","format":"Flac","length":"250.96","viruscheck":"1639756171","track":"05"},{"name":"05 Dust In The Wind.mp3","source":"derivative","bitrate":"189","format":"VBR MP3","original":"05 Dust In The Wind.flac","mtime":"1639756429","size":"5942936","md5":"8e8d9176eb3d04518b41aee77fc7a83a","crc32":"758850b3","sha1":"89d6d342bb770afae711fbf46346d39a56150341","length":"251.01"},{"name":"05 Dust In The Wind.png","source":"derivative","format":"PNG","original":"05 Dust In The Wind.flac","mtime":"1639756554","size":"37107","md5":"d7b8dc172ec23f7bcd6f863daf89caf3","crc32":"2cd2fdcc","sha1":"b1987748dcf07e68c6069ecbccac0c13feb5859e"},{"name":"05 Dust In The Wind_spectrogram.png","source":"derivative","format":"Spectrogram","original":"05 Dust In The Wind.flac","mtime":"1639756829","size":"258275","md5":"e8d8a58a5dee4c463093f777bc6bf7c1","crc32":"7c962056","sha1":"efac60d532805a41b56cbd3ae5c7ecb800810d79"},{"name":"06 Miracles Out Of Nowhere.flac","source":"original","mtime":"1639756020","size":"49622459","md5":"cd4f90b48adb90606cad3e6c8811a466","crc32":"8102ba22","sha1":"cbc73d0f8c0ddc84c10ad7ed2f4a1f56e6ba1d08","format":"Flac","length":"400.23","track":"06"},{"name":"06 Miracles Out Of Nowhere.mp3","source":"derivative","bitrate":"188","format":"VBR MP3","original":"06 Miracles Out Of Nowhere.flac","mtime":"1639756465","size":"9418387","md5":"9e7aae867d4b568f62c2cdfef72a9439","crc32":"c1f9dc46","sha1":"ccbd5f629f544e7f7b28366f86b9d5f1d531e8d2","length":"400.27"},{"name":"06 Miracles Out Of Nowhere.png","source":"derivative","format":"PNG","original":"06 Miracles Out Of Nowhere.flac","mtime":"1639756575","size":"40986","md5":"77e2a4d7ff9fa6f09b26122b2aafbc9b","crc32":"535b46b9","sha1":"d64e853785a2eded2595e9aebde470452e5aae8b"},{"name":"06 Miracles Out Of Nowhere_spectrogram.png","source":"derivative","format":"Spectrogram","original":"06 Miracles Out Of Nowhere.flac","mtime":"1639756798","size":"255960","md5":"9fb99b92595a5f2601e5bdee1210e103","crc32":"fb094349","sha1":"8d37edeca6f4f918aa7b4c3e2e49a263e9de5fdd"},{"name":"07 Loner.flac","source":"original","mtime":"1639756037","size":"21850146","md5":"002a0380174df93cbe1b164da81bfa1a","crc32":"138ff768","sha1":"10eda7a32433745037da57174eded45c03596738","format":"Flac","length":"173.13","viruscheck":"1639756171","track":"07"},{"name":"07 Loner.mp3","source":"derivative","bitrate":"188","format":"VBR MP3","original":"07 Loner.flac","mtime":"1639756405","size":"4068406","md5":"1d2a10caa286f25a4c78cc9100be82a6","crc32":"e944d3d6","sha1":"fbe8798a25092f0367d2177b44b08182a4438445","length":"173.17"},{"name":"07 Loner.png","source":"derivative","format":"PNG","original":"07 Loner.flac","mtime":"1639756698","size":"43446","md5":"d2b7bf5b6cd07b904197cbd29e81d2e3","crc32":"1c9d2849","sha1":"40646f7605bd8bcdf9230af2f03c568dd790030e"},{"name":"07 Loner_spectrogram.png","source":"derivative","format":"Spectrogram","original":"07 Loner.flac","mtime":"1639756755","size":"262468","md5":"31d6aa501a57be3ba21b36bacc3f6295","crc32":"7cb91b57","sha1":"4026b31f8304a991f2c3735a88260ebcd7621553"},{"name":"08 Down The Road.flac","source":"original","mtime":"1639756066","size":"34224688","md5":"63e7e2f5710da8e3b19793095fdbf756","crc32":"01175797","sha1":"7dd830f659b2a182925d2ceed867407807aca048","format":"Flac","length":"273.81","track":"08"},{"name":"08 Down The Road.mp3","source":"derivative","bitrate":"188","format":"VBR MP3","original":"08 Down The Road.flac","mtime":"1639756382","size":"6446928","md5":"7408384193a3c3f106ecf7d4cb822c57","crc32":"d4700cd8","sha1":"317cada4e6c13a45d9aff968ef33f59515fc689e","length":"273.84"},{"name":"08 Down The Road.png","source":"derivative","format":"PNG","original":"08 Down The Road.flac","mtime":"1639756613","size":"45152","md5":"77286095762327b16a540a60027dd023","crc32":"078f2d6d","sha1":"81297b299d4e15af98a575eb10b829834bc8e520"},{"name":"08 Down The Road_spectrogram.png","source":"derivative","format":"Spectrogram","original":"08 Down The Road.flac","mtime":"1639756732","size":"259227","md5":"832a3d977166e6e45ec6a5ae5157a048","crc32":"d12afb14","sha1":"c7fcd61d8bb77fa4cb1286cba89cb2e948ea3577"},{"name":"09 Portrait (He Knew).flac","source":"original","mtime":"1639756123","size":"43702190","md5":"ca2a66783c6e0877b5d9e5173c410b10","crc32":"cb883568","sha1":"a0b808569a17f88a050e1794f97240c1ab884472","format":"Flac","length":"346.05","track":"09"},{"name":"09 Portrait (He Knew).mp3","source":"derivative","bitrate":"188","format":"VBR MP3","original":"09 Portrait (He Knew).flac","mtime":"1639756356","size":"8141753","md5":"57b8a26d523257de242102e2813d7040","crc32":"207a69d9","sha1":"5843ab0a67c7941934f1a11d19d3d1ed95bb283a","length":"346.1"},{"name":"09 Portrait (He Knew).png","source":"derivative","format":"PNG","original":"09 Portrait (He Knew).flac","mtime":"1639756654","size":"44679","md5":"e09ba2a12a89c4134f270fb21514ff10","crc32":"5ee5eaef","sha1":"6daa257d99dc60131d1d34d00af802950e8d39ab"},{"name":"09 Portrait (He Knew)_spectrogram.png","source":"derivative","format":"Spectrogram","original":"09 Portrait (He Knew).flac","mtime":"1639756856","size":"251660","md5":"b1331bb79e8ee9b005d1e7af98ae4387","crc32":"dc5fcbe1","sha1":"0ae7c484ed2fbc212733dfd051d1828f09bb4485"},{"name":"10 Carry On Wayward Son.flac","source":"original","mtime":"1639756184","size":"41937090","md5":"e425bd34ed88a2e5632a85508118aee3","crc32":"02bd4a2a","sha1":"16b57c493411848ec7b5273018a36cbec116e911","format":"Flac","length":"334.11","track":"10"},{"name":"10 Carry On Wayward Son.mp3","source":"derivative","bitrate":"188","format":"VBR MP3","original":"10 Carry On Wayward Son.flac","mtime":"1639756326","size":"7879608","md5":"0c223d6138e7496540c129ab41af27fd","crc32":"4d9c54d9","sha1":"5e88ee4421e7a7714f04c7cb41cb28d2d6ca100d","length":"334.16"},{"name":"10 Carry On Wayward Son.png","source":"derivative","format":"PNG","original":"10 Carry On Wayward Son.flac","mtime":"1639756634","size":"43105","md5":"c01dcce5790661be2a35f42627dbab9c","crc32":"ff4ff7e2","sha1":"b827d8fdf3d3795eb3f2ab9289440ff178ab794c"},{"name":"10 Carry On Wayward Son_spectrogram.png","source":"derivative","format":"Spectrogram","original":"10 Carry On Wayward Son.flac","mtime":"1639756783","size":"253929","md5":"10142dc645db7fc3d1846f922ac7b0ec","crc32":"9800ca44","sha1":"94aac41386d0d553f0aff928df452cb4f40da25a"},{"name":"__ia_thumb.jpg","source":"original","mtime":"1639756875","size":"3486","md5":"6771d74844e61927ed203950e5d57ec0","crc32":"c772000f","sha1":"5949fed3afdd4c8a6eec3645c64e8b3fdd4eb389","format":"Item Tile","rotation":"0"}],"files_count":45,"item_last_updated":1639756877,"item_size":445267328,"metadata":{"identifier":"01-song-for-america","mediatype":"audio","collection":["opensource_audio","community"],"creator":"Dutch National Radio KRO - FM broadcast","date":"1981-08-22","description":"Kansas - Sjiwa Sumer Rock Festival<div><br /></div>","scanner":"Internet Archive HTML5 Uploader 1.6.4","subject":["Kansas","live"],"title":"Kansas - Live 08/22/1981","uploader":"ruffo42@hotmail.com","publicdate":"2021-12-17 15:45:00","addeddate":"2021-12-17 15:45:00","curation":"[curator]validator@archive.org[/curator][date]20211217154515[/date][comment]checked for malware[/comment]"},"server":"ia600704.us.archive.org","uniq":244755409,"workable_servers":["ia600704.us.archive.org","ia800704.us.archive.org"]}