{"alternate_locations":{"servers":[{"server":"dn710000.ca.archive.org","dir":"/0/items/01-stargazer"}],"workable":[{"server":"dn710000.ca.archive.org","dir":"/0/items/01-stargazer"}]},"created":1767567054,"d1":"ia601501.us.archive.org","d2":"ia801501.us.archive.org","dir":"/19/items/01-stargazer","files":[{"name":"01 - Stargazer.flac","source":"original","mtime":"1660869802","size":"192232066","md5":"d62d2d418c88dd16c549789211b9889a","crc32":"f9f11711","sha1":"e116553e6823c8f9eab1c448d49f40653b8bcfa0","format":"24bit Flac","length":"511.53","title":"Stargazer","creator":"Castle Donnington","album":"Monsters Of Rock","track":"01","artist":"Castle Donnington","genre":"Hard Rock","comment":"Final Master"},{"name":"01 - Stargazer.mp3","source":"derivative","creator":"Castle Donnington","title":"Stargazer","track":"01","album":"Monsters Of Rock","genre":"Hard Rock","bitrate":"184","format":"VBR MP3","original":"01 - Stargazer.flac","mtime":"1660872405","size":"11902100","md5":"fd5a9121311cdd57918e05133d52ec01","crc32":"c34b59c5","sha1":"a85567290b5c6b69a2ba4544299d8b4878978cef","length":"511.56"},{"name":"01 - Stargazer.png","source":"derivative","format":"PNG","original":"01 - Stargazer.flac","mtime":"1660873466","size":"36315","md5":"a842a8040609f2bce60f17fc2b68bbdf","crc32":"ee872454","sha1":"8d9d360cd57f5d27bec87c54144841a6b420f4b1"},{"name":"01 - Stargazer_spectrogram.png","source":"derivative","format":"Spectrogram","original":"01 - Stargazer.flac","mtime":"1660874155","size":"279824","md5":"8793fc6d460ddc9ad7a3e6082526a564","crc32":"9600f6d1","sha1":"aa8bdd756f7a1555439e01337542400411cc7ff5"},{"name":"01-stargazer_archive.torrent","source":"metadata","btih":"1ef21b0f84f5df69a25767e80e172165cb6191ce","mtime":"1660963486","size":"31660","md5":"4e627dac462e325178408eb5ed570196","crc32":"ae6a25ec","sha1":"52c5ca2964bcdc9d374431d75ef3c876bfbecbbb","format":"Archive BitTorrent"},{"name":"01-stargazer_files.xml","source":"original","format":"Metadata","md5":"0642fad6fbeba3f6e966f4da525ebf79","summation":"md5"},{"name":"01-stargazer_meta.sqlite","source":"original","mtime":"1660871918","size":"77824","md5":"d8a712b6ebff6901656b5ba63b490c98","crc32":"c4fc4a26","sha1":"d89f29b4151b694ebdc9df7a0bac115a87f98b08","format":"Metadata"},{"name":"01-stargazer_meta.xml","source":"original","mtime":"1660963467","size":"1167","md5":"be3e037236ecf488e1abf041d9df57c8","crc32":"50659fe8","sha1":"c8f396cf19266a9db8649c50e2ad3d0c51482d8a","format":"Metadata"},{"name":"02 - Loving You Sunday Morning.flac","source":"original","mtime":"1660870102","size":"119841113","md5":"317ea77168983434078d1391a89e8a50","crc32":"2ee5da71","sha1":"8c9afc480fd2af8db55f247011c5ac543fe2935d","format":"24bit Flac","length":"321.09","title":"Loving You Sunday Morning","creator":"Castle Donnington","album":"Monsters Of Rock","track":"02","artist":"Castle Donnington","genre":"Hard Rock","comment":"Final Master"},{"name":"02 - Loving You Sunday Morning.mp3","source":"derivative","creator":"Castle Donnington","title":"Loving You Sunday Morning","track":"02","album":"Monsters Of Rock","genre":"Hard Rock","bitrate":"192","format":"VBR MP3","original":"02 - Loving You Sunday Morning.flac","mtime":"1660873343","size":"7819310","md5":"7253a57c19091f2b219ca09c042a75ff","crc32":"d59800bf","sha1":"7bf3dd4016b772c77c9fed2bb867f8a0ffb3cde7","length":"321.12"},{"name":"02 - Loving You Sunday Morning.png","source":"derivative","format":"PNG","original":"02 - Loving You Sunday Morning.flac","mtime":"1660873533","size":"39527","md5":"376ba51c0885fc5933937a4bf5ad54fd","crc32":"bbff17c2","sha1":"82ecf095aa962b22658eb352bd51628424aff7ef"},{"name":"02 - Loving You Sunday Morning_spectrogram.png","source":"derivative","format":"Spectrogram","original":"02 - Loving You Sunday Morning.flac","mtime":"1660874628","size":"294773","md5":"9acbed0c3df999d0f952554e82339cec","crc32":"94b96302","sha1":"8ebc71f3676e26edd276a582b95011e5aa258cce"},{"name":"03 - Another Piece Of Meat.flac","source":"original","mtime":"1660870411","size":"119089342","md5":"32ba2ab684e396ada408d81988ed6134","crc32":"b0db4434","sha1":"ce29491b7acd2d897327e6a2124331e8ae2fe902","format":"24bit Flac","length":"307.63","title":"Another Piece Of Meat","creator":"Castle Donnington","album":"Monsters Of Rock","track":"03","artist":"Castle Donnington","genre":"Hard Rock","comment":"Final Master"},{"name":"03 - Another Piece Of Meat.mp3","source":"derivative","creator":"Castle Donnington","title":"Another Piece Of Meat","track":"03","album":"Monsters Of Rock","genre":"Hard Rock","bitrate":"190","format":"VBR MP3","original":"03 - Another Piece Of Meat.flac","mtime":"1660872549","size":"7432423","md5":"ed2608ac5e57f7723614caf4435b24c7","crc32":"b0435fc6","sha1":"228416a0300da646534c48ee050b1836d4cf5da0","length":"307.66"},{"name":"03 - Another Piece Of Meat.png","source":"derivative","format":"PNG","original":"03 - Another Piece Of Meat.flac","mtime":"1660873610","size":"41050","md5":"cc6f02d2a79f71082be8d53b88ddc8dd","crc32":"05556476","sha1":"05e518c52cb65b6ce827f154cee3c203764d40bd"},{"name":"03 - Another Piece Of Meat_spectrogram.png","source":"derivative","format":"Spectrogram","original":"03 - Another Piece Of Meat.flac","mtime":"1660874537","size":"299458","md5":"6449347b2dd263a7eee436a0998b9d7c","crc32":"16aa7015","sha1":"b547e9cc0c7c49a048910dcd01ac8354a9feeb1e"},{"name":"04 - Backs To The Wall.flac","source":"original","mtime":"1660870605","size":"86115414","md5":"ea25b9552882fe8c46d7bcfb1fae8aed","crc32":"3bc13c27","sha1":"0b7d057bec3e33fc76d59e42f2765d5a63b961c3","format":"24bit Flac","length":"226.31","title":"Backs To The Wall","creator":"Castle Donnington","album":"Monsters Of Rock","track":"04","artist":"Castle Donnington","genre":"Hard Rock","comment":"Final Master"},{"name":"04 - Backs To The Wall.mp3","source":"derivative","creator":"Castle Donnington","title":"Backs To The Wall","track":"04","album":"Monsters Of Rock","genre":"Hard Rock","bitrate":"187","format":"VBR MP3","original":"04 - Backs To The Wall.flac","mtime":"1660872670","size":"5408637","md5":"5810c777d587d8467ba81a3557281c6c","crc32":"e667f4a9","sha1":"2d2cd28deebfa3cb01bc4696275693bb49df8d50","length":"226.34"},{"name":"04 - Backs To The Wall.png","source":"derivative","format":"PNG","original":"04 - Backs To The Wall.flac","mtime":"1660873677","size":"37422","md5":"4abec9849ab761dbc5071233cfc316d8","crc32":"6f8c7272","sha1":"b350384834175222ec4974ccdbe36bfe097dc257"},{"name":"04 - Backs To The Wall_spectrogram.png","source":"derivative","format":"Spectrogram","original":"04 - Backs To The Wall.flac","mtime":"1660874386","size":"303665","md5":"99bc59cebe3045b72cfd465ad4a0d2ed","crc32":"444b5d17","sha1":"c7317e07aac773e6c145795f8c118acece4f1166"},{"name":"05 - All Night Long.flac","source":"original","mtime":"1660870997","size":"177539010","md5":"342770d9927d861a86177a236ae3a85a","crc32":"80f2648c","sha1":"084292d4cb9d55f26f236ec33969f9b3c8df63b8","format":"24bit Flac","length":"478.61","title":"All Night Long","creator":"Castle Donnington","album":"Monsters Of Rock","track":"05","artist":"Castle Donnington","genre":"Hard Rock","comment":"Final Master"},{"name":"05 - All Night Long.mp3","source":"derivative","creator":"Castle Donnington","title":"All Night Long","track":"05","album":"Monsters Of Rock","genre":"Hard Rock","bitrate":"179","format":"VBR MP3","original":"05 - All Night Long.flac","mtime":"1660872829","size":"10804857","md5":"5de467141d633a8d72237935eb7d9f51","crc32":"e95d2a76","sha1":"0060e80ad175c381399c97f0e525e4992820e066","length":"478.63"},{"name":"05 - All Night Long.png","source":"derivative","format":"PNG","original":"05 - All Night Long.flac","mtime":"1660873840","size":"40974","md5":"80edb7c46523ffece3c01d93e6b298c2","crc32":"c47cd939","sha1":"7beba477edef461200c33e48437d3e31fa03590a"},{"name":"05 - All Night Long_spectrogram.png","source":"derivative","format":"Spectrogram","original":"05 - All Night Long.flac","mtime":"1660874656","size":"281641","md5":"fb9f2e74064ce23070bb933170ca7fcb","crc32":"93038521","sha1":"3082d949e18624766d5b3c0507c8b66ad7a8343e"},{"name":"06 - I Like To Rock.flac","source":"original","mtime":"1660871237","size":"98147176","md5":"b5e7ef42c720edc1bf31e0220381fea6","crc32":"a127cdf0","sha1":"74f72f71138541b7d939b183ae17bc261476dfb0","format":"24bit Flac","length":"260.05","title":"I Like To Rock","creator":"Castle Donnington","album":"Monsters Of Rock","track":"06","artist":"Castle Donnington","genre":"Hard Rock","comment":"Final Master"},{"name":"06 - I Like To Rock.mp3","source":"derivative","creator":"Castle Donnington","title":"I Like To Rock","track":"06","album":"Monsters Of Rock","genre":"Hard Rock","bitrate":"189","format":"VBR MP3","original":"06 - I Like To Rock.flac","mtime":"1660873274","size":"6255480","md5":"0d817c494edfd8e55518928030754b1a","crc32":"20ab27f4","sha1":"d12f7eaf63a381fddda41534d562c375c2bcdc4f","length":"260.09"},{"name":"06 - I Like To Rock.png","source":"derivative","format":"PNG","original":"06 - I Like To Rock.flac","mtime":"1660873895","size":"40754","md5":"fc204ce6dc744c9dee720375dd54c860","crc32":"65b449ab","sha1":"26e4b6355e652178e1a8c8bd9902eda6942fa6d8"},{"name":"06 - I Like To Rock_spectrogram.png","source":"derivative","format":"Spectrogram","original":"06 - I Like To Rock.flac","mtime":"1660874078","size":"306780","md5":"022c2ba798f93aa6b29ea1d8c4e58af9","crc32":"2166a103","sha1":"4b09e4f4280cde97f9bffa8362d1768d7435e9bd"},{"name":"07 - Don't Ya Know What Love Is.flac","source":"original","mtime":"1660871482","size":"94710860","md5":"ed2423fc5f079daaace68be468721e83","crc32":"c241af94","sha1":"14be856790ec62719f769858e749d0a4e0268ffc","format":"24bit Flac","length":"241.36","title":"Don't Ya Know What Love Is?","creator":"Castle Donnington","album":"Monsters Of Rock","track":"07","artist":"Castle Donnington","genre":"Hard Rock","comment":"Final Master"},{"name":"07 - Don't Ya Know What Love Is.mp3","source":"derivative","creator":"Castle Donnington","title":"Don't Ya Know What Love Is?","track":"07","album":"Monsters Of Rock","genre":"Hard Rock","bitrate":"185","format":"VBR MP3","original":"07 - Don't Ya Know What Love Is.flac","mtime":"1660873167","size":"5695590","md5":"1493566f54629a9a985d8a0b72143026","crc32":"9ff1f19a","sha1":"594a6a8f4a540f9e641978ee4b58d490a53b89c8","length":"241.39"},{"name":"07 - Don't Ya Know What Love Is.png","source":"derivative","format":"PNG","original":"07 - Don't Ya Know What Love Is.flac","mtime":"1660873747","size":"42617","md5":"a6d09c2bfd068118058aacf43a7e5c35","crc32":"9610d617","sha1":"fdb5bbb5ac218b5b52ae8c141b45c1828c7d84ae"},{"name":"07 - Don't Ya Know What Love Is_spectrogram.png","source":"derivative","format":"Spectrogram","original":"07 - Don't Ya Know What Love Is.flac","mtime":"1660874279","size":"315822","md5":"476cc05316ea1879d2c315bd7952bbec","crc32":"696ff11b","sha1":"6819c93db924f57ae07184585079e0851e41394d"},{"name":"08 - Road Racin'.flac","source":"original","mtime":"1660871895","size":"175537489","md5":"5f81a4d7bc311c0dc8bb3fd5d5e367d5","crc32":"3e31dbbf","sha1":"0d0f418ced564a1f9f90476fe86a29e7bc1a28fe","format":"24bit Flac","length":"475.87","title":"Road Racin'","creator":"Castle Donnington","album":"Monsters Of Rock","track":"08","artist":"Castle Donnington","genre":"Hard Rock","comment":"Final Master"},{"name":"08 - Road Racin'.mp3","source":"derivative","creator":"Castle Donnington","title":"Road Racin'","track":"08","album":"Monsters Of Rock","genre":"Hard Rock","bitrate":"190","format":"VBR MP3","original":"08 - Road Racin'.flac","mtime":"1660872739","size":"11436253","md5":"dc700a51a986b98cf20b1c4d7bb4357c","crc32":"254898c8","sha1":"556b54dec9f1c6ae920102f268fc1d5a2d78f2d1","length":"475.9"},{"name":"08 - Road Racin'.png","source":"derivative","format":"PNG","original":"08 - Road Racin'.flac","mtime":"1660873953","size":"40589","md5":"46a82effb5a21f13c2467b371bdc48c1","crc32":"597ecd44","sha1":"e7f5e433792d7125d2f74f13e47b3ce7c2167e2b"},{"name":"08 - Road Racin'_spectrogram.png","source":"derivative","format":"Spectrogram","original":"08 - Road Racin'.flac","mtime":"1660874607","size":"315299","md5":"ddbb8d462a59b512d0e7da9139ac3f6d","crc32":"924e55ab","sha1":"28f6f05d5500cbe33cb22cd4b2eed71a3cd95e8b"},{"name":"Castle Donnington Monsters Of Rock.rtf","source":"original","mtime":"1660871897","size":"674","md5":"eb120f8c7d35cef2befca2fd68a06417","crc32":"107dd2e1","sha1":"0a3c89b2ce6074425142bb0974daff4fc945e640","format":"Rich Text Format","viruscheck":"1660872246"},{"name":"Monsters Of Rock - Castle Donnington - LP 01 back cover.jpg","source":"original","mtime":"1660871906","size":"831946","md5":"efeb7cea8a232b80608324efb3a40dfc","crc32":"8a0f2a06","sha1":"efbe2dba2431e04a39064523666d27df9788adf4","format":"JPEG","rotation":"0"},{"name":"Monsters Of Rock - Castle Donnington - LP 01 back cover_thumb.jpg","source":"derivative","format":"JPEG Thumb","original":"Monsters Of Rock - Castle Donnington - LP 01 back cover.jpg","mtime":"1660963460","size":"9385","md5":"e239fa7145cd5b0eb0f628fc0dfa405f","crc32":"1e919006","sha1":"0a38de603566fa8649549109d3c19ca37c43156a"},{"name":"Monsters Of Rock - Castle Donnington - LP 02 front cover.jpg","source":"original","mtime":"1660871910","size":"893100","md5":"2846764dca4fff20163309c13cc1eb8b","crc32":"6f067845","sha1":"b112efd7a5315cadd94ea661ca9a6c21a583188c","format":"JPEG","rotation":"0"},{"name":"Monsters Of Rock - Castle Donnington - LP 02 front cover_thumb.jpg","source":"derivative","format":"JPEG Thumb","original":"Monsters Of Rock - Castle Donnington - LP 02 front cover.jpg","mtime":"1660963466","size":"8998","md5":"42a0f44a168e36bee7b6ebca947acbdd","crc32":"ade2d896","sha1":"442adbf01c26b289d6b2735c1b959d304a18d94b"},{"name":"Monsters Of Rock - Castle Donnington - LP back cover_thumb.jpg","source":"derivative","format":"JPEG Thumb","original":"Monsters Of Rock - Castle Donnington - LP 01 back cover.jpg","mtime":"1660873373","size":"9385","md5":"e239fa7145cd5b0eb0f628fc0dfa405f","crc32":"1e919006","sha1":"0a38de603566fa8649549109d3c19ca37c43156a"},{"name":"Monsters Of Rock - Castle Donnington - LP front cover_thumb.jpg","source":"derivative","format":"JPEG Thumb","original":"Monsters Of Rock - Castle Donnington - LP 02 front cover.jpg","mtime":"1660873380","size":"8998","md5":"42a0f44a168e36bee7b6ebca947acbdd","crc32":"ade2d896","sha1":"442adbf01c26b289d6b2735c1b959d304a18d94b"},{"name":"Monsters Of Rock - Castle Donnington - side 1.jpg","source":"original","mtime":"1660871912","size":"201879","md5":"970cb7cee49e76a54ef0a8f221a33855","crc32":"9ae42034","sha1":"e502ab13c573e2f6ef8092f1b287851f70908fed","format":"JPEG","rotation":"0"},{"name":"Monsters Of Rock - Castle Donnington - side 1_thumb.jpg","source":"derivative","format":"JPEG Thumb","original":"Monsters Of Rock - Castle Donnington - side 1.jpg","mtime":"1660873383","size":"9315","md5":"3ae306001b7072e8a15eac444c7c2dcd","crc32":"5a0b1b65","sha1":"982ee9a5f50f33310d2bb1255d006dcd23f9f2e6"},{"name":"Monsters Of Rock - Castle Donnington - side 2.jpg","source":"original","mtime":"1660871914","size":"184288","md5":"2526acb0aa3e381953afc80bdaf76c37","crc32":"7b7b1748","sha1":"3d52177bbe5bba1447950efdd70cc0924097a106","format":"JPEG","rotation":"0"},{"name":"Monsters Of Rock - Castle Donnington - side 2_thumb.jpg","source":"derivative","format":"JPEG Thumb","original":"Monsters Of Rock - Castle Donnington - side 2.jpg","mtime":"1660873376","size":"8934","md5":"5e4062ee2bae3bf696fa90adcc55e976","crc32":"076bd359","sha1":"7fe3c38281194a2a520639f67fdbb677aab3d735"},{"name":"__ia_thumb.jpg","source":"original","mtime":"1660871927","size":"13694","md5":"a9ffcd075825694cfe83dd05d6fbfeb5","crc32":"ff4fe001","sha1":"b13c2c31bdd5e90c8b413e747932ead20761d860","format":"Item Tile","rotation":"0"},{"name":"foo_dr.txt","source":"original","mtime":"1660871901","size":"1275","md5":"b0ba4db7da4f6da847393cf5c4691d75","crc32":"b10061da","sha1":"b5f5490809255badb3d73f3ad6167f4e14210cdb","format":"Text","viruscheck":"1660872246"}],"files_count":49,"item_last_updated":1660963486,"item_size":1134976152,"metadata":{"identifier":"01-stargazer","mediatype":"audio","collection":["opensource_audio","community"],"date":"1980-08-16","description":"Monsters of Rock was an annual hard rock and heavy metal music festival held in Castle Donington, England from 1980 to 1996, every year except 1989 and 1993. It later expanded to other locations such as the Netherlands, Poland, Spain and Italy, Germany, France, Sweden, Argentina, Brazil, Chile, the United States and the Soviet Union.","scanner":"Internet Archive HTML5 Uploader 1.7.0","subject":["music fest","hard rock","heavy rock","1980","Castle Donington"],"title":"Monsters Of Rock - Castle Donnington ","uploader":"interceptorv45@gmail.com","publicdate":"2022-08-19 00:43:47","addeddate":"2022-08-19 00:43:47","curation":"[curator]validator@archive.org[/curator][date]20220819004415[/date][comment]checked for malware[/comment]","year":"1980"},"server":"ia801501.us.archive.org","uniq":706949307,"workable_servers":["ia801501.us.archive.org","ia601501.us.archive.org"]}