{"alternate_locations":{"servers":[{"server":"dn720309.ca.archive.org","dir":"/0/items/01-track-01_20231102"}],"workable":[{"server":"dn720309.ca.archive.org","dir":"/0/items/01-track-01_20231102"}]},"created":1767567066,"d1":"ia601601.us.archive.org","d2":"ia801601.us.archive.org","dir":"/23/items/01-track-01_20231102","files":[{"name":"01 Track 01.flac","source":"derivative","format":"Flac","original":"01 Track 01.wav","mtime":"1698938673","size":"174032376","md5":"c28df2640fb66384f15858f209be4f99","crc32":"7dc5c961","sha1":"d774ffeb906895d41fba1c6c7696922fa46d2714","length":"2783.68"},{"name":"01 Track 01.mp3","source":"derivative","bitrate":"130","length":"46:24","format":"VBR MP3","original":"01 Track 01.wav","mtime":"1698938581","size":"45413738","md5":"0d92281db75bbac1edf6de807b690c8d","crc32":"e1ae1410","sha1":"bcafbd5bf73cc52786fdd12934366f38bfa078a8"},{"name":"01 Track 01.png","source":"derivative","format":"PNG","original":"01 Track 01.wav","mtime":"1698938787","size":"34125","md5":"e86d74570a0a6c82b1c0a0854310e122","crc32":"062f527d","sha1":"035c7f3fc03cc90830d5f54e68d3462b12b27970"},{"name":"01 Track 01.wav","source":"original","mtime":"1698938158","size":"491041196","md5":"bd4b113d67423a0adca29a9cfc4909a4","crc32":"3485e288","sha1":"0f1ad219f921c5c0a3f7e3a436da122aaf0a9402","format":"WAVE","length":"2783.68","track":"01"},{"name":"01 Track 01_spectrogram.png","source":"derivative","format":"Spectrogram","original":"01 Track 01.wav","mtime":"1698938889","size":"261485","md5":"db6004bca23955cf9290e7c838b04d0f","crc32":"855b16e9","sha1":"4a36e334d4cac17be4036b4067d8cf15387cbfe4"},{"name":"01-track-01_20231102_archive.torrent","source":"metadata","btih":"a7509f9fa0ed3fa6a3b96fc4df48df9c602492ba","mtime":"1698938954","size":"29690","md5":"a1a19d7a96b3b5b83bef515639127e7c","crc32":"5e98f050","sha1":"9eb2fb27888fda111dbad72533999ebbfddfc477","format":"Archive BitTorrent"},{"name":"01-track-01_20231102_files.xml","source":"original","format":"Metadata","md5":"845f3f557c90dfe924c4a5711237bab6","summation":"md5"},{"name":"01-track-01_20231102_meta.sqlite","source":"original","mtime":"1698938184","size":"20480","md5":"f39ea85636e8f666fac7b70a6b16bf43","crc32":"491db849","sha1":"1c98d3e28a938e7b4ab51ec9d8dff7ec7fd14087","format":"Metadata"},{"name":"01-track-01_20231102_meta.xml","source":"original","mtime":"1698938944","size":"1133","md5":"3ca4a6a71556879039f718e805efe6a0","crc32":"687cecc4","sha1":"c82d141196f6d1e28c3c83289cb214da2ddc79e6","format":"Metadata"},{"name":"__ia_thumb.jpg","source":"original","mtime":"1698938952","size":"3436","md5":"f31a7cf8f494938bf7eff36f3ba4e6db","crc32":"f41d2cae","sha1":"d58c8afacb8145a81a71b7fb242a629201b19cf6","format":"Item Tile","rotation":"0"}],"files_count":10,"item_last_updated":1698938954,"item_size":710837659,"metadata":{"identifier":"01-track-01_20231102","mediatype":"audio","collection":"opensource_audio","creator":"unknown","date":"1986","description":"<span style=\"color:rgb(44,44,44);font-family:'Helvetica Neue', Helvetica, Arial, sans-serif;font-size:14px;background-color:rgb(255,255,255);\">This is a recording I made at home of a WLFM radio broadcast.  Several of my friends had shows on Lawrence University's radio station.  This series is dedicated to CAF.  Enjoy!</span>","language":"eng","licenseurl":"https://creativecommons.org/publicdomain/mark/1.0/","scanner":"Internet Archive HTML5 Uploader 1.7.0","subject":"1980s punk rock show wlfm","title":"1980s WLFM Punk Rock Show Tape 4","uploader":"jason42olson@gmail.com","publicdate":"2023-11-02 15:16:15","addeddate":"2023-11-02 15:16:15","curation":"[curator]validator@archive.org[/curator][date]20231102151640[/date][comment]checked for malware[/comment]"},"server":"ia801601.us.archive.org","uniq":396656506,"workable_servers":["ia801601.us.archive.org","ia601601.us.archive.org"]}