{"alternate_locations":{"servers":[{"server":"dn721904.ca.archive.org","dir":"/0/items/01-the-dark-force"}],"workable":[{"server":"dn721904.ca.archive.org","dir":"/0/items/01-the-dark-force"}]},"created":1767564449,"d1":"ia600407.us.archive.org","d2":"ia800407.us.archive.org","dir":"/8/items/01-the-dark-force","files":[{"name":"01 - The Dark Force.flac","source":"original","mtime":"1714959145","size":"6976501","md5":"f8a9683fee8cc85a9161210f996b92cc","crc32":"bb1b3be5","sha1":"cba24b002d26fef9e0920582c391783a6a540be4","format":"Flac","length":"89.53","viruscheck":"1714959717","title":"The Dark Force","creator":"Houseside","album":"E.S.P.","track":"01","artist":"Houseside","genre":"Indie"},{"name":"01 - The Dark Force.mp3","source":"derivative","creator":"Houseside","title":"The Dark Force","track":"01","album":"E.S.P.","genre":"Indie","bitrate":"193","length":"01:30","format":"VBR MP3","original":"01 - The Dark Force.flac","mtime":"1714961187","size":"2282805","md5":"e2ef1aca493b59ade218f91a16081f44","crc32":"4c87302c","sha1":"458896e058be976a1f73275639e978f7646bb887"},{"name":"01 - The Dark Force.png","source":"derivative","format":"PNG","original":"01 - The Dark Force.flac","mtime":"1714962778","size":"37714","md5":"5eccd5fb3f61f115d9dace18d84946f2","crc32":"fa971f09","sha1":"3de4defd722f792d46f62f70e3ba52dd28c99592"},{"name":"01 - The Dark Force_spectrogram.png","source":"derivative","format":"Spectrogram","original":"01 - The Dark Force.flac","mtime":"1714965996","size":"259540","md5":"811e90c8731653d23381c976b994633d","crc32":"6f24243a","sha1":"509c8b0a2faaf5ae5e567d90fbbfe958e367c854"},{"name":"01-the-dark-force_archive.torrent","source":"metadata","btih":"d643e0bcbe0e17cd87c11240221f055ae0355354","mtime":"1714966399","size":"20294","md5":"d57458be16c3808975f5a3e9adfd705c","crc32":"ca132c4a","sha1":"c7c6775cd8fa83d145f61cd61332341b9e9a6b38","format":"Archive BitTorrent"},{"name":"01-the-dark-force_files.xml","source":"original","format":"Metadata","md5":"b54cb751144c5fcd7b15915f7563fcbf","summation":"md5"},{"name":"01-the-dark-force_meta.sqlite","source":"original","mtime":"1714960319","size":"69632","md5":"c8810f4665f064048ad2ea776211cba5","crc32":"9f3ac4b2","sha1":"c6493511c1127fa0dee75cd1a3d2431d89de9746","format":"Metadata"},{"name":"01-the-dark-force_meta.xml","source":"original","mtime":"1714966373","size":"3574","md5":"c6100535a0fa8cbd2ffb88168c0673b4","crc32":"c824998b","sha1":"fd276796b3a8b2d7e08956648f813258c9c6756f","format":"Metadata"},{"name":"02 - A Rising Soul.flac","source":"original","mtime":"1714959285","size":"25442094","md5":"c5fdbc0bc394deca2ef6d34995819a12","crc32":"9577f4ac","sha1":"48345eec9bda3abb82903c746460bd337f610888","format":"Flac","length":"243.4","viruscheck":"1714959717","title":"A Rising Soul","creator":"Houseside","album":"E.S.P.","track":"02","artist":"Houseside","genre":"Indie"},{"name":"02 - A Rising Soul.mp3","source":"derivative","creator":"Houseside","title":"A Rising Soul","track":"02","album":"E.S.P.","genre":"Indie","bitrate":"194","length":"04:03","format":"VBR MP3","original":"02 - A Rising Soul.flac","mtime":"1714962467","size":"6028334","md5":"5ec2e4f5793b91c749dc4f691c698ac0","crc32":"79fcb878","sha1":"656a201acd1f9e7f8a0b2a318a58306c7cfc73d5"},{"name":"02 - A Rising Soul.png","source":"derivative","format":"PNG","original":"02 - A Rising Soul.flac","mtime":"1714963637","size":"38126","md5":"94522efd9c78e67a5894a1f7d9daba91","crc32":"c871a67d","sha1":"d711c44999b9f4cc070d5b49e190398a72306335"},{"name":"02 - A Rising Soul_spectrogram.png","source":"derivative","format":"Spectrogram","original":"02 - A Rising Soul.flac","mtime":"1714965196","size":"308788","md5":"2719e3dcbc7bd6d6070d7fc6bcdbae22","crc32":"bfa82e79","sha1":"08ef58552ea06701258ea8f66e0c3725bae158c9"},{"name":"03 - Ultra-Violet Spirit.flac","source":"original","mtime":"1714959425","size":"29858150","md5":"72174417c352c7f9466f4e7895ceac48","crc32":"4744f300","sha1":"99782850dff3e5aa2996178d9d0af81276aa2553","format":"Flac","length":"300.64","viruscheck":"1714959717","title":"Ultra-Violet Spirit","creator":"Houseside","album":"E.S.P.","track":"03","artist":"Houseside","genre":"Indie"},{"name":"03 - Ultra-Violet Spirit.mp3","source":"derivative","creator":"Houseside","title":"Ultra-Violet Spirit","track":"03","album":"E.S.P.","genre":"Indie","bitrate":"210","length":"05:01","format":"VBR MP3","original":"03 - Ultra-Violet Spirit.flac","mtime":"1714962332","size":"8018001","md5":"520120efcecef940f06286fc7d4cec5d","crc32":"9a7877c2","sha1":"7d06f5a87327f776be6810422e4c1b05e181ae33"},{"name":"03 - Ultra-Violet Spirit.png","source":"derivative","format":"PNG","original":"03 - Ultra-Violet Spirit.flac","mtime":"1714963855","size":"33278","md5":"9f56589deed48e4fff122f8565c07b2c","crc32":"bfb430f3","sha1":"ed6524bfe3251dc23317251f68311938b5b05eec"},{"name":"03 - Ultra-Violet Spirit_spectrogram.png","source":"derivative","format":"Spectrogram","original":"03 - Ultra-Violet Spirit.flac","mtime":"1714965367","size":"302638","md5":"224e9556dcd8570be3f6d625226271df","crc32":"ec017ee8","sha1":"2cf6714dc51cd761637fe5f5dc1898f78402bcda"},{"name":"04 - Clear Gears.flac","source":"original","mtime":"1714959675","size":"52182530","md5":"05a21a2b78fd0285ba17835f502a5f84","crc32":"de627a88","sha1":"df42e59987f17948e54ac00d29bee665c9f4eedc","format":"Flac","length":"540.09","title":"Clear Gears","creator":"Houseside","album":"E.S.P.","track":"04","artist":"Houseside","genre":"Indie"},{"name":"04 - Clear Gears.mp3","source":"derivative","creator":"Houseside","title":"Clear Gears","track":"04","album":"E.S.P.","genre":"Indie","bitrate":"199","length":"09:00","format":"VBR MP3","original":"04 - Clear Gears.flac","mtime":"1714961464","size":"13562900","md5":"97355cbb27c0dee434201f07f14f117d","crc32":"b9f7ca1f","sha1":"2b4ae95b583fcf98a9c7cca2960629d7f41ad7eb"},{"name":"04 - Clear Gears.png","source":"derivative","format":"PNG","original":"04 - Clear Gears.flac","mtime":"1714963403","size":"35276","md5":"09adbd89c1f9ccc9c6bbbb6f6ec91b07","crc32":"8daf2e07","sha1":"8d229f29b6bb52485db2fbe6a94b20a75be21d60"},{"name":"04 - Clear Gears_spectrogram.png","source":"derivative","format":"Spectrogram","original":"04 - Clear Gears.flac","mtime":"1714966179","size":"321285","md5":"b6ba457f01c5e180e679efa286340207","crc32":"c4a2fbea","sha1":"73c953a0c0bef45f5b10e18931f550fc9df18526"},{"name":"05 - Bad Wound.flac","source":"original","mtime":"1714959860","size":"40537293","md5":"2f241cd5c6646f5939e4e5e147e48229","crc32":"de926e4d","sha1":"f2f8c7d3d8adafaf536112d13a13ca644eb0fcf5","format":"Flac","length":"398.57","title":"Bad Wound","creator":"Houseside","album":"E.S.P.","track":"05","artist":"Houseside","genre":"Indie"},{"name":"05 - Bad Wound.mp3","source":"derivative","creator":"Houseside","title":"Bad Wound","track":"05","album":"E.S.P.","genre":"Indie","bitrate":"187","length":"06:39","format":"VBR MP3","original":"05 - Bad Wound.flac","mtime":"1714962193","size":"9421768","md5":"3a1fab235bd22afedd8d05cc9d1567b2","crc32":"02499184","sha1":"8fbd8dde841b3771a50980b64b70b45524e13a2b"},{"name":"05 - Bad Wound.png","source":"derivative","format":"PNG","original":"05 - Bad Wound.flac","mtime":"1714963203","size":"36744","md5":"997639a1b1cf172cd8d3569a360cf5e8","crc32":"bd0a5223","sha1":"8dc4dadb4089e9e8773c8f1b89a33817793db584"},{"name":"05 - Bad Wound_spectrogram.png","source":"derivative","format":"Spectrogram","original":"05 - Bad Wound.flac","mtime":"1714965809","size":"308333","md5":"dee3ffd9337e91b40c7634a3bedd84d5","crc32":"16ebed4c","sha1":"cb67e3ccce8b71774bee9d1b3627f8dc580fa947"},{"name":"06 - Jewel.flac","source":"original","mtime":"1714960007","size":"32977366","md5":"c4f159162042ef458562d8b4f80470db","crc32":"d3b03c5c","sha1":"7f7695047611f6739be674153c9f19e872cfb7a5","format":"Flac","length":"467.73","title":"Jewel","creator":"Houseside","album":"E.S.P.","track":"06","artist":"Houseside","genre":"Indie"},{"name":"06 - Jewel.mp3","source":"derivative","creator":"Houseside","title":"Jewel","track":"06","album":"E.S.P.","genre":"Indie","bitrate":"171","length":"07:48","format":"VBR MP3","original":"06 - Jewel.flac","mtime":"1714962028","size":"10106951","md5":"694bc2bf4e250e3931dd3cb5e7d0d042","crc32":"12731fa5","sha1":"4bf9a4a6549a2f9184ad6e1e9c0f8f9f589185c0"},{"name":"06 - Jewel.png","source":"derivative","format":"PNG","original":"06 - Jewel.flac","mtime":"1714962935","size":"35128","md5":"a24fa2ce7c9855f59a7c92f35e835e5c","crc32":"05aa861c","sha1":"e6abb299f7226d5e4a07ba63c268451fbba95185"},{"name":"06 - Jewel_spectrogram.png","source":"derivative","format":"Spectrogram","original":"06 - Jewel.flac","mtime":"1714964630","size":"297105","md5":"7f54ef0ff7a28edd180099cf89debd8d","crc32":"405fae59","sha1":"dc80389d219d59abf1db04db05df4a37d2a26c1c"},{"name":"07 - E.S.P..flac","source":"original","mtime":"1714960178","size":"38936140","md5":"27e19509ee08cd8d9bcd0d10adfbe325","crc32":"90f5c071","sha1":"8c5c969f41c3a0daee99ea317aa525290008ffa1","format":"Flac","length":"467.03","title":"E.S.P.","creator":"Houseside","album":"E.S.P.","track":"07","artist":"Houseside","genre":"Indie"},{"name":"07 - E.S.P..mp3","source":"derivative","creator":"Houseside","title":"E.S.P.","track":"07","album":"E.S.P.","genre":"Indie","bitrate":"184","length":"07:47","format":"VBR MP3","original":"07 - E.S.P..flac","mtime":"1714961872","size":"10870432","md5":"cdd8fd566e25dfdbb10ecbb92805e484","crc32":"03d0d3b3","sha1":"bd2f4cfc94e79e5ab60d636b1d557887f25abc0d"},{"name":"07 - E.S.P..png","source":"derivative","format":"PNG","original":"07 - E.S.P..flac","mtime":"1714964004","size":"40632","md5":"5b180c0850b081f710d2c4df6adee892","crc32":"7bb244dc","sha1":"7e84f1acc951534fdab0e2f45ec80f7320823646"},{"name":"07 - E.S.P._spectrogram.png","source":"derivative","format":"Spectrogram","original":"07 - E.S.P..flac","mtime":"1714964907","size":"326634","md5":"0ef334bf2d99ba24b25d496a3edc2cbf","crc32":"6b594b61","sha1":"a62b2a963e4ef50f584111f5b5130553e761a0a4"},{"name":"08 - Brainstorm.flac","source":"original","mtime":"1714960311","size":"28338289","md5":"cf321a2da0b6afd846401033fe45b9d5","crc32":"a76378e9","sha1":"998e2242c09f18a4f92a1be43619fe54517fc5fd","format":"Flac","length":"502","viruscheck":"1714960680","title":"Brainstorm","creator":"Houseside","album":"E.S.P.","track":"08","artist":"Houseside","genre":"Indie"},{"name":"08 - Brainstorm.mp3","source":"derivative","creator":"Houseside","title":"Brainstorm","track":"08","album":"E.S.P.","genre":"Indie","bitrate":"160","length":"08:22","format":"VBR MP3","original":"08 - Brainstorm.flac","mtime":"1714961670","size":"10148690","md5":"c77d071b5c0c098eaabff931690be3da","crc32":"ee7938ce","sha1":"25186ea33f1002a0eedfad62e43fe85f8228a346"},{"name":"08 - Brainstorm.png","source":"derivative","format":"PNG","original":"08 - Brainstorm.flac","mtime":"1714962643","size":"39879","md5":"3b1eb70d877eac855339a96d2905483c","crc32":"d2580b01","sha1":"9bf12131b48e8805c54edf3c37bc9dd2ad5574d8"},{"name":"08 - Brainstorm_spectrogram.png","source":"derivative","format":"Spectrogram","original":"08 - Brainstorm.flac","mtime":"1714964206","size":"285558","md5":"26c8bff92c49c811ac053cb9d0b64435","crc32":"b0f44b83","sha1":"540ecc77f0fd0342d1127f4ffd9494a309621b98"},{"name":"Houseside - E.S.P..jpg","source":"original","mtime":"1714960317","size":"118107","md5":"b4f51d2c3ad16f646dad316071b34799","crc32":"7c031426","sha1":"cc00b23f751d0810b6ea83eb59b6e24934cf7183","format":"JPEG"},{"name":"Houseside - E.S.P._thumb.jpg","source":"derivative","format":"JPEG Thumb","original":"Houseside - E.S.P..jpg","mtime":"1714962521","size":"12033","md5":"1b2aba7d506a37b60c709f572cc52ba5","crc32":"fa110ebb","sha1":"ff2a4ddfb22cf06c672913a54f01a703fcc63b37"},{"name":"__ia_thumb.jpg","source":"original","mtime":"1714960325","size":"17277","md5":"7d9ca1ec0b01db59d630b910ac8b1a5d","crc32":"2432f15b","sha1":"eaf79736e18514bf412097c93c1f7b5fe4efe87f","format":"Item Tile"}],"files_count":39,"item_last_updated":1714966399,"item_size":328635819,"metadata":{"identifier":"01-the-dark-force","mediatype":"audio","collection":"opensource_audio","creator":"Houseside","date":"1993","description":"<div>Houseside E.S.P. full album</div><div><br /></div><div>Japanese Shoegaze/Indie Rock band</div><div><br /></div><div><div class=\"content_1TFzi\"><ul class=\"list_1HutQ\"><li><span class=\"role_2ga14\">Drums</span> – <span class=\"link_15cpV\"><a href=\"https://www.discogs.com/artist/1036552-Hiroki-Kaminaga\" class=\"link_1ctor link_15cpV\" rel=\"nofollow\">Kaminaga</a>*</span></li><li><span class=\"role_2ga14\">Engineer [Engineered By]</span> – <span class=\"link_15cpV\"><a href=\"https://www.discogs.com/artist/486720-Manabu-Kokado\" class=\"link_1ctor link_15cpV\" rel=\"nofollow\">Manabu Kokado</a></span></li><li><span class=\"role_2ga14\">Guitar</span> – <span class=\"link_15cpV\"><a href=\"https://www.discogs.com/artist/4419476-Mamoru-Shimoshige\" class=\"link_1ctor link_15cpV\" rel=\"nofollow\">Shimoshige</a>*</span></li><li><span class=\"role_2ga14\">Musician [Additional Player]</span> – <span class=\"link_15cpV\"><a href=\"https://www.discogs.com/artist/3634526-Pop-Suzuki\" class=\"link_1ctor link_15cpV\" rel=\"nofollow\">Pop Suzuki</a></span></li><li><span class=\"role_2ga14\">Photography By</span> – <span class=\"link_15cpV\"><a href=\"https://www.discogs.com/artist/2384733-Takeshi-Ohyashiki\" class=\"link_1ctor link_15cpV\" rel=\"nofollow\">T. Ohyashiki</a>*</span></li><li><span class=\"role_2ga14\">Producer [Produced By]</span> – <span class=\"link_15cpV\"><a href=\"https://www.discogs.com/artist/3696148-Houseside\" class=\"link_1ctor link_15cpV\" rel=\"nofollow\">Houseside</a></span>, <span class=\"link_15cpV\"><a href=\"https://www.discogs.com/artist/486986-Kitamura-Masashi\" class=\"link_1ctor link_15cpV\" rel=\"nofollow\">Masashi Kitamura</a>*</span></li><li><span class=\"role_2ga14\">Vocals, Bass</span> – <span class=\"link_15cpV\"><a href=\"https://www.discogs.com/artist/2570957-Aya-Honda\" class=\"link_1ctor link_15cpV\" rel=\"nofollow\">Aya</a>*</span></li></ul></div></div><div><table class=\"table_1fWaB\"><tbody><tr><th scope=\"row\"><br /></th><td><br /></td></tr><tr><th scope=\"row\"><br /></th><td><br /></td></tr><tr><th scope=\"row\"><br /></th><td><br /></td></tr><tr><th scope=\"row\"><br /></th><td><br /></td></tr></tbody></table></div>","scanner":"Internet Archive HTML5 Uploader 1.7.0","subject":["Houseside","E.S.P.","Shoegaze","Indie Rock"],"title":"Houseside - E.S.P. (Full Album)","uploader":"thomaskenendy0613@gmail.com","publicdate":"2024-05-06 01:32:48","addeddate":"2024-05-06 01:32:48","curation":"[curator]validator@archive.org[/curator][date]20240506014157[/date][comment]checked for malware[/comment]"},"server":"ia800407.us.archive.org","uniq":251840065,"workable_servers":["ia800407.us.archive.org","ia600407.us.archive.org"]}