{"alternate_locations":{"servers":[{"server":"dn721602.ca.archive.org","dir":"/0/items/01-tell-it-to-jesus"}],"workable":[{"server":"dn721602.ca.archive.org","dir":"/0/items/01-tell-it-to-jesus"}]},"created":1767567357,"d1":"ia601001.us.archive.org","d2":"ia801001.us.archive.org","dir":"/11/items/01-tell-it-to-jesus","files":[{"name":"01 Tell It to Jesus.mp3","source":"original","mtime":"1759718718","size":"5025718","md5":"1cd8afae4bf4ca5276960fb2e89c3905","crc32":"024a73c3","sha1":"8bfd2e3cfdb093b85f474ec4b53fc151cfb11582","format":"VBR MP3","length":"209.35","title":"Tell It to Jesus","creator":"Willie Nelson","album":"Best of Country Gospel [MCA Special Products]","track":"1","artist":"Willie Nelson","genre":"Country"},{"name":"01 Tell It to Jesus.png","source":"derivative","format":"PNG","original":"01 Tell It to Jesus.mp3","mtime":"1759718924","size":"40696","md5":"0c985e3b662ac0f12ce5c95f43172a39","crc32":"79415d4e","sha1":"40456787029995f7da206eaf41169cb5c71d43f5"},{"name":"01 Tell It to Jesus_spectrogram.png","source":"derivative","format":"Spectrogram","original":"01 Tell It to Jesus.mp3","mtime":"1759719223","size":"301777","md5":"ad17a71f5984799f81d12449ccbc705a","crc32":"a584ac07","sha1":"ad1aed6709b75114a50da85b818c9e26b9d7f047"},{"name":"01-tell-it-to-jesus_archive.torrent","source":"metadata","btih":"bac3385bf8a3043b59d3b021baaaefbb402edaa7","mtime":"1762754855","size":"10438","md5":"96999e1aa02285c391e461f5bca22008","crc32":"006dc6ad","sha1":"d83d2900117f7f819bd65793de70034798ebea79","format":"Archive BitTorrent"},{"name":"01-tell-it-to-jesus_files.xml","source":"original","format":"Metadata","md5":"9c667c7c66521940260705c7ff5e79ae","summation":"md5"},{"name":"01-tell-it-to-jesus_meta.sqlite","source":"original","mtime":"1759718746","size":"49152","md5":"66e36a6a35d84fe4924b656d6c8c53d2","crc32":"3c8f95e5","sha1":"89ad3d8589f999e214f071113e9d8abe0aeb6efa","format":"Metadata"},{"name":"01-tell-it-to-jesus_meta.xml","source":"original","mtime":"1762754854","size":"1317","md5":"433f74bc670b51511ce748977c3b77aa","crc32":"54f90603","sha1":"eb608c7151cdd8a3068cacda70209579780cf1ab","format":"Metadata"},{"name":"02 When God Comes and Gathers His Jewels.mp3","source":"original","mtime":"1759718721","size":"4290979","md5":"99ebe9f682e337f5b7f2034fefbbe464","crc32":"b0b43102","sha1":"0c7bd9d06d7aa58d5756dd9791a9d65fed2ac8b6","format":"VBR MP3","length":"178.73","title":"When God Comes and Gathers His Jewels","creator":"Merle Haggard","album":"Best of Country Gospel [MCA Special Products]","track":"2","artist":"Merle Haggard","genre":"Country"},{"name":"02 When God Comes and Gathers His Jewels.png","source":"derivative","format":"PNG","original":"02 When God Comes and Gathers His Jewels.mp3","mtime":"1759719043","size":"35934","md5":"1c4418c7618e359c0b6346a6c680e3c7","crc32":"5972d253","sha1":"d0e6bbc521654fdaa799285f41bbc64ed54fec93"},{"name":"02 When God Comes and Gathers His Jewels_spectrogram.png","source":"derivative","format":"Spectrogram","original":"02 When God Comes and Gathers His Jewels.mp3","mtime":"1759719087","size":"296217","md5":"1bceac1ab214a28d9ce1854b8f96366c","crc32":"6081cae2","sha1":"ae3b0a7ca90b91606bf0ab3dc2b38bcdc7ae2ced"},{"name":"03 Peace in the Valley.mp3","source":"original","mtime":"1759718724","size":"4150533","md5":"cc25080a9d71e3b5180641f99b65f1f0","crc32":"229ef631","sha1":"fc7c3c0281bcc03fcba554c61d1dbe6d222f9777","format":"VBR MP3","length":"172.88","title":"Peace in the Valley","creator":"Loretta Lynn","album":"Best of Country Gospel [MCA Special Products]","track":"3","artist":"Loretta Lynn","genre":"Country"},{"name":"03 Peace in the Valley.png","source":"derivative","format":"PNG","original":"03 Peace in the Valley.mp3","mtime":"1759719017","size":"38463","md5":"870ec17f7a59481539a258f9019210be","crc32":"7685641f","sha1":"49399a6c506f7a0ffa24b6b3558404d4191827a3"},{"name":"03 Peace in the Valley_spectrogram.png","source":"derivative","format":"Spectrogram","original":"03 Peace in the Valley.mp3","mtime":"1759719103","size":"296736","md5":"2e0f5bd7121c6e7fa710a53e1eabc1ea","crc32":"e3634f18","sha1":"19f09d929cdad0e9c50ea70221d74dded630458b"},{"name":"04 Who Will Pray for Me.mp3","source":"original","mtime":"1759718726","size":"3994436","md5":"85e3a497ec1a71b40f89eb1986fb60c9","crc32":"00e21752","sha1":"0d082f3e177f514fb45a81750c9950bfa914a1ce","format":"VBR MP3","length":"166.37","title":"Who Will Pray for Me","creator":"Conway Twitty","album":"Best of Country Gospel [MCA Special Products]","track":"4","artist":"Conway Twitty","genre":"Country"},{"name":"04 Who Will Pray for Me.png","source":"derivative","format":"PNG","original":"04 Who Will Pray for Me.mp3","mtime":"1759718979","size":"35297","md5":"9d2052287616554affcf3d86909f5c28","crc32":"31740bb0","sha1":"42d036058ce41d86f49f5d9a0844d3cf282c671c"},{"name":"04 Who Will Pray for Me_spectrogram.png","source":"derivative","format":"Spectrogram","original":"04 Who Will Pray for Me.mp3","mtime":"1759719122","size":"285314","md5":"26f157a18aa272a3ef786d459679703d","crc32":"a6ebbcca","sha1":"b7a304ba5678cafd3516d7efc549b1c6fef130ee"},{"name":"05 The Lord's Prayer.mp3","source":"original","mtime":"1759718743","size":"3959280","md5":"8e3c33251631435777201ab2a9e737d1","crc32":"27f40245","sha1":"f4ae0a98fc876aacb3185b005d29e39e05880f80","format":"VBR MP3","length":"164.91","title":"The Lord's Prayer","creator":"Jan Howard","album":"Best of Country Gospel [MCA Special Products]","track":"5","artist":"Jan Howard","genre":"Country"},{"name":"05 The Lord's Prayer.png","source":"derivative","format":"PNG","original":"05 The Lord's Prayer.mp3","mtime":"1759719060","size":"30742","md5":"a32e0268d1b1ca6460456ed77bb1471e","crc32":"35155087","sha1":"8e56b7232d20b221e98efc8549f38210e285876e"},{"name":"05 The Lord's Prayer_spectrogram.png","source":"derivative","format":"Spectrogram","original":"05 The Lord's Prayer.mp3","mtime":"1759719136","size":"272162","md5":"ca12d5751ef87fb06dd7a7e4b8b6b397","crc32":"c9dc3422","sha1":"3bd7e1c8b133e7df8512473a6872d0887a41257e"},{"name":"06 The Church in the Wildwood.mp3","source":"original","mtime":"1759718671","size":"3859009","md5":"6cc73849fd6c38d440eb39526c0da972","crc32":"23bd24ca","sha1":"9d915808f31c572a660e18ffbf01ff76406cccd9","format":"VBR MP3","length":"160.73","title":"The Church in the Wildwood","creator":"The Jordanaires","album":"Best of Country Gospel [MCA Special Products]","track":"6","artist":"The Jordanaires","genre":"Country"},{"name":"06 The Church in the Wildwood.png","source":"derivative","format":"PNG","original":"06 The Church in the Wildwood.mp3","mtime":"1759718850","size":"42882","md5":"9076039931d20d57a7bd96b00f042319","crc32":"192de6e0","sha1":"46f9a5ae132fe5af4a97acfdb039981d6a2cac10"},{"name":"06 The Church in the Wildwood_spectrogram.png","source":"derivative","format":"Spectrogram","original":"06 The Church in the Wildwood.mp3","mtime":"1759719071","size":"288882","md5":"bd530c41abe83cc733477e2b4a03317c","crc32":"e9993943","sha1":"b2b585a97e0403bdfed49b23af5ea00051ab689b"},{"name":"07 Dust on the Bible.mp3","source":"original","mtime":"1759718686","size":"3322349","md5":"e1f5acbe423b7c83384bd1fb5b3b2a21","crc32":"cbdc46e7","sha1":"f444d8be64b31caff543f3b10c00de8d1f6207b1","format":"VBR MP3","length":"138.37","title":"Dust on the Bible","creator":"Kitty Wells","album":"Best of Country Gospel [MCA Special Products]","track":"7","artist":"Kitty Wells","genre":"Country"},{"name":"07 Dust on the Bible.png","source":"derivative","format":"PNG","original":"07 Dust on the Bible.mp3","mtime":"1759718902","size":"39196","md5":"5f2964d7674ea41fbdcd0d6e344921f3","crc32":"686e9ca6","sha1":"5f465e954b0b52ee76646cd0519a0acba8832aca"},{"name":"07 Dust on the Bible_spectrogram.png","source":"derivative","format":"Spectrogram","original":"07 Dust on the Bible.mp3","mtime":"1759719148","size":"302920","md5":"c43a6f0b231ee216bf9cbdc4f99d1c43","crc32":"515e7cc7","sha1":"e244ba97104433237002b36bb2f03aa3c9e97c8b"},{"name":"08 If Jesus Came to Your House.mp3","source":"original","mtime":"1759718689","size":"4287796","md5":"e141a02c8d42042f606318fc11d334f3","crc32":"5fb84be0","sha1":"40f570c2d9983fc140744aacba39a86c89291276","format":"VBR MP3","length":"178.6","title":"If Jesus Came to Your House","creator":"Webb Pierce","album":"Best of Country Gospel [MCA Special Products]","track":"8","artist":"Webb Pierce","genre":"Country"},{"name":"08 If Jesus Came to Your House.png","source":"derivative","format":"PNG","original":"08 If Jesus Came to Your House.mp3","mtime":"1759718884","size":"41388","md5":"edc3bd3c86e4324659e9b51d50a84fc6","crc32":"06d939c0","sha1":"89ff2e7e139f753a58bd9f94040202c688020b73"},{"name":"08 If Jesus Came to Your House_spectrogram.png","source":"derivative","format":"Spectrogram","original":"08 If Jesus Came to Your House.mp3","mtime":"1759719161","size":"300294","md5":"f528982afcdfff01963bdd832e2cb3bf","crc32":"fcb04c43","sha1":"2e8a10687cb557f2c39c833440a131c621f682be"},{"name":"09 Rock of Ages.mp3","source":"original","mtime":"1759718692","size":"4522913","md5":"121e95d6e126b70b967740b45550c99a","crc32":"1db8a704","sha1":"250ad98c13417b4692263d6d295fa9b39cf82b70","format":"VBR MP3","length":"188.4","title":"Rock of Ages","creator":"Osborne Brothers","album":"Best of Country Gospel [MCA Special Products]","track":"9","artist":"Osborne Brothers","genre":"Country"},{"name":"09 Rock of Ages.png","source":"derivative","format":"PNG","original":"09 Rock of Ages.mp3","mtime":"1759718941","size":"33611","md5":"0eb43beef1128fd09438dcaf3c6f3ace","crc32":"53c490b1","sha1":"d7f752d269849fe16ffbe0e48f53ae6e8d85aae9"},{"name":"09 Rock of Ages_spectrogram.png","source":"derivative","format":"Spectrogram","original":"09 Rock of Ages.mp3","mtime":"1759719175","size":"302867","md5":"bc53f12f0fd404a55b57925d4e7d3e26","crc32":"755914a1","sha1":"e7070702c60fb2c8f3222f0b3a9ac7bab6537576"},{"name":"10 Swing Low, Sweet Chariot-Swing Down Chariot.mp3","source":"original","mtime":"1759718702","size":"4206339","md5":"9b63a9ef153144c06e6c106848001347","crc32":"8fa11af1","sha1":"31ec9dac2d328e401836db22e436019804a7f0e1","format":"VBR MP3","length":"175.2","title":"Swing Low, Sweet Chariot/Swing Down Chariot","creator":"Barbara Mandrell","album":"Best of Country Gospel [MCA Special Products]","track":"10","artist":"Barbara Mandrell","genre":"Country"},{"name":"10 Swing Low, Sweet Chariot-Swing Down Chariot.png","source":"derivative","format":"PNG","original":"10 Swing Low, Sweet Chariot-Swing Down Chariot.mp3","mtime":"1759718961","size":"38106","md5":"6d70fbea56e9ed5e0210831cc049b970","crc32":"a0d7770c","sha1":"16c9a1f68e9ffd8f9bb71181dd811be46086c61b"},{"name":"10 Swing Low, Sweet Chariot-Swing Down Chariot_spectrogram.png","source":"derivative","format":"Spectrogram","original":"10 Swing Low, Sweet Chariot-Swing Down Chariot.mp3","mtime":"1759719187","size":"307859","md5":"291ec2cedd6895b96f3bbfba5bd9387d","crc32":"47878279","sha1":"52e1b1ff793134b9de0bdf5e744a10f597ceb6e8"},{"name":"11 I Saw the Light.mp3","source":"original","mtime":"1759718705","size":"3613225","md5":"cf7fe742be11421fece0a82a7712923d","crc32":"82d95a0f","sha1":"886ed582b17ebb4e768bb1c93e30d5472eef7485","format":"VBR MP3","length":"150.49","title":"I Saw the Light","creator":"Bill Monroe","album":"Best of Country Gospel [MCA Special Products]","track":"11","artist":"Bill Monroe","genre":"Country"},{"name":"11 I Saw the Light.png","source":"derivative","format":"PNG","original":"11 I Saw the Light.mp3","mtime":"1759718995","size":"40960","md5":"2c23c4c7564a579f4e927b4b0366cafd","crc32":"a80b3793","sha1":"a610d5143c9b7d3fb90e44ec463bd29c4b793210"},{"name":"11 I Saw the Light_spectrogram.png","source":"derivative","format":"Spectrogram","original":"11 I Saw the Light.mp3","mtime":"1759719199","size":"308068","md5":"1fd99529e60bc546fda9774ca0a6c2bb","crc32":"dc98f520","sha1":"8735b21e270752d3821185f864b4f34b42cc9d53"},{"name":"12 Stand by Me.mp3","source":"original","mtime":"1759718714","size":"3825136","md5":"da9cf65aeea1d07d8df4ea98a8e41dd2","crc32":"b7439eb9","sha1":"2ac520badeeadad08431517efdfe4dea5830ecca","format":"VBR MP3","length":"159.32","title":"Stand by Me","creator":"Ernest Tubb","album":"Best of Country Gospel [MCA Special Products]","track":"12","artist":"Ernest Tubb","genre":"Country"},{"name":"12 Stand by Me.png","source":"derivative","format":"PNG","original":"12 Stand by Me.mp3","mtime":"1759718867","size":"41465","md5":"ecd9088a9531bf32bfc4f1317308daa5","crc32":"de98f0d7","sha1":"3f07e83cdcf505f1c49a935f3cd2d15a47b099b1"},{"name":"12 Stand by Me_spectrogram.png","source":"derivative","format":"Spectrogram","original":"12 Stand by Me.mp3","mtime":"1759719209","size":"305906","md5":"3339882830bf6741f438112d70ace335","crc32":"67a2ac2a","sha1":"c3190ad580cea92ae728538fc30c3494e32a8b65"},{"name":"__ia_thumb.jpg","source":"original","mtime":"1759718785","size":"15014","md5":"e11dba273f5a7554fd7a65037008fcbf","crc32":"c8fd81a1","sha1":"90de6734fc85f13d6ece33d51703a17a455d9cad","format":"Item Tile"},{"name":"cgh.JPG","source":"original","mtime":"1759718716","size":"35045","md5":"aceb63ffa6262e12c66481e371d9d30e","crc32":"a51fde73","sha1":"7fd050d250c51f6c05118172ac53022256f04117","format":"JPEG"},{"name":"cgh_thumb.jpg","source":"derivative","format":"JPEG Thumb","original":"cgh.JPG","mtime":"1759718834","size":"10373","md5":"3ba46bb0c71a9ad206b0b43b19ba7659","crc32":"3366a02c","sha1":"cec6083b7f5a48e387c69b929324d656fa61b37f"}],"files_count":43,"item_last_updated":1762754855,"item_size":53206794,"metadata":{"identifier":"01-tell-it-to-jesus","mediatype":"audio","collection":"opensource_audio","creator":"Various Artists","description":"<div>The album \"Best of Country Gospel\" released by MCA Special Products is a compilation featuring various artists performing classic country and gospel songs. It was issued on formats including CD, LP vinyl, and cassette. </div><div>Release Details</div><div>Label: MCA Special Products (also associated with the MCA and Decca labels)</div><div>Format: Available in multiple formats, including CD (1996 release) and vinyl LP (1975 release titled \"Good Old Country Gospel\")</div><div>Style: Features a blend of Country Gospel, Traditional Country, and Nashville Sound </div>","scanner":"Internet Archive HTML5 Uploader 1.7.0","subject":"Various Artists","title":"Best of Country Gospel [MCA]","uploader":"stevehanna55@gmail.com","publicdate":"2025-10-06 02:44:44","addeddate":"2025-10-06 02:44:44","curation":"[curator]validator@archive.org[/curator][date]20251006024659[/date][comment]checked for malware[/comment]","date":"1996"},"server":"ia801001.us.archive.org","uniq":1483494313,"workable_servers":["ia801001.us.archive.org","ia601001.us.archive.org"]}