{"alternate_locations":{"servers":[{"server":"dn721509.ca.archive.org","dir":"/0/items/01-wont-she-be-surprised_202509"}],"workable":[{"server":"dn721509.ca.archive.org","dir":"/0/items/01-wont-she-be-surprised_202509"}]},"created":1767567362,"d1":"ia600901.us.archive.org","d2":"ia800901.us.archive.org","dir":"/7/items/01-wont-she-be-surprised_202509","files":[{"name":"01 Won't She Be Surprised.mp3","source":"original","mtime":"1757388153","size":"7096722","md5":"9ac5021166170ce09a3f3a12f244691e","crc32":"c120f68c","sha1":"216079be182783e58d3c3ea4a54ad39e3a91ee0d","format":"VBR MP3","length":"291.97","title":"Won't She Be Surprised","creator":"Steve Hamby","album":"Won't She Be Surprised","track":"1","artist":"Steve Hamby","genre":"Gospel"},{"name":"01 Won't She Be Surprised.png","source":"derivative","format":"PNG","original":"01 Won't She Be Surprised.mp3","mtime":"1757390101","size":"38622","md5":"10743712110fb61b73256c34b2f28b94","crc32":"c35f7cb1","sha1":"d773316c0d5d5f3475fad6152cb9938ae109a11a"},{"name":"01 Won't She Be Surprised_spectrogram.png","source":"derivative","format":"Spectrogram","original":"01 Won't She Be Surprised.mp3","mtime":"1757401590","size":"286424","md5":"3927b069f80706be88e76cd0834abea1","crc32":"de50ade8","sha1":"7e84f951950fc935bcfd922922232420d3d3e4b5"},{"name":"01-wont-she-be-surprised_202509_archive.torrent","source":"metadata","btih":"d781d41aa1b9e65b2e68edfc719ba788b315a405","mtime":"1758516970","size":"9449","md5":"b3012e5619088c04a4d8de072c9387a7","crc32":"3533b702","sha1":"bcd325a76d7547f4f886fcc4b2f2d77fd15d2c54","format":"Archive BitTorrent"},{"name":"01-wont-she-be-surprised_202509_files.xml","source":"original","format":"Metadata","md5":"bcb9a8d08113d762742cdce630224bae","summation":"md5"},{"name":"01-wont-she-be-surprised_202509_meta.sqlite","source":"original","mtime":"1757388158","size":"45056","md5":"b4088c0824c53b31d730a7dadab48867","crc32":"0f09c496","sha1":"620374d0f9fbd705e9eabe86da467a3b2181b576","format":"Metadata"},{"name":"01-wont-she-be-surprised_202509_meta.xml","source":"original","mtime":"1758516968","size":"1366","md5":"f8c2e9573b271059ceac3ed6a93a67e2","crc32":"b23d0457","sha1":"28ac4161263191a80afbdc05023d3ca13fb96f2a","format":"Metadata"},{"name":"02 I Cant Take It With Me.mp3","source":"original","mtime":"1757388046","size":"4275500","md5":"7ef7b880a76d7699c94910747644c035","crc32":"7661d99f","sha1":"1f803c45dcd34da71637f218bfb890b5c601f18c","format":"VBR MP3","length":"174.42","title":"I Can't Take It With Me","creator":"Steve Hamby","album":"Won't She Be Surprised","track":"2","artist":"Steve Hamby","genre":"Gospel"},{"name":"02 I Cant Take It With Me.png","source":"derivative","format":"PNG","original":"02 I Cant Take It With Me.mp3","mtime":"1757394101","size":"36260","md5":"74751da2eeb1e4215638d8882a0c7468","crc32":"c69e0b5f","sha1":"28a7c17fcf0028a2f78ce4a89f4ff928a5f0d9e3"},{"name":"02 I Cant Take It With Me_spectrogram.png","source":"derivative","format":"Spectrogram","original":"02 I Cant Take It With Me.mp3","mtime":"1757400697","size":"285791","md5":"918274fde80bc7103f245b5414f167db","crc32":"efabd887","sha1":"3e7997df4ad2384932fe9b912ad1c88d49b72d72"},{"name":"03 The Crossroads Of Life.mp3","source":"original","mtime":"1757388080","size":"4350104","md5":"b58451b9590c6a90f412c517137d07ad","crc32":"7491792d","sha1":"607644660bd71485df2d8d328025429cb810bf69","format":"VBR MP3","length":"177.53","title":"The Crossroads Of Life","creator":"Steve Hamby","album":"Won't She Be Surprised","track":"3","artist":"Steve Hamby","genre":"Gospel"},{"name":"03 The Crossroads Of Life.png","source":"derivative","format":"PNG","original":"03 The Crossroads Of Life.mp3","mtime":"1757393603","size":"29206","md5":"2c259dfc250f602332b43c99db71c302","crc32":"8a113f7b","sha1":"d7f8dae09968f3bdeae55366cdc50c201ef2283d"},{"name":"03 The Crossroads Of Life_spectrogram.png","source":"derivative","format":"Spectrogram","original":"03 The Crossroads Of Life.mp3","mtime":"1757398265","size":"295941","md5":"86cee16b8e17bdf6168b39189f15523a","crc32":"08ce49be","sha1":"1ec9357087184bfd669b339a3ae181919e7529a7"},{"name":"04 The Rose.mp3","source":"original","mtime":"1757388102","size":"5983893","md5":"c394f41abf5e30ff2cfbeab77d8a561b","crc32":"a20cfa31","sha1":"ab06dffa48092d1ced85cd97e0b61f906b356b4e","format":"VBR MP3","length":"245.6","title":"The Rose","creator":"Steve Hamby","album":"Won't She Be Surprised","track":"4","artist":"Steve Hamby","genre":"Gospel"},{"name":"04 The Rose.png","source":"derivative","format":"PNG","original":"04 The Rose.mp3","mtime":"1757392881","size":"38931","md5":"33d6ad16e4f48a2abe05b4d034494198","crc32":"dc09e45b","sha1":"ada302fa336bee16fab4c94022d18f17ec499646"},{"name":"04 The Rose_spectrogram.png","source":"derivative","format":"Spectrogram","original":"04 The Rose.mp3","mtime":"1757397730","size":"298772","md5":"0495260beda7ea41eb55ee5944e43893","crc32":"912dd788","sha1":"1a3b25ca67351a2f6d31b7ed1fa67c6644801c42"},{"name":"05 Get Off That Old Rugged Cross.mp3","source":"original","mtime":"1757388104","size":"4192123","md5":"f91ffcdfd7617fe96e7faedf962ac667","crc32":"1a29aa81","sha1":"d9f6b139eee4d198af1abc0447c4b560297a43f3","format":"VBR MP3","length":"170.95","title":"Get Off That Old Rugged Cross","creator":"Steve Hamby","album":"Won't She Be Surprised","track":"5","artist":"Steve Hamby","genre":"Gospel"},{"name":"05 Get Off That Old Rugged Cross.png","source":"derivative","format":"PNG","original":"05 Get Off That Old Rugged Cross.mp3","mtime":"1757392287","size":"38450","md5":"921b0a4d895d5046ae8b6b0b63742fb6","crc32":"ac56953e","sha1":"c6e9c5f2f7502dd0dbe21b9ac8e60cda599a9384"},{"name":"05 Get Off That Old Rugged Cross_spectrogram.png","source":"derivative","format":"Spectrogram","original":"05 Get Off That Old Rugged Cross.mp3","mtime":"1757397130","size":"282509","md5":"ab4fd6750c9f58b07f575bcd523bcf1b","crc32":"9fcef064","sha1":"0e3badf4bd6a1f73d102826bd4fc33efd76fd023"},{"name":"06 The Fathers House Of Love.mp3","source":"original","mtime":"1757388108","size":"6815859","md5":"e4de5f2ca0d4def8fe26cb3ccab8d8cc","crc32":"377e4583","sha1":"f2e7efcdcf1b781193453c26552bfc0ddf64ac0e","format":"VBR MP3","length":"280.27","title":"The Father's House Of Love","creator":"Steve Hamby","album":"Won't She Be Surprised","track":"6","artist":"Steve Hamby","genre":"Gospel"},{"name":"06 The Fathers House Of Love.png","source":"derivative","format":"PNG","original":"06 The Fathers House Of Love.mp3","mtime":"1757391617","size":"38403","md5":"bdce3ddb219481209e58d6c76f2ea70e","crc32":"58e149f3","sha1":"83eb347703767923f1039ab08ffb15c4769625c8"},{"name":"06 The Fathers House Of Love_spectrogram.png","source":"derivative","format":"Spectrogram","original":"06 The Fathers House Of Love.mp3","mtime":"1757395580","size":"289276","md5":"3dc36dd6d85c5af5e32c433e95e8d451","crc32":"fbfdcd39","sha1":"efe874e62067c1cf63cba96df03cb4950fb400ec"},{"name":"07 Doin Time.mp3","source":"original","mtime":"1757388118","size":"5427810","md5":"50b69726538357d612ac4b12613d5245","crc32":"34b21289","sha1":"f4573a3c195182b7381448c2a8fddf81f840363e","format":"VBR MP3","length":"222.43","title":"Doin' Time","creator":"Steve Hamby","album":"Won't She Be Surprised","track":"7","artist":"Steve Hamby","genre":"Gospel"},{"name":"07 Doin Time.png","source":"derivative","format":"PNG","original":"07 Doin Time.mp3","mtime":"1757392063","size":"41280","md5":"9bad3531f4e5e452ccbabefdf6a85061","crc32":"da0b44ea","sha1":"ad10f3dc5f976a68c1acc4a829df4bba36defb98"},{"name":"07 Doin Time_spectrogram.png","source":"derivative","format":"Spectrogram","original":"07 Doin Time.mp3","mtime":"1757396533","size":"285347","md5":"cd9a18a5ad7a9747f366efc8cc3d1e8d","crc32":"fe63ff1e","sha1":"bbe5fdb5c1ea73f15dc62d2dffbac4e3a503d8b6"},{"name":"08 A Thousand Years Too Late.mp3","source":"original","mtime":"1757388129","size":"5930631","md5":"6886525d6196f8903dfeb6d049757ec3","crc32":"4e4ac34f","sha1":"18f21eef9e324d3a1bb2d849c7e8426b42c7fa4b","format":"VBR MP3","length":"243.38","title":"A Thousand Years Too Late","creator":"Steve Hamby","album":"Won't She Be Surprised","track":"8","artist":"Steve Hamby","genre":"Gospel"},{"name":"08 A Thousand Years Too Late.png","source":"derivative","format":"PNG","original":"08 A Thousand Years Too Late.mp3","mtime":"1757391181","size":"39043","md5":"f556328d365cb1ce2e707d5b7ea5524e","crc32":"9de86598","sha1":"8a51258b7ac1fbcf610a85e22d1e089e76470ac2"},{"name":"08 A Thousand Years Too Late_spectrogram.png","source":"derivative","format":"Spectrogram","original":"08 A Thousand Years Too Late.mp3","mtime":"1757396088","size":"287299","md5":"cd715100fe170fab8027458c6da94ff3","crc32":"ec8a63e5","sha1":"cdce3afb7a53f366c17e9c9e7d0ef8fd6f2e14cd"},{"name":"09 Gods Temple.mp3","source":"original","mtime":"1757388134","size":"4078014","md5":"4164fcd5004c56e33a3e21a4d607ea76","crc32":"e6530c12","sha1":"232ea2764a398f8450260a36aea71652b7e78999","format":"VBR MP3","length":"166.19","title":"God's Temple","creator":"Steve Hamby","album":"Won't She Be Surprised","track":"9","artist":"Steve Hamby","genre":"Gospel"},{"name":"09 Gods Temple.png","source":"derivative","format":"PNG","original":"09 Gods Temple.mp3","mtime":"1757393241","size":"39732","md5":"c684ea6b3d6c984bec3a185cced87947","crc32":"e5c755c0","sha1":"7a0a3609e4ced7037c359a75e91137fd5f00343b"},{"name":"09 Gods Temple_spectrogram.png","source":"derivative","format":"Spectrogram","original":"09 Gods Temple.mp3","mtime":"1757395082","size":"286071","md5":"4b5ec8b3e7af32a577b8ed05c43260dc","crc32":"76ab313d","sha1":"cbcfc1913302bd78188ce4a7f9ab7b70c7caf475"},{"name":"10 The Words Of Sister White.mp3","source":"original","mtime":"1757388137","size":"3690580","md5":"47c1d8b2e1e100d2826805f275d7b2e6","crc32":"09102088","sha1":"187a36b7ca01cdcb27e0f081888e67050e62ad55","format":"VBR MP3","length":"150.05","title":"The Words Of Sister White","creator":"Steve Hamby","album":"Won't She Be Surprised","track":"10","artist":"Steve Hamby","genre":"Gospel"},{"name":"10 The Words Of Sister White.png","source":"derivative","format":"PNG","original":"10 The Words Of Sister White.mp3","mtime":"1757390651","size":"39201","md5":"dbd9f7c40cb9d37311c566fc376916e5","crc32":"8dad1cac","sha1":"dd77f4a17a551ae9caf7b2338385ddb6e3b8b0e4"},{"name":"10 The Words Of Sister White_spectrogram.png","source":"derivative","format":"Spectrogram","original":"10 The Words Of Sister White.mp3","mtime":"1757394537","size":"293984","md5":"576770c770a0f0ae3e06eae1997065c1","crc32":"c1a732f2","sha1":"837768603f12c762ee5b4a153c8681dd1b64fc95"},{"name":"__ia_thumb.jpg","source":"original","mtime":"1757388197","size":"17130","md5":"ff2f50fb8652fa6e1dd1c6f414829ce8","crc32":"24a5a87a","sha1":"b7e0af74006ccc59e45cc48fa8d15285dd480d72","format":"Item Tile"},{"name":"shwsbs.JPG","source":"original","mtime":"1757388142","size":"50159","md5":"108267e738e7707cbcd504a10899ed6a","crc32":"83d8918d","sha1":"f7a867e4ab9603967e3c97e965311d0a08502990","format":"JPEG"},{"name":"shwsbs_thumb.jpg","source":"derivative","format":"JPEG Thumb","original":"shwsbs.JPG","mtime":"1757389770","size":"12081","md5":"6e41e1e78d8701b93d42765e261e283c","crc32":"908aae2d","sha1":"484be0e76f83e9a30ec86bc4adaa29a75ae91da2"}],"files_count":37,"item_last_updated":1758516970,"item_size":55247019,"metadata":{"identifier":"01-wont-she-be-surprised_202509","mediatype":"audio","collection":["hifidelity_potpourri","hifidelity"],"creator":"Steve Hamby","description":"<span style=\"color:rgb(5,5,5);font-family:'Segoe UI Historic', 'Segoe UI', Helvetica, Arial, sans-serif;font-size:15px;background-color:rgb(255,255,255);\">Steve Hambye is set to release to the world an entire careers worth of what he loves the most – the music he started with close to forty-five years ago. He will be releasing a new album whenever he has the time, so if you like country music you came to the right place.\n\nSteven thanks you for your support and plans to return the favor with loads of new country music written in the style that made country music famous.</span>","scanner":"Internet Archive HTML5 Uploader 1.7.0","subject":"Steve Hamby","title":"Won't She Be Surprised","uploader":"stevehanna55@gmail.com","publicdate":"2025-09-09 03:21:12","addeddate":"2025-09-09 03:21:12","curation":"[curator]validator@archive.org[/curator][date]20250909032352[/date][comment]checked for malware[/comment]","date":"1993","collection_added":"hifidelity"},"server":"ia600901.us.archive.org","uniq":453427879,"workable_servers":["ia600901.us.archive.org","ia800901.us.archive.org"]}