{"alternate_locations":{"servers":[{"server":"dn721909.ca.archive.org","dir":"/0/items/01.-dreams"}],"workable":[{"server":"dn721909.ca.archive.org","dir":"/0/items/01.-dreams"}]},"created":1767564464,"d1":"ia600708.us.archive.org","d2":"ia800708.us.archive.org","dir":"/15/items/01.-dreams","files":[{"name":"01. Dreams.mp3","source":"original","mtime":"1746774444","size":"10679744","md5":"0eea6284e2dfae874342c90a4456d732","crc32":"624c685e","sha1":"b25092a3f68228815f446257792f928a01a1d412","format":"VBR MP3","length":"266.32","title":"Dreams","creator":"the FIELD OF VIEW","album":"Dreams -Single-","track":"1","artist":"the FIELD OF VIEW","genre":"JPop","comment":"http://jp-rock.blogspot.com/"},{"name":"01. Dreams.png","source":"derivative","format":"PNG","original":"01. Dreams.mp3","mtime":"1746775738","size":"38801","md5":"a4d68f5cb58ebd397db311e95445204f","crc32":"aeb3c535","sha1":"f61dbe956964663467b3adc32a9b9e429111b412"},{"name":"01. Dreams_spectrogram.png","source":"derivative","format":"Spectrogram","original":"01. Dreams.mp3","mtime":"1746776640","size":"316486","md5":"8f8546af6a862502de877f6492f55824","crc32":"131cb4ac","sha1":"774ba70aec2b0b5619d6d92ce49dce08b3cf6542"},{"name":"01.-dreams_archive.torrent","source":"metadata","btih":"d5d44fac553a69337cb262c1cede31b2a3e2e546","mtime":"1757864052","size":"4761","md5":"bef26fa9ffa5a78a6bfe01b93b570af1","crc32":"7d517ae2","sha1":"ec9154be7070336087613fe8be50a85bce43113e","format":"Archive BitTorrent"},{"name":"01.-dreams_files.xml","source":"original","format":"Metadata","md5":"02231b10e854688378a88eb9c75db3c2","summation":"md5"},{"name":"01.-dreams_meta.sqlite","source":"original","mtime":"1746775079","size":"36864","md5":"6e093647ac0d071e5290aecb6c36e3b2","crc32":"a81347c7","sha1":"4b3007b5afdef0b9acb4bb260380961dceb7ba5f","format":"Metadata"},{"name":"01.-dreams_meta.xml","source":"original","mtime":"1757864050","size":"1465","md5":"1c65b64d7738de399f82b250db4c2c2c","crc32":"2add97e0","sha1":"8e7b73a39f556d861a402f28f6ad9b3e6057f94c","format":"Metadata"},{"name":"02. Someday.mp3","source":"original","mtime":"1746774748","size":"8542930","md5":"69d4003c716e586fe3273b89dc99eeea","crc32":"65060029","sha1":"9fc9b3cc7d9428363956d7f92e69604e97659569","format":"VBR MP3","length":"212.9","title":"Someday","creator":"the FIELD OF VIEW","album":"Dreams -Single-","track":"2","artist":"the FIELD OF VIEW","genre":"JPop","comment":"http://jp-rock.blogspot.com/"},{"name":"02. Someday.png","source":"derivative","format":"PNG","original":"02. Someday.mp3","mtime":"1746776175","size":"36439","md5":"e7a053da7da24787c963570df99bc994","crc32":"1387eb27","sha1":"5ee36d46cc968cf976e8e6778d81e45359ddbe58"},{"name":"02. Someday_spectrogram.png","source":"derivative","format":"Spectrogram","original":"02. Someday.mp3","mtime":"1746776838","size":"321245","md5":"8b5795f5a82302ea730925d220a22959","crc32":"48e4fdf4","sha1":"4612c26303e550276704c68711baa60170bc6577"},{"name":"03. Dreams (Original Karaoke).mp3","source":"original","mtime":"1746775068","size":"10636925","md5":"4d8b1929b43357c094a2502d6fe6c2e9","crc32":"094949eb","sha1":"1f1aace9be0c0d59364ad31501d5b3078e4103d6","format":"VBR MP3","length":"265.25","title":"Dreams（オリジナルカラオケ）","creator":"the FIELD OF VIEW","album":"Dreams -Single-","track":"3","artist":"the FIELD OF VIEW","genre":"JPop","comment":"http://jp-rock.blogspot.com/"},{"name":"03. Dreams (Original Karaoke).png","source":"derivative","format":"PNG","original":"03. Dreams (Original Karaoke).mp3","mtime":"1746776368","size":"37584","md5":"a1714b741d992e3d5e6213fb2661fc81","crc32":"c4439501","sha1":"6b35c0d299f4344a43040a477d30f94fc8aba904"},{"name":"03. Dreams (Original Karaoke)_spectrogram.png","source":"derivative","format":"Spectrogram","original":"03. Dreams (Original Karaoke).mp3","mtime":"1746777095","size":"319806","md5":"252797a2e07a51436a2164d7e0ed51f5","crc32":"8daa155a","sha1":"4d7a97584aeeeab77f6ffe08ef970e905ab155a9"},{"name":"__ia_thumb.jpg","source":"original","mtime":"1746775113","size":"19549","md5":"359bb2f9555b129f58b4be4f51a04770","crc32":"69ff6c1c","sha1":"b095b1d5f0e52c06e1b39d0853b0c32a13ef1725","format":"Item Tile"},{"name":"cover.jpg","source":"original","mtime":"1746775076","size":"81530","md5":"cb3cb2de7e7ca506f22edf98bcd864b5","crc32":"2c1d47f9","sha1":"6d2108e78de3e6aa2cae8c2a4171a14b0d9a2747","format":"JPEG"},{"name":"cover_thumb.jpg","source":"derivative","format":"JPEG Thumb","original":"cover.jpg","mtime":"1746775416","size":"7176","md5":"03886cfa61a4debddc8a930f1e41f11f","crc32":"3d252da0","sha1":"bc7819fa499845c0d2475dff952faf3b56639c93"}],"files_count":16,"item_last_updated":1757864052,"item_size":31081305,"metadata":{"identifier":"01.-dreams","mediatype":"audio","collection":["folksoundomy_japaneserock","folksoundomy"],"creator":"the FIELD OF VIEW","date":"1996-11-18","description":"<div>01. Dreams</div><div>02. Someday</div><div>03. Dreams (Original Karaoke)</div><div><br /></div><div>https://vk.gy/artists/field-of-view/</div><div><br /></div><div>http://jp-rock.blogspot.com/</div><div><br /></div><div>http://jp-rock-lyrics.blogspot.com.ar/</div>","language":"jpn","scanner":"Internet Archive HTML5 Uploader 1.7.0","subject":["rock","japanese rock","jrock","j-rock","the FIELD OF VIEW","FIELD OF VIEW","pop rock","j-pop","japanese pop","jpop"],"title":"the FIELD OF VIEW - Dreams","uploader":"denjinhal@mail.ru","publicdate":"2025-05-09 07:07:52","addeddate":"2025-05-09 07:07:52","curation":"[curator]validator@archive.org[/curator][date]20250509070904[/date][comment]checked for malware[/comment]","collection_added":"folksoundomy"},"server":"ia800708.us.archive.org","uniq":836475145,"workable_servers":["ia800708.us.archive.org","ia600708.us.archive.org"]}