{"alternate_locations":{"servers":[{"server":"dn721501.ca.archive.org","dir":"/0/items/01.-koibito"}],"workable":[{"server":"dn721501.ca.archive.org","dir":"/0/items/01.-koibito"}]},"created":1767564477,"d1":"ia600304.us.archive.org","d2":"ia800304.us.archive.org","dir":"/19/items/01.-koibito","files":[{"name":"01. koibito.mp3","source":"original","mtime":"1750695981","size":"13724820","md5":"47cce120ca3db9b841d9bebc5d9bdc2f","crc32":"052d197f","sha1":"821df8242a28c0bb203599663e8aa7f4cf0aab68","format":"VBR MP3","length":"343.04","title":"恋人","creator":"SHAZNA","album":"恋人 -Single-","track":"1","artist":"SHAZNA","genre":"Visual-kei","comment":"http://jp-rock.blogspot.com/"},{"name":"01. koibito.png","source":"derivative","format":"PNG","original":"01. koibito.mp3","mtime":"1750696315","size":"38219","md5":"af33dd68a6f8cea9ce355a1734c42d3e","crc32":"88361faf","sha1":"e49b4b227455edda345e5ba239910bbc8d0e1ee8"},{"name":"01. koibito_spectrogram.png","source":"derivative","format":"Spectrogram","original":"01. koibito.mp3","mtime":"1750696814","size":"325155","md5":"bdc4eefd3538b2835e415625e1791676","crc32":"66468806","sha1":"44d4a1f8185b1b4b8de7791b5384d71509744816"},{"name":"01.-koibito_archive.torrent","source":"metadata","btih":"1ed4e3f4b2bb2f98255b9a52fc1bfe97784dbf6c","mtime":"1757864147","size":"5137","md5":"567b2af2551cc2e2199e254213bc7255","crc32":"c6c213d0","sha1":"1b746a038db5ae58d8a8f1feac30b651f2fb15f5","format":"Archive BitTorrent"},{"name":"01.-koibito_files.xml","source":"original","format":"Metadata","md5":"4db8ba9fb4beb68918a5630f18610fd5","summation":"md5"},{"name":"01.-koibito_meta.sqlite","source":"original","mtime":"1750696021","size":"36864","md5":"b96c8006eaa56e5f44e934e35431cda2","crc32":"aa30b7bc","sha1":"908effbb7c1c853bab9d89f48c49528ded43b302","format":"Metadata"},{"name":"01.-koibito_meta.xml","source":"original","mtime":"1757864146","size":"1503","md5":"c8b6c2679cd51917f98cda5d3b04cc82","crc32":"e510b6b5","sha1":"b248e2d87ce178389a754e4318b8f18f9db34d37","format":"Metadata"},{"name":"02. Virgin.mp3","source":"original","mtime":"1750696003","size":"12125081","md5":"51627940b358273e5ca33ad83c2875f0","crc32":"9f325610","sha1":"401d2a339af62731f56f827ba9e463ed0c3fa4cb","format":"VBR MP3","length":"303.05","title":"Virgin","creator":"SHAZNA","album":"恋人 -Single-","track":"2","artist":"SHAZNA","genre":"Visual-kei","comment":"http://jp-rock.blogspot.com/"},{"name":"02. Virgin.png","source":"derivative","format":"PNG","original":"02. Virgin.mp3","mtime":"1750696625","size":"38343","md5":"ec73c060712632e14b2c52f940743814","crc32":"fa44e6c3","sha1":"a568b21277f9dbc2727ece067d6c2337251290c2"},{"name":"02. Virgin_spectrogram.png","source":"derivative","format":"Spectrogram","original":"02. Virgin.mp3","mtime":"1750696863","size":"305939","md5":"70522f5b8b1070c4c2964d95a2e88548","crc32":"9ea80482","sha1":"0b7d3c2d6054ad66148daec5e8a9bb9f42ed52db"},{"name":"03. koibito (Non Vocal Version).mp3","source":"original","mtime":"1750696013","size":"13624509","md5":"8c0806e9630ab428a64ad3ed0e424b0c","crc32":"9d47c7e4","sha1":"9c15ad13fec004abc93e815a54c3bfa40344b62d","format":"VBR MP3","length":"340.53","title":"恋人 (Non Vocal Version)","creator":"SHAZNA","album":"恋人 -Single-","track":"3","artist":"SHAZNA","genre":"Visual-kei","comment":"http://jp-rock.blogspot.com/"},{"name":"03. koibito (Non Vocal Version).png","source":"derivative","format":"PNG","original":"03. koibito (Non Vocal Version).mp3","mtime":"1750696693","size":"37322","md5":"5f331b11434e86c153cbdd245aecbc9a","crc32":"f0e336fb","sha1":"3d8021babc8562713d90d169436ee6cd0b64cb5e"},{"name":"03. koibito (Non Vocal Version)_spectrogram.png","source":"derivative","format":"Spectrogram","original":"03. koibito (Non Vocal Version).mp3","mtime":"1750696915","size":"322517","md5":"3bb9de279a3bd62311c9c013a2f4ff67","crc32":"c8de7b10","sha1":"0f78df3e3855504a2b49391150b44325fd58ed4a"},{"name":"Cover.jpg","source":"original","mtime":"1750696018","size":"57415","md5":"fe6419a7247455d2229ca13881ea4ab9","crc32":"fd6307e4","sha1":"26dd0cf1549a02d1348469c71dd4edd7acf60564","format":"JPEG"},{"name":"Cover_thumb.jpg","source":"derivative","format":"JPEG Thumb","original":"Cover.jpg","mtime":"1750696258","size":"7299","md5":"24637e9aa963077daf855c51ed911745","crc32":"e2dd9e48","sha1":"95b07148d46f422a97a07f0cf4e8e41770aa972c"},{"name":"__ia_thumb.jpg","source":"original","mtime":"1750696057","size":"21422","md5":"05f92f1f8a3d7e7d2e0b6c46a8d6c0d3","crc32":"1d739feb","sha1":"583b9ebe427e5ba6c2983ad497589292bbe095e5","format":"Item Tile"}],"files_count":16,"item_last_updated":1757864147,"item_size":40671545,"metadata":{"identifier":"01.-koibito","mediatype":"audio","collection":["folksoundomy_japaneserock","folksoundomy"],"creator":"SHAZNA","date":"1998-10-14","description":"<div>01. koibito</div><div>02. VIRGIN</div><div>03. koibito (Non Vocal Version)</div><div><br /></div><div>Dejo este single de SHAZNA que fue pedido en uno de los comentarios.</div><div><br /></div><div>https://vk.gy/artists/shazna/</div><div><br /></div><div>http://jp-rock.blogspot.com/</div><div><br /></div><div>http://jp-rock-lyrics.blogspot.com.ar/</div>","language":"jpn","scanner":"Internet Archive HTML5 Uploader 1.7.0","subject":["rock","japanese rock","jrock","j-rock","SHAZNA","okeshou kei","soft visual","pop"],"title":"SHAZNA - koibito (恋人)","uploader":"denjinhal@mail.ru","publicdate":"2025-06-23 16:26:41","addeddate":"2025-06-23 16:26:41","curation":"[curator]validator@archive.org[/curator][date]20250623162753[/date][comment]checked for malware[/comment]","collection_added":"folksoundomy"},"server":"ia800304.us.archive.org","uniq":327680584,"workable_servers":["ia800304.us.archive.org","ia600304.us.archive.org"]}