{"alternate_locations":{"servers":[{"server":"dn721904.ca.archive.org","dir":"/0/items/01.-without-you"}],"workable":[{"server":"dn721904.ca.archive.org","dir":"/0/items/01.-without-you"}]},"created":1767564500,"d1":"ia600902.us.archive.org","d2":"ia800902.us.archive.org","dir":"/31/items/01.-without-you","files":[{"name":"01. Without you.mp3","source":"original","mtime":"1749572597","size":"11700687","md5":"c3d796cde628aa238438ee58c2cc0328","crc32":"8912fdcb","sha1":"bc69c69f329db2049cd5e9656fb65db122a68d4b","format":"VBR MP3","length":"292.26","title":"Without you","creator":"La'cryma Christi","album":"Without you -Single-","track":"1","artist":"La'cryma Christi","genre":"Visual-kei","comment":"(iTunes_CDDB_IDs) 4++"},{"name":"01. Without you.png","source":"derivative","format":"PNG","original":"01. Without you.mp3","mtime":"1749572852","size":"37704","md5":"27f5fa9ff0c0493fa2e9a1f694906eb0","crc32":"07666097","sha1":"0b3a15312917cea85266af3713fc3388845341c6"},{"name":"01. Without you_spectrogram.png","source":"derivative","format":"Spectrogram","original":"01. Without you.mp3","mtime":"1749572937","size":"297502","md5":"91e1cafae0573359a7c893ad051b2b27","crc32":"f0593003","sha1":"294cc2f368cbad9b4ab5618fc00beec6f2f930b3"},{"name":"01.-without-you_archive.torrent","source":"metadata","btih":"e78fa07e7ea26719d9d8fa99cf8e2869d347c726","mtime":"1757864363","size":"5786","md5":"29a30f2c5586b2d13059a333250d0bde","crc32":"656c4199","sha1":"83e49976ac2c34e142486b8fdabc5e332883696c","format":"Archive BitTorrent"},{"name":"01.-without-you_files.xml","source":"original","format":"Metadata","md5":"f426fa3203c9a0c4514a0ffd7eb2e4ad","summation":"md5"},{"name":"01.-without-you_meta.sqlite","source":"original","mtime":"1749572754","size":"40960","md5":"0e111117e8eaaca2ce418c1fdc0f9ed4","crc32":"10cde6de","sha1":"f1655ce31823c76af8088250243fcf4b60ef9c84","format":"Metadata"},{"name":"01.-without-you_meta.xml","source":"original","mtime":"1757864361","size":"1645","md5":"51f7839a9f899050c42be7dfe4c4fcce","crc32":"dac3769e","sha1":"d1a21c8cf2bf9a8552408f61384924113010ab6f","format":"Metadata"},{"name":"02. I Love You.mp3","source":"original","mtime":"1749572663","size":"7922419","md5":"99278fb85ea2e7f32ae064a7fcc0e6a5","crc32":"2b715ddf","sha1":"8fd977a641e02af6d6f9ba2ee8399d52bbedc920","format":"VBR MP3","length":"197.9","title":"I Love You","creator":"La'cryma Christi","album":"Without you -Single-","track":"2","artist":"La'cryma Christi","genre":"Visual-kei","comment":"(iTunes_CDDB_IDs) 4++"},{"name":"02. I Love You.png","source":"derivative","format":"PNG","original":"02. I Love You.mp3","mtime":"1749572871","size":"37900","md5":"386b5f9d129db4e9820d500f28ed84d9","crc32":"417e2188","sha1":"2e98f40e27904cf66a08018facc7a2537853af62"},{"name":"02. I Love You_spectrogram.png","source":"derivative","format":"Spectrogram","original":"02. I Love You.mp3","mtime":"1749572953","size":"323708","md5":"321f69e134f06f13988292655a457fe1","crc32":"12786e9e","sha1":"e215f7038a67ef515e89568dc5a694fb49f21fa5"},{"name":"03. Without you (unvocal version).mp3","source":"original","mtime":"1749572698","size":"11700687","md5":"a000f027e0b8bc6fbed21c6d7998b932","crc32":"3e8c54e4","sha1":"5b5920b1e8b2568c0c5e5a2c68ff212f1bdc7c10","format":"VBR MP3","length":"292.26","title":"Without you (unvocal version)","creator":"La'cryma Christi","album":"Without you -Single-","track":"3","artist":"La'cryma Christi","genre":"Visual-kei","comment":"(iTunes_CDDB_IDs) 4++"},{"name":"03. Without you (unvocal version).png","source":"derivative","format":"PNG","original":"03. Without you (unvocal version).mp3","mtime":"1749572897","size":"36975","md5":"577dc7404e420143753cb5d51924c50f","crc32":"b22cfc3b","sha1":"957fe946a255a02208ed8646281a979d878b5783"},{"name":"03. Without you (unvocal version)_spectrogram.png","source":"derivative","format":"Spectrogram","original":"03. Without you (unvocal version).mp3","mtime":"1749572977","size":"298616","md5":"c01e112379e49e899560fcad89913200","crc32":"9e46398f","sha1":"7484d38f76e3bac85a9ff39e40947a73deaf798f"},{"name":"04. I Love You (unvocal version).mp3","source":"original","mtime":"1749572747","size":"7763595","md5":"b4e0a22d1840d11c549c82c7f6f79ac7","crc32":"49f859e6","sha1":"22bc239cee2f50f5239b527b75b9258e5444a396","format":"VBR MP3","length":"193.93","title":"I Love You (unvocal version)","creator":"La'cryma Christi","album":"Without you -Single-","track":"4","artist":"La'cryma Christi","genre":"Visual-kei","comment":"(iTunes_CDDB_IDs) 4++"},{"name":"04. I Love You (unvocal version).png","source":"derivative","format":"PNG","original":"04. I Love You (unvocal version).mp3","mtime":"1749572917","size":"35857","md5":"0be88f25ac6984d24c3d2263c83ab2e2","crc32":"0f3626f8","sha1":"00ce7e5729e8a57ad343b61b0a7bbee6402a5780"},{"name":"04. I Love You (unvocal version)_spectrogram.png","source":"derivative","format":"Spectrogram","original":"04. I Love You (unvocal version).mp3","mtime":"1749573014","size":"312374","md5":"fde0464b89a9a54ba35f28940e2eecaf","crc32":"6eec496a","sha1":"58468491b0c6c395e4cee6a04749e3a1bda86639"},{"name":"Cover.jpg","source":"original","mtime":"1749572752","size":"7126","md5":"4db6ed9774c071393504c944cfc1df6f","crc32":"56051a13","sha1":"751ffdb66bf25a1c99bd11bacb11bda328a8a1ac","format":"JPEG"},{"name":"Cover_thumb.jpg","source":"derivative","format":"JPEG Thumb","original":"Cover.jpg","mtime":"1749572833","size":"5397","md5":"5bc2550a8504f859125bd8a2aa990e97","crc32":"59769f5d","sha1":"2ec78f0525bdc4e8246e994cc5d4c228ef68a9da"},{"name":"__ia_thumb.jpg","source":"original","mtime":"1749572789","size":"11663","md5":"d9424a2e51031a8621ddf93ea45cf936","crc32":"81ec5e3e","sha1":"751a9e7621c25552673d48e8022090d4e466b6d9","format":"Item Tile"}],"files_count":19,"item_last_updated":1757864363,"item_size":40540601,"metadata":{"identifier":"01.-without-you","mediatype":"audio","collection":["folksoundomy_japaneserock","folksoundomy"],"creator":"La'cryma Christi","date":"1999-05-26","description":"<div>01. Without you</div><div>02. I Love You</div><div>03. Without you (unvocal version)</div><div>04. I Love You (unvocal version)</div><div><br /></div><div>Noveno single de La'cryma Christi.</div><div><br /></div><div>https://vk.gy/artists/la-cryma-christi/</div><div><br /></div><div>http://jp-rock.blogspot.com/</div>","language":"jpn","scanner":"Internet Archive HTML5 Uploader 1.7.0","subject":["visual kei","vkei","visual rock","vrock","rock","japanese rock","jrock","j-rock","La'cryma Christi","shiro kei","soft visual","glam","jazz","pop"],"title":"La'cryma Christi - Without you","uploader":"denjinhal@mail.ru","publicdate":"2025-06-10 16:23:43","addeddate":"2025-06-10 16:23:43","curation":"[curator]validator@archive.org[/curator][date]20250610162655[/date][comment]checked for malware[/comment]","collection_added":"folksoundomy"},"server":"ia600902.us.archive.org","uniq":1615163463,"workable_servers":["ia600902.us.archive.org","ia800902.us.archive.org"]}