{"alternate_locations":{"servers":[{"server":"dn710100.ca.archive.org","dir":"/0/items/01.-ana-ng"}],"workable":[{"server":"dn710100.ca.archive.org","dir":"/0/items/01.-ana-ng"}]},"created":1767562287,"d1":"ia600603.us.archive.org","d2":"ia800603.us.archive.org","dir":"/11/items/01.-ana-ng","files":[{"name":"01. Ana Ng.flac","source":"derivative","format":"Flac","original":"01. Ana Ng.wav","mtime":"1734513839","size":"23584912","md5":"ab2cc24ee333ebc35572edac70565da8","crc32":"6c3ee6dc","sha1":"b209ffd0d115a076ec0166fc6f02b4d394ffe2c5","length":"205.01"},{"name":"01. Ana Ng.mp3","source":"derivative","creator":"They Might Be Giants","title":"Ana Ng","genre":"Alternative","bitrate":"180","length":"03:25","format":"VBR MP3","original":"01. Ana Ng.wav","mtime":"1734513264","size":"4710989","md5":"b0d146bd517688a3d5f3d933b26288c2","crc32":"2747c245","sha1":"0e94e18ab5269443cd997d4837c391398dbc27af"},{"name":"01. Ana Ng.png","source":"derivative","format":"PNG","original":"01. Ana Ng.wav","mtime":"1734514399","size":"42524","md5":"4b22e085fcdb13023a477496f8aa9244","crc32":"7fef8b9e","sha1":"320a9c720f4da227dd3a4b5ac2ede4f482412989"},{"name":"01. Ana Ng.wav","source":"original","mtime":"1734512455","size":"36163884","md5":"a2d514b2565fc7be5b50241607293764","crc32":"bcec8143","sha1":"82be5700109c356b3a1d0aaa90f30516afeeb916","format":"WAVE","length":"205.01","track":"01","title":"Ana Ng","artist":"They Might Be Giants","genre":"Alternative"},{"name":"01. Ana Ng_spectrogram.png","source":"derivative","format":"Spectrogram","original":"01. Ana Ng.wav","mtime":"1734514632","size":"324725","md5":"b59ab0f2da5a4ab8727ab7d6af869266","crc32":"37f1b7f9","sha1":"7c5c3cd6912ac64cfb828ad53bc028f35c30d314"},{"name":"01.-ana-ng_archive.torrent","source":"metadata","btih":"999fcd4c798cfb731bade79334ed70939edb7a55","mtime":"1759786843","size":"42936","md5":"e227d468cdc8ca232cb5f1f8d4d575b5","crc32":"339ed0a1","sha1":"301f126eb458f96903f848e07c78f1866c32f8a9","format":"Archive BitTorrent"},{"name":"01.-ana-ng_files.xml","source":"original","format":"Metadata","md5":"71d87ad86b6668507dfe53251d8ad7d0","summation":"md5"},{"name":"01.-ana-ng_meta.sqlite","source":"original","mtime":"1734513174","size":"106496","md5":"9430463feccdcdc81422403d27e95d9a","crc32":"3a320ce8","sha1":"3e4c6c8cd4478552e6c160328f457db38e898d59","format":"Metadata"},{"name":"01.-ana-ng_meta.xml","source":"original","mtime":"1759786838","size":"1877","md5":"0d55f447ae3c01fecc91d3a9c1b0e8fb","crc32":"d3cd03f2","sha1":"7d2246f2a982e2e4ea923183b6db77095cfc0063","format":"Metadata"},{"name":"02. Cowtown.flac","source":"derivative","format":"Flac","original":"02. Cowtown.wav","mtime":"1734513956","size":"14989485","md5":"313309efaf61f766cd7acc73b43607b4","crc32":"38a9d5c4","sha1":"b6c619b828f7b835edb4e5aa5623b43bf64b58c2","length":"146.05"},{"name":"02. Cowtown.mp3","source":"derivative","creator":"They Might Be Giants","title":"Cowtown","genre":"Alternative","bitrate":"173","length":"02:26","format":"VBR MP3","original":"02. Cowtown.wav","mtime":"1734513610","size":"3250297","md5":"8bf8bdd3262bcb589926aca68a6630e9","crc32":"2d732ff8","sha1":"9bac906ac9ac38cfd8ea9307fef6d3d1a741f7f8"},{"name":"02. Cowtown.png","source":"derivative","format":"PNG","original":"02. Cowtown.wav","mtime":"1734514416","size":"41263","md5":"b4254c8c61364a136db3e5c6824b5ed1","crc32":"14ec02fa","sha1":"22ff960857657a2a01132e6baba422910028583d"},{"name":"02. Cowtown.wav","source":"original","mtime":"1734512562","size":"25764136","md5":"b9eff1a18a2719408398d1a3d0004ace","crc32":"93c5f321","sha1":"867765c1bcf388d2bfed7ca84fed5e5cfaa6f04c","format":"WAVE","length":"146.05","track":"02","title":"Cowtown","artist":"They Might Be Giants","genre":"Alternative"},{"name":"02. Cowtown_spectrogram.png","source":"derivative","format":"Spectrogram","original":"02. Cowtown.wav","mtime":"1734514578","size":"301875","md5":"867e6c5432f810054b966acefb757ec2","crc32":"9ae76065","sha1":"51aa72704fdc6523b97f8aa1701f157c54d2d951"},{"name":"03. Lie Still, Little Bottle.flac","source":"derivative","format":"Flac","original":"03. Lie Still, Little Bottle.wav","mtime":"1734513794","size":"10389544","md5":"c464b00890a977236bde0254783a6902","crc32":"787630af","sha1":"425aa6195a1d7a756dbcb1acd3177baf93929eb4","length":"128.27"},{"name":"03. Lie Still, Little Bottle.mp3","source":"derivative","creator":"They Might Be Giants","title":"Lie Still, Little Bottle","genre":"Alternative","bitrate":"181","length":"02:08","format":"VBR MP3","original":"03. Lie Still, Little Bottle.wav","mtime":"1734513760","size":"2994278","md5":"e8a3c0f538545ddd73b4768f5c1f4801","crc32":"adaa9b48","sha1":"f36e17204651fa7cbbfe5ff9a1145dc54a825598"},{"name":"03. Lie Still, Little Bottle.png","source":"derivative","format":"PNG","original":"03. Lie Still, Little Bottle.wav","mtime":"1734514121","size":"38602","md5":"91932c981a9dd8239f801a2c069cabbe","crc32":"c00f140d","sha1":"0e25420c49a42ff5ae318c663020e7b0ca5fb4bc"},{"name":"03. Lie Still, Little Bottle.wav","source":"original","mtime":"1734512609","size":"22626636","md5":"f257f292740d43911458d61f1da18088","crc32":"a171c9ab","sha1":"c2d8cdc4507385e671120489cc9cc0be664abbc3","format":"WAVE","length":"128.27","track":"03","title":"Lie Still, Little Bottle","artist":"They Might Be Giants","genre":"Alternative"},{"name":"03. Lie Still, Little Bottle_spectrogram.png","source":"derivative","format":"Spectrogram","original":"03. Lie Still, Little Bottle.wav","mtime":"1734514510","size":"293861","md5":"89ed7631014f7394f8c6635b80353ba4","crc32":"64c5409e","sha1":"a22572aaa5e8bcf332eaed813bbb4aae277d646e"},{"name":"04. Purple Toupee.flac","source":"derivative","format":"Flac","original":"04. Purple Toupee.wav","mtime":"1734513866","size":"16400628","md5":"621913b68b33c13d183d2424a060ad79","crc32":"463f97a9","sha1":"e87175715028a0a7b55db27fcfcf4078ef16a042","length":"162.05"},{"name":"04. Purple Toupee.mp3","source":"derivative","creator":"They Might Be Giants","title":"Purple Toupee","genre":"Alternative","bitrate":"171","length":"02:42","format":"VBR MP3","original":"04. Purple Toupee.wav","mtime":"1734513443","size":"3563201","md5":"909946317be84b71391767ea0ae58d92","crc32":"fded962d","sha1":"cd20effd869d26e6b4a671b18e442092790cae70"},{"name":"04. Purple Toupee.png","source":"derivative","format":"PNG","original":"04. Purple Toupee.wav","mtime":"1734514255","size":"42093","md5":"cd2e4780ba5fbcf3c6c22fd1a4b77e4c","crc32":"1815215b","sha1":"a7b2c8a89523a5f2d021bfd6b35ddc2c437e718f"},{"name":"04. Purple Toupee.wav","source":"original","mtime":"1734512680","size":"28586292","md5":"ffa9ae72aac6fcef7bc5ef019f029171","crc32":"fa8449a1","sha1":"34b9d58eb9b32435293b34a860679f4068a4cd8a","format":"WAVE","length":"162.05","track":"04","title":"Purple Toupee","artist":"They Might Be Giants","genre":"Alternative"},{"name":"04. Purple Toupee_spectrogram.png","source":"derivative","format":"Spectrogram","original":"04. Purple Toupee.wav","mtime":"1734514778","size":"268605","md5":"fe3d735e1d1c09d3c772bffe7ad9d60e","crc32":"fef717ec","sha1":"21753e22fba3ff26bb33f7c9d34abc14ba6549ec"},{"name":"05. Cage & Aquarium.flac","source":"derivative","format":"Flac","original":"05. Cage & Aquarium.wav","mtime":"1734514018","size":"6502118","md5":"08ed7e355fbfc07a0b47071acfb99fcb","crc32":"18a6fd93","sha1":"d9d8d7d6b0dee3efa97977ba47f10b0d35115d5d","length":"72.26"},{"name":"05. Cage & Aquarium.mp3","source":"derivative","creator":"They Might Be Giants","title":"Cage & Aquarium","genre":"Alternative","bitrate":"182","length":"01:12","format":"VBR MP3","original":"05. Cage & Aquarium.wav","mtime":"1734513342","size":"1738187","md5":"560abcb207313e5043ebb0b7d6a499e8","crc32":"6a107ca6","sha1":"ab10d4a2e9ae8450ecef0c67aad972e4c30118df"},{"name":"05. Cage & Aquarium.png","source":"derivative","format":"PNG","original":"05. Cage & Aquarium.wav","mtime":"1734514312","size":"37530","md5":"755f3b8aedb66dbe8432a452fc38ca93","crc32":"be9139eb","sha1":"3ccfcdca191a0fce653a396c2fa9a4b03f2a617a"},{"name":"05. Cage & Aquarium.wav","source":"original","mtime":"1734512700","size":"12747064","md5":"a2ef8a985d7fa5edc19abc2b8796781c","crc32":"8c03de59","sha1":"cad983223b4d8e37c6bba2f0aa218d71007f1ff6","format":"WAVE","length":"72.26","track":"05","title":"Cage & Aquarium","artist":"They Might Be Giants","genre":"Alternative"},{"name":"05. Cage & Aquarium_spectrogram.png","source":"derivative","format":"Spectrogram","original":"05. Cage & Aquarium.wav","mtime":"1734514671","size":"284405","md5":"522516efea35f3356fa1efd166fd15ae","crc32":"e2b37180","sha1":"1d210ebe85dba7d8fb4cb7d86680211985479865"},{"name":"06. Where Your Eyes Don't Go.flac","source":"derivative","format":"Flac","original":"06. Where Your Eyes Don't Go.wav","mtime":"1734513911","size":"19910495","md5":"a4b908d270b98cbec558160c8c7c3dc2","crc32":"b1b61857","sha1":"a4292047257bf60c2784548a6442e76db568c802","length":"186.2"},{"name":"06. Where Your Eyes Don't Go.mp3","source":"derivative","creator":"They Might Be Giants","title":"Where Your Eyes Don't Go","genre":"Alternative","bitrate":"188","length":"03:06","format":"VBR MP3","original":"06. Where Your Eyes Don't Go.wav","mtime":"1734513740","size":"4467614","md5":"5063e3da2be1da8a4b8dc0008f1df37f","crc32":"f9e7b350","sha1":"b153fbe7e02c8cbebf8faa64ca4240b1b1b930fe"},{"name":"06. Where Your Eyes Don't Go.png","source":"derivative","format":"PNG","original":"06. Where Your Eyes Don't Go.wav","mtime":"1734514079","size":"41213","md5":"228e5a7fd8dfda3ad4132595e05fadfc","crc32":"9637be23","sha1":"8b33055ed72462e7925504c10c726c14bfa6726d"},{"name":"06. Where Your Eyes Don't Go.wav","source":"original","mtime":"1734512746","size":"32846156","md5":"b2ac947f04cdb7a17b271831b80cf352","crc32":"ce04acbd","sha1":"a7831efcc4f1bd13b0284bd4f2d46c4c0100f962","format":"WAVE","length":"186.2","track":"06","title":"Where Your Eyes Don't Go","artist":"They Might Be Giants","genre":"Alternative"},{"name":"06. Where Your Eyes Don't Go_spectrogram.png","source":"derivative","format":"Spectrogram","original":"06. Where Your Eyes Don't Go.wav","mtime":"1734514437","size":"310661","md5":"09c60a6b0b1749df195388372d650b1b","crc32":"98f5c823","sha1":"13de8f05a37a1976336a2b9a7a5ec4e7c54175c7"},{"name":"07. Piece of Dirt.flac","source":"derivative","format":"Flac","original":"07. Piece of Dirt.wav","mtime":"1734513895","size":"12441963","md5":"96209af574df4a4b3c348d4e1ba7149a","crc32":"9aef13e3","sha1":"8c6ccd5fe47d2b05a28b7f927a98236eeafba968","length":"120.72"},{"name":"07. Piece of Dirt.mp3","source":"derivative","creator":"They Might Be Giants","title":"Piece of Dirt","genre":"Alternative","bitrate":"189","length":"02:01","format":"VBR MP3","original":"07. Piece of Dirt.wav","mtime":"1734513462","size":"2954824","md5":"ae65d0999d424ede805d0d899b72e0ee","crc32":"cdf510f3","sha1":"6446a353d0ab12ee7ce87c8d0b02be3136ccd61f"},{"name":"07. Piece of Dirt.png","source":"derivative","format":"PNG","original":"07. Piece of Dirt.wav","mtime":"1734514214","size":"39411","md5":"dc793d14696085041f2f54e37c603465","crc32":"4baef386","sha1":"18cc4cc21c9e81311cc81a81a96bda6f4a92aa7d"},{"name":"07. Piece of Dirt.wav","source":"original","mtime":"1734512805","size":"21295412","md5":"682277153cd961b3a95b2de2a830602c","crc32":"e25972c9","sha1":"85a78bf3764636cae871704624d1ce29ad1297df","format":"WAVE","length":"120.72","track":"07","title":"Piece of Dirt","artist":"They Might Be Giants","genre":"Alternative"},{"name":"07. Piece of Dirt_spectrogram.png","source":"derivative","format":"Spectrogram","original":"07. Piece of Dirt.wav","mtime":"1734514761","size":"306794","md5":"e339b9d5ca92d40aff26885643f18e55","crc32":"a3ed3393","sha1":"57b793b0d38b76b82fb2ae5e4f9e4b6f74233ae1"},{"name":"08. Mr. Me.flac","source":"derivative","format":"Flac","original":"08. Mr. Me.wav","mtime":"1734513880","size":"10208500","md5":"31c1e7ee0d4b46f02c121184b55befbc","crc32":"ebfcf2ab","sha1":"f3870a5af5e1a1b3de487194cc480df6833426ef","length":"117.05"},{"name":"08. Mr. Me.mp3","source":"derivative","creator":"They Might Be Giants","title":"Mr. Me","genre":"Alternative","bitrate":"169","length":"01:57","format":"VBR MP3","original":"08. Mr. Me.wav","mtime":"1734513484","size":"2564602","md5":"fcaaa99a9b3a0412acee33e3707def82","crc32":"7962ac9b","sha1":"b31fc5691a64970aca718cba0ec68223a5707221"},{"name":"08. Mr. Me.png","source":"derivative","format":"PNG","original":"08. Mr. Me.wav","mtime":"1734514345","size":"40117","md5":"c2df87a9b7ed05a3df640e0421143b6a","crc32":"725f1ad8","sha1":"b156db7cb353c3a369e9e9ad9bdacdef49ca42be"},{"name":"08. Mr. Me.wav","source":"original","mtime":"1734512836","size":"20648232","md5":"fd07e004f55a1b96f561d561fc076ab3","crc32":"47d7a899","sha1":"2aa5072eb12d3c80ad99044bff3839a1e5a0977a","format":"WAVE","length":"117.05","track":"08","title":"Mr. Me","artist":"They Might Be Giants","genre":"Alternative"},{"name":"08. Mr. Me_spectrogram.png","source":"derivative","format":"Spectrogram","original":"08. Mr. Me.wav","mtime":"1734514709","size":"271385","md5":"928fd8228d4b0ce36331acf11b3a1dda","crc32":"836f5f84","sha1":"bf049ee0b8f5c75853e69700a1f98d67ee1ee983"},{"name":"09. Pencil Rain.flac","source":"derivative","format":"Flac","original":"09. Pencil Rain.wav","mtime":"1734513852","size":"17023883","md5":"7e32ea6cba142527207b48280a00531d","crc32":"b264e19c","sha1":"70fc4f2d0e886ad55f0103e3f9ae61910ce353d3","length":"165"},{"name":"09. Pencil Rain.mp3","source":"derivative","creator":"They Might Be Giants","title":"Pencil Rain","genre":"Alternative","bitrate":"180","length":"02:45","format":"VBR MP3","original":"09. Pencil Rain.wav","mtime":"1734513505","size":"3808302","md5":"32d6aa8d451c6a0ab627a691fa60df01","crc32":"b88e569e","sha1":"5068662e5e9091fcc32df7cc5dfa83bc24639083"},{"name":"09. Pencil Rain.png","source":"derivative","format":"PNG","original":"09. Pencil Rain.wav","mtime":"1734514160","size":"41782","md5":"93c76da8d3d6baf75902372c28d7acf5","crc32":"18cfd5e1","sha1":"14bc2ddc29775ed0d32163675a1381ad1d968060"},{"name":"09. Pencil Rain.wav","source":"original","mtime":"1734512891","size":"29106480","md5":"0ad73c8967f18f19e81ae808262f7f3f","crc32":"caa00f14","sha1":"42d4bb28b82e42883ef2bb3e4265927e94df589c","format":"WAVE","length":"165","track":"09","title":"Pencil Rain","artist":"They Might Be Giants","genre":"Alternative"},{"name":"09. Pencil Rain_spectrogram.png","source":"derivative","format":"Spectrogram","original":"09. Pencil Rain.wav","mtime":"1734514594","size":"320661","md5":"f3c54060700f297e7b979965025a407a","crc32":"b9b1ec7b","sha1":"f3a5c94fc1377b8a1eb1f3f7a5d1cddf7537092c"},{"name":"10. The World's Address.flac","source":"derivative","format":"Flac","original":"10. The World's Address.wav","mtime":"1734514045","size":"14912121","md5":"0cc4868fe1826448c1ae8f2dc053133d","crc32":"164adbc6","sha1":"5dcbf033aa3eda0e600d4d5929a1dfe249809db2","length":"150"},{"name":"10. The World's Address.mp3","source":"derivative","creator":"They Might Be Giants","title":"The World's Address","genre":"Alternative","bitrate":"176","length":"02:30","format":"VBR MP3","original":"10. The World's Address.wav","mtime":"1734513546","size":"3398281","md5":"df559132d775d1569232e592eeee2c6e","crc32":"190c3bb0","sha1":"4b252c65c4ab330d10993de18463dd564d3b8f60"},{"name":"10. The World's Address.png","source":"derivative","format":"PNG","original":"10. The World's Address.wav","mtime":"1734514138","size":"43270","md5":"69dc1684f75436351285a0f16d496597","crc32":"0b8263a8","sha1":"8cec3fdece9284e1207cda5a22ed5e8bc5c0ceef"},{"name":"10. The World's Address.wav","source":"original","mtime":"1734512935","size":"26460484","md5":"9a66465179601ccce02e5c9ba52cae28","crc32":"8605d594","sha1":"a06f7fc5c07b3c6c394716b4b43bac38af369496","format":"WAVE","length":"150","track":"10","title":"The World's Address","artist":"They Might Be Giants","genre":"Alternative"},{"name":"10. The World's Address_spectrogram.png","source":"derivative","format":"Spectrogram","original":"10. The World's Address.wav","mtime":"1734514468","size":"306145","md5":"6cf913ae3216e52880631e25e07197b8","crc32":"20900293","sha1":"7d3ca296c6ff3072a6c9e2aba97bfe828772ad3f"},{"name":"11. I've Got A Match.flac","source":"derivative","format":"Flac","original":"11. I've Got A Match.wav","mtime":"1734513824","size":"13817495","md5":"c6d205a0cde5281ea780085dad8bf51c","crc32":"26cf0b4f","sha1":"0565bcc796def3e4a163d6255b3137e55bbc4293","length":"157.06"},{"name":"11. I've Got A Match.mp3","source":"derivative","creator":"They Might Be Giants","title":"I've Got A Match","genre":"Alternative","bitrate":"169","length":"02:37","format":"VBR MP3","original":"11. I've Got A Match.wav","mtime":"1734513567","size":"3421069","md5":"512b1a9ce8ac4fedabed7e3d8ac02239","crc32":"02c785a8","sha1":"f64ab34d15e9089617ecbfba659900ed55544042"},{"name":"11. I've Got A Match.png","source":"derivative","format":"PNG","original":"11. I've Got A Match.wav","mtime":"1734514101","size":"43080","md5":"1e3805bbde21d8f2bd5049ffb50017f8","crc32":"2ee2c318","sha1":"3ef94f7d2a72610b65a9dc2a1a3ade338187beb7"},{"name":"11. I've Got A Match.wav","source":"original","mtime":"1734512973","size":"27705662","md5":"b35d8c7424e1a0d3fdee4b859099281f","crc32":"3acf1ae1","sha1":"c392527dbb69522ab4a55bbe78e5685caafe8cd3","format":"WAVE","length":"157.06","track":"11","title":"I've Got A Match","artist":"They Might Be Giants","genre":"Alternative"},{"name":"11. I've Got A Match_spectrogram.png","source":"derivative","format":"Spectrogram","original":"11. I've Got A Match.wav","mtime":"1734514559","size":"289735","md5":"41b3cc8808c5bb59471868d0996d976a","crc32":"471aca45","sha1":"4887b5d3e635ec4fdf7d7f3b9770e3e91d5586a9"},{"name":"12. Santa's Beard.flac","source":"derivative","format":"Flac","original":"12. Santa's Beard.wav","mtime":"1734513810","size":"11770226","md5":"2192948da2c61c7baf0501e568951018","crc32":"223a019f","sha1":"4345ace679ddf97f5734916d8d083156ab1e9b44","length":"117.05"},{"name":"12. Santa's Beard.mp3","source":"derivative","creator":"They Might Be Giants","title":"Santa's Beard","genre":"Alternative","bitrate":"174","length":"01:57","format":"VBR MP3","original":"12. Santa's Beard.wav","mtime":"1734513317","size":"2640177","md5":"f5d7de60e59495a0b442aea1dcef090d","crc32":"4397281c","sha1":"88da5a67647fc4bc42ff81b47141d154d3803576"},{"name":"12. Santa's Beard.png","source":"derivative","format":"PNG","original":"12. Santa's Beard.wav","mtime":"1734514366","size":"39892","md5":"fca6d7caa80cca111f22fc4dd4b049cf","crc32":"b50e525b","sha1":"40f0d12d6e6179857cb31dd7e7d83dd0507b8ed5"},{"name":"12. Santa's Beard.wav","source":"original","mtime":"1734513003","size":"20648248","md5":"8992afb6b4dc3eedf4a3fd25b829c074","crc32":"295b85d2","sha1":"481f33c23f091c6760e23df5bf58d7b1649afabd","format":"WAVE","length":"117.05","track":"12","title":"Santa's Beard","artist":"They Might Be Giants","genre":"Alternative"},{"name":"12. Santa's Beard_spectrogram.png","source":"derivative","format":"Spectrogram","original":"12. Santa's Beard.wav","mtime":"1734514690","size":"270533","md5":"e9f8264c5a4741ff7cbc16fd64acbf9f","crc32":"eaf8d17b","sha1":"b596acf97830afb8918ae0c569db49f34dccefe7"},{"name":"13. You'll Miss Me.flac","source":"derivative","format":"Flac","original":"13. You'll Miss Me.wav","mtime":"1734513925","size":"10739622","md5":"2ebc8c021edfe97a68354180caf3d95c","crc32":"7d8f7531","sha1":"fd7605ee42d88958b653bd7471b38b215faf91ae","length":"115.05"},{"name":"13. You'll Miss Me.mp3","source":"derivative","creator":"They Might Be Giants","title":"You'll Miss Me","genre":"Alternative","bitrate":"172","length":"01:55","format":"VBR MP3","original":"13. You'll Miss Me.wav","mtime":"1734513587","size":"2562531","md5":"8a746de05da8773f783e2b848b8aae9c","crc32":"98077d87","sha1":"dc9e9a85048f5573e89bed956bb65afa2ea611b2"},{"name":"13. You'll Miss Me.png","source":"derivative","format":"PNG","original":"13. You'll Miss Me.wav","mtime":"1734514177","size":"39556","md5":"397cad371b9737babb72de9518cc6c06","crc32":"afb20ffb","sha1":"df855e464c5aeb5f41859944ce0786403423fcc6"},{"name":"13. You'll Miss Me.wav","source":"original","mtime":"1734513010","size":"20295994","md5":"9869285b91a3d0752fb13bcddfe86654","crc32":"b6579719","sha1":"7abbad91150505453d0ce171cf3354435a06eae0","format":"WAVE","length":"115.05","track":"13","title":"You'll Miss Me","artist":"They Might Be Giants","genre":"Alternative"},{"name":"13. You'll Miss Me_spectrogram.png","source":"derivative","format":"Spectrogram","original":"13. You'll Miss Me.wav","mtime":"1734514613","size":"293759","md5":"24510292f37aa82defbf7f2ef4552a5d","crc32":"0da825de","sha1":"1b1b3f05efc132298ea12fc99e32945a08779369"},{"name":"14. They'll Need A Crane.flac","source":"derivative","format":"Flac","original":"14. They'll Need A Crane.wav","mtime":"1734514033","size":"15228695","md5":"dc2cec800ec5a3e52bda5053e3c22916","crc32":"8fa5f1fe","sha1":"705380a5ac4091f5001c5a9aa3c876ab65e86dc0","length":"155.06"},{"name":"14. They'll Need A Crane.mp3","source":"derivative","creator":"They Might Be Giants","title":"They'll Need A Crane","genre":"Alternative","bitrate":"171","length":"02:35","format":"VBR MP3","original":"14. They'll Need A Crane.wav","mtime":"1734513632","size":"3413611","md5":"fc4e31adcf9aa39de46e3efafd49d712","crc32":"bdedbeb9","sha1":"0cd4a939ab8987c58d034e90c3267a0494b04fdf"},{"name":"14. They'll Need A Crane.png","source":"derivative","format":"PNG","original":"14. They'll Need A Crane.wav","mtime":"1734514283","size":"44132","md5":"001075cec49d03fa1de652c7c654c717","crc32":"e2553971","sha1":"8d8cd742f4524cabcf8f1fb8fbb1cef4f30d1ac4"},{"name":"14. They'll Need A Crane.wav","source":"original","mtime":"1734513048","size":"27353414","md5":"7121854fb105faecc361e1a0bf5b833e","crc32":"d2cd0503","sha1":"c743963951de1eba103ccad7a48879ccfda23a84","format":"WAVE","length":"155.06","track":"14","title":"They'll Need A Crane","artist":"They Might Be Giants","genre":"Alternative"},{"name":"14. They'll Need A Crane_spectrogram.png","source":"derivative","format":"Spectrogram","original":"14. They'll Need A Crane.wav","mtime":"1734514726","size":"270821","md5":"e878bb5aeacf006c8b5d3921be88364a","crc32":"d4c4e4ab","sha1":"e241d98bc9f7d57e9088e9757d516cd1400cf9c6"},{"name":"15. Shoehorn with Teeth.flac","source":"derivative","format":"Flac","original":"15. Shoehorn with Teeth.wav","mtime":"1734514004","size":"7318188","md5":"96734d244b2e2c9bd2daaabbcbce467b","crc32":"c57c1344","sha1":"b1ceb4d8aa185babd2282ef0017dd42b86d6cf99","length":"73.1"},{"name":"15. Shoehorn with Teeth.mp3","source":"derivative","creator":"They Might Be Giants","title":"Shoehorn with Teeth","genre":"Alternative","bitrate":"175","length":"01:13","format":"VBR MP3","original":"15. Shoehorn with Teeth.wav","mtime":"1734513651","size":"1698292","md5":"5af11daf7d1923f816d91170d03284eb","crc32":"a2799c3f","sha1":"af23f752936f6502532c11634bfd00dd07e4b588"},{"name":"15. Shoehorn with Teeth.png","source":"derivative","format":"PNG","original":"15. Shoehorn with Teeth.wav","mtime":"1734514196","size":"41913","md5":"5709ad315ddb1b0bc347760d6fd62075","crc32":"97525d8b","sha1":"e3b2abbed4c86567708a4201d1ff7762607f79f1"},{"name":"15. Shoehorn with Teeth.wav","source":"original","mtime":"1734513075","size":"12894532","md5":"4acc23c5a482e2a88066434a00f7b551","crc32":"9da2ede9","sha1":"484f044766d9562df20bad30e0541513c1fe4534","format":"WAVE","length":"73.1","track":"15","title":"Shoehorn with Teeth","artist":"They Might Be Giants","genre":"Alternative"},{"name":"15. Shoehorn with Teeth_spectrogram.png","source":"derivative","format":"Spectrogram","original":"15. Shoehorn with Teeth.wav","mtime":"1734514744","size":"299560","md5":"51b1080d07bd5c14cdef6c2ae8ee6dd9","crc32":"1df8ea46","sha1":"de75315872457672ea393c72cfd5925ea64179a6"},{"name":"16. Stand On Your Own Head.flac","source":"derivative","format":"Flac","original":"16. Stand On Your Own Head.wav","mtime":"1734513988","size":"7060793","md5":"23b49cb87b818cb910f4330a26c3a1d0","crc32":"8ac6ffec","sha1":"980fd4aaf7bbbc0ab6c4c4c65422f07b664d9da1","length":"78.07"},{"name":"16. Stand On Your Own Head.mp3","source":"derivative","creator":"They Might Be Giants","title":"Stand On Your Own Head","genre":"Alternative","bitrate":"165","length":"01:18","format":"VBR MP3","original":"16. Stand On Your Own Head.wav","mtime":"1734513676","size":"1702937","md5":"ea4cea05d060cafc4c721a9d7ec917f6","crc32":"04d5530e","sha1":"9c5e4597d1ce97f1ce9bbf2dff2413e0c370beee"},{"name":"16. Stand On Your Own Head.png","source":"derivative","format":"PNG","original":"16. Stand On Your Own Head.wav","mtime":"1734514234","size":"39275","md5":"977a8579137e9d0011c0244d80490c41","crc32":"715f3988","sha1":"c8e136cf50a774ec1bd7c7207a3fdcbf6af21769"},{"name":"16. Stand On Your Own Head.wav","source":"original","mtime":"1734513101","size":"13771082","md5":"a00848ab91e43be05f55aec86b943ed4","crc32":"1fcf1fd7","sha1":"09de2c79ce1aceada6d8f7ddf51e78427f98b93d","format":"WAVE","length":"78.07","track":"16","title":"Stand On Your Own Head","artist":"They Might Be Giants","genre":"Alternative"},{"name":"16. Stand On Your Own Head_spectrogram.png","source":"derivative","format":"Spectrogram","original":"16. Stand On Your Own Head.wav","mtime":"1734514486","size":"277691","md5":"ebb5b24b838301779358bed1e603868e","crc32":"ca9f4af9","sha1":"d86341d3942c52bbcf20ae1fda725b0ac7cfcf12"},{"name":"17. Snowball in Hell.flac","source":"derivative","format":"Flac","original":"17. Snowball in Hell.wav","mtime":"1734513974","size":"14837321","md5":"941816e119bc885cc96e28e08c36c5b7","crc32":"5b4d33f6","sha1":"999c59ed6a936f9c9e5c7bda49ad576321e265be","length":"153.01"},{"name":"17. Snowball in Hell.mp3","source":"derivative","creator":"They Might Be Giants","title":"Snowball in Hell","genre":"Alternative","bitrate":"186","length":"02:33","format":"VBR MP3","original":"17. Snowball in Hell.wav","mtime":"1734513698","size":"3648877","md5":"ff05f3d7662887598934542d007e3dad","crc32":"7f3e5828","sha1":"9606576697eacedbfcf866745b317c2a061e051f"},{"name":"17. Snowball in Hell.png","source":"derivative","format":"PNG","original":"17. Snowball in Hell.wav","mtime":"1734514063","size":"39577","md5":"52189de2c1beb31a3e6b4e00e3fddd04","crc32":"39d9ec81","sha1":"9942e92d425dda2ad86fd7c2ffe667fe091bd8fa"},{"name":"17. Snowball in Hell.wav","source":"original","mtime":"1734513139","size":"26990910","md5":"b9e1f35cc118eaa3e35da7c9dc3f9c59","crc32":"afad0abb","sha1":"b2253bfaf7fa2f86d45b6c7bb21b0316a51f2853","format":"WAVE","length":"153.01","track":"17","title":"Snowball in Hell","artist":"They Might Be Giants","genre":"Alternative"},{"name":"17. Snowball in Hell_spectrogram.png","source":"derivative","format":"Spectrogram","original":"17. Snowball in Hell.wav","mtime":"1734514654","size":"324608","md5":"c82a19133e3bdc4e957a93cfdceb5a47","crc32":"f845f28a","sha1":"96ccb534107f0e81f84c4fdb019ec7fb3326a3a7"},{"name":"18. Kiss Me, Son of God.flac","source":"derivative","format":"Flac","original":"18. Kiss Me, Son of God.wav","mtime":"1734513941","size":"10809362","md5":"d6f222c1b6d374729c923c12fe861d15","crc32":"10ed3b5b","sha1":"78e69906e72f6868669bb72408b5cd4920edb466","length":"112.69"},{"name":"18. Kiss Me, Son of God.mp3","source":"derivative","creator":"They Might Be Giants","title":"Kiss Me, Son of God","genre":"Alternative","bitrate":"170","length":"01:53","format":"VBR MP3","original":"18. Kiss Me, Son of God.wav","mtime":"1734513719","size":"2490480","md5":"390ee34f84da99106bfa844a3e6a04ab","crc32":"67373803","sha1":"ba657993c341be4b72d1b04ea8319e372e60414a"},{"name":"18. Kiss Me, Son of God.png","source":"derivative","format":"PNG","original":"18. Kiss Me, Son of God.wav","mtime":"1734514382","size":"39089","md5":"c4556200e785ebb8661b95c111d1b79f","crc32":"4c0251fd","sha1":"f82d23054312a7e3b0c3de0934cb975209110367"},{"name":"18. Kiss Me, Son of God.wav","source":"original","mtime":"1734513161","size":"19878212","md5":"51c03eabf15221474a550abeb85b8693","crc32":"571727fe","sha1":"62b464cf6bb8be8946a04ea36f77c3ff8898dcc9","format":"WAVE","length":"112.69","track":"18","title":"Kiss Me, Son of God","artist":"They Might Be Giants","genre":"Alternative"},{"name":"18. Kiss Me, Son of God_spectrogram.png","source":"derivative","format":"Spectrogram","original":"18. Kiss Me, Son of God.wav","mtime":"1734514534","size":"291564","md5":"2f86eb6196890c7b01a1dadcc40dccb2","crc32":"6afe7962","sha1":"d5d6ade84785d34b8a8d58517ed2c2f6e5f09dfd"},{"name":"Lincoln back cover.jpg","source":"original","mtime":"1734513167","size":"126905","md5":"efb562d824e473b24187bfe3117dd951","crc32":"58ceb51e","sha1":"1efaff98595d5a4fc8a2b577892986333c4e7df1","format":"JPEG"},{"name":"Lincoln back cover_thumb.jpg","source":"derivative","format":"JPEG Thumb","original":"Lincoln back cover.jpg","mtime":"1734513784","size":"9829","md5":"0743a30d1e1b00d0dc004133f7cd9811","crc32":"51dd6bb0","sha1":"3c1e3e5a7a19cd410f85de3a4b1be6967e209398"},{"name":"Lincoln disc.jpg","source":"original","mtime":"1734513164","size":"107228","md5":"fdb5f117df301bb4f94fccbe6c2d33be","crc32":"21b881f3","sha1":"895411f6d386d9288b30ef4543d90f12a5a6b84d","format":"JPEG"},{"name":"Lincoln disc_thumb.jpg","source":"derivative","format":"JPEG Thumb","original":"Lincoln disc.jpg","mtime":"1734513773","size":"7799","md5":"5aac7c3f9c2540885157fa1d363cb64e","crc32":"fde7b75b","sha1":"d594c7ae3c5ab70b8970ce8ad8f2957c1f977a47"},{"name":"Lincoln front cover.jpg","source":"original","mtime":"1734513171","size":"133079","md5":"12fa2a6be79d253aa1bd4989a573dd6c","crc32":"dd2f78f8","sha1":"eb77f49188a188219b69cf1d3a4c41c56c3aa730","format":"JPEG"},{"name":"Lincoln front cover_thumb.jpg","source":"derivative","format":"JPEG Thumb","original":"Lincoln front cover.jpg","mtime":"1734513779","size":"8703","md5":"653cea8791071b3751e70dfc1783ccd1","crc32":"c76a07ed","sha1":"3e0b2c7c933ed3512f98394ed81740f8c802010d"},{"name":"__ia_thumb.jpg","source":"original","mtime":"1734513209","size":"19667","md5":"0f50752f5677c89030915ca86a82d7c1","crc32":"ddb3fbef","sha1":"c8389fff73635f8dd470a2cd2637dd038219a96c","format":"Item Tile"}],"files_count":101,"item_last_updated":1759786843,"item_size":725362956,"metadata":{"identifier":"01.-ana-ng","mediatype":"audio","collection":["hifidelity_potpourri","hifidelity"],"creator":"Restless Records, Bar/None Records and Idlewild Recordings","date":"1988","description":"Track list:<div>1. Ana Ng</div><div>2. Cowtown</div><div>3. Lie Still, Little Bottle</div><div>4. Purple Toupee</div><div>5. Cage &amp; Aquarium</div><div>6. Where Your Eyes Don't Go</div><div>7. Piece of Dirt</div><div>8. Mr. Me</div><div>9. Pencil Rain</div><div>10. The World's Address</div><div>11. I've Got a Match</div><div>12. Santa's Beard</div><div>13. You'll Miss Me</div><div>14. They'll Need a Crane</div><div>15. Shoehorn with Teeth</div><div>16. Stand on Your Own Head</div><div>17. Snowball in Hell</div><div>18. Kiss Me, Son of God</div><div>I have Flood, but I won't do it until I get a computer with a disc drive (Flood is my only TMBG CD that isn't a bootleg, and I intend to rip it)</div>","language":"eng","scanner":"Internet Archive HTML5 Uploader 1.7.0","subject":["They Might Be Giants","Lincoln","CD","alternative rock"],"title":"They Might Be Giants: Lincoln (CD)","uploader":"jessebarfuss@hotmail.com","publicdate":"2024-12-18 09:01:30","addeddate":"2024-12-18 09:01:30","curation":"[curator]validator@archive.org[/curator][date]20241218090227[/date][comment]checked for malware[/comment]","collection_added":"hifidelity"},"server":"ia800603.us.archive.org","uniq":242036516,"workable_servers":["ia800603.us.archive.org","ia600603.us.archive.org"]}