{"alternate_locations":{"servers":[{"server":"dn721603.ca.archive.org","dir":"/0/items/01.-basta-basta"}],"workable":[{"server":"dn721603.ca.archive.org","dir":"/0/items/01.-basta-basta"}]},"created":1767567167,"d1":"ia600808.us.archive.org","d2":"ia800808.us.archive.org","dir":"/19/items/01.-basta-basta","files":[{"name":"01.-basta-basta_archive.torrent","source":"metadata","btih":"a30aefe5078201a165a3e2f43a97614467b3a634","mtime":"1757866670","size":"3363","md5":"6314f8d7c2f44868c052d4492626c130","crc32":"d8e21707","sha1":"a0e601a168b01c8ace22bda11c1299cc6f425c58","format":"Archive BitTorrent"},{"name":"01.-basta-basta_files.xml","source":"original","format":"Metadata","md5":"5e2d622cadab9d0e2088249cd651bbef","summation":"md5"},{"name":"01.-basta-basta_meta.sqlite","source":"original","mtime":"1741292469","size":"28672","md5":"d3a2eb97eb5ece24ec0451df60304536","crc32":"7e4b77e4","sha1":"44d5a35982d70a5a39df526eff2758ae8ae00dfe","format":"Metadata"},{"name":"01.-basta-basta_meta.xml","source":"original","mtime":"1757866668","size":"730","md5":"99c22992d34466764488e544a5b46c0d","crc32":"bbbfc3c3","sha1":"4c1bb511d16d8be5ee6895e747d22467219a229f","format":"Metadata"},{"name":"01.Basta Basta.mp3","source":"original","mtime":"1741292279","size":"4096046","md5":"49d60e348a0bcdfcb1ed2cdee1b96ef4","crc32":"65f866bb","sha1":"214624d2ce04243a68564ca646fdffb12a5eb7dd","format":"VBR MP3","length":"170.66","title":"Basta Basta","creator":"KAOS ROCK","album":"Basta Basta 7''","track":"1","artist":"KAOS ROCK","genre":"Punk"},{"name":"01.Basta Basta.png","source":"derivative","format":"PNG","original":"01.Basta Basta.mp3","mtime":"1741292576","size":"39716","md5":"38c9837e41c5d870c7450eee77194c8d","crc32":"90e66559","sha1":"1fea58e52df4b96fe01b85b33093d876ac8c0526"},{"name":"01.Basta Basta_spectrogram.png","source":"derivative","format":"Spectrogram","original":"01.Basta Basta.mp3","mtime":"1741292765","size":"290166","md5":"bcf418de3a3be5d3716abb33e6a11a65","crc32":"15440a9d","sha1":"5616df401f0eaaeef8b9fc0021c6fe7715b7786d"},{"name":"02.La Rapina.mp3","source":"original","mtime":"1741292368","size":"2799600","md5":"4543f903c3937a84725809a7c4996782","crc32":"9e2769d2","sha1":"31ef9d2fbd236c28ae8720bfc0eb6f234b26a178","format":"VBR MP3","length":"116.64","title":"La Rapina","creator":"KAOS ROCK","album":"Basta Basta 7''","track":"2","artist":"KAOS ROCK","genre":"Punk"},{"name":"02.La Rapina.png","source":"derivative","format":"PNG","original":"02.La Rapina.mp3","mtime":"1741292746","size":"41816","md5":"997ac014bfa05ea4b00558622b8a2276","crc32":"c340f3bb","sha1":"1771fb072ee66a9324a60014ca9ebdca3ff03115"},{"name":"02.La Rapina_spectrogram.png","source":"derivative","format":"Spectrogram","original":"02.La Rapina.mp3","mtime":"1741292790","size":"298366","md5":"8af81cb6a5c0bbc90aefc594914bebe6","crc32":"a270f0e0","sha1":"34c84809d00ab41847b2345ec606f8c460121a6a"},{"name":"__ia_thumb.jpg","source":"original","mtime":"1741292505","size":"13511","md5":"d7bd34a51ecb66ca4fe25ab953a44560","crc32":"5e3e57d8","sha1":"1ababc7eb6a183723544751d923eab21e66005a5","format":"Item Tile"},{"name":"front.jpg","source":"original","mtime":"1741292384","size":"620800","md5":"cb1e689a64b2bc3132f4f386ea53e133","crc32":"1c677c8f","sha1":"64b977075ae1234bbdeea1d694ea6b50477eb3fe","format":"JPEG"},{"name":"front_thumb.jpg","source":"derivative","format":"JPEG Thumb","original":"front.jpg","mtime":"1741292562","size":"10067","md5":"bec95726a245efc322b5a90199c01bf8","crc32":"9d40df3d","sha1":"075618e73e4aafd4559ee2b627dcf7c0514c48c1"}],"files_count":13,"item_last_updated":1757866670,"item_size":8242853,"metadata":{"identifier":"01.-basta-basta","mediatype":"audio","collection":["hifidelity_potpourri","hifidelity"],"date":"1980","description":"7\"","scanner":"Internet Archive HTML5 Uploader 1.7.0","subject":"7\"","title":"KAOS ROCK - Basta Basta","uploader":"zappityzapzaprealnotfake404@gmail.com","publicdate":"2025-03-06 20:18:22","addeddate":"2025-03-06 20:18:22","curation":"[curator]validator@archive.org[/curator][date]20250306201919[/date][comment]checked for malware[/comment]","collection_added":"hifidelity"},"server":"ia600808.us.archive.org","uniq":1253561891,"workable_servers":["ia600808.us.archive.org","ia800808.us.archive.org"]}