{"alternate_locations":{"servers":[{"server":"dn720705.ca.archive.org","dir":"/0/items/01.-doki"}],"workable":[{"server":"dn720705.ca.archive.org","dir":"/0/items/01.-doki"}]},"created":1767564463,"d1":"ia601304.us.archive.org","d2":"ia801304.us.archive.org","dir":"/24/items/01.-doki","files":[{"name":"01. DOKI.mp3","source":"original","mtime":"1746773446","size":"4449535","md5":"7ca0cc98dffe7a7bf6825658ab15005a","crc32":"fbaf7dc0","sha1":"79806f225673bc56a4760dfc6e09ea6dadb44880","format":"VBR MP3","length":"278.07","title":"DOKI","creator":"the FIELD OF VIEW","album":"DOKI -Single-","track":"1","artist":"the FIELD OF VIEW","genre":"JPop","comment":"http://jp-rock.blogspot.com/"},{"name":"01. DOKI.png","source":"derivative","format":"PNG","original":"01. DOKI.mp3","mtime":"1746774886","size":"39544","md5":"99d3b4e2cb7063b89150472bedb30d93","crc32":"78f3e474","sha1":"28510a91a2f20dc202724fada3a65025d1c63723"},{"name":"01. DOKI_spectrogram.png","source":"derivative","format":"Spectrogram","original":"01. DOKI.mp3","mtime":"1746776618","size":"312551","md5":"b23f99f2a6cffa6944e887ab1841249d","crc32":"b183089b","sha1":"6e230fc9c623967a2d1f36ea250c359bad4ddde4"},{"name":"01.-doki_archive.torrent","source":"metadata","btih":"a25acecc356d5931342c91e2c5b2eb936fbe426b","mtime":"1757864042","size":"4106","md5":"a2c44529d9e5f627e8e9bce74f10427b","crc32":"d8c70b68","sha1":"d1ffd51c1cf72afc1901c5d3e138eb0af4792d5a","format":"Archive BitTorrent"},{"name":"01.-doki_files.xml","source":"original","format":"Metadata","md5":"6c9bf522af2c73f07cb9a57f11fd4dd4","summation":"md5"},{"name":"01.-doki_meta.sqlite","source":"original","mtime":"1746773822","size":"36864","md5":"ddede9150924e5b3c2a026731b79249e","crc32":"1f257ed6","sha1":"8c82ee0872f104ae8d67f5226fc7911f347a4410","format":"Metadata"},{"name":"01.-doki_meta.xml","source":"original","mtime":"1757864041","size":"1480","md5":"83dfce15467e54bddc41d7fac5c550f5","crc32":"9ccf080d","sha1":"7250a5081a73bfa008f856caf918cd046ac50561","format":"Metadata"},{"name":"02. When I Call Your Name.mp3","source":"original","mtime":"1746773614","size":"3819260","md5":"27a234a2b5bd6ddd3a2592bb01963b1d","crc32":"ed89b502","sha1":"f8643e0e2d75f1feceadf860a1b3876fe044de45","format":"VBR MP3","length":"238.68","title":"When I Call Your Name","creator":"the FIELD OF VIEW","album":"DOKI -Single-","track":"2","artist":"the FIELD OF VIEW","genre":"JPop","comment":"http://jp-rock.blogspot.com/"},{"name":"02. When I Call Your Name.png","source":"derivative","format":"PNG","original":"02. When I Call Your Name.mp3","mtime":"1746775623","size":"36525","md5":"d2a4603822eef7fb847d04397fa27799","crc32":"2ab3f71b","sha1":"3d2191147e4e4c40e493371b418e4f353e5b8fb5"},{"name":"02. When I Call Your Name_spectrogram.png","source":"derivative","format":"Spectrogram","original":"02. When I Call Your Name.mp3","mtime":"1746777278","size":"317691","md5":"611ff760569a1ee4e9b8d1de210afb08","crc32":"1e0a9c54","sha1":"b051169fe746628cc883caab6e37330d7ae17b7f"},{"name":"03. DOKI (Original Karaoke).mp3","source":"original","mtime":"1746773807","size":"4414238","md5":"3f9211112c87e1c92290f81a1826a213","crc32":"8f061ba0","sha1":"b48b8f14b3e98f4a6a540bc41c3a544aca73dbd2","format":"VBR MP3","length":"275.85","title":"DOKI (Original Karaoke)","creator":"the FIELD OF VIEW","album":"DOKI -Single-","track":"3","artist":"the FIELD OF VIEW","genre":"JPop","comment":"http://jp-rock.blogspot.com/"},{"name":"03. DOKI (Original Karaoke).png","source":"derivative","format":"PNG","original":"03. DOKI (Original Karaoke).mp3","mtime":"1746776014","size":"39499","md5":"0c722643dd41b3a96a4900a19dfb8596","crc32":"bf9612cf","sha1":"8468bf7438103a816575778e79166c66b0a27a9c"},{"name":"03. DOKI (Original Karaoke)_spectrogram.png","source":"derivative","format":"Spectrogram","original":"03. DOKI (Original Karaoke).mp3","mtime":"1746777976","size":"320795","md5":"cd3b0a7aee99a7597d17bd203639898a","crc32":"b1c2cbe9","sha1":"3a39f63692454c515d80acc05b5f79e4c5d4e03e"},{"name":"__ia_thumb.jpg","source":"original","mtime":"1746773857","size":"28960","md5":"6a2cf72516378bafe7e6e5519f14f1e9","crc32":"d840a6d3","sha1":"4d75ad5c581da950b541d2dea03dac7e2cbb4c25","format":"Item Tile"},{"name":"doki.jpg","source":"original","mtime":"1746773813","size":"48087","md5":"428777112d4ae6e67222f3a9d360763a","crc32":"0cbd5d8c","sha1":"e342bb69845caa0f8b3ceef889db6aaf466da04d","format":"JPEG"},{"name":"doki_thumb.jpg","source":"derivative","format":"JPEG Thumb","original":"doki.jpg","mtime":"1746774403","size":"8057","md5":"fe9a9ddaefa526143390c07577220fd1","crc32":"1cda7d21","sha1":"3bc4b249260b4b03130c1d679d9e1b9635b2025b"}],"files_count":16,"item_last_updated":1757864042,"item_size":13877192,"metadata":{"identifier":"01.-doki","mediatype":"audio","collection":["folksoundomy_japaneserock","folksoundomy"],"creator":"the FIELD OF VIEW","date":"1996-05-20","description":"<div>01. DOKI</div><div>02. When I Call Your Name</div><div>03. DOKI (Original Karaoke)</div><div><br /></div><div>https://vk.gy/artists/field-of-view/</div><div><br /></div><div>http://jp-rock.blogspot.com/</div><div><br /></div><div>http://jp-rock-lyrics.blogspot.com.ar/</div>","language":"jpn","scanner":"Internet Archive HTML5 Uploader 1.7.0","subject":["rock","japanese rock","jrock","j-rock","the FIELD OF VIEW","FIELD OF VIEW","pop rock","j-pop","japanese pop","jpop"],"title":"the FIELD OF VIEW - DOKI (ドキ)","uploader":"denjinhal@mail.ru","publicdate":"2025-05-09 06:51:06","addeddate":"2025-05-09 06:51:06","curation":"[curator]validator@archive.org[/curator][date]20250509065213[/date][comment]checked for malware[/comment]","collection_added":"folksoundomy"},"server":"ia601304.us.archive.org","uniq":509305476,"workable_servers":["ia601304.us.archive.org","ia801304.us.archive.org"]}