{"alternate_locations":{"servers":[{"server":"dn721807.ca.archive.org","dir":"/0/items/01.-broken-heart"}],"workable":[{"server":"dn721807.ca.archive.org","dir":"/0/items/01.-broken-heart"}]},"created":1767567169,"d1":"ia600102.us.archive.org","d2":"ia800102.us.archive.org","dir":"/20/items/01.-broken-heart","files":[{"name":"01. BROKEN HEART.mp3","source":"original","mtime":"1749296485","size":"14169473","md5":"09b538444f9c15b5fddba311d4711751","crc32":"f599741f","sha1":"6e01ca27138e582795ad95b648f7099fda853689","format":"VBR MP3","length":"352.56","title":"BROKEN HEART","creator":"子供ばんど","album":"Before ZERO","track":"1","artist":"子供ばんど","genre":"Rock and Roll","comment":"http://jp-rock.blogspot.com/"},{"name":"01. BROKEN HEART.png","source":"derivative","format":"PNG","original":"01. BROKEN HEART.mp3","mtime":"1749297088","size":"35155","md5":"092511775332dac5b4077e5cb1514451","crc32":"cf83a3ed","sha1":"f5fefa167e6415ed53556dd083608da295821e65"},{"name":"01. BROKEN HEART_spectrogram.png","source":"derivative","format":"Spectrogram","original":"01. BROKEN HEART.mp3","mtime":"1749297246","size":"305231","md5":"c3bcba7f182d762ec704fd860c1bf430","crc32":"8dc0a9f5","sha1":"21f8bdf4b4ae68c740e533ce2926cdfff3f46c34"},{"name":"01.-broken-heart_archive.torrent","source":"metadata","btih":"5d395eeb8e4efa65c49b33e5c0c2bcd581aa765a","mtime":"1757864009","size":"10660","md5":"abc6b0c56e62c77c61b021a0d57839ce","crc32":"27940a79","sha1":"33edb2c6a3bcd7866069097d6bc676db2a0ba2ff","format":"Archive BitTorrent"},{"name":"01.-broken-heart_files.xml","source":"original","format":"Metadata","md5":"2bcf02dca6c36be6f3950cde92fea140","summation":"md5"},{"name":"01.-broken-heart_meta.sqlite","source":"original","mtime":"1749296931","size":"61440","md5":"953e5d0c77493387d9f56141f52f9620","crc32":"68adf7d4","sha1":"6841ecae73bf64160dfc074924aaed0fce93d3d9","format":"Metadata"},{"name":"01.-broken-heart_meta.xml","source":"original","mtime":"1757864008","size":"1583","md5":"237776a100caa5a0441764820b6471da","crc32":"596fa518","sha1":"bfce336d66f28b35b2434931356d6572c6bbad0a","format":"Metadata"},{"name":"02. BEAT CITY.mp3","source":"original","mtime":"1749296561","size":"5987645","md5":"c1f36673de39084fcf1b6bc1cf66a4a4","crc32":"5a997c71","sha1":"3a153d2879bf1153cc3632b0f6ee80e4401b5e5d","format":"VBR MP3","length":"148.01","title":"BEAT CITY","creator":"子供ばんど","album":"Before ZERO","track":"2","artist":"子供ばんど","genre":"Rock and Roll","comment":"http://jp-rock.blogspot.com/"},{"name":"02. BEAT CITY.png","source":"derivative","format":"PNG","original":"02. BEAT CITY.mp3","mtime":"1749297173","size":"42822","md5":"bb97213564ca2ad34df61bcb451f90c2","crc32":"747d4324","sha1":"5c93c58aa2083b2fa3fad6432c2ceed3dfc0725c"},{"name":"02. BEAT CITY_spectrogram.png","source":"derivative","format":"Spectrogram","original":"02. BEAT CITY.mp3","mtime":"1749297374","size":"300941","md5":"cbce558e44d8f1350b19bfc7b1814849","crc32":"60ef79e1","sha1":"15ca292c0856fb5a9b9ba955c99b6db3d77726fa"},{"name":"03. LONELY HIGHWAY.mp3","source":"original","mtime":"1749296674","size":"13417793","md5":"8e9c1f9cbbc5f052be19231bdd8228be","crc32":"2f36452f","sha1":"0f2c46b6d89b52e9a91d2f0f242875dfb9edb74e","format":"VBR MP3","length":"333.77","title":"LONELY HIGHWAY","creator":"子供ばんど","album":"Before ZERO","track":"3","artist":"子供ばんど","genre":"Rock and Roll","comment":"http://jp-rock.blogspot.com/"},{"name":"03. LONELY HIGHWAY.png","source":"derivative","format":"PNG","original":"03. LONELY HIGHWAY.mp3","mtime":"1749297151","size":"38593","md5":"39a8c2b7cfc721e0a01e25c8361e14c7","crc32":"1be0dd51","sha1":"cac0ab0e71141e1a4d72bdf619650746823fce55"},{"name":"03. LONELY HIGHWAY_spectrogram.png","source":"derivative","format":"Spectrogram","original":"03. LONELY HIGHWAY.mp3","mtime":"1749297354","size":"307291","md5":"ad75c0916837a42aef1b2b446d29a9ad","crc32":"7cad1619","sha1":"10591d6a5ea73a462acb25a8e11eb0be029aa202"},{"name":"04. GIRL GOOD BYE.mp3","source":"original","mtime":"1749296722","size":"12771557","md5":"8fbc306ba79e7f5c4068f634ed419730","crc32":"fae04119","sha1":"91c87b0e2b499098b887a7f4dfff647fe4261d2f","format":"VBR MP3","length":"317.61","title":"GIRL GOOD BYE","creator":"子供ばんど","album":"Before ZERO","track":"4","artist":"子供ばんど","genre":"Rock and Roll","comment":"http://jp-rock.blogspot.com/"},{"name":"04. GIRL GOOD BYE.png","source":"derivative","format":"PNG","original":"04. GIRL GOOD BYE.mp3","mtime":"1749297025","size":"37190","md5":"9b5d095ec5c891051e4ecaad64607afd","crc32":"b894406e","sha1":"8e2e5f744d0ee02b1fe07b84a4d89614f66aa75d"},{"name":"04. GIRL GOOD BYE_spectrogram.png","source":"derivative","format":"Spectrogram","original":"04. GIRL GOOD BYE.mp3","mtime":"1749297332","size":"307415","md5":"17ae17b25be1806c9bf46fbf5cc33214","crc32":"716ae990","sha1":"3e4e1ef9b4c85147712939bcd8d8aa7249ae73ca"},{"name":"05. JUST THE TIME.mp3","source":"original","mtime":"1749296753","size":"8958869","md5":"519c80fb8210ea9bfdc5a8344e358e06","crc32":"b4777af1","sha1":"6f7eb1c70f1564e1f8b9df09a9a7d91092b4f499","format":"VBR MP3","length":"222.29","title":"JUST THE TIME","creator":"子供ばんど","album":"Before ZERO","track":"5","artist":"子供ばんど","genre":"Rock and Roll","comment":"http://jp-rock.blogspot.com/"},{"name":"05. JUST THE TIME.png","source":"derivative","format":"PNG","original":"05. JUST THE TIME.mp3","mtime":"1749297109","size":"42464","md5":"434c4d003d4772157288ed025cd77a95","crc32":"c6a9b7a1","sha1":"12dbd783757060c14373aeee565b1e2868afc27a"},{"name":"05. JUST THE TIME_spectrogram.png","source":"derivative","format":"Spectrogram","original":"05. JUST THE TIME.mp3","mtime":"1749297307","size":"301736","md5":"673399167c8e829655eb4026a97023fc","crc32":"78c3e7a1","sha1":"1533fda3884a34f17f6ab01dc4b26143bd421dd9"},{"name":"06. GO FOR IT.mp3","source":"original","mtime":"1749296760","size":"8542313","md5":"42eedd6c37c324429b4bd21dcaef0e5a","crc32":"9cb8a8a0","sha1":"ce3b4c41f05feeeaaa8d7977c25578a75b181b7b","format":"VBR MP3","length":"211.88","title":"GO FOR IT","creator":"子供ばんど","album":"Before ZERO","track":"6","artist":"子供ばんど","genre":"Rock and Roll","comment":"http://jp-rock.blogspot.com/"},{"name":"06. GO FOR IT.png","source":"derivative","format":"PNG","original":"06. GO FOR IT.mp3","mtime":"1749297047","size":"41008","md5":"1a67bd2c6231fb7db863b1693f86bb5e","crc32":"0d4ceab9","sha1":"a6fe07b3fb271a025b22ba90998ee141b4476042"},{"name":"06. GO FOR IT_spectrogram.png","source":"derivative","format":"Spectrogram","original":"06. GO FOR IT.mp3","mtime":"1749297287","size":"295234","md5":"00844c78a86b9f81ea4aaa3a92c8a282","crc32":"7cb7f973","sha1":"3b443a84ee6a799009b08ca4f567e64b629f47a6"},{"name":"07. CHASE! (CHASE IN THE MOON).mp3","source":"original","mtime":"1749296766","size":"9986165","md5":"83a6d0fd7b38bb9b99a7710ccf008fde","crc32":"0b3ba43f","sha1":"dbe8b5c416eda0c8c797f85421926c8170e1a501","format":"VBR MP3","length":"247.98","title":"CHASE! (CHASE IN THE MOON)","creator":"子供ばんど","album":"Before ZERO","track":"7","artist":"子供ばんど","genre":"Rock and Roll","comment":"http://jp-rock.blogspot.com/"},{"name":"07. CHASE! (CHASE IN THE MOON).png","source":"derivative","format":"PNG","original":"07. CHASE! (CHASE IN THE MOON).mp3","mtime":"1749297065","size":"39636","md5":"2580bf7362c15b92c5b8b355aaa27abf","crc32":"4d0f12a9","sha1":"ea64345f23af57a09440746e6345b690ca91012d"},{"name":"07. CHASE! (CHASE IN THE MOON)_spectrogram.png","source":"derivative","format":"Spectrogram","original":"07. CHASE! (CHASE IN THE MOON).mp3","mtime":"1749297263","size":"295845","md5":"c202a0617550f3b3bb74e9fe5887146a","crc32":"2dfac6f5","sha1":"f25f72f94d2b2deff101ef12c6099545a5e8f8d3"},{"name":"08. BEFORE ZERO.mp3","source":"original","mtime":"1749296824","size":"11706677","md5":"845dd4ab46e7c05eb9da1e155e5d7faf","crc32":"f90dd1be","sha1":"32c847a8066249dc1b3f16672afa0cc1dbbcc7fc","format":"VBR MP3","length":"290.99","title":"BEFORE ZERO","creator":"子供ばんど","album":"Before ZERO","track":"8","artist":"子供ばんど","genre":"Rock and Roll","comment":"http://jp-rock.blogspot.com/"},{"name":"08. BEFORE ZERO.png","source":"derivative","format":"PNG","original":"08. BEFORE ZERO.mp3","mtime":"1749297132","size":"38356","md5":"1f4f8826db03f05b11f1675e765638f1","crc32":"0bfb4dd3","sha1":"89f4da317737af3fa47deda2205743f9dbdb3e53"},{"name":"08. BEFORE ZERO_spectrogram.png","source":"derivative","format":"Spectrogram","original":"08. BEFORE ZERO.mp3","mtime":"1749297218","size":"304051","md5":"16466ebdaf5966a70b79ad4f3fd944ba","crc32":"78f1ed42","sha1":"2e934993dcfef8925b820a2e132343f67aacc4b5"},{"name":"09. NIGHT AWAY.mp3","source":"original","mtime":"1749296925","size":"10748285","md5":"1c29a0532b30b2b7d09ac49cb2d1646f","crc32":"7f12a292","sha1":"72bd18d29c01f5449d244548575a0a166f58439b","format":"VBR MP3","length":"267.03","title":"NIGHT AWAY","creator":"子供ばんど","album":"Before ZERO","track":"9","artist":"子供ばんど","genre":"Rock and Roll","comment":"http://jp-rock.blogspot.com/"},{"name":"09. NIGHT AWAY.png","source":"derivative","format":"PNG","original":"09. NIGHT AWAY.mp3","mtime":"1749297202","size":"37730","md5":"b4ed700a29c54479a9b129ded953553a","crc32":"b02bb61e","sha1":"4d0e1e3b0f28c677c98d4d9ac8af264ca1d621e6"},{"name":"09. NIGHT AWAY_spectrogram.png","source":"derivative","format":"Spectrogram","original":"09. NIGHT AWAY.mp3","mtime":"1749297392","size":"327344","md5":"d0d9af8125d6f25c3a69cf8bde3854fe","crc32":"c33d14c1","sha1":"55a60fff143e5db59e97ba9b25bfb9a90fa1a6e2"},{"name":"Cover.jpg","source":"original","mtime":"1749296928","size":"34772","md5":"369023c76a4066812da42dd4d75581ff","crc32":"9dfce0e3","sha1":"ead4b2d5fee6a5cf6ae19a38cc2c8819960c2907","format":"JPEG"},{"name":"Cover_thumb.jpg","source":"derivative","format":"JPEG Thumb","original":"Cover.jpg","mtime":"1749297002","size":"8577","md5":"458a28d04fa180d9da27647d38eb29d5","crc32":"b4ddb68e","sha1":"07f0436ebcc3e7df9f087f105ad12d59c01d7b1c"},{"name":"__ia_thumb.jpg","source":"original","mtime":"1749296966","size":"9623","md5":"8e8c2a35cf4d2d1f9b19f21a81f5e461","crc32":"a1e57f13","sha1":"cd15f9ce76fe1fff5522c2621b13e2bd46657366","format":"Item Tile"}],"files_count":34,"item_last_updated":1757864009,"item_size":99513474,"metadata":{"identifier":"01.-broken-heart","mediatype":"audio","collection":["folksoundomy_japaneserock","folksoundomy"],"creator":"kodomo Band","date":"1987-05-05","description":"<div>01. BROKEN HEART </div><div>02. BEAT CITY</div><div>03. LONELY HIGHWAY</div><div>04. GIRL GOOD BYE</div><div>05. JUST THE TIME</div><div>06. GO FOR IT</div><div>07. CHASE! (CHASE IN THE MOON)</div><div>08. BEFORE ZERO</div><div>09. NIGHT AWAY</div><div><br /></div><div>Décimo álbum.</div><div><br /></div><div>http://jp-rock.blogspot.com/</div><div><br /></div><div>http://jp-rock-lyrics.blogspot.com.ar/</div>","language":"jpn","scanner":"Internet Archive HTML5 Uploader 1.7.0","subject":["rock","japanese rock","jrock","j-rock","kodomo Band","子供ばんど"],"title":"kodomo Band (子供ばんど) - Before ZERO","uploader":"denjinhal@mail.ru","publicdate":"2025-06-07 11:41:44","addeddate":"2025-06-07 11:41:44","curation":"[curator]validator@archive.org[/curator][date]20250607114244[/date][comment]checked for malware[/comment]","collection_added":"folksoundomy"},"server":"ia800102.us.archive.org","uniq":421601167,"workable_servers":["ia800102.us.archive.org","ia600102.us.archive.org"]}