{"alternate_locations":{"servers":[{"server":"dn721800.ca.archive.org","dir":"/0/items/01.-crash"}],"workable":[{"server":"dn721800.ca.archive.org","dir":"/0/items/01.-crash"}]},"created":1767564458,"d1":"ia600705.us.archive.org","d2":"ia800705.us.archive.org","dir":"/31/items/01.-crash","files":[{"name":"01. CRASH.mp3","source":"original","mtime":"1746779465","size":"9442158","md5":"172709e8a394c88a48299bae14e21c85","crc32":"dac358b1","sha1":"600602ccd4da599c6554f45581c467bf0bb29876","format":"VBR MP3","length":"234.45","title":"CRASH","creator":"the FIELD OF VIEW","album":"CRASH -Single-","track":"1","artist":"the FIELD OF VIEW","genre":"JPop","comment":"http://jp-rock.blogspot.com/"},{"name":"01. CRASH.png","source":"derivative","format":"PNG","original":"01. CRASH.mp3","mtime":"1746780465","size":"37434","md5":"cb139b7a87827d7a45a5c48987d7ab83","crc32":"b4c205f8","sha1":"874eb76d386f9bfa5ca692c5600eb60efd38d05d"},{"name":"01. CRASH_spectrogram.png","source":"derivative","format":"Spectrogram","original":"01. CRASH.mp3","mtime":"1746781183","size":"311289","md5":"5b88b029b65dda2dd1b169f6ea34faba","crc32":"783d4374","sha1":"10a3b16aa63a7162e67bbb69bb9c15195a03d257"},{"name":"01.-crash_archive.torrent","source":"metadata","btih":"3f76d82de5fefd4d401834e119cb988c0b9b393f","mtime":"1757864020","size":"4626","md5":"3fc6a4a004a54a4a70118126c8067635","crc32":"3a67d773","sha1":"5c36bea52cac2919477e72f7e8f78e0ebb294e0a","format":"Archive BitTorrent"},{"name":"01.-crash_files.xml","source":"original","format":"Metadata","md5":"f94384d4b3550e85bb76365f64c94ae5","summation":"md5"},{"name":"01.-crash_meta.sqlite","source":"original","mtime":"1746779948","size":"36864","md5":"eb887da11b4d54c5dbb2976ce435616f","crc32":"a1d3f4b6","sha1":"a7da27358471c3fc0e98363a86434661ddf3d676","format":"Metadata"},{"name":"01.-crash_meta.xml","source":"original","mtime":"1757864019","size":"1606","md5":"9282dc70b977ce37bb2b69f1041c55f0","crc32":"c8e4b828","sha1":"9b3c6f5242bd34b31bc1976a62e7b4e33edd79a7","format":"Metadata"},{"name":"02. Dreaming always.mp3","source":"original","mtime":"1746779682","size":"7598978","md5":"21762ce2fd64955a1e8e419b78db15c9","crc32":"6da081fb","sha1":"b3b42a162feab0b3f25e5ecafaa262d097ffc026","format":"VBR MP3","length":"188.37","title":"Dreaming always","creator":"the FIELD OF VIEW","album":"CRASH -Single-","track":"2","artist":"the FIELD OF VIEW","genre":"JPop","comment":"http://jp-rock.blogspot.com/"},{"name":"02. Dreaming always.png","source":"derivative","format":"PNG","original":"02. Dreaming always.mp3","mtime":"1746780662","size":"35071","md5":"1f1482e6f174507c6cfd02a54789543e","crc32":"8b62b247","sha1":"72d1c604f981dfec65030ea71fcc0ea56f709f01"},{"name":"02. Dreaming always_spectrogram.png","source":"derivative","format":"Spectrogram","original":"02. Dreaming always.mp3","mtime":"1746781329","size":"336935","md5":"8d9660c3769bd247e6424e20724f9d66","crc32":"014b9f23","sha1":"a27a225b08b4986c20c73acc79c5f0cc9cfe7874"},{"name":"03. CRASH (Original Karaoke).mp3","source":"original","mtime":"1746779939","size":"9304269","md5":"326b8dc922fb4ccfade51b38b8ea2524","crc32":"ebc63429","sha1":"ca6e3352eed818734c32cacb304a05c7a60557ec","format":"VBR MP3","length":"231","title":"CRASH（オリジナルカラオケ）","creator":"the FIELD OF VIEW","album":"CRASH -Single-","track":"3","artist":"the FIELD OF VIEW","genre":"JPop","comment":"http://jp-rock.blogspot.com/"},{"name":"03. CRASH (Original Karaoke).png","source":"derivative","format":"PNG","original":"03. CRASH (Original Karaoke).mp3","mtime":"1746780910","size":"37049","md5":"0b82fa7bb6bfceb1cad85174560ba8e3","crc32":"63c45e71","sha1":"271e8df37d6970e048f2ff3e61b112163fb8dc06"},{"name":"03. CRASH (Original Karaoke)_spectrogram.png","source":"derivative","format":"Spectrogram","original":"03. CRASH (Original Karaoke).mp3","mtime":"1746781585","size":"320839","md5":"a628609a766504d0747bd56eded791d1","crc32":"87c1a69f","sha1":"9fec1957f168d17f9e9bcf179b5d4a6f7ed6ba15"},{"name":"__ia_thumb.jpg","source":"original","mtime":"1746779982","size":"29454","md5":"7974a6a8874be9c57a93928b9af27c85","crc32":"9b79ad6d","sha1":"107374e86245b42a7564d28674cd75c5a87b0e6b","format":"Item Tile"},{"name":"cover.jpg","source":"original","mtime":"1746779945","size":"66761","md5":"dcf4b63673f929d8a04d03e24c0960c0","crc32":"18d51a27","sha1":"bfaa65b1b83273b186fa537ddc6d6f2a0f299ff3","format":"JPEG"},{"name":"cover_thumb.jpg","source":"derivative","format":"JPEG Thumb","original":"cover.jpg","mtime":"1746780249","size":"6275","md5":"daba2cfa1090317b2716ce44015b8cec","crc32":"ad0df065","sha1":"e8ea6e81bc0c3e86efa496619d434ca3f2ffaed4"}],"files_count":16,"item_last_updated":1757864020,"item_size":27569608,"metadata":{"identifier":"01.-crash","mediatype":"audio","collection":["folksoundomy_japaneserock","folksoundomy"],"creator":"the FIELD OF VIEW","date":"1999-03-17","description":"<div>01. CRASH</div><div>02. Dreaming always</div><div>03. CRASH (Original Karaoke)</div><div><br /></div><div>Single de FIELD OF VIEW que no fue parte de ninguno de sus álbumes originales.</div><div><br /></div><div>https://vk.gy/artists/field-of-view/</div><div><br /></div><div>http://jp-rock.blogspot.com/</div><div><br /></div><div>http://jp-rock-lyrics.blogspot.com.ar/</div>","language":"jpn","scanner":"Internet Archive HTML5 Uploader 1.7.0","subject":["rock","japanese rock","jrock","j-rock","the FIELD OF VIEW","FIELD OF VIEW","pop rock","j-pop","japanese pop","jpop"],"title":"the FIELD OF VIEW - CRASH","uploader":"denjinhal@mail.ru","publicdate":"2025-05-09 08:31:37","addeddate":"2025-05-09 08:31:37","curation":"[curator]validator@archive.org[/curator][date]20250509083242[/date][comment]checked for malware[/comment]","collection_added":"folksoundomy"},"server":"ia800705.us.archive.org","uniq":1512346056,"workable_servers":["ia800705.us.archive.org","ia600705.us.archive.org"]}