{"created":1767564481,"d1":"ia601804.us.archive.org","d2":"ia801804.us.archive.org","dir":"/14/items/01.-kuroi-taiyou-remake-version","files":[{"name":"01. kuroi taiyou (Remake Version).mp3","source":"original","mtime":"1747669991","size":"8210432","md5":"e9d30587829c383c97cf79ff9b2a3f85","crc32":"0a7c6f9a","sha1":"cc1901347c3a525c3ea2f1c970f072e30dbf3946","format":"VBR MP3","length":"342","title":"kuroi taiyou (Remake Version)","creator":"FANATIC CRISIS","album":"taiyou no toriko","track":"1/9","artist":"FANATIC CRISIS","genre":"J-Rock","comment":"(iTunes_CDDB_TrackNumber) 1"},{"name":"01. kuroi taiyou (Remake Version).png","source":"derivative","format":"PNG","original":"01. kuroi taiyou (Remake Version).mp3","mtime":"1747671326","size":"37119","md5":"6d2471e73014a23ab99459616f411e5c","crc32":"a03413ea","sha1":"3b7815bb6a50e3f64ef0ce9df1ca6e973ef9da8b"},{"name":"01. kuroi taiyou (Remake Version)_spectrogram.png","source":"derivative","format":"Spectrogram","original":"01. kuroi taiyou (Remake Version).mp3","mtime":"1747671466","size":"313991","md5":"a8f9cb50bca1f0e7075ca6a2ea2b09ac","crc32":"f0a08041","sha1":"f0ba7e1ac8c68e92b47661590b046e27a588bce6"},{"name":"01.-kuroi-taiyou-remake-version_archive.torrent","source":"metadata","btih":"1d649eb4933b89d5235938075e124bf4685f711e","mtime":"1757864157","size":"8287","md5":"3ed5116078252413a4b9fc92e94549cb","crc32":"61a7c829","sha1":"b6b9dcde4f875cee526155ad80dd98e518f29b9f","format":"Archive BitTorrent"},{"name":"01.-kuroi-taiyou-remake-version_files.xml","source":"original","format":"Metadata","md5":"e9d19a73af91a79705764246c8ad9cb0","summation":"md5"},{"name":"01.-kuroi-taiyou-remake-version_meta.sqlite","source":"original","mtime":"1747671157","size":"61440","md5":"7aa8329ba69ae4679e4ad4893f1e6aa0","crc32":"d31478ca","sha1":"468fc122daa3d88194cebb0a24ae4ad22550af98","format":"Metadata"},{"name":"01.-kuroi-taiyou-remake-version_meta.xml","source":"original","mtime":"1757864156","size":"2010","md5":"303a5109c94ad0d676efb287b2a8e1b3","crc32":"522ed678","sha1":"271891b76c6272f64606e189bb0aff7cc847cbbf","format":"Metadata"},{"name":"02. P.E.R.S.O.N.A.mp3","source":"original","mtime":"1747670202","size":"7098240","md5":"92e34496b80c5df603f2a69c92babae5","crc32":"a47699a6","sha1":"bff54a4a5cca384a8247e013ef33b51e4d16c25d","format":"VBR MP3","length":"295.65","title":"P·E·R·S·O·N·A","creator":"FANATIC CRISIS","album":"taiyou no toriko","track":"2","artist":"FANATIC CRISIS","genre":"J-Rock","comment":"(iTunes_CDDB_TrackNumber) 2"},{"name":"02. P.E.R.S.O.N.A.png","source":"derivative","format":"PNG","original":"02. P.E.R.S.O.N.A.mp3","mtime":"1747671406","size":"40052","md5":"1e8bcf719a3093facda8ba85fcfd114a","crc32":"1ef66629","sha1":"700863d33cf057f6ad7dbbb485c9cdba0a23dab2"},{"name":"02. P.E.R.S.O.N.A_spectrogram.png","source":"derivative","format":"Spectrogram","original":"02. P.E.R.S.O.N.A.mp3","mtime":"1747671588","size":"321915","md5":"afa765a1edd65e7f6bfa922e5031db48","crc32":"876f472f","sha1":"e01acfd426401bcda27313bc782ca2fbba4d9b19"},{"name":"03. Pacifist.mp3","source":"original","mtime":"1747670307","size":"6168576","md5":"b143648c566b87663018b5fbfa4ee57a","crc32":"f43201ac","sha1":"790d23ff529a9f42449340e1ba2d744c0eb751db","format":"VBR MP3","length":"256.97","title":"Pacifist","creator":"FANATIC CRISIS","album":"taiyou no toriko","track":"3/9","artist":"FANATIC CRISIS","genre":"J-Rock","comment":"(iTunes_CDDB_TrackNumber) 3"},{"name":"03. Pacifist.png","source":"derivative","format":"PNG","original":"03. Pacifist.mp3","mtime":"1747671386","size":"40620","md5":"22bf989a7cc777e26939f6f1f101910f","crc32":"256c0064","sha1":"4c7bdf8d4a83f5d4603237e2e712001ae1bdc081"},{"name":"03. Pacifist_spectrogram.png","source":"derivative","format":"Spectrogram","original":"03. Pacifist.mp3","mtime":"1747671577","size":"316698","md5":"9734b4c165afb7f75ad90c89b2997bb4","crc32":"d59acea9","sha1":"1ee236f8002f7020accee70f71390ac300defdfb"},{"name":"04. Flowers for....mp3","source":"original","mtime":"1747670496","size":"5769216","md5":"7de56d983a773a222b5d4faeddfb7b70","crc32":"baa7cd12","sha1":"4fbc3262865ade0d7e4c7dc84c6e7748c6c191d0","format":"VBR MP3","length":"240.33","title":"Flowers for...","creator":"FANATIC CRISIS","album":"taiyou no toriko","track":"4/9","artist":"FANATIC CRISIS","genre":"J-Rock","comment":"(iTunes_CDDB_TrackNumber) 4"},{"name":"04. Flowers for....png","source":"derivative","format":"PNG","original":"04. Flowers for....mp3","mtime":"1747671266","size":"41372","md5":"ddc78a785279e0090a87f7c4ee3711df","crc32":"c80f5fd0","sha1":"10a4cf78d690f13b182875e40e5b88ad6bb6c914"},{"name":"04. Flowers for..._spectrogram.png","source":"derivative","format":"Spectrogram","original":"04. Flowers for....mp3","mtime":"1747671554","size":"334521","md5":"c052f8f7d3ecfadebf6934e177aefd20","crc32":"97532801","sha1":"945bc4f971620e87579a8d3422962859ae58b784"},{"name":"05. SLEEPLESS MERRY-GO-ROUND.mp3","source":"original","mtime":"1747670632","size":"4675584","md5":"c1b1560be8ab1b595cc2f5dda60fd2be","crc32":"abd0bb2d","sha1":"404c1dc9b60ac3c70398b781ff9003773d7ac176","format":"VBR MP3","length":"194.74","title":"SLEEPLESS MERRY-GO-ROUND","creator":"FANATIC CRISIS","album":"taiyou no toriko","track":"5/9","artist":"FANATIC CRISIS","genre":"J-Rock","comment":"(iTunes_CDDB_TrackNumber) 5"},{"name":"05. SLEEPLESS MERRY-GO-ROUND.png","source":"derivative","format":"PNG","original":"05. SLEEPLESS MERRY-GO-ROUND.mp3","mtime":"1747671347","size":"34994","md5":"ae32b4f897cb17044ee435daae9fd187","crc32":"6fb31ff0","sha1":"b062cf5a70fefa8271067ed30a50f6fa6991c564"},{"name":"05. SLEEPLESS MERRY-GO-ROUND_spectrogram.png","source":"derivative","format":"Spectrogram","original":"05. SLEEPLESS MERRY-GO-ROUND.mp3","mtime":"1747671532","size":"327595","md5":"75cd55fd3ecf6eb19df3428dafca5806","crc32":"a952b7af","sha1":"ae933c6274b39e813c64aab8e6d25e1aa7c4632e"},{"name":"06. SE.mp3","source":"original","mtime":"1747670664","size":"647168","md5":"44956769f403b0e5a9f1d452bfd09056","crc32":"4978ceb7","sha1":"00e0744d9a89a2aa09091232de1695532318f0e3","format":"VBR MP3","length":"26.88","title":"SE","creator":"FANATIC CRISIS","album":"taiyou no toriko","track":"6/9","artist":"FANATIC CRISIS","genre":"J-Rock","comment":"(iTunes_CDDB_TrackNumber) 6"},{"name":"06. SE.png","source":"derivative","format":"PNG","original":"06. SE.mp3","mtime":"1747671286","size":"37481","md5":"71eef78cdb99636005e3defd3613bede","crc32":"560b117b","sha1":"529e3c7fb903f9f7f60901fe9ce3d308cf147bee"},{"name":"06. SE_spectrogram.png","source":"derivative","format":"Spectrogram","original":"06. SE.mp3","mtime":"1747671507","size":"315360","md5":"91a0779efff300955cc2a4c62b437b8f","crc32":"395d43b0","sha1":"d24b6b4bab5434fd97fbef387992ceef879a7a05"},{"name":"07. Disappear n'.mp3","source":"original","mtime":"1747670802","size":"5513216","md5":"78adce3f1df6c7a4a560fcdd28cecceb","crc32":"b25912c9","sha1":"c2d4172fe88111aef641458a59e3710d25fb838d","format":"VBR MP3","length":"229.64","title":"Disappear n'","creator":"FANATIC CRISIS","album":"taiyou no toriko","track":"7/9","artist":"FANATIC CRISIS","genre":"J-Rock","comment":"(iTunes_CDDB_TrackNumber) 7"},{"name":"07. Disappear n'.png","source":"derivative","format":"PNG","original":"07. Disappear n'.mp3","mtime":"1747671303","size":"40954","md5":"a433590fe17dc9b7e6072b4cc32b929d","crc32":"66e8be93","sha1":"5c6c90647e5ca4af879faba908774d3779003cf6"},{"name":"07. Disappear n'_spectrogram.png","source":"derivative","format":"Spectrogram","original":"07. Disappear n'.mp3","mtime":"1747671486","size":"308426","md5":"724906198593addeebdec3c9cc69754f","crc32":"d7a16612","sha1":"373a7bc5bb425a39a0712782ba83e7b2aacaec5c"},{"name":"08. World's E.N.D. (se).mp3","source":"original","mtime":"1747670995","size":"5595136","md5":"14a758743e14deb8c97b122b6352fe68","crc32":"99ba3605","sha1":"b03f92c71ef92a05fb123eff37fd899e1147ae7e","format":"VBR MP3","length":"233.06","title":"World's E.N.D. (se)","creator":"FANATIC CRISIS","album":"taiyou no toriko","track":"8/9","artist":"FANATIC CRISIS","genre":"J-Rock","comment":"(iTunes_CDDB_TrackNumber) 8"},{"name":"08. World's E.N.D. (se).png","source":"derivative","format":"PNG","original":"08. World's E.N.D. (se).mp3","mtime":"1747671368","size":"35850","md5":"ddb81e3116fb2ccb91cd03a34ae8d457","crc32":"ba4611cc","sha1":"f5ed3b90cfec200ef9f88bf1e742c889924ac46d"},{"name":"08. World's E.N.D. (se)_spectrogram.png","source":"derivative","format":"Spectrogram","original":"08. World's E.N.D. (se).mp3","mtime":"1747671443","size":"322908","md5":"04d7d27fc7d8377a4beb55ef1d61175a","crc32":"bf2fd0a4","sha1":"a95a4a2a5602536453501b0ec456fda6def55f84"},{"name":"09. Pacifist (gm extrented mix).mp3","source":"original","mtime":"1747671145","size":"3969024","md5":"406c8b79e947e84698d877d74bacc8f3","crc32":"4556dedb","sha1":"ba06a63ce01269cdfc158ed83d869bac203684ea","format":"VBR MP3","length":"165.33","title":"Pacifist <GM EXTENDED MIX>","creator":"FANATIC CRISIS","album":"taiyou no toriko","track":"9/9","artist":"FANATIC CRISIS","genre":"J-Rock","comment":"(iTunes_CDDB_TrackNumber) 9"},{"name":"09. Pacifist (gm extrented mix).png","source":"derivative","format":"PNG","original":"09. Pacifist (gm extrented mix).mp3","mtime":"1747671427","size":"38909","md5":"b26bf330ff9afbeea016b8b3f7f20f31","crc32":"3b321d7f","sha1":"39c71f03db5b0126206bbf49fdc64c431a8d522b"},{"name":"09. Pacifist (gm extrented mix)_spectrogram.png","source":"derivative","format":"Spectrogram","original":"09. Pacifist (gm extrented mix).mp3","mtime":"1747671601","size":"328082","md5":"28f557e0b2f503f1711853b970e87ff4","crc32":"f79d2c93","sha1":"06c05cab9ba07e764f2fd3a449722ef9fa9262d4"},{"name":"__ia_thumb.jpg","source":"original","mtime":"1747671191","size":"11296","md5":"1458ff7c626045972560ea2503cb0aab","crc32":"d4112e78","sha1":"29d422b3f6415be5b28d99bb6edcdda08e85e2a7","format":"Item Tile"},{"name":"cover.jpg","source":"original","mtime":"1747671153","size":"15869","md5":"060512b0018cb49404e04dbe849240f3","crc32":"8f7ded9b","sha1":"fcbad748aeca45667c8fcc10d3a9f3ed96c15189","format":"JPEG"},{"name":"cover_thumb.jpg","source":"derivative","format":"JPEG Thumb","original":"cover.jpg","mtime":"1747671248","size":"8991","md5":"f80002a9f7db0b8bce5566f2d066775d","crc32":"dd9eef9b","sha1":"e96281af221fc211d15bc57d40bc46f10c9f0943"}],"files_count":34,"item_last_updated":1757864157,"item_size":50991332,"metadata":{"identifier":"01.-kuroi-taiyou-remake-version","mediatype":"audio","collection":["folksoundomy_japaneserock","folksoundomy"],"creator":"FANATIC◇CRISIS","date":"1994","description":"<div>01. kuroi taiyō (Remake Version)</div><div>02. P.E.R.S.O.N.A</div><div>03. Pacifist</div><div>04. Flowers for...</div><div>05. SLEEPLESS MERRY-GO-ROUND</div><div>06. SE</div><div>07. Disappear n'</div><div>08. World's E.N.D. (se)</div><div>09. Pacifist (gm extrented mix)</div><div><br /></div><div>Primer álbum de FANATIC◇CRISIS.</div><div><br /></div><div>https://vk.gy/artists/fanatic-crisis/</div><div><br /></div><div>http://jp-rock.blogspot.com/</div><div><br /></div><div>http://jp-rock-lyrics.blogspot.com.ar/</div>","language":"jpn","scanner":"Internet Archive HTML5 Uploader 1.7.0","subject":["visual kei","vkei","visual rock","vrock","rock","japanese rock","jrock","j-rock","FANATIC CRISIS","FANATIC◇CRISIS","nagoya kei","soft visual","gothic rock","gothic","pop rock"],"title":"FANATIC◇CRISIS - taiyō no toriko","uploader":"denjinhal@mail.ru","publicdate":"2025-05-19 15:53:30","addeddate":"2025-05-19 15:53:30","curation":"[curator]validator@archive.org[/curator][date]20250519155423[/date][comment]checked for malware[/comment]","collection_added":"folksoundomy"},"server":"ia601804.us.archive.org","uniq":70946346,"workable_servers":["ia601804.us.archive.org","ia801804.us.archive.org"]}