{"created":1767567161,"d1":"ia904505.us.archive.org","d2":"ia804505.us.archive.org","dir":"/15/items/01.-all-tomorrows-parties_202502","files":[{"name":"01.-all-tomorrows-parties_202502_archive.torrent","source":"metadata","btih":"d4afcf1f94fd2a35e92e78ba56458b4e587bd229","mtime":"1757866640","size":"18024","md5":"0bdf3e31eb9f73f33d25f1641845d604","crc32":"8f97da73","sha1":"1ab07cb4c7f2b14047bebe248d89de287bf13ebf","format":"Archive BitTorrent"},{"name":"01.-all-tomorrows-parties_202502_files.xml","source":"original","format":"Metadata","md5":"fb4c083cfc9711bc625a2fd2555f4d67","summation":"md5"},{"name":"01.-all-tomorrows-parties_202502_meta.sqlite","source":"original","mtime":"1740213702","size":"69632","md5":"c7dfda1a65ae18cb77fa292030f5fe8b","crc32":"514cfc6f","sha1":"860443c7d752c0ad7f4ae8c744c2df28818253ac","format":"Metadata"},{"name":"01.-all-tomorrows-parties_202502_meta.xml","source":"original","mtime":"1757866637","size":"800","md5":"df4042a75ed7f9f379580cd10d483a71","crc32":"1681a0d3","sha1":"caf055c78693e5906592e9445b6eb7a911d70fe4","format":"Metadata"},{"name":"01.All Tomorrows Parties.mp3","source":"original","mtime":"1740212186","size":"11198356","md5":"bd19ce176849b6aa9c3af0fbd827424c","crc32":"9b5fcd18","sha1":"c01a6be9be2d066de11a0a3986256c44c6a916b9","format":"VBR MP3","length":"466.42","title":"All Tomorrows Parties","creator":"DOCKHUSET","album":"En Samling Rock Från Sundsvall Anno 1985","track":"1","artist":"DOCKHUSET","genre":"Alternative"},{"name":"01.All Tomorrows Parties.png","source":"derivative","format":"PNG","original":"01.All Tomorrows Parties.mp3","mtime":"1740216855","size":"38235","md5":"f9c843d87c467b6529149dbbb610775c","crc32":"b03dd549","sha1":"8e483bb2146c3413f40c7871114fe3988935da64"},{"name":"01.All Tomorrows Parties_spectrogram.png","source":"derivative","format":"Spectrogram","original":"01.All Tomorrows Parties.mp3","mtime":"1740222883","size":"310705","md5":"f9f847d594bc41d1c7ff16c9358736e8","crc32":"bdaebe87","sha1":"6b617e21dbe9eaf9adf6fde97bcefc31466d3cda"},{"name":"02.Swell.mp3","source":"original","mtime":"1740212283","size":"6213518","md5":"aed229a3dda4055f48178fad2fd54638","crc32":"647ed75b","sha1":"b0876653e6d595d1a58e06061f64dca64d1568f0","format":"VBR MP3","length":"258.72","title":"Swell","creator":"DOCKHUSET","album":"En Samling Rock Från Sundsvall Anno 1985","track":"2","artist":"DOCKHUSET","genre":"Alternative"},{"name":"02.Swell.png","source":"derivative","format":"PNG","original":"02.Swell.mp3","mtime":"1740214851","size":"42576","md5":"101102d3e41ee0241ec289993388c9c5","crc32":"2d65e490","sha1":"d0a64869e7bebc3727aaf9314c202e000c86a75f"},{"name":"02.Swell_spectrogram.png","source":"derivative","format":"Spectrogram","original":"02.Swell.mp3","mtime":"1740218129","size":"304150","md5":"308e97193451a0e83c2d5508096dcef7","crc32":"845c4500","sha1":"24ecd641c47afe1da7134d13eb8a7beb353d5599"},{"name":"03.Jag Kan Se.mp3","source":"original","mtime":"1740212379","size":"6763146","md5":"c19a69380d440c2ef66c4eb0f210a0c7","crc32":"09800b42","sha1":"8edf74e13437ae4a5e6e17dc4389e6086fe76006","format":"VBR MP3","length":"281.62","title":"Jag Kan Se","creator":"KOMMENTAR FÖNSTER","album":"En Samling Rock Från Sundsvall Anno 1985","track":"3","artist":"KOMMENTAR FÖNSTER","genre":"Alternative"},{"name":"03.Jag Kan Se.png","source":"derivative","format":"PNG","original":"03.Jag Kan Se.mp3","mtime":"1740215052","size":"43579","md5":"e81a41cbf78e685ced7486ce2fe05849","crc32":"11750d16","sha1":"9bfd00d215855e91af475ae2f2004e6e085a70e5"},{"name":"03.Jag Kan Se_spectrogram.png","source":"derivative","format":"Spectrogram","original":"03.Jag Kan Se.mp3","mtime":"1740218293","size":"292265","md5":"f6cff5aae61c6f6b781ed0bf56b0a1ea","crc32":"fae25eb9","sha1":"4d9c4b31b81de1ae27fdc31c656abc88bca77e12"},{"name":"04.Vi Och Vargarna.mp3","source":"original","mtime":"1740212440","size":"5354646","md5":"0159ac4adf7f11a0b1da39a9a2478627","crc32":"82eaaae5","sha1":"7d1eda6425cf01af88e6873d9469caf22d12326f","format":"VBR MP3","length":"222.93","title":"Vi Och Vargarna","creator":"KOMMENTAR FÖNSTER","album":"En Samling Rock Från Sundsvall Anno 1985","track":"4","artist":"KOMMENTAR FÖNSTER","genre":"Alternative"},{"name":"04.Vi Och Vargarna.png","source":"derivative","format":"PNG","original":"04.Vi Och Vargarna.mp3","mtime":"1740215400","size":"42838","md5":"5e495dbc63777241dab90427e7c2b903","crc32":"9d30d690","sha1":"4ed2c938b7541ae5523694db655009b2992da985"},{"name":"04.Vi Och Vargarna_spectrogram.png","source":"derivative","format":"Spectrogram","original":"04.Vi Och Vargarna.mp3","mtime":"1740218426","size":"288814","md5":"68402c0fc9c129eb0d918889a0599ead","crc32":"2f1369df","sha1":"3181a5b2c11c8d24b0432de0c3e6ae3da1cb5f5f"},{"name":"05.Lonely People.mp3","source":"original","mtime":"1740212493","size":"3448476","md5":"dbfcf9eba9cdaea2e27d90bd93328031","crc32":"2195c2c3","sha1":"aed0e08bffb2094392b4afa8dc924399aa952e41","format":"VBR MP3","length":"143.51","title":"Lonely People","creator":"THE UNTOUCHABLES","album":"En Samling Rock Från Sundsvall Anno 1985","track":"5","artist":"THE UNTOUCHABLES","genre":"Alternative"},{"name":"05.Lonely People.png","source":"derivative","format":"PNG","original":"05.Lonely People.mp3","mtime":"1740215585","size":"37515","md5":"cb13b9aeda49f2b5eed831b41e08c143","crc32":"3f9e250e","sha1":"39ad5efe257bfad7f67e63bc93088e58f248270c"},{"name":"05.Lonely People_spectrogram.png","source":"derivative","format":"Spectrogram","original":"05.Lonely People.mp3","mtime":"1740218560","size":"301696","md5":"aba2395a335e59b78d10728e3dc598cd","crc32":"0705c64d","sha1":"7c273387ab4d2004e065aec42c4768c7961cd8b3"},{"name":"06.Take A Chance.mp3","source":"original","mtime":"1740212577","size":"4831936","md5":"462b173af814be40a8b73b6f1a157b87","crc32":"db97aa4e","sha1":"730ae84fd29f8ef91f610b539a1a7ef6c78eedd0","format":"VBR MP3","length":"201.15","title":"Take A Chance","creator":"THE UNTOUCHABLES","album":"En Samling Rock Från Sundsvall Anno 1985","track":"6","artist":"THE UNTOUCHABLES","genre":"Alternative"},{"name":"06.Take A Chance.png","source":"derivative","format":"PNG","original":"06.Take A Chance.mp3","mtime":"1740215804","size":"40272","md5":"ccc938f704f8ebcde51fdfc0e59665ca","crc32":"188e64b4","sha1":"e7ad240566d241de44b455c3d07026ed173b6368"},{"name":"06.Take A Chance_spectrogram.png","source":"derivative","format":"Spectrogram","original":"06.Take A Chance.mp3","mtime":"1740218855","size":"294531","md5":"fedf4da6f45cbca5e16a77d07319ecba","crc32":"142dda7d","sha1":"a0e064ac438e36232fb1df77af7e5585c9fe47b9"},{"name":"07.Walkin' On Clouds.mp3","source":"original","mtime":"1740212636","size":"4923332","md5":"027a20e0e998ca1556007ec0dfc669a4","crc32":"f3c050d8","sha1":"81649f453a78ea0c83c82562bfd54f200e7d9fc8","format":"VBR MP3","length":"204.96","title":"Walkin' On Clouds","creator":"CHARLY & THE SLAVES","album":"En Samling Rock Från Sundsvall Anno 1985","track":"7","artist":"CHARLY & THE SLAVES","genre":"Alternative"},{"name":"07.Walkin' On Clouds.png","source":"derivative","format":"PNG","original":"07.Walkin' On Clouds.mp3","mtime":"1740214227","size":"36219","md5":"de36c173275a991637ef692c4e42be2c","crc32":"53bfee7c","sha1":"e45824f435a1b073ba7d5bc34d586de8402a9770"},{"name":"07.Walkin' On Clouds_spectrogram.png","source":"derivative","format":"Spectrogram","original":"07.Walkin' On Clouds.mp3","mtime":"1740219114","size":"293151","md5":"b5087c043374cf3f3e386ae491e24fd1","crc32":"e35dbce6","sha1":"da9e486911d7db7f356a965e67972268f3795b6b"},{"name":"08.Don't Leave Me Here.mp3","source":"original","mtime":"1740212652","size":"4289194","md5":"e830a2e714180a97a4cddcfcddf91431","crc32":"f2e6ee46","sha1":"f949bf7330cf1b8ed33ca084adca963a47a55db3","format":"VBR MP3","length":"178.54","title":"Don't Leave Me Here","creator":"CHARLY & THE SLAVES","album":"En Samling Rock Från Sundsvall Anno 1985","track":"8","artist":"CHARLY & THE SLAVES","genre":"Alternative"},{"name":"08.Don't Leave Me Here.png","source":"derivative","format":"PNG","original":"08.Don't Leave Me Here.mp3","mtime":"1740216377","size":"40716","md5":"8e6f8544c7b49ccd46ceedaeedc22657","crc32":"9698e2b4","sha1":"17667e6e5b102c9e8e89d2b6be242df3d68b55be"},{"name":"08.Don't Leave Me Here_spectrogram.png","source":"derivative","format":"Spectrogram","original":"08.Don't Leave Me Here.mp3","mtime":"1740219688","size":"296765","md5":"3c1f13d284393f516ba5556628cda117","crc32":"7dec8fd2","sha1":"29f4b17aa93a48aebcdadbee8b40771b20101399"},{"name":"09.Puzzled.mp3","source":"original","mtime":"1740212712","size":"4045680","md5":"274ffb481c0bb160a42ae4b1ed8e87d7","crc32":"eb8ed49c","sha1":"04591bfe270d5280f39a8489df4032253355a6da","format":"VBR MP3","length":"168.39","title":"Puzzled","creator":"KRUNCH","album":"En Samling Rock Från Sundsvall Anno 1985","track":"9","artist":"KRUNCH","genre":"Alternative"},{"name":"09.Puzzled.png","source":"derivative","format":"PNG","original":"09.Puzzled.mp3","mtime":"1740217899","size":"41005","md5":"41b3ad4096cf5aa249007d0f7f811d04","crc32":"dd637e12","sha1":"a3c5e02ad69a8c8310ed630d2b7a3c680e807e8c"},{"name":"09.Puzzled_spectrogram.png","source":"derivative","format":"Spectrogram","original":"09.Puzzled.mp3","mtime":"1740220299","size":"287238","md5":"903766706d0b0159bf014940f7c6033d","crc32":"c5040fb9","sha1":"6bbd975ec4ef650663b55d8e4d94329b6989c6fc"},{"name":"10.Birgit.mp3","source":"original","mtime":"1740212759","size":"3223116","md5":"b8250c99e7b1202bf217da2250a44361","crc32":"bcc674a3","sha1":"7ce5e2b01d6bc573f99640ba8f12907fd77a4243","format":"VBR MP3","length":"134.12","title":"Birgit","creator":"KRUNCH","album":"En Samling Rock Från Sundsvall Anno 1985","track":"10","artist":"KRUNCH","genre":"Alternative"},{"name":"10.Birgit.png","source":"derivative","format":"PNG","original":"10.Birgit.mp3","mtime":"1740217272","size":"41780","md5":"eab6a44109f1d81250a5c4e1aa5e0b30","crc32":"65024874","sha1":"cd5726902834022448117909e1ac70db9803b8bf"},{"name":"10.Birgit_spectrogram.png","source":"derivative","format":"Spectrogram","original":"10.Birgit.mp3","mtime":"1740222654","size":"289284","md5":"2122fba27629f9efe54cf0f08cd4ca3c","crc32":"aee7adfe","sha1":"06bd8c969cd9614bd4d2289c526ab530079cca72"},{"name":"11.Ekot Av Ett Minne.mp3","source":"original","mtime":"1740212906","size":"6613532","md5":"e042270233c0b667e8f10137160f4643","crc32":"031e0375","sha1":"54821eab7672e72b997d9fc89492c171114f1cc0","format":"VBR MP3","length":"275.39","title":"Ekot Av Ett Minne","creator":"ANIMAL BIZARRE","album":"En Samling Rock Från Sundsvall Anno 1985","track":"11","artist":"ANIMAL BIZARRE","genre":"Alternative"},{"name":"11.Ekot Av Ett Minne.png","source":"derivative","format":"PNG","original":"11.Ekot Av Ett Minne.mp3","mtime":"1740216989","size":"40040","md5":"7732cf1b54f3006bc7df26b5a4a707a9","crc32":"dda53f11","sha1":"08851d86b36170a94c29dbd89265b458baaf1a4d"},{"name":"11.Ekot Av Ett Minne_spectrogram.png","source":"derivative","format":"Spectrogram","original":"11.Ekot Av Ett Minne.mp3","mtime":"1740218025","size":"290112","md5":"d945c5ad78e6aa510fbf53f4dda3fee0","crc32":"79d7b271","sha1":"0b0501aca81e440e831df44b750205fbd04ca9d6"},{"name":"12.The Pretender.mp3","source":"original","mtime":"1740212998","size":"6935922","md5":"2807f84f3be161412b1e972aa3aacbbe","crc32":"d2ce34dd","sha1":"476b99a314985767df280704ed76ce8c40502d77","format":"VBR MP3","length":"288.82","title":"The Pretender","creator":"PETE DOROTHY & THE CIRCUMSTANCES","album":"En Samling Rock Från Sundsvall Anno 1985","track":"12","artist":"PETE DOROTHY & THE CIRCUMSTANCES","genre":"Alternative"},{"name":"12.The Pretender.png","source":"derivative","format":"PNG","original":"12.The Pretender.mp3","mtime":"1740216295","size":"42839","md5":"86f3a9231dc9d809d51bf0442ed287bc","crc32":"c2ef7940","sha1":"55eebd09ae62ad2d89d84c6ce53288013c890b93"},{"name":"12.The Pretender_spectrogram.png","source":"derivative","format":"Spectrogram","original":"12.The Pretender.mp3","mtime":"1740223665","size":"307193","md5":"72d2ffedc7ad42ed22902330469a5fb6","crc32":"19f2f335","sha1":"ad0faf2732dd07da04f4731280e99839773a1676"},{"name":"13.Kapitulera.mp3","source":"original","mtime":"1740213065","size":"5335240","md5":"63142ee119baa47be30a66428afa3bd2","crc32":"d5321acd","sha1":"88d1e0b87157eac3eeee822cde9a46763e92d3f6","format":"VBR MP3","length":"222.13","title":"Kapitulera","creator":"LUFTRADION","album":"En Samling Rock Från Sundsvall Anno 1985","track":"13","artist":"LUFTRADION","genre":"Alternative"},{"name":"13.Kapitulera.png","source":"derivative","format":"PNG","original":"13.Kapitulera.mp3","mtime":"1740216483","size":"38546","md5":"8d733c1573c0abec97575ea33204cad6","crc32":"e91ed4bd","sha1":"f56e2faf26416fec48a4f49fc20cb54dbf36055e"},{"name":"13.Kapitulera_spectrogram.png","source":"derivative","format":"Spectrogram","original":"13.Kapitulera.mp3","mtime":"1740223050","size":"293187","md5":"b6a63537865833bac2ca8d78c8a724d8","crc32":"12c59471","sha1":"781bedb773c61fb95f81e9446ce70e4b3689b9ed"},{"name":"14.Tunga Tårar.mp3","source":"original","mtime":"1740213132","size":"4256016","md5":"931b877928f63056c6249ff54adce658","crc32":"1e8bf43a","sha1":"338f208655c86839366081dd93c352634c5152ae","format":"VBR MP3","length":"177.16","title":"Tunga Tårar","creator":"RUMMET","album":"En Samling Rock Från Sundsvall Anno 1985","track":"14","artist":"RUMMET","genre":"Alternative"},{"name":"14.Tunga Tårar.png","source":"derivative","format":"PNG","original":"14.Tunga Tårar.mp3","mtime":"1740216735","size":"42870","md5":"fcc94b4f2e75b66cfe2b1c03c62e1c3b","crc32":"f72679d2","sha1":"6382b416e9fd88ae1176fdd860d11cadf78b335e"},{"name":"14.Tunga Tårar_spectrogram.png","source":"derivative","format":"Spectrogram","original":"14.Tunga Tårar.mp3","mtime":"1740223134","size":"295258","md5":"58d94867fe215528c3ef5c13ee9d4d85","crc32":"048bc2eb","sha1":"81d822d419ba766226ef65c99e0246a083f6c128"},{"name":"15.Bada Med Mig.mp3","source":"original","mtime":"1740213167","size":"4694216","md5":"463d37ecd9d9cd3dcd898857d4f3e957","crc32":"ee6f8983","sha1":"3afcd654b4666fae41b1514c17449c8b1584b2a2","format":"VBR MP3","length":"195.42","title":"Bada Med Mig","creator":"RUMMET","album":"En Samling Rock Från Sundsvall Anno 1985","track":"15","artist":"RUMMET","genre":"Alternative"},{"name":"15.Bada Med Mig.png","source":"derivative","format":"PNG","original":"15.Bada Med Mig.mp3","mtime":"1740214485","size":"43539","md5":"9bda8474c6e2a12c0fb1aa75accff2e7","crc32":"4de6b384","sha1":"25358dbd50d094ccdb4844e4bf5cbbb206296f9b"},{"name":"15.Bada Med Mig_spectrogram.png","source":"derivative","format":"Spectrogram","original":"15.Bada Med Mig.mp3","mtime":"1740223218","size":"305487","md5":"96b058121fdafd4110f53c3d71b0a195","crc32":"d03afdcb","sha1":"e7bec48db9a73005dfcec278a12721e585c45e2c"},{"name":"16.Young Men.mp3","source":"original","mtime":"1740213249","size":"6485828","md5":"a1d063823f6b2ede84fd4f22ffe9a7aa","crc32":"c7138fa5","sha1":"f0881cc3785c360429d264523ea3b649da9f8db2","format":"VBR MP3","length":"270.07","title":"Young Men","creator":"BOONOONOOS","album":"En Samling Rock Från Sundsvall Anno 1985","track":"16","artist":"BOONOONOOS","genre":"Alternative"},{"name":"16.Young Men.png","source":"derivative","format":"PNG","original":"16.Young Men.mp3","mtime":"1740215900","size":"40232","md5":"8f2bea5313a772de49aecf432cbbb764","crc32":"f7d3a5fc","sha1":"c8b6ac6533be22000bb47c03a503f6b1f2554123"},{"name":"16.Young Men_spectrogram.png","source":"derivative","format":"Spectrogram","original":"16.Young Men.mp3","mtime":"1740223509","size":"287353","md5":"812eb078188027ab7a9cd61ed385ddcf","crc32":"f56522bf","sha1":"d5f549bbc8c77c40381bc1828adc461d3e1323bd"},{"name":"17.Indian.mp3","source":"original","mtime":"1740213332","size":"6202876","md5":"a017734614ad1eea585ce6bc61437ca8","crc32":"ba8aff9d","sha1":"7a432e0ccfd20a0ea383d4933a694e4014929200","format":"VBR MP3","length":"258.28","title":"Indian","creator":"VACUM","album":"En Samling Rock Från Sundsvall Anno 1985","track":"17","artist":"VACUM","genre":"Alternative"},{"name":"17.Indian.png","source":"derivative","format":"PNG","original":"17.Indian.mp3","mtime":"1740216629","size":"41711","md5":"018b28dfeee7755455b888ddf1562554","crc32":"69dab712","sha1":"0e2bf153c8e5fa98a00d6e1e3706c28a467e519e"},{"name":"17.Indian_spectrogram.png","source":"derivative","format":"Spectrogram","original":"17.Indian.mp3","mtime":"1740224018","size":"317494","md5":"f93776c07dd2b62918ba0d8dd851a940","crc32":"9968eb95","sha1":"4d3c64b13c189dd46cb1fb7d00d396946c7b95e5"},{"name":"18.Ha Ha.mp3","source":"original","mtime":"1740213406","size":"5108002","md5":"da720c0f51745a5d2ef6b7a5e5bc4e54","crc32":"646dcc18","sha1":"864008c2d9e81166e95bfd42e69dab6f56e6c342","format":"VBR MP3","length":"212.66","title":"Ha Ha","creator":"VACUM","album":"En Samling Rock Från Sundsvall Anno 1985","track":"18","artist":"VACUM","genre":"Alternative"},{"name":"18.Ha Ha.png","source":"derivative","format":"PNG","original":"18.Ha Ha.mp3","mtime":"1740217754","size":"41929","md5":"52b7de636ad07500f05cd51727cfb9c6","crc32":"71da9a65","sha1":"0e69fe577a802c42c89bddd48057c444ff1f4637"},{"name":"18.Ha Ha_spectrogram.png","source":"derivative","format":"Spectrogram","original":"18.Ha Ha.mp3","mtime":"1740224330","size":"324437","md5":"c253d77df0875ebb75f829b511a5fa4d","crc32":"9127c314","sha1":"9ecca51123b2a05372c00c37429cb3c1bb04cfc9"},{"name":"19.Silverfat.mp3","source":"original","mtime":"1740213470","size":"4740540","md5":"21cbbec3fcf12525cdabd6e15426a898","crc32":"590abade","sha1":"d19bb6cc976a73a9db76643b407664bfd2f935bd","format":"VBR MP3","length":"197.35","title":"Silverfat","creator":"NAVAHOO","album":"En Samling Rock Från Sundsvall Anno 1985","track":"19","artist":"NAVAHOO","genre":"Alternative"},{"name":"19.Silverfat.png","source":"derivative","format":"PNG","original":"19.Silverfat.mp3","mtime":"1740216025","size":"36475","md5":"32428930e2401d26e71bdea6ee0a84fe","crc32":"5286f27c","sha1":"330b29dd428172ac9f77d0048e6c5a82fcfe0238"},{"name":"19.Silverfat_spectrogram.png","source":"derivative","format":"Spectrogram","original":"19.Silverfat.mp3","mtime":"1740224891","size":"308260","md5":"6e5f167058890a2c7be236638e295140","crc32":"c2caa3d5","sha1":"e00b0e3bd680631be1c4649aad9351196b1a05df"},{"name":"20.Något Högre.mp3","source":"original","mtime":"1740213550","size":"5901144","md5":"93f4317ded622b99e98581f87d2427fc","crc32":"9aa0f883","sha1":"0c811e2a2917307fdb667ae212fe1e4437cc6a17","format":"VBR MP3","length":"245.71","title":"Något Högre","creator":"VAGANT","album":"En Samling Rock Från Sundsvall Anno 1985","track":"20","artist":"VAGANT","genre":"Alternative"},{"name":"20.Något Högre.png","source":"derivative","format":"PNG","original":"20.Något Högre.mp3","mtime":"1740215703","size":"43078","md5":"d692fa2becbbcb7cd22af2fa6ce1aca3","crc32":"77bdf4c1","sha1":"734eb499c6d00f451320a3131619bf6d8d17b1e9"},{"name":"20.Något Högre_spectrogram.png","source":"derivative","format":"Spectrogram","original":"20.Något Högre.mp3","mtime":"1740225591","size":"300994","md5":"f36ec3ff39ef9358fcd39610110dd93f","crc32":"6d3327db","sha1":"0ddf3207a0a91f739ea2f6481de900068825947e"},{"name":"21.Rid I Natt.mp3","source":"original","mtime":"1740213609","size":"4287942","md5":"6767e1b145e611e6c50a6adf3b774958","crc32":"c3a54531","sha1":"e1c08bb6467f8bc26469465632ad421dc04413da","format":"VBR MP3","length":"178.49","title":"Rid I Natt","creator":"MOMENT 22","album":"En Samling Rock Från Sundsvall Anno 1985","track":"21","artist":"MOMENT 22","genre":"Alternative"},{"name":"21.Rid I Natt.png","source":"derivative","format":"PNG","original":"21.Rid I Natt.mp3","mtime":"1740215235","size":"38306","md5":"3721bb268d3faf63a0c0ca8832da5e1b","crc32":"d0b9fa90","sha1":"bc0469bda62f112d309e47923477c555bfa6f63d"},{"name":"21.Rid I Natt_spectrogram.png","source":"derivative","format":"Spectrogram","original":"21.Rid I Natt.mp3","mtime":"1740224462","size":"303084","md5":"669d0790996cdcfb6840d2d6fdee8f5b","crc32":"52909a00","sha1":"8ef0c8788a6f9bf89ba50afacd0da0e4c96aa29f"},{"name":"22.Stulna Citat.mp3","source":"original","mtime":"1740213674","size":"4761198","md5":"e6207510585966427b91eb527cb4c54e","crc32":"2f8bcfe5","sha1":"d396b8741326ba9d316df8af26e352832d83cf20","format":"VBR MP3","length":"198.21","title":"Stulna Citat","creator":"MOMENT 22","album":"En Samling Rock Från Sundsvall Anno 1985","track":"22","artist":"MOMENT 22","genre":"Alternative"},{"name":"22.Stulna Citat.png","source":"derivative","format":"PNG","original":"22.Stulna Citat.mp3","mtime":"1740214687","size":"39275","md5":"818db8ae3d4f8ef031219bd8d1dc1836","crc32":"f30373b3","sha1":"f70d6ee629130be89f07893e1250b7deb4eaec5a"},{"name":"22.Stulna Citat_spectrogram.png","source":"derivative","format":"Spectrogram","original":"22.Stulna Citat.mp3","mtime":"1740224218","size":"298317","md5":"bc094d5628f28d83db76d8a7fa2a8598","crc32":"cb16cf33","sha1":"23ddff73bdcd7cf61b0b321e59d0c4c03f774024"},{"name":"Front.jpg","source":"original","mtime":"1740213697","size":"1303684","md5":"493dc179fccb2d66383c8408546f93e8","crc32":"000c563d","sha1":"f456ed0ca9bf6f75027a161665e9da9e7db148b7","format":"JPEG"},{"name":"Front_thumb.jpg","source":"derivative","format":"JPEG Thumb","original":"Front.jpg","mtime":"1740213963","size":"9886","md5":"e16d7ca7b04e0df5475137b7cbcae823","crc32":"04596680","sha1":"f349ea9a63cf98ecf6f27caadaa8e846c8a30e88"},{"name":"__ia_thumb.jpg","source":"original","mtime":"1740213736","size":"11670","md5":"868a14381bb2663f14ae387c7a75d0fd","crc32":"bf676ae8","sha1":"30bb851600e4783a0b408ad2300abbb2e73b4100","format":"Item Tile"}],"files_count":73,"item_last_updated":1757866640,"item_size":128510902,"metadata":{"identifier":"01.-all-tomorrows-parties_202502","mediatype":"audio","collection":["hifidelity_potpourri","hifidelity"],"creator":"various","date":"1985","description":"comp","scanner":"Internet Archive HTML5 Uploader 1.7.0","subject":"compilation","title":"En Samling Rock Från Sundsvall Anno","uploader":"zappityzapzaprealnotfake404@gmail.com","publicdate":"2025-02-22 08:16:57","addeddate":"2025-02-22 08:16:57","curation":"[curator]validator@archive.org[/curator][date]20250222081753[/date][comment]checked for malware[/comment]","collection_added":"hifidelity"},"server":"ia804505.us.archive.org","uniq":1184220928,"workable_servers":["ia804505.us.archive.org","ia904505.us.archive.org"]}