{"alternate_locations":{"servers":[{"server":"dn720000.ca.archive.org","dir":"/0/items/01.-caravan_202512"}],"workable":[{"server":"dn720000.ca.archive.org","dir":"/0/items/01.-caravan_202512"}]},"created":1767564456,"d1":"ia601007.us.archive.org","d2":"ia801007.us.archive.org","dir":"/18/items/01.-caravan_202512","files":[{"name":"01.-caravan_202512_archive.torrent","source":"metadata","btih":"97c072bf63f28888eb8f7b05ec261e8e0e8af691","mtime":"1766763809","size":"9918","md5":"e3511aa3d032bf8e3487be33c95c666f","crc32":"de930be4","sha1":"17bbe8e5b1d2f3829de2349206d4c2983a18fbe2","format":"Archive BitTorrent"},{"name":"01.-caravan_202512_files.xml","source":"original","format":"Metadata","md5":"211d44a6bdc91831150395fb5efebde4","summation":"md5"},{"name":"01.-caravan_202512_meta.sqlite","source":"original","mtime":"1766763454","size":"45056","md5":"4d9f9252e9bbe0e5787ccc14994e21b1","crc32":"86042acf","sha1":"51e4db88aeb636c8e2f468a31b8b7c488d12d35c","format":"Metadata"},{"name":"01.-caravan_202512_meta.xml","source":"original","mtime":"1766763803","size":"967","md5":"28c94d8f5aa9f048d7a4774419e619b2","crc32":"ffdde290","sha1":"87177afd8a2df3648b89f27169f874091e35c80e","format":"Metadata"},{"name":"01.Caravan.m4a","source":"original","mtime":"1766763448","size":"13368213","md5":"3aaa14bd6457ecf6179a84500eeac51a","crc32":"27454bbd","sha1":"1c1d59bde93cc953447b9e6acb4b6e80f6ad4d83","format":"MPEG-4 Audio","length":"419.92","viruscheck":"1766763773","title":"Caravan","creator":"Yulduz Usmanova","album":"Yulduz","track":"1 of 11"},{"name":"01.Caravan.png","source":"derivative","format":"PNG","original":"01.Caravan.m4a","mtime":"1766763792","size":"41983","md5":"9dafc51fb611672ac781eb92268af3df","crc32":"a9d2a32c","sha1":"b21e015a935185dab6780c789e697b90db3a2ca7"},{"name":"02.Dema (Don't Say).m4a","source":"original","mtime":"1766762518","size":"10440984","md5":"987488c873bf60957d38a1bc8fcc954b","crc32":"09868dff","sha1":"f846ff954f6bca5940d8c98f86cfd3d59259357b","format":"MPEG-4 Audio","length":"327.05","viruscheck":"1766762888","title":"Dema (Don’t Say)","creator":"Yulduz Usmanova","album":"Yulduz","track":"2 of 11"},{"name":"02.Dema (Don't Say).png","source":"derivative","format":"PNG","original":"02.Dema (Don't Say).m4a","mtime":"1766762905","size":"40505","md5":"0831f44d26683fcb2915ee84ec31c6e7","crc32":"d700a5c4","sha1":"e223b50cff91a18a5d48dd4a21b07551a98d414b"},{"name":"03.Dunya.m4a","source":"original","mtime":"1766762471","size":"10942903","md5":"c87d9ce558e8e74b0479576b007a74dd","crc32":"8c6b26db","sha1":"6c4cc5e07b5cd4d5a1b34d0101b8d35cb424b2ca","format":"MPEG-4 Audio","length":"343.28","viruscheck":"1766762888","title":"Dunya","creator":"Yulduz Usmanova","album":"Yulduz","track":"3 of 11"},{"name":"03.Dunya.png","source":"derivative","format":"PNG","original":"03.Dunya.m4a","mtime":"1766762920","size":"36926","md5":"a5052d3d995a5482cb976e5cd6f2e93d","crc32":"1346cc7d","sha1":"da88e96877f50c399c3086119b28e58abd154748"},{"name":"04.Sabr (Patience).m4a","source":"original","mtime":"1766762412","size":"10301303","md5":"8e5967fd64dec030d3099421c8ed0e06","crc32":"b62d2719","sha1":"c6ca4fe83a24b0541f5c1178d17ad82685bef5a4","format":"MPEG-4 Audio","length":"323.11","viruscheck":"1766762888","title":"Sabr (Patience)","creator":"Yulduz Usmanova","album":"Yulduz","track":"4 of 11"},{"name":"04.Sabr (Patience).png","source":"derivative","format":"PNG","original":"04.Sabr (Patience).m4a","mtime":"1766762937","size":"40538","md5":"e680504feaa1f3c365f5fc712eb663fa","crc32":"5baa3c3a","sha1":"f1533bb049b12850ac30f376dd6d47ab32d6d4e4"},{"name":"05.Tak Boom.m4a","source":"original","mtime":"1766762357","size":"6565056","md5":"8c08be93f5cdfc52be823e82536a3a8f","crc32":"b0e17cb9","sha1":"569e32daf5afa206aea8d4038e1b5d4659cbdfec","format":"MPEG-4 Audio","length":"207.49","viruscheck":"1766762888","title":"Tak boom","creator":"Yulduz Usmanova","album":"Yulduz","track":"5 of 11"},{"name":"05.Tak Boom.png","source":"derivative","format":"PNG","original":"05.Tak Boom.m4a","mtime":"1766762957","size":"44372","md5":"4a48d467580e5f5181e7949e1fe698fc","crc32":"acf1a3d6","sha1":"bb7387a2b9ac164afbca8068097881e1c292a975"},{"name":"06.Jondiradi - Kuydiradi (It Makes Me Crazy).m4a","source":"original","mtime":"1766762105","size":"7028802","md5":"b52481fe2fb533a7639a0a369b9a71ca","crc32":"2c239c2a","sha1":"7122646014ce6421308c815625df6c5d7418ee78","format":"MPEG-4 Audio","length":"219.79","viruscheck":"1766762888","title":"Jondiradi - Kuydiradi (It Makes Me Crazy)","creator":"Yulduz Usmanova","album":"Yulduz","track":"6 of 11"},{"name":"06.Jondiradi - Kuydiradi (It Makes Me Crazy).png","source":"derivative","format":"PNG","original":"06.Jondiradi - Kuydiradi (It Makes Me Crazy).m4a","mtime":"1766762971","size":"45322","md5":"3063d5fd87b57dc8c1a86d481d338567","crc32":"41d9a7eb","sha1":"7b4d723d79b6db4c9fe2d501ccf1862847f2c9a0"},{"name":"07.Sogindingme (Do You Miss Me).m4a","source":"original","mtime":"1766762039","size":"10879559","md5":"d7d3824975c6d1eb1f292ceacbcb1bd8","crc32":"e2642f0b","sha1":"9cf93cfd785ef43bf5017d10950bb55871c20a63","format":"MPEG-4 Audio","length":"344.84","viruscheck":"1766762888","title":"Sogindingme (Do You Miss Me)","creator":"Yulduz Usmanova","album":"Yulduz","track":"7 of 11"},{"name":"07.Sogindingme (Do You Miss Me).png","source":"derivative","format":"PNG","original":"07.Sogindingme (Do You Miss Me).m4a","mtime":"1766762987","size":"39705","md5":"1436adbb719f71781c05d4e6673b74aa","crc32":"1e981573","sha1":"b3ae11c7a5d2a7e55176011af17ab15339f0a1b2"},{"name":"08.Ketma (Don't Go).m4a","source":"original","mtime":"1766761922","size":"11451884","md5":"583c506f65da4252bba8ce4c51b46c76","crc32":"c799048c","sha1":"c9196327dd85668d4141fc4d6d2ed744bc656c37","format":"MPEG-4 Audio","length":"359.73","viruscheck":"1766762888","title":"Ketma (Don’t Go)","creator":"Yulduz Usmanova","album":"Yulduz","track":"8 of 11"},{"name":"08.Ketma (Don't Go).png","source":"derivative","format":"PNG","original":"08.Ketma (Don't Go).m4a","mtime":"1766763002","size":"43398","md5":"5a0595110d9219d5c726b62317bfd4a9","crc32":"648aa6bb","sha1":"bf7f3833b055bdbe5ce3341a98a9a99ab91a4a47"},{"name":"09.Uchmokdaman (I'm Flying).m4a","source":"original","mtime":"1766761906","size":"9863611","md5":"023afd90c5eb375550e4ca7ef2e61ad2","crc32":"379e3abb","sha1":"54d1438b4e34f7f0f53d5c32ca472121d327a22c","format":"MPEG-4 Audio","length":"309.29","viruscheck":"1766762888","title":"Uchmokdaman (I’m Flying)","creator":"Yulduz Usmanova","album":"Yulduz","track":"9 of 11"},{"name":"09.Uchmokdaman (I'm Flying).png","source":"derivative","format":"PNG","original":"09.Uchmokdaman (I'm Flying).m4a","mtime":"1766763016","size":"39883","md5":"9ef4a0ee5513c6b01d45302bec25ec5f","crc32":"0abd8eb1","sha1":"a3070e5dfa820a9f71795dbda4e34d5eb3ba1623"},{"name":"10.Heilaylo (Hey Girls).m4a","source":"original","mtime":"1766761871","size":"6971201","md5":"bb46fbc3d0c0295648e86e09fe604503","crc32":"3a53f7b6","sha1":"decf2390336fc561279a04db8557486ddb6ec287","format":"MPEG-4 Audio","length":"220.29","viruscheck":"1766762888","title":"Heilaylö (Hey Girls)","creator":"Yulduz Usmanova","album":"Yulduz","track":"10 of 11"},{"name":"10.Heilaylo (Hey Girls).png","source":"derivative","format":"PNG","original":"10.Heilaylo (Hey Girls).m4a","mtime":"1766763035","size":"42202","md5":"e95ee75284da82232fcd8ccdf565867a","crc32":"5474eb06","sha1":"4a37ef6a77229122924f24db980399b0b5ded37f"},{"name":"11.Jiglayman (I'm Crying).m4a","source":"original","mtime":"1766761803","size":"9789104","md5":"f61e223121997082fe5caff61075eaf8","crc32":"23722a2a","sha1":"a1dbd3aaeccf576a9efbe90bba741c4271ab6b20","format":"MPEG-4 Audio","length":"309.06","viruscheck":"1766762888","title":"Jiglayman (I’m Crying)","creator":"Yulduz Usmanova","album":"Yulduz","track":"11 of 11"},{"name":"11.Jiglayman (I'm Crying).png","source":"derivative","format":"PNG","original":"11.Jiglayman (I'm Crying).m4a","mtime":"1766763054","size":"44695","md5":"b734481fe4b027767375cffaa7a1835b","crc32":"3e6c6ada","sha1":"858040dbfcbf6d24e655178df71dd0d72be49407"},{"name":"R-822429-1465755998-2855.jpg","source":"original","mtime":"1766763167","size":"88012","md5":"d8eaed9e72c059d730ec3d941470200b","crc32":"060ddcd5","sha1":"e249319048897ffdbd00ea93ccfcb517742bbd1b","format":"JPEG"},{"name":"R-822429-1465755998-2855_thumb.jpg","source":"derivative","format":"JPEG Thumb","original":"R-822429-1465755998-2855.jpg","mtime":"1766763237","size":"9972","md5":"ca8dc16f11796d85c08cd67527368056","crc32":"8a999bae","sha1":"85a45d4d454923d1be45f8a882b9d572c4fe2bc8"},{"name":"R-822429-1465756007-7539.jpg","source":"original","mtime":"1766763170","size":"171263","md5":"428c797211cf5ca34ec7c36051f0b746","crc32":"0f5f113f","sha1":"94aa702f89227b163248a87b828714ed1b1145b5","format":"JPEG"},{"name":"R-822429-1465756007-7539_thumb.jpg","source":"derivative","format":"JPEG Thumb","original":"R-822429-1465756007-7539.jpg","mtime":"1766763242","size":"9500","md5":"5d3b8f6887c5e3e5b52d050c81cf301b","crc32":"d463c0f9","sha1":"645fd673ee63ce74c294cf67219064e6ff2da301"},{"name":"R-822429-1465756007-9783.jpg","source":"original","mtime":"1766763243","size":"133738","md5":"63ce68061afa2ff03409ae8ef23aa86a","crc32":"7f2ae0bf","sha1":"4dc0ce2c80d2bd340aeb75d6d800b8846f5c4fb7","format":"JPEG"},{"name":"R-822429-1465756007-9783_thumb.jpg","source":"derivative","format":"JPEG Thumb","original":"R-822429-1465756007-9783.jpg","mtime":"1766763287","size":"8354","md5":"2af70cad778c8403ad6e6fe0aa5d44b2","crc32":"0cc0deec","sha1":"d68cd2c9de66c8ee4b4953d770d3aca3fa245d0f"},{"name":"__ia_thumb.jpg","source":"original","mtime":"1766763210","size":"15307","md5":"70621c85e08bdb4121de9fc202369219","crc32":"1285e251","sha1":"c61ad7eafedb1207b6f6ae51871458ea70bde493","format":"Item Tile"}],"files_count":33,"item_last_updated":1766763809,"item_size":108554236,"metadata":{"identifier":"01.-caravan_202512","mediatype":"audio","collection":"opensource_audio","creator":"Yulduz; Yulduz Usmanova","date":"1999","description":"Released in 1999 on the Belgian label Double T Music, this self-titled album by Uzbek singer Yulduz Usmanova fuses traditional Central Asian folk melodies with modern electronic and synth-pop production. ","language":"uzb","scanner":"Internet Archive HTML5 Uploader 1.7.0","subject":"Yulduz; Yulduz Usmanova; Synth-pop; Electronic; Folk; World Music; Uzbek Pop; 1999","title":"Yulduz","uploader":"maximus_sanctus@yahoo.com","publicdate":"2025-12-26 15:10:36","addeddate":"2025-12-26 15:10:36","curation":"[curator]validator@archive.org[/curator][date]20251226152808[/date][comment]checked for malware[/comment]"},"server":"ia801007.us.archive.org","uniq":1765070734,"workable_servers":["ia801007.us.archive.org","ia601007.us.archive.org"]}