{"alternate_locations":{"servers":[{"server":"dn721209.ca.archive.org","dir":"/0/items/01.-kimi-wo-terasu-taiyou-ni"}],"workable":[{"server":"dn721209.ca.archive.org","dir":"/0/items/01.-kimi-wo-terasu-taiyou-ni"}]},"created":1767564475,"d1":"ia601206.us.archive.org","d2":"ia801206.us.archive.org","dir":"/31/items/01.-kimi-wo-terasu-taiyou-ni","files":[{"name":"01. kimi wo terasu taiyou ni.mp3","source":"original","mtime":"1746778053","size":"4140573","md5":"9a6bc077d9dc5355e838819a6b4ae414","crc32":"418213c2","sha1":"7bb8fb2413fa0a0cdbdeaa5df95c685041ad6d0b","format":"VBR MP3","length":"258.74","title":"kimi wo terasu taiyou ni","creator":"the FIELD OF VIEW","album":"kimi wo terasu taiyou ni -Single-","track":"1","artist":"the FIELD OF VIEW","genre":"JPop","comment":"http://jp-rock.blogspot.com/"},{"name":"01. kimi wo terasu taiyou ni.png","source":"derivative","format":"PNG","original":"01. kimi wo terasu taiyou ni.mp3","mtime":"1746779072","size":"38585","md5":"e2da5c4e3a2094d4fabf1eb88825da61","crc32":"6823a6ee","sha1":"0367c5bf03960349a894aad4270af272c1b870dd"},{"name":"01. kimi wo terasu taiyou ni_spectrogram.png","source":"derivative","format":"Spectrogram","original":"01. kimi wo terasu taiyou ni.mp3","mtime":"1746780733","size":"332860","md5":"5476bf74516e485cfe86f97095d6ab14","crc32":"fc3113fc","sha1":"e1138d01017484ff8f5036a2cb6fb97064e0f71d"},{"name":"01.-kimi-wo-terasu-taiyou-ni_archive.torrent","source":"metadata","btih":"6572828cb32415bb22e10919abd179aa3794e2f4","mtime":"1757864188","size":"4372","md5":"4f5f9cb8cd353b960260de38f82439a0","crc32":"b6361909","sha1":"654b906e80e6a902a7e81879bb559a1d89ebe19a","format":"Archive BitTorrent"},{"name":"01.-kimi-wo-terasu-taiyou-ni_files.xml","source":"original","format":"Metadata","md5":"456074051c44c84157db9fc761a1ecf8","summation":"md5"},{"name":"01.-kimi-wo-terasu-taiyou-ni_meta.sqlite","source":"original","mtime":"1746778271","size":"36864","md5":"cf3349a0c1adc765a777a4702a294312","crc32":"d4a0e7a9","sha1":"01f0289375174e7a86f6ad99f9e8577316bb5895","format":"Metadata"},{"name":"01.-kimi-wo-terasu-taiyou-ni_meta.xml","source":"original","mtime":"1757864187","size":"1576","md5":"10448cd843196e56e677a1d5c74da25d","crc32":"0d368bb9","sha1":"38a80cca5bc7651d002652f328fa8cb13f113bf2","format":"Metadata"},{"name":"02. kokoro no mukou gawa.mp3","source":"original","mtime":"1746778159","size":"3691482","md5":"c71e87beba314bc179407d50201747fa","crc32":"42aee4fa","sha1":"bc6b7c12e863ec01574000747bfdbfdd3a9c9aea","format":"VBR MP3","length":"230.69","title":"kokoro no mukou gawa","creator":"the FIELD OF VIEW","album":"kimi wo terasu taiyou ni -Single-","track":"2","artist":"the FIELD OF VIEW","genre":"JPop","comment":"http://jp-rock.blogspot.com/"},{"name":"02. kokoro no mukou gawa.png","source":"derivative","format":"PNG","original":"02. kokoro no mukou gawa.mp3","mtime":"1746779753","size":"41085","md5":"15f4f72029f5d7a9a3a5e17d28275da7","crc32":"0575df01","sha1":"a7811282862c93aad339e87e82c21e48cc5d606f"},{"name":"02. kokoro no mukou gawa_spectrogram.png","source":"derivative","format":"Spectrogram","original":"02. kokoro no mukou gawa.mp3","mtime":"1746781057","size":"325378","md5":"9c25cabb2a5fa03d1ef3568e28fa1fb1","crc32":"74855def","sha1":"dd531c404afe6444725b3a40535f4d0db733e9a3"},{"name":"03. kimi wo terasu tayou ni (Instrumental).mp3","source":"original","mtime":"1746778264","size":"4085117","md5":"1234f326058ef1e12ee6812a4b5573d7","crc32":"1f7708b4","sha1":"4cec719a3cd32391e80e8467a386264f1906f738","format":"VBR MP3","length":"255.29","title":"kimi wo terasu taiyou ni (Original Karaoke)","creator":"the FIELD OF VIEW","album":"kimi wo terasu taiyou ni -Single-","track":"3","artist":"the FIELD OF VIEW","genre":"JPop","comment":"http://jp-rock.blogspot.com/"},{"name":"03. kimi wo terasu tayou ni (Instrumental).png","source":"derivative","format":"PNG","original":"03. kimi wo terasu tayou ni (Instrumental).mp3","mtime":"1746780181","size":"38192","md5":"1e185f1ff8da663c54f4c8efb76be33f","crc32":"0e9fb138","sha1":"128e3882e5dbcc0752fa04c49cdc9906f320dab8"},{"name":"03. kimi wo terasu tayou ni (Instrumental)_spectrogram.png","source":"derivative","format":"Spectrogram","original":"03. kimi wo terasu tayou ni (Instrumental).mp3","mtime":"1746781635","size":"326405","md5":"9b284593755120714a01270f5490fa86","crc32":"3fa0683e","sha1":"1fb63e97438dbf02ddb76247d5b90d9c18be31be"},{"name":"__ia_thumb.jpg","source":"original","mtime":"1746778304","size":"17241","md5":"0d7e6cae248a08672913f45ea7893da1","crc32":"9ee4a7d3","sha1":"b221e131345309cf573cab083be1a861afcc9a86","format":"Item Tile"},{"name":"cover.jpg","source":"original","mtime":"1746778268","size":"29375","md5":"974d6eee130188b7c3981d910167a737","crc32":"5ba986ec","sha1":"11c596e7bac5ff694425c13100722328fa5a7f4a","format":"JPEG"},{"name":"cover_thumb.jpg","source":"derivative","format":"JPEG Thumb","original":"cover.jpg","mtime":"1746778776","size":"7275","md5":"3208d07d2418d8a25ec5b1fb6da31644","crc32":"b4de6a94","sha1":"5ada023540eef093ee86c4b85e01cf581ba71717"}],"files_count":16,"item_last_updated":1757864188,"item_size":13116380,"metadata":{"identifier":"01.-kimi-wo-terasu-taiyou-ni","mediatype":"audio","collection":["folksoundomy_japaneserock","folksoundomy"],"creator":"the FIELD OF VIEW","date":"1998-09-23","description":"<div>01. kimi wo terasu taiyō ni</div><div>02. kokoro no mukō gawa</div><div>03. kimi wo terasu tayō ni (Original Karaoke)</div><div><br /></div><div>https://vk.gy/artists/field-of-view/</div><div><br /></div><div>http://jp-rock.blogspot.com/</div><div><br /></div><div>http://jp-rock-lyrics.blogspot.com.ar/</div>","language":"jpn","scanner":"Internet Archive HTML5 Uploader 1.7.0","subject":["rock","japanese rock","jrock","j-rock","the FIELD OF VIEW","FIELD OF VIEW","pop rock","j-pop","japanese pop","jpop"],"title":"the FIELD OF VIEW - kimi wo terasu taiyou ni (君を照らす太陽に)","uploader":"denjinhal@mail.ru","publicdate":"2025-05-09 08:07:53","addeddate":"2025-05-09 08:07:53","curation":"[curator]validator@archive.org[/curator][date]20250509080850[/date][comment]checked for malware[/comment]","collection_added":"folksoundomy"},"server":"ia601206.us.archive.org","uniq":865447181,"workable_servers":["ia601206.us.archive.org","ia801206.us.archive.org"]}