{"alternate_locations":{"servers":[{"server":"dn721808.ca.archive.org","dir":"/0/items/01.-babysbreath"}],"workable":[{"server":"dn721808.ca.archive.org","dir":"/0/items/01.-babysbreath"}]},"created":1767561813,"d1":"ia600500.us.archive.org","d2":"ia800500.us.archive.org","dir":"/10/items/01.-babysbreath","files":[{"name":"01. babysbreath.flac","source":"original","mtime":"1720697748","size":"23531699","md5":"c1aac076bc239f276b391598b2909506","crc32":"b31e4a9d","sha1":"9f772c9722ca45dcd6a00d9effee4b1f90d94a27","format":"Flac","length":"231.13","viruscheck":"1720698537","title":"babysbreath","creator":"Lovesliescrushing","album":"bloweyelashwish","track":"1","artist":"Lovesliescrushing","genre":"Pop, Rock, Alternatif et Indé"},{"name":"01. babysbreath.mp3","source":"derivative","creator":"Lovesliescrushing","title":"babysbreath","track":"1","album":"bloweyelashwish","genre":"Pop, Rock, Alternatif et Indé","bitrate":"181","length":"03:51","format":"VBR MP3","original":"01. babysbreath.flac","mtime":"1720699181","size":"5348910","md5":"f001c0b5aefebc5126837ff83562ebd7","crc32":"98721239","sha1":"925276186116e63d8f02744f4bb4fb2fef23ac2e"},{"name":"01. babysbreath.png","source":"derivative","format":"PNG","original":"01. babysbreath.flac","mtime":"1720706209","size":"36335","md5":"ce7f8681bd43a2c5c26809d6a30fc024","crc32":"6c74437e","sha1":"1b586ef8017ceb47ee1eec6ce0a43ff6d0b6d987"},{"name":"01. babysbreath_spectrogram.png","source":"derivative","format":"Spectrogram","original":"01. babysbreath.flac","mtime":"1720708349","size":"244068","md5":"d506d1569a45de634e3a39a0f16feae1","crc32":"a3d25e27","sha1":"9f7ec083e114bcb2783c98526926e567607c337b"},{"name":"01.-babysbreath_archive.torrent","source":"metadata","btih":"952b94df3820e178367d8e5145a637c3e1d4e726","mtime":"1747421113","size":"31771","md5":"7e36398d399d1d9acf85cf4280f1d4f5","crc32":"83995118","sha1":"753f10110233906833fe380506a0224ea0854d5a","format":"Archive BitTorrent"},{"name":"01.-babysbreath_files.xml","source":"original","format":"Metadata","md5":"9a2e38908729a246e809a8055abcd7ff","summation":"md5"},{"name":"01.-babysbreath_meta.sqlite","source":"original","mtime":"1720697907","size":"106496","md5":"e417ddf4c4ec9d10ae723459522046ff","crc32":"80c31a03","sha1":"2d069d30bce73b3d57ac9af657fd359ed4093144","format":"Metadata"},{"name":"01.-babysbreath_meta.xml","source":"original","mtime":"1747421107","size":"1116","md5":"407f4f2e54d85f004ade091878473c6c","crc32":"fa147a8b","sha1":"eacc124ba7c5376f2b455fe2e7cfd521ffb03285","format":"Metadata"},{"name":"02. teardrop.flac","source":"original","mtime":"1720697768","size":"2022699","md5":"a2326090bb9d606c73a1303edbbce2f4","crc32":"ed2a5b88","sha1":"cda8dd0657b0bb15b71fae25f4b59796b7239875","format":"Flac","length":"32.63","viruscheck":"1720698537","title":"teardrop","creator":"Lovesliescrushing","album":"bloweyelashwish","track":"2","artist":"Lovesliescrushing","genre":"Pop, Rock, Alternatif et Indé"},{"name":"02. teardrop.mp3","source":"derivative","creator":"Lovesliescrushing","title":"teardrop","track":"2","album":"bloweyelashwish","genre":"Pop, Rock, Alternatif et Indé","bitrate":"170","length":"00:33","format":"VBR MP3","original":"02. teardrop.flac","mtime":"1720699942","size":"816967","md5":"bd4d02277b62a21839f4c8ee3a9c8029","crc32":"ca517018","sha1":"61d3130a9c8b3f35aec806670b2d0b87c9bbc09b"},{"name":"02. teardrop.png","source":"derivative","format":"PNG","original":"02. teardrop.flac","mtime":"1720707019","size":"27595","md5":"108d8fb5b1583af83e52d00a056e80ef","crc32":"f854c994","sha1":"aadb8c3fe944ecdcda3203fb411606c8c316a43f"},{"name":"02. teardrop_spectrogram.png","source":"derivative","format":"Spectrogram","original":"02. teardrop.flac","mtime":"1720711827","size":"299145","md5":"ec14b8c16e0ae0596782415dbbe83673","crc32":"8eccc129","sha1":"754c993b96e2784cc41e6f804735e7bced82d822"},{"name":"03. iwantyou.flac","source":"original","mtime":"1720697775","size":"12569251","md5":"f36e7c12c736528f4d9bac82214371be","crc32":"c5dc86fd","sha1":"e93631bd45289d9091cb5137ea917f00e11eb272","format":"Flac","length":"122.11","viruscheck":"1720698537","title":"iwantyou","creator":"Lovesliescrushing","album":"bloweyelashwish","track":"3","artist":"Lovesliescrushing","genre":"Pop, Rock, Alternatif et Indé"},{"name":"03. iwantyou.mp3","source":"derivative","creator":"Lovesliescrushing","title":"iwantyou","track":"3","album":"bloweyelashwish","genre":"Pop, Rock, Alternatif et Indé","bitrate":"178","length":"02:02","format":"VBR MP3","original":"03. iwantyou.flac","mtime":"1720700430","size":"2845969","md5":"1b4f67437d384326d3ad2de00b6c39ed","crc32":"8c0bf7fb","sha1":"15243eaa64e73d6787752c1096bb51c1c72dcc4f"},{"name":"03. iwantyou.png","source":"derivative","format":"PNG","original":"03. iwantyou.flac","mtime":"1720704584","size":"35452","md5":"51f867c829db2fcaa9234ae7bc59143b","crc32":"8abe4867","sha1":"b33884cbd35466dd5744f2e28a76711c5b48cdbe"},{"name":"03. iwantyou_spectrogram.png","source":"derivative","format":"Spectrogram","original":"03. iwantyou.flac","mtime":"1720708998","size":"321401","md5":"683edae603b970f09368a1709f73c57a","crc32":"3186dbc5","sha1":"b67ec3c87e3bd8337c04cc892670f52734a921de"},{"name":"04. fur.flac","source":"original","mtime":"1720697777","size":"3245835","md5":"2e8c2ce96f7b6715fb169da00c86b9e3","crc32":"1e08f7d8","sha1":"4507eda8a80ba7c86f57422c58a21c3d015e1296","format":"Flac","length":"40.16","viruscheck":"1720698537","title":"fur","creator":"Lovesliescrushing","album":"bloweyelashwish","track":"4","artist":"Lovesliescrushing","genre":"Pop, Rock, Alternatif et Indé"},{"name":"04. fur.mp3","source":"derivative","creator":"Lovesliescrushing","title":"fur","track":"4","album":"bloweyelashwish","genre":"Pop, Rock, Alternatif et Indé","bitrate":"179","length":"00:40","format":"VBR MP3","original":"04. fur.flac","mtime":"1720700553","size":"1023568","md5":"11931e6dd741796cf7220ab7e5cbbd91","crc32":"d9658a2c","sha1":"8cddcc3249ce0f02271d5a98e6ef1e311c6569af"},{"name":"04. fur.png","source":"derivative","format":"PNG","original":"04. fur.flac","mtime":"1720706010","size":"26860","md5":"9c8a369be13aff3478c92837662ef3b4","crc32":"0b69fe74","sha1":"4483d6e7e98fe9e67d3b2108f3f3e797ddc088ef"},{"name":"04. fur_spectrogram.png","source":"derivative","format":"Spectrogram","original":"04. fur.flac","mtime":"1720708065","size":"316466","md5":"827ced985b335953537a1b21457380d3","crc32":"d8520159","sha1":"cb101fd4b775c9a595a68f4c036a1ee5fda2c18d"},{"name":"05. dizzy.flac","source":"original","mtime":"1720697783","size":"13367355","md5":"f5534e3c5fb354857580097da36473ac","crc32":"2ab77db7","sha1":"517dff6ba9f6ea290e5d492fd4f666201cba94cc","format":"Flac","length":"133.2","viruscheck":"1720698537","title":"dizzy","creator":"Lovesliescrushing","album":"bloweyelashwish","track":"5","artist":"Lovesliescrushing","genre":"Pop, Rock, Alternatif et Indé"},{"name":"05. dizzy.mp3","source":"derivative","creator":"Lovesliescrushing","title":"dizzy","track":"5","album":"bloweyelashwish","genre":"Pop, Rock, Alternatif et Indé","bitrate":"176","length":"02:13","format":"VBR MP3","original":"05. dizzy.flac","mtime":"1720703421","size":"3061540","md5":"70e0ad1fc97349d041775b395f7eb9f0","crc32":"141d1101","sha1":"2c283d9f8c6b148b80d7941be7ff57c36213d14f"},{"name":"05. dizzy.png","source":"derivative","format":"PNG","original":"05. dizzy.flac","mtime":"1720704161","size":"36713","md5":"f6c020e2196e54f4730bb9acb46a7e58","crc32":"0a00589c","sha1":"6f6ef6ee3fc5bf7b83bd1d1547c75d058dfe8fd9"},{"name":"05. dizzy_spectrogram.png","source":"derivative","format":"Spectrogram","original":"05. dizzy.flac","mtime":"1720709786","size":"293382","md5":"be180b11af2a6490aee22950e88619dc","crc32":"da2c53c4","sha1":"e5f63d167c43359c1df05600e8b88878936208a2"},{"name":"06. plume.flac","source":"original","mtime":"1720697789","size":"11381416","md5":"cc00e3833c726be73022231714a8db28","crc32":"f3fa8670","sha1":"66a7388d289084057112e5b0d8c4ecb240eddf7b","format":"Flac","length":"111.84","viruscheck":"1720698537","title":"plume","creator":"Lovesliescrushing","album":"bloweyelashwish","track":"6","artist":"Lovesliescrushing","genre":"Pop, Rock, Alternatif et Indé"},{"name":"06. plume.mp3","source":"derivative","creator":"Lovesliescrushing","title":"plume","track":"6","album":"bloweyelashwish","genre":"Pop, Rock, Alternatif et Indé","bitrate":"180","length":"01:52","format":"VBR MP3","original":"06. plume.flac","mtime":"1720700678","size":"2646018","md5":"8014ff5de1cea0882937b647ccfb1f7b","crc32":"be0f0dd5","sha1":"271e2298d7151a01af6bf9cd40ad6a03c5e4817b"},{"name":"06. plume.png","source":"derivative","format":"PNG","original":"06. plume.flac","mtime":"1720703637","size":"37307","md5":"0bcd0c6728e5fdd177c6d98445436a35","crc32":"14b34324","sha1":"95ba1df2c00bde7fc40a197af3a217ee017a53b2"},{"name":"06. plume_spectrogram.png","source":"derivative","format":"Spectrogram","original":"06. plume.flac","mtime":"1720708871","size":"310106","md5":"99794d4f0bcf9606795dc8851cb4c09c","crc32":"01ace4ee","sha1":"71a3d917692a00a5a3bd409b5d9385d0a1ffc4ca"},{"name":"07. burst.flac","source":"original","mtime":"1720697798","size":"22867995","md5":"6de2aaf8c676f947dcfccce69eb40fc8","crc32":"a87010b5","sha1":"677623bc0c9309b82966f1fa82b6b57968b316c0","format":"Flac","length":"259.13","viruscheck":"1720698537","title":"burst","creator":"Lovesliescrushing","album":"bloweyelashwish","track":"7","artist":"Lovesliescrushing","genre":"Pop, Rock, Alternatif et Indé"},{"name":"07. burst.mp3","source":"derivative","creator":"Lovesliescrushing","title":"burst","track":"7","album":"bloweyelashwish","genre":"Pop, Rock, Alternatif et Indé","bitrate":"173","length":"04:19","format":"VBR MP3","original":"07. burst.flac","mtime":"1720701780","size":"5737386","md5":"fd3fe4e654f882175814b155fefff8d7","crc32":"3b7d6be9","sha1":"bfbdff72ccd8ec98aac8809a0bb36c1ebc32731a"},{"name":"07. burst.png","source":"derivative","format":"PNG","original":"07. burst.flac","mtime":"1720703908","size":"33059","md5":"dc2af3c10fbfb12d43d5f0e4b5a47e8d","crc32":"5a018b3f","sha1":"b481e7fd84497012fec9c69ca756b52f30f07e92"},{"name":"07. burst_spectrogram.png","source":"derivative","format":"Spectrogram","original":"07. burst.flac","mtime":"1720710117","size":"282929","md5":"63a86ef8cc064890066b339d2b97a570","crc32":"caa272aa","sha1":"6d6043c73b9837dbc2f6659ebcbed0265f833a8e"},{"name":"08. tinkerwench.flac","source":"original","mtime":"1720697801","size":"5374591","md5":"fe1bde55d0e55c812bcc20322ceaaafe","crc32":"aa58c4c6","sha1":"e3b7089f5f7b5bb21b3d58ace5c2dd8cc324e281","format":"Flac","length":"73.6","viruscheck":"1720698537","title":"tinkerwench","creator":"Lovesliescrushing","album":"bloweyelashwish","track":"8","artist":"Lovesliescrushing","genre":"Pop, Rock, Alternatif et Indé"},{"name":"08. tinkerwench.mp3","source":"derivative","creator":"Lovesliescrushing","title":"tinkerwench","track":"8","album":"bloweyelashwish","genre":"Pop, Rock, Alternatif et Indé","bitrate":"181","length":"01:14","format":"VBR MP3","original":"08. tinkerwench.flac","mtime":"1720700972","size":"1794715","md5":"1ba81bc60cdba3c9fb4ba1f818bc8bc1","crc32":"3f7e57b9","sha1":"4f9482c5f700f541fe38a8408453f9e5763c54fd"},{"name":"08. tinkerwench.png","source":"derivative","format":"PNG","original":"08. tinkerwench.flac","mtime":"1720707412","size":"30780","md5":"0cf3bcefae15575835bd563b1db23d7a","crc32":"94874887","sha1":"d1bfa16468a0f4867b064ff6ac44f9203bd1dff3"},{"name":"08. tinkerwench_spectrogram.png","source":"derivative","format":"Spectrogram","original":"08. tinkerwench.flac","mtime":"1720709470","size":"301386","md5":"00cbf23ceffef1dd7339dd87ee44f9b0","crc32":"32ab9751","sha1":"04ceab06d60f5fbf5f3bbbbb92e12ca5fe8d5345"},{"name":"09. charm.flac","source":"original","mtime":"1720697809","size":"19806932","md5":"7492e29ad00bc04ee0ec7609de5e2049","crc32":"f182ecf4","sha1":"05136b9681a178c51b802439807ba6c0ba64ef86","format":"Flac","length":"200.23","viruscheck":"1720698537","title":"charm","creator":"Lovesliescrushing","album":"bloweyelashwish","track":"9","artist":"Lovesliescrushing","genre":"Pop, Rock, Alternatif et Indé"},{"name":"09. charm.mp3","source":"derivative","creator":"Lovesliescrushing","title":"charm","track":"9","album":"bloweyelashwish","genre":"Pop, Rock, Alternatif et Indé","bitrate":"178","length":"03:20","format":"VBR MP3","original":"09. charm.flac","mtime":"1720701465","size":"4578833","md5":"257b043b3a71f859195daf4abed8d776","crc32":"1623aa38","sha1":"6eaee4c347cda1e42883426162fc1281cb84a4b4"},{"name":"09. charm.png","source":"derivative","format":"PNG","original":"09. charm.flac","mtime":"1720704411","size":"34717","md5":"9f6b8bc13440a339713d8eaa8c51d636","crc32":"d1df4b20","sha1":"532197403dba3cacfe9cfb28c713a56498a11d91"},{"name":"09. charm_spectrogram.png","source":"derivative","format":"Spectrogram","original":"09. charm.flac","mtime":"1720709180","size":"292639","md5":"38147fe893e86f87ddabe0379a980bcf","crc32":"96b7c398","sha1":"17f0e8606b3a6535f94b801563228d28dc84d584"},{"name":"10. moinaexquisiteflower.flac","source":"original","mtime":"1720697821","size":"34483757","md5":"c55f053ac17269985572330934d62a52","crc32":"eae54411","sha1":"a7ebefa63e2c6ee959deb7391acb931cbdd418b2","format":"Flac","length":"368.91","title":"moinaexquisiteflower","creator":"Lovesliescrushing","album":"bloweyelashwish","track":"10","artist":"Lovesliescrushing","genre":"Pop, Rock, Alternatif et Indé"},{"name":"10. moinaexquisiteflower.mp3","source":"derivative","creator":"Lovesliescrushing","title":"moinaexquisiteflower","track":"10","album":"bloweyelashwish","genre":"Pop, Rock, Alternatif et Indé","bitrate":"179","length":"06:09","format":"VBR MP3","original":"10. moinaexquisiteflower.flac","mtime":"1720699440","size":"8374212","md5":"e47b8dcbcaf2812b5698477eff57dffe","crc32":"6b62fa22","sha1":"1011316860c064e2ff9cc522ed9310fd5e08afa0"},{"name":"10. moinaexquisiteflower.png","source":"derivative","format":"PNG","original":"10. moinaexquisiteflower.flac","mtime":"1720704032","size":"34430","md5":"d0e6b356231a6ac0328d68604275f8b8","crc32":"31f1ffaa","sha1":"610c14bd4e0b0a61dcfd991bc49d017098e68633"},{"name":"10. moinaexquisiteflower_spectrogram.png","source":"derivative","format":"Spectrogram","original":"10. moinaexquisiteflower.flac","mtime":"1720708524","size":"271310","md5":"1c5c1d69cadb4864d60f90ee0bbd6d1d","crc32":"3c47d86d","sha1":"eb8ea18a945b56c5c3133b3711ba8b3d031ebf01"},{"name":"11. butterfly.flac","source":"original","mtime":"1720697826","size":"7637812","md5":"a4ee6348688113603810286c76bfb25d","crc32":"209c9514","sha1":"2072551f59c6e88f1272d0081322fc85b8b39263","format":"Flac","length":"110.09","viruscheck":"1720698537","title":"butterfly","creator":"Lovesliescrushing","album":"bloweyelashwish","track":"11","artist":"Lovesliescrushing","genre":"Pop, Rock, Alternatif et Indé"},{"name":"11. butterfly.mp3","source":"derivative","creator":"Lovesliescrushing","title":"butterfly","track":"11","album":"bloweyelashwish","genre":"Pop, Rock, Alternatif et Indé","bitrate":"177","length":"01:50","format":"VBR MP3","original":"11. butterfly.flac","mtime":"1720700863","size":"2563688","md5":"e9d2799bf758b9d9c7156fc4ca06da36","crc32":"6d34a814","sha1":"6edbb6bd640a7456bc4bf9a9f894c02d09912da0"},{"name":"11. butterfly.png","source":"derivative","format":"PNG","original":"11. butterfly.flac","mtime":"1720706311","size":"37397","md5":"6800bac869978ce76699a412fb1d888c","crc32":"832a1eb9","sha1":"2b4ca00e5072ce169ab70b321f3b7f258f2bda3a"},{"name":"11. butterfly_spectrogram.png","source":"derivative","format":"Spectrogram","original":"11. butterfly.flac","mtime":"1720707543","size":"274695","md5":"49e64724c219252bedddea7bd38efeb6","crc32":"f3f40cbe","sha1":"175369c08aa2c5f5f91e3bfa5c5356374dddbea1"},{"name":"12. sugaredglowing.flac","source":"original","mtime":"1720697840","size":"40602229","md5":"36fe31df2533de210327d4091e3fbfbd","crc32":"0bda3cc7","sha1":"09fee49e8406bc7749456afd454f276e0dcde6e9","format":"Flac","length":"386.6","title":"sugaredglowing","creator":"Lovesliescrushing","album":"bloweyelashwish","track":"12","artist":"Lovesliescrushing","genre":"Pop, Rock, Alternatif et Indé"},{"name":"12. sugaredglowing.mp3","source":"derivative","creator":"Lovesliescrushing","title":"sugaredglowing","track":"12","album":"bloweyelashwish","genre":"Pop, Rock, Alternatif et Indé","bitrate":"191","length":"06:27","format":"VBR MP3","original":"12. sugaredglowing.flac","mtime":"1720701654","size":"9346439","md5":"c6136531f53b144f91e1b09516314c39","crc32":"2857fff6","sha1":"ae395da2480b3a869e3b74411773ec3ba91355bb"},{"name":"12. sugaredglowing.png","source":"derivative","format":"PNG","original":"12. sugaredglowing.flac","mtime":"1720706856","size":"34801","md5":"c8d479c1a641dce449add09a7e0beaa0","crc32":"92ac56c8","sha1":"03f0a527c85d10c4e97a57625f598110c9f21a7f"},{"name":"12. sugaredglowing_spectrogram.png","source":"derivative","format":"Spectrogram","original":"12. sugaredglowing.flac","mtime":"1720708207","size":"257652","md5":"933ae3a778d2419be9422c4b75481b51","crc32":"0e74175e","sha1":"34979ac7f4a3ff61bc38778a87e6fcaf619188c6"},{"name":"13. glimmer.flac","source":"original","mtime":"1720697845","size":"10555263","md5":"a0b67b95131eef7b0235b816183d9ffa","crc32":"fe471bc2","sha1":"b047cf7bf0a3c747c643fc8c7859982eef1ecb95","format":"Flac","length":"109.13","viruscheck":"1720698537","title":"glimmer","creator":"Lovesliescrushing","album":"bloweyelashwish","track":"13","artist":"Lovesliescrushing","genre":"Pop, Rock, Alternatif et Indé"},{"name":"13. glimmer.mp3","source":"derivative","creator":"Lovesliescrushing","title":"glimmer","track":"13","album":"bloweyelashwish","genre":"Pop, Rock, Alternatif et Indé","bitrate":"185","length":"01:49","format":"VBR MP3","original":"13. glimmer.flac","mtime":"1720701918","size":"2653476","md5":"41dfe11cf4b97327e48b1d147afcf39f","crc32":"4e4b37a3","sha1":"c728632c522f52f4b688ab7bd00c2ff036413fcf"},{"name":"13. glimmer.png","source":"derivative","format":"PNG","original":"13. glimmer.flac","mtime":"1720704767","size":"26355","md5":"3f40c8e72a111944fdd7caa90cf948a7","crc32":"0129c784","sha1":"d7f5a83c22b0f0e8543674b425f251ff53038e33"},{"name":"13. glimmer_spectrogram.png","source":"derivative","format":"Spectrogram","original":"13. glimmer.flac","mtime":"1720708428","size":"294030","md5":"b24fc9a942e0d3e532d7dd9e5785c3ed","crc32":"35f0e29a","sha1":"16927a831ba63cb4c454694f5ed4f4a7645c053a"},{"name":"14. youreyesimmaculate.flac","source":"original","mtime":"1720697855","size":"29160667","md5":"7b72b9032393512e42f38ef8ac4ee2ef","crc32":"b1e3d01a","sha1":"baff18e426ddf943cc08988cd5b5d22942416f9d","format":"Flac","length":"261.37","viruscheck":"1720698537","title":"youreyesimmaculate","creator":"Lovesliescrushing","album":"bloweyelashwish","track":"14","artist":"Lovesliescrushing","genre":"Pop, Rock, Alternatif et Indé"},{"name":"14. youreyesimmaculate.mp3","source":"derivative","creator":"Lovesliescrushing","title":"youreyesimmaculate","track":"14","album":"bloweyelashwish","genre":"Pop, Rock, Alternatif et Indé","bitrate":"184","length":"04:21","format":"VBR MP3","original":"14. youreyesimmaculate.flac","mtime":"1720702035","size":"6134061","md5":"ea376bfecf08110afdb84a25a040b1a5","crc32":"0b97de67","sha1":"d2b6cd3ab2733489e632754846921727c560d8d7"},{"name":"14. youreyesimmaculate.png","source":"derivative","format":"PNG","original":"14. youreyesimmaculate.flac","mtime":"1720705076","size":"29021","md5":"a786f785395eda5bbf6b7803f616304b","crc32":"16a5d529","sha1":"fd9f67f629ab995ab66087a4e83c760c29a15b64"},{"name":"14. youreyesimmaculate_spectrogram.png","source":"derivative","format":"Spectrogram","original":"14. youreyesimmaculate.flac","mtime":"1720711637","size":"278286","md5":"51e9586b42e51cebf040ec20001a8a4b","crc32":"623f496b","sha1":"a993797298701b37ead4934c8decf9f2a5f65116"},{"name":"15. crushing.flac","source":"original","mtime":"1720697865","size":"23176781","md5":"55d6bc188630a937b593053b0038e31d","crc32":"997a0668","sha1":"b374ce8dff2d6c0038d34e13b0efed5a524d7d89","format":"Flac","length":"214.07","viruscheck":"1720698537","title":"crushing","creator":"Lovesliescrushing","album":"bloweyelashwish","track":"15","artist":"Lovesliescrushing","genre":"Pop, Rock, Alternatif et Indé"},{"name":"15. crushing.mp3","source":"derivative","creator":"Lovesliescrushing","title":"crushing","track":"15","album":"bloweyelashwish","genre":"Pop, Rock, Alternatif et Indé","bitrate":"180","length":"03:34","format":"VBR MP3","original":"15. crushing.flac","mtime":"1720702359","size":"4956516","md5":"d13647c69a156aa6f065e85a054636f5","crc32":"de51f750","sha1":"d40a76a578b379458c60f27328e390bce928d967"},{"name":"15. crushing.png","source":"derivative","format":"PNG","original":"15. crushing.flac","mtime":"1720707312","size":"34653","md5":"59c7499231b82fa31ceb3c91dbcb154c","crc32":"43517b8b","sha1":"4ec0511457273d1d5fdeee6764cd0b6463d3f89e"},{"name":"15. crushing_spectrogram.png","source":"derivative","format":"Spectrogram","original":"15. crushing.flac","mtime":"1720711003","size":"273375","md5":"79622f41c8176d07a0296a9c00e95573","crc32":"54bcae68","sha1":"ada89b0018ee6657bf687851677f77b1d2599994"},{"name":"16. bloweyelashwish.flac","source":"original","mtime":"1720697870","size":"9322530","md5":"6c63b3f3dc9f7dd505953204ef5ddb49","crc32":"93481f52","sha1":"7383aef79fb43cfc7004e6eb285c3cdb657704e8","format":"Flac","length":"94.13","viruscheck":"1720698537","title":"bloweyelashwish","creator":"Lovesliescrushing","album":"bloweyelashwish","track":"16","artist":"Lovesliescrushing","genre":"Pop, Rock, Alternatif et Indé"},{"name":"16. bloweyelashwish.mp3","source":"derivative","creator":"Lovesliescrushing","title":"bloweyelashwish","track":"16","album":"bloweyelashwish","genre":"Pop, Rock, Alternatif et Indé","bitrate":"182","length":"01:34","format":"VBR MP3","original":"16. bloweyelashwish.flac","mtime":"1720702598","size":"2267223","md5":"343fbc74d1806091e0025485c8f1d5da","crc32":"de200d7d","sha1":"71e0fdb32db613fd68012c4bfa165e736a7b0d6e"},{"name":"16. bloweyelashwish.png","source":"derivative","format":"PNG","original":"16. bloweyelashwish.flac","mtime":"1720707143","size":"32698","md5":"f8f7974646b877b4b609a4db30aa6d48","crc32":"cbff7523","sha1":"7e182928978b5f8fe08de9e25bfb06d7cecdfa68"},{"name":"16. bloweyelashwish_spectrogram.png","source":"derivative","format":"Spectrogram","original":"16. bloweyelashwish.flac","mtime":"1720712020","size":"297058","md5":"3cb8ceee7b07de79b31bae5f434d1225","crc32":"5cd5f72f","sha1":"83c88dfac098d16ae8a187a5bcb65beef8b9e051"},{"name":"17. precious.flac","source":"original","mtime":"1720697875","size":"8491158","md5":"14bb10ed5e22e6a0adfa3b15339f7a8c","crc32":"685abf94","sha1":"f10cab3d3f09cd5772b56b6396c92cbcba590b17","format":"Flac","length":"83.2","viruscheck":"1720698537","title":"precious","creator":"Lovesliescrushing","album":"bloweyelashwish","track":"17","artist":"Lovesliescrushing","genre":"Pop, Rock, Alternatif et Indé"},{"name":"17. precious.mp3","source":"derivative","creator":"Lovesliescrushing","title":"precious","track":"17","album":"bloweyelashwish","genre":"Pop, Rock, Alternatif et Indé","bitrate":"185","length":"01:23","format":"VBR MP3","original":"17. precious.flac","mtime":"1720702743","size":"2045608","md5":"19d08059bedcc319075a941b18391dd8","crc32":"a1e880bb","sha1":"8894f68874bb70833326696aff902491ead04ae8"},{"name":"17. precious.png","source":"derivative","format":"PNG","original":"17. precious.flac","mtime":"1720706635","size":"31864","md5":"34fe8b251ad58a7ccea721b3da9c532f","crc32":"3ce80eca","sha1":"f0cca34ba20b12547f853c314b75c4c74dabef32"},{"name":"17. precious_spectrogram.png","source":"derivative","format":"Spectrogram","original":"17. precious.flac","mtime":"1720711514","size":"309655","md5":"68437d8d1cc984ba73a7b8045175d96f","crc32":"c71bac84","sha1":"22c49560f023b8d7c99e4d8206fa5b7d76e64797"},{"name":"18. darkglassdolleyes.flac","source":"original","mtime":"1720697885","size":"28645972","md5":"34bd3ed22f9a22485dcb4ff151ee51d5","crc32":"c681ac65","sha1":"ab5caaa80fc7444d8fa09448534fa62c69a49364","format":"Flac","length":"284.07","viruscheck":"1720698537","title":"darkglassdolleyes","creator":"Lovesliescrushing","album":"bloweyelashwish","track":"18","artist":"Lovesliescrushing","genre":"Pop, Rock, Alternatif et Indé"},{"name":"18. darkglassdolleyes.mp3","source":"derivative","creator":"Lovesliescrushing","title":"darkglassdolleyes","track":"18","album":"bloweyelashwish","genre":"Pop, Rock, Alternatif et Indé","bitrate":"179","length":"04:44","format":"VBR MP3","original":"18. darkglassdolleyes.flac","mtime":"1720702915","size":"6483851","md5":"6a1a0813839538fa58577240bf5e67b2","crc32":"2d8257c7","sha1":"eb024d9d1fe80634113422fda30b0647856ca503"},{"name":"18. darkglassdolleyes.png","source":"derivative","format":"PNG","original":"18. darkglassdolleyes.flac","mtime":"1720706495","size":"34970","md5":"6ed941940888b8dba5d37f2d45b93c4a","crc32":"aa5464db","sha1":"b21ed28812bd26f76f959e29815025782ba53efb"},{"name":"18. darkglassdolleyes_spectrogram.png","source":"derivative","format":"Spectrogram","original":"18. darkglassdolleyes.flac","mtime":"1720712131","size":"262384","md5":"3019c3e790297181ee43d63a95eae46c","crc32":"eb250ce4","sha1":"5fa9ffa08a97e9717824921da7ba05d28074fd4c"},{"name":"19. finger.flac","source":"original","mtime":"1720697889","size":"4800184","md5":"8bfe3f5a220295fd99f88e24e946d67b","crc32":"f38d0b3b","sha1":"a03555d82a86600eac8f321766fc8e9979952c35","format":"Flac","length":"50.83","viruscheck":"1720698537","title":"finger","creator":"Lovesliescrushing","album":"bloweyelashwish","track":"19","artist":"Lovesliescrushing","genre":"Pop, Rock, Alternatif et Indé"},{"name":"19. finger.mp3","source":"derivative","creator":"Lovesliescrushing","title":"finger","track":"19","album":"bloweyelashwish","genre":"Pop, Rock, Alternatif et Indé","bitrate":"183","length":"00:51","format":"VBR MP3","original":"19. finger.flac","mtime":"1720703120","size":"1288095","md5":"5a6e8d297a7b63ba9cf2068b18bd86e7","crc32":"968feeb1","sha1":"a164f1f73c5359a2b1e84d4c507d941e31a9b4e2"},{"name":"19. finger.png","source":"derivative","format":"PNG","original":"19. finger.flac","mtime":"1720703801","size":"32073","md5":"b156181b28466c3b3e7955eeb82d5dcf","crc32":"6d68341c","sha1":"9deeac2fc5f01c9938dadd6036776b79156b217e"},{"name":"19. finger_spectrogram.png","source":"derivative","format":"Spectrogram","original":"19. finger.flac","mtime":"1720711374","size":"300726","md5":"d97c09e91a2ecfaa6eb09a8e073c43e4","crc32":"fb0626ae","sha1":"3cfa2d4d3fafaf1ee094489e14263297ee565b93"},{"name":"20. halo.flac","source":"original","mtime":"1720697894","size":"9910083","md5":"0b9e206abb715201d0855bdbe671e2d2","crc32":"c7a6d5bc","sha1":"86cd6c1024cbb2910ff17a1bb94bb8a5f9833727","format":"Flac","length":"140.27","viruscheck":"1720698537","title":"halo","creator":"Lovesliescrushing","album":"bloweyelashwish","track":"20","artist":"Lovesliescrushing","genre":"Pop, Rock, Alternatif et Indé"},{"name":"20. halo.mp3","source":"derivative","creator":"Lovesliescrushing","title":"halo","track":"20","album":"bloweyelashwish","genre":"Pop, Rock, Alternatif et Indé","bitrate":"169","length":"02:20","format":"VBR MP3","original":"20. halo.flac","mtime":"1720703280","size":"3084857","md5":"ef5c4a710970844163ca2869c421f9be","crc32":"4e259924","sha1":"4c92ea6e1d533bb636ec523a9db3c1f159970f8d"},{"name":"20. halo.png","source":"derivative","format":"PNG","original":"20. halo.flac","mtime":"1720705903","size":"33039","md5":"c916f0e839500a226a571602db82a05b","crc32":"3efac77c","sha1":"e2fc7af97b7a7ef7ad0be9ff6f1e1fc17a03f6c4"},{"name":"20. halo_spectrogram.png","source":"derivative","format":"Spectrogram","original":"20. halo.flac","mtime":"1720711168","size":"251377","md5":"12738094b1d4c415b54d15644543ff6a","crc32":"736e2e25","sha1":"68e7f46d950d8029048d6804bae5831ee5ffa89a"},{"name":"__ia_thumb.jpg","source":"original","mtime":"1720697921","size":"16412","md5":"bbf9f660a851aefa0c9c69cb61e5c1ad","crc32":"473e19b0","sha1":"a7ae27ced92048c7a931b9eccd5163421bf379b5","format":"Item Tile"},{"name":"cover.jpg","source":"original","mtime":"1720697898","size":"6847470","md5":"733c6cf6f19bef28ac6c66e09d5e8554","crc32":"b265504a","sha1":"7bc002449eacffa76f62cf8b6f96e89c53cdf755","format":"JPEG"},{"name":"cover_thumb.jpg","source":"derivative","format":"JPEG Thumb","original":"cover.jpg","mtime":"1720703486","size":"10829","md5":"4d925c7d9e31d048f08898047cad42ea","crc32":"4d949d1c","sha1":"90d17c22e979d6709ea9257aeb690c99509c316b"}],"files_count":87,"item_last_updated":1747421113,"item_size":411412424,"metadata":{"identifier":"01.-babysbreath","mediatype":"audio","collection":"audio_music","creator":"Lovesliescrushing","date":"1993-07-07","description":"The debut studio album by the Michigan shoegazers and ambient-poppers in 16bit/44.1 khz .flac quality. <div><br /></div><div><br /></div>","language":"eng","licenseurl":"https://creativecommons.org/licenses/by-nd/4.0/","r0887p":"s578h","scanner":"Internet Archive HTML5 Uploader 1.7.0","subject":["Lovesliescrushing","bloweyelashwish","Shoegaze","dream pop"],"title":"Lovesliescrushing - Bloweyelashwish [FLAC]","uploader":"swilliamson048@gmail.com","publicdate":"2024-07-11 11:36:07","addeddate":"2024-07-11 11:36:07","curation":"[curator]validator@archive.org[/curator][date]20240711114857[/date][comment]checked for malware[/comment]","year":"1993"},"server":"ia600500.us.archive.org","uniq":288943346,"workable_servers":["ia600500.us.archive.org","ia800500.us.archive.org"]}