{"alternate_locations":{"servers":[{"server":"dn721302.ca.archive.org","dir":"/0/items/01.-god-of-grind"}],"workable":[{"server":"dn721302.ca.archive.org","dir":"/0/items/01.-god-of-grind"}]},"created":1767564470,"d1":"ia601203.us.archive.org","d2":"ia801203.us.archive.org","dir":"/12/items/01.-god-of-grind","files":[{"name":"01. God of Grind.mp3","source":"original","mtime":"1750175626","size":"15991203","md5":"0774818232f4eac1d56cf3a1fe8369d0","crc32":"3e3fa4fd","sha1":"cec77fce68f9dd2fdefb59170813cd28adb8a589","format":"VBR MP3","length":"399.7","title":"God of Grind","creator":"PENICILLIN","album":"Penicillin Shock","track":"1","artist":"PENICILLIN","genre":"Visual-kei","comment":"http://jp-rock.blogspot.com/"},{"name":"01. God of Grind.png","source":"derivative","format":"PNG","original":"01. God of Grind.mp3","mtime":"1750175784","size":"32976","md5":"cd806f9550712beb0362804825b84c07","crc32":"7c44f8c4","sha1":"d9631b80a7c43b4656a9849252a3d0444ab31069"},{"name":"01. God of Grind_spectrogram.png","source":"derivative","format":"Spectrogram","original":"01. God of Grind.mp3","mtime":"1750175889","size":"325691","md5":"629190404dbc1c54de1b615a7410a83a","crc32":"9d468d1a","sha1":"0e02678c624c3dee6ba1df4e11518c22a48f3cee"},{"name":"01.-god-of-grind_archive.torrent","source":"metadata","btih":"f81dcd5843ee8b2d22ca9ec93e1e170667b88e10","mtime":"1757864094","size":"8697","md5":"e8e2ca1dd616fc35d6583fccc8c517a8","crc32":"6ec3ef0e","sha1":"8bf266d2e4348dadb7afeedf9531fc295a122e87","format":"Archive BitTorrent"},{"name":"01.-god-of-grind_files.xml","source":"original","format":"Metadata","md5":"286ef6b290450b5a1f516799364cbb93","summation":"md5"},{"name":"01.-god-of-grind_meta.sqlite","source":"original","mtime":"1750175693","size":"53248","md5":"98ca59e4ef5e3aead297f15ec80afc25","crc32":"e1c6cc62","sha1":"c2cccf85bb6d7d700f14229c7356b55180c3cdcd","format":"Metadata"},{"name":"01.-god-of-grind_meta.xml","source":"original","mtime":"1757864092","size":"1790","md5":"f06f9f80b8496737edc488a9adbea8c3","crc32":"b2ed0d50","sha1":"0b028da3aadccde54e353b5dc5aa15c271cbbb3a","format":"Metadata"},{"name":"02. Moon Light.mp3","source":"original","mtime":"1750175649","size":"9905718","md5":"f63792f274f3b24ebb92ed3d1342ec36","crc32":"9dc97a09","sha1":"f7551daeeee36335bfa113f4811806d05e253725","format":"VBR MP3","length":"247.56","title":"Moon Light","creator":"PENICILLIN","album":"Penicillin Shock","track":"2","artist":"PENICILLIN","genre":"Visual-kei","comment":"http://jp-rock.blogspot.com/"},{"name":"02. Moon Light.png","source":"derivative","format":"PNG","original":"02. Moon Light.mp3","mtime":"1750175798","size":"39546","md5":"c3a0393f102b6f5300cf00339638d5de","crc32":"0b21b087","sha1":"b7ca3a16c48fc2985b7e36774d650e4155d803ba"},{"name":"02. Moon Light_spectrogram.png","source":"derivative","format":"Spectrogram","original":"02. Moon Light.mp3","mtime":"1750175901","size":"309769","md5":"1469389096ad5ccc495010db7ce103c3","crc32":"dada6b7a","sha1":"65fdf79a338f8df1a87358cc5c6511f534326a78"},{"name":"03. tsumetai kaze.mp3","source":"original","mtime":"1750175655","size":"11296477","md5":"dafd87979c0e126e15a4916d2855a2db","crc32":"4a8f3639","sha1":"090aeb9c7f1f3a14212154bb27761bd47f80b879","format":"VBR MP3","length":"282.33","title":"tsumetai kaze","creator":"PENICILLIN","album":"Penicillin Shock","track":"3","artist":"PENICILLIN","genre":"Visual-kei","comment":"http://jp-rock.blogspot.com/"},{"name":"03. tsumetai kaze.png","source":"derivative","format":"PNG","original":"03. tsumetai kaze.mp3","mtime":"1750175813","size":"37663","md5":"3821a28a6140df1fc426400def51a345","crc32":"505da970","sha1":"8899c4f06f802e49d9126c17e139772a44b07585"},{"name":"03. tsumetai kaze_spectrogram.png","source":"derivative","format":"Spectrogram","original":"03. tsumetai kaze.mp3","mtime":"1750175915","size":"313039","md5":"a2db4c86c253c0d7375be677e2b29ce9","crc32":"0d95bfb4","sha1":"96c9d4aa16c49db4386a4753816ffd8cabad0041"},{"name":"04. Desire.mp3","source":"original","mtime":"1750175662","size":"12387350","md5":"576793b9bbff87c6598fe88d8cde2c94","crc32":"4bfa924c","sha1":"78fccd7784323ab19c97e56c9bbb9d15f67d94fb","format":"VBR MP3","length":"309.6","title":"Desire","creator":"PENICILLIN","album":"Penicillin Shock","track":"4","artist":"PENICILLIN","genre":"Visual-kei","comment":"http://jp-rock.blogspot.com/"},{"name":"04. Desire.png","source":"derivative","format":"PNG","original":"04. Desire.mp3","mtime":"1750175828","size":"33595","md5":"965db34cbc4fec467660865b938de6b2","crc32":"c4546bb3","sha1":"11ad9a4d35e712e454fd0f19e0dafb9c7c778e31"},{"name":"04. Desire_spectrogram.png","source":"derivative","format":"Spectrogram","original":"04. Desire.mp3","mtime":"1750175929","size":"301036","md5":"249d43daff6e4c3926d3240a282594ba","crc32":"8e7f454b","sha1":"b6a9190e578fbce2e9fe35549a01785878439dd1"},{"name":"05. Fly.mp3","source":"original","mtime":"1750175667","size":"5666567","md5":"dfd25b4837502b138136683e445c80fe","crc32":"64da618d","sha1":"29e8876909f9918fb07093871c4c768fe91d7ccd","format":"VBR MP3","length":"141.58","title":"Fly","creator":"PENICILLIN","album":"Penicillin Shock","track":"5","artist":"PENICILLIN","genre":"Visual-kei","comment":"http://jp-rock.blogspot.com/"},{"name":"05. Fly.png","source":"derivative","format":"PNG","original":"05. Fly.mp3","mtime":"1750175844","size":"32883","md5":"41e5d9a84d930f801b9409927420d477","crc32":"96df528f","sha1":"18994537f3229fc9435fc7b1046174ae42b0e32e"},{"name":"05. Fly_spectrogram.png","source":"derivative","format":"Spectrogram","original":"05. Fly.mp3","mtime":"1750175944","size":"327047","md5":"e90369af8014fa30ace4ec34055e590f","crc32":"9fed5b78","sha1":"21b96b9e993db4dd0fa17cf3eb578ec7818feaf2"},{"name":"06. Silent.mp3","source":"original","mtime":"1750175681","size":"15453081","md5":"6891c1bb5c7b2cd755e1484be0f16800","crc32":"fbcf5adf","sha1":"580035e021994426376056c928d1066f80bdde71","format":"VBR MP3","length":"386.25","title":"Silent","creator":"PENICILLIN","album":"Penicillin Shock","track":"6","artist":"PENICILLIN","genre":"Visual-kei","comment":"http://jp-rock.blogspot.com/"},{"name":"06. Silent.png","source":"derivative","format":"PNG","original":"06. Silent.mp3","mtime":"1750175862","size":"34948","md5":"6d4adead14ca69288e87249e5d2ceb9f","crc32":"ddde16c0","sha1":"4243f14fa4364d4ccef56ad19b4e0a315ea50a32"},{"name":"06. Silent_spectrogram.png","source":"derivative","format":"Spectrogram","original":"06. Silent.mp3","mtime":"1750175960","size":"314569","md5":"4f878cb900131fc80bf25e227cced83c","crc32":"1a09151e","sha1":"3eec64c3cae5ba0a75b84cacca17da4025daec73"},{"name":"07. kyoushi kyoku.mp3","source":"original","mtime":"1750175686","size":"4866175","md5":"59cafe795d806dda322d59f208efd4ee","crc32":"35f40ccd","sha1":"dbb57a88e3189b3d6d4c3590e54f13ab9c21513c","format":"VBR MP3","length":"121.57","title":"kyōshi kyoku","creator":"PENICILLIN","album":"Penicillin Shock","track":"7","artist":"PENICILLIN","genre":"Visual-kei","comment":"http://jp-rock.blogspot.com/"},{"name":"07. kyoushi kyoku.png","source":"derivative","format":"PNG","original":"07. kyoushi kyoku.mp3","mtime":"1750175876","size":"31401","md5":"6b0b0f11bd11112d71cdb5fda16829d9","crc32":"5f865c06","sha1":"02a61696791e73daf4d0c03f93d26dfb971e9ac2"},{"name":"07. kyoushi kyoku_spectrogram.png","source":"derivative","format":"Spectrogram","original":"07. kyoushi kyoku.mp3","mtime":"1750175975","size":"344054","md5":"b4d7bb700f0af38c9d91ca6835e542cd","crc32":"8bd851da","sha1":"12737b93a95c774bda427af6d78ab9c9af33eebb"},{"name":"__ia_thumb.jpg","source":"original","mtime":"1750175730","size":"20526","md5":"23920e87efe9b992e968ab2f0e60e21e","crc32":"b3a04ba0","sha1":"fecb277a1b6bef489625ce02e4785a50af2085d0","format":"Item Tile"},{"name":"cover.jpg","source":"original","mtime":"1750175690","size":"115354","md5":"8f860fb6572b0c54d606118857e56b47","crc32":"1fa37098","sha1":"b4101f8864375af559795a77215781d0aa73077b","format":"JPEG"},{"name":"cover_thumb.jpg","source":"derivative","format":"JPEG Thumb","original":"cover.jpg","mtime":"1750175768","size":"9827","md5":"314a28d37f23ff08cee853f0a2a833f1","crc32":"5f67cd61","sha1":"ec2a2da6d30b2b1d3354dc997d5db0b2fc265996"}],"files_count":28,"item_last_updated":1757864094,"item_size":78254230,"metadata":{"identifier":"01.-god-of-grind","mediatype":"audio","collection":["folksoundomy_japaneserock","folksoundomy"],"creator":"PENICILLIN","date":"1994-05-30","description":"<div>01. God of Grind</div><div>02. Moon Light</div><div>03. tsumetai kaze</div><div>04. Desire</div><div>05. Fly</div><div>06. Silent</div><div>07. kyōshi kyoku</div><div><br /></div><div>Primer mini album de PENICILLIN.</div><div><br /></div><div>https://vk.gy/artists/penicillin/</div><div><br /></div><div>http://jp-rock.blogspot.com/</div>","language":"jpn","scanner":"Internet Archive HTML5 Uploader 1.7.0","subject":["visual kei","vkei","visual rock","vrock","rock","japanese rock","jrock","j-rock","PENICILLIN","soft visual","gothic rock","industrial","metal","pop","punk","punk rock","gothic rock"],"title":"PENICILLIN - Penicillin Shock","uploader":"denjinhal@mail.ru","publicdate":"2025-06-17 15:54:06","addeddate":"2025-06-17 15:54:06","curation":"[curator]validator@archive.org[/curator][date]20250617155553[/date][comment]checked for malware[/comment]","collection_added":"folksoundomy"},"server":"ia601203.us.archive.org","uniq":886805818,"workable_servers":["ia601203.us.archive.org","ia801203.us.archive.org"]}