{"created":1767564483,"d1":"ia600904.us.archive.org","d2":"ia800904.us.archive.org","dir":"/10/items/01.-lavi","files":[{"name":"01. Lavi.mp3","source":"original","mtime":"1750697023","size":"13004909","md5":"68f29dee808341a2051f704a282c6f9e","crc32":"bc2f2dc4","sha1":"d6114ecc9f1cd3c463f729e26e5c591fcbed561c","format":"VBR MP3","length":"351.06","title":"Lavi","creator":"SHAZNA","album":"Raspberry Time","track":"1","artist":"SHAZNA","genre":"Visual-kei","comment":"http://jp-rock.blogspot.com/"},{"name":"01. Lavi.png","source":"derivative","format":"PNG","original":"01. Lavi.mp3","mtime":"1750697195","size":"40104","md5":"b85935dc88aed1f1128e090722997291","crc32":"a6b5453d","sha1":"b6723e1f0e38fc12f55f32a9d409fb1897909556"},{"name":"01. Lavi_spectrogram.png","source":"derivative","format":"Spectrogram","original":"01. Lavi.mp3","mtime":"1750697296","size":"6019","md5":"0596080e9ebc21946a858b91a1eb16b0","crc32":"e3c8d0b1","sha1":"2c78ae3864528007e6dc9038cda38db4575d2dfd"},{"name":"01.-lavi_archive.torrent","source":"metadata","btih":"f45814b47edbeb6a3b0f1ca1db83751e625fdb99","mtime":"1757864164","size":"6350","md5":"5afcdc49fc87859de4f1fa402fba92e0","crc32":"dce822c4","sha1":"ceec19ed67007b106a60f9a2a75812535e9cc7ec","format":"Archive BitTorrent"},{"name":"01.-lavi_files.xml","source":"original","format":"Metadata","md5":"d7c02bff436e9e8a8898a2dd8ef19d72","summation":"md5"},{"name":"01.-lavi_meta.sqlite","source":"original","mtime":"1750697072","size":"45056","md5":"85e2fbe85cacaeb97e7e49e784341ffc","crc32":"08e45452","sha1":"9060122a73872883cde5f83b4242653c6e41eb08","format":"Metadata"},{"name":"01.-lavi_meta.xml","source":"original","mtime":"1757864163","size":"1510","md5":"7bc972ca4ca913bd91568005cbdab777","crc32":"28309029","sha1":"1c6b212f6b555cf854a15d34cfa21afa826da3cb","format":"Metadata"},{"name":"02. Raspberry Time.mp3","source":"original","mtime":"1750697045","size":"10906846","md5":"83ffcb1bac5110018c1c763700d46571","crc32":"51d6e171","sha1":"7918290783134b364ea7d4e8b7eb74f45d40030e","format":"VBR MP3","length":"305.45","title":"Raspberry Time","creator":"SHAZNA","album":"Raspberry Time","track":"2","artist":"SHAZNA","genre":"Visual-kei","comment":"http://jp-rock.blogspot.com/"},{"name":"02. Raspberry Time.png","source":"derivative","format":"PNG","original":"02. Raspberry Time.mp3","mtime":"1750697218","size":"41244","md5":"afd231dc47ddedc566a256bb227838c6","crc32":"870c11bf","sha1":"3e71c8dce00996cbe0b2f4f3f5933934d2202c4d"},{"name":"02. Raspberry Time_spectrogram.png","source":"derivative","format":"Spectrogram","original":"02. Raspberry Time.mp3","mtime":"1750697309","size":"6147","md5":"c4faff0da6a796c9171defe751ad1081","crc32":"4d8d01a1","sha1":"91c25d886edceba4841b60de1559a44310736201"},{"name":"03. MELANCHOLY.mp3","source":"original","mtime":"1750697050","size":"6452526","md5":"d31fa30ebdbba5b15b9fa571dc59ebff","crc32":"fdbdee93","sha1":"5a1ac9db9fbb5692e5c18d9093e7d4d24ee1138e","format":"VBR MP3","length":"178.65","title":"MELANCHOLY","creator":"SHAZNA","album":"Raspberry Time","track":"3","artist":"SHAZNA","genre":"Visual-kei","comment":"http://jp-rock.blogspot.com/"},{"name":"03. MELANCHOLY.png","source":"derivative","format":"PNG","original":"03. MELANCHOLY.mp3","mtime":"1750697239","size":"41332","md5":"11c1bc090bd131aae924b16a7a105378","crc32":"1f2e460e","sha1":"50855597d7c7a56ee77bfa608fc531c89f52ffb7"},{"name":"03. MELANCHOLY_spectrogram.png","source":"derivative","format":"Spectrogram","original":"03. MELANCHOLY.mp3","mtime":"1750697328","size":"5593","md5":"8c282f138c8429cb67676205a6ea1718","crc32":"34e48e78","sha1":"bc60bb085511d14f31fbc544c00a8eec9586cce2"},{"name":"04. Shelly.mp3","source":"original","mtime":"1750697060","size":"9229620","md5":"52409d7284fd3e00e1163d4c14c5eb78","crc32":"d673f96c","sha1":"c257b55815094ea77f5bed6e3f959c1568f93584","format":"VBR MP3","length":"269.87","title":"Shelly","creator":"SHAZNA","album":"Raspberry Time","track":"4","artist":"SHAZNA","genre":"Visual-kei","comment":"http://jp-rock.blogspot.com/"},{"name":"04. Shelly.png","source":"derivative","format":"PNG","original":"04. Shelly.mp3","mtime":"1750697258","size":"40242","md5":"4189d7423633afa7ab8345e5d43da606","crc32":"a4b8b35d","sha1":"6b80dc9a971b3d727f687fe61e94e7e5a203bc51"},{"name":"04. Shelly_spectrogram.png","source":"derivative","format":"Spectrogram","original":"04. Shelly.mp3","mtime":"1750697346","size":"6306","md5":"8fd02e24004abff4ed82e58eab00b6f1","crc32":"9df7ebc5","sha1":"61404f30cbe6e68876614e4aaf1e6ab1e58bba18"},{"name":"05. I miss you.mp3","source":"original","mtime":"1750697066","size":"7268871","md5":"487e0740f5758fa7bf47b92824ce12d0","crc32":"ca769abb","sha1":"636f335d40494bcc1d891e628ceffa2bdee6813d","format":"VBR MP3","length":"201.04","title":"I miss you・・・","creator":"SHAZNA","album":"Raspberry Time","track":"5","artist":"SHAZNA","genre":"Visual-kei","comment":"http://jp-rock.blogspot.com/"},{"name":"05. I miss you.png","source":"derivative","format":"PNG","original":"05. I miss you.mp3","mtime":"1750697280","size":"41357","md5":"3604aecedd936b0c32d8c36200dba3da","crc32":"b25cf545","sha1":"a955d496c2ac19578e130687d807411cf2a03c85"},{"name":"05. I miss you_spectrogram.png","source":"derivative","format":"Spectrogram","original":"05. I miss you.mp3","mtime":"1750697365","size":"5644","md5":"5bda702d8158ba62571c6ad8903cc67b","crc32":"872785b0","sha1":"03bee652f7e0c893ca6e453f3c88849e982ec207"},{"name":"__ia_thumb.jpg","source":"original","mtime":"1750697108","size":"12111","md5":"fc4518ed03bf82a78260b7d9ac6e6813","crc32":"df94cdbb","sha1":"fba9f01e5d6d0147e6c717c62870f6af4cbb28ec","format":"Item Tile"},{"name":"cover.jpg","source":"original","mtime":"1750697069","size":"8999","md5":"eeb27b8753ebbb59a6c5a33c9e01fb8e","crc32":"b3fbccb3","sha1":"471ac6b2d845e2719aa4211926283a8182816c85","format":"JPEG"},{"name":"cover_thumb.jpg","source":"derivative","format":"JPEG Thumb","original":"cover.jpg","mtime":"1750697174","size":"9171","md5":"e32f5f1042dc63c2b8bc25d5835a2b98","crc32":"bf01f4b0","sha1":"e57591cff86f8b5cfb73c1dbb56efbb6cb447a9e"}],"files_count":22,"item_last_updated":1757864164,"item_size":47179957,"metadata":{"identifier":"01.-lavi","mediatype":"audio","collection":["folksoundomy_japaneserock","folksoundomy"],"creator":"SHAZNA","date":"1996-08-01","description":"<div>01. Lavi</div><div>02. Raspberry Time</div><div>03. MELANCHOLY</div><div>04. Shelly</div><div>05. I miss you...</div><div><br /></div><div>Tercer mini-álbum.</div><div><br /></div><div>https://vk.gy/artists/shazna/</div><div><br /></div><div>http://jp-rock.blogspot.com/</div><div><br /></div><div>http://jp-rock-lyrics.blogspot.com.ar/</div>","language":"jpn","scanner":"Internet Archive HTML5 Uploader 1.7.0","subject":["rock","japanese rock","jrock","j-rock","SHAZNA","okeshou kei","soft visual","pop"],"title":"SHAZNA - Raspberry Time","uploader":"denjinhal@mail.ru","publicdate":"2025-06-23 16:43:58","addeddate":"2025-06-23 16:43:58","curation":"[curator]validator@archive.org[/curator][date]20250623164548[/date][comment]checked for malware[/comment]","collection_added":"folksoundomy"},"server":"ia600904.us.archive.org","uniq":1769502349,"workable_servers":["ia600904.us.archive.org","ia800904.us.archive.org"]}