{"created":1767567176,"d1":"ia902805.us.archive.org","d2":"ia802805.us.archive.org","dir":"/20/items/012kezx6b","files":[{"name":"001-KEZX 1-A.afpk","source":"derivative","format":"Columbia Peaks","original":"001-KEZX 1-A.mp3","mtime":"1575293739","size":"506384","md5":"8a19d9d846ed701e3345929715e3ce81","crc32":"b533d002","sha1":"196916666f112bfa75f1b54afab15b3652361340"},{"name":"001-KEZX 1-A.mp3","source":"original","mtime":"1575290510","size":"43973028","md5":"631bdb039bbb80b32413fd876692fe26","crc32":"aab593bb","sha1":"3311ac56042dc690c1909ed3f1b390118e43d622","format":"VBR MP3","length":"2748.3","height":"0","width":"0","title":"001-KEZX 1-A.mp3"},{"name":"001-KEZX 1-A.ogg","source":"derivative","format":"Ogg Vorbis","original":"001-KEZX 1-A.mp3","mtime":"1575292277","size":"32105707","md5":"01be15ddc8a79b5e540694b1a8e2a9a8","crc32":"f5736209","sha1":"aec48e68d48c4573504b0bb3a9af9bd7ace35b33","length":"2754.61","height":"0","width":"0"},{"name":"001-KEZX 1-A.png","source":"derivative","format":"PNG","original":"001-KEZX 1-A.mp3","mtime":"1575293070","size":"37750","md5":"5fe1ac0f5ab98897f908c45c4ae210d3","crc32":"3accad56","sha1":"765addcaa7b95bb5988e89d7a96368f3f6ee4aa2"},{"name":"001-KEZX 1-A_spectrogram.png","source":"derivative","format":"Spectrogram","original":"001-KEZX 1-A.mp3","mtime":"1575293307","size":"226212","md5":"3e669e6ce4e90f77599c6a42926af8bb","crc32":"1e702de6","sha1":"4ab4641db6c12c0823c82b7e826cd127de0c9af4"},{"name":"002-KEZX 1-B.afpk","source":"derivative","format":"Columbia Peaks","original":"002-KEZX 1-B.mp3","mtime":"1575293445","size":"499472","md5":"1b6db995e7d221a32de1e727158d309a","crc32":"f09b0b00","sha1":"5a2b9c161f4fd014a4a8a83775ed62ff50043323"},{"name":"002-KEZX 1-B.mp3","source":"original","mtime":"1575290680","size":"44128986","md5":"37b78917dc090e03b5533885a21ee349","crc32":"c4eb8937","sha1":"fad772277cdb282c4bd1081d742e522170c7adc5","format":"VBR MP3","length":"2758.05","height":"0","width":"0","title":"002-KEZX 1-B.mp3"},{"name":"002-KEZX 1-B.ogg","source":"derivative","format":"Ogg Vorbis","original":"002-KEZX 1-B.mp3","mtime":"1575292725","size":"32302652","md5":"9173bcd690f975b829e51fbe38138ded","crc32":"7cc28021","sha1":"a4ca487cc0c4c6526b84dc9d620bc1c8c2fa1590","length":"2764.38","height":"0","width":"0"},{"name":"002-KEZX 1-B.png","source":"derivative","format":"PNG","original":"002-KEZX 1-B.mp3","mtime":"1575293161","size":"37262","md5":"dc6bacb5e1b7cbe89a5434d2a7f97da7","crc32":"e0a5f2f0","sha1":"1f2978edbfc49210b360c3b35aacb2ff61a03620"},{"name":"002-KEZX 1-B_spectrogram.png","source":"derivative","format":"Spectrogram","original":"002-KEZX 1-B.mp3","mtime":"1575293249","size":"228369","md5":"ed5ee4bc6bdc89e04fcf1882642f67c3","crc32":"9e9631d2","sha1":"d6f6705eb7932e7ae5ed452187d05ffe4380f444"},{"name":"003-KEZX 2-A.afpk","source":"derivative","format":"Columbia Peaks","original":"003-KEZX 2-A.mp3","mtime":"1575293516","size":"479080","md5":"b9065a0ddd21807753d164601f871507","crc32":"13761a68","sha1":"81887f934b11e5dfb19abfd51a50963392a1ca8a"},{"name":"003-KEZX 2-A.mp3","source":"original","mtime":"1575290848","size":"44023902","md5":"0a7973b8bba0db076b53dae2a8a04f67","crc32":"f8daac7d","sha1":"82afe9c9e14546ae4eb837f9237819a1935b4677","format":"VBR MP3","length":"2751.48","height":"0","width":"0","title":"003-KEZX 2-A.mp3"},{"name":"003-KEZX 2-A.ogg","source":"derivative","format":"Ogg Vorbis","original":"003-KEZX 2-A.mp3","mtime":"1575292428","size":"32182013","md5":"d1d2fd12c4c3580770b03112915a7b53","crc32":"d0d1be41","sha1":"3fd6b16b70e96fc8ba73627bb1ee29997208b01c","length":"2757.8","height":"0","width":"0"},{"name":"003-KEZX 2-A.png","source":"derivative","format":"PNG","original":"003-KEZX 2-A.mp3","mtime":"1575293040","size":"38229","md5":"7980751d04f0307ec5b748045ab08d81","crc32":"b9896fd4","sha1":"a24b7aa375e35f3161fe9d0b30260fcc39944fa0"},{"name":"003-KEZX 2-A_spectrogram.png","source":"derivative","format":"Spectrogram","original":"003-KEZX 2-A.mp3","mtime":"1575293277","size":"225342","md5":"ee085e716056981b43bfc3fe2c7e8413","crc32":"d4259984","sha1":"a8fd5e8db50ecc0987c851f19f2e4e6f347b7c61"},{"name":"004-KEZX 2-B.afpk","source":"derivative","format":"Columbia Peaks","original":"004-KEZX 2-B.mp3","mtime":"1575293589","size":"495520","md5":"8042ce986557b3174240bfb088594a19","crc32":"f5b73b44","sha1":"528a750e3e7513babae0850cfad1ade18a406043"},{"name":"004-KEZX 2-B.mp3","source":"original","mtime":"1575291019","size":"43953012","md5":"0c3dc48b3b44160fd96f7bb67b7bd6b4","crc32":"27b5f4dd","sha1":"c2d12ffb2cca7d6f4ca68d48109bf63950a27786","format":"VBR MP3","length":"2747.05","height":"0","width":"0","title":"004-KEZX 2-B.mp3"},{"name":"004-KEZX 2-B.ogg","source":"derivative","format":"Ogg Vorbis","original":"004-KEZX 2-B.mp3","mtime":"1575293011","size":"32037198","md5":"bf94efa47e21e819098d87f5f2b0e7da","crc32":"2f47c8e0","sha1":"e619655781ab05751636241a995fe19863f7d429","length":"2753.36","height":"0","width":"0"},{"name":"004-KEZX 2-B.png","source":"derivative","format":"PNG","original":"004-KEZX 2-B.mp3","mtime":"1575293120","size":"36639","md5":"b6bcc2041380975581486e09c849f2c9","crc32":"618df9a9","sha1":"7061c200c45cad70e91871c60287a57897d70d8f"},{"name":"004-KEZX 2-B_spectrogram.png","source":"derivative","format":"Spectrogram","original":"004-KEZX 2-B.mp3","mtime":"1575293221","size":"222198","md5":"4b0d146735246243f8e24d40d195e206","crc32":"a8e9d14f","sha1":"325a1c0ba619c97e24eb27d3c0c8b33be7eb4ec4"},{"name":"005-KEZX 3-A.afpk","source":"derivative","format":"Columbia Peaks","original":"005-KEZX 3-A.mp3","mtime":"1575293664","size":"484192","md5":"45d08a63f9a48e51b594c2e14c890e7b","crc32":"4af466e8","sha1":"28b1cf34e1e71169624c9af6e45d9b16b81324ef"},{"name":"005-KEZX 3-A.mp3","source":"original","mtime":"1575291185","size":"43906743","md5":"88bc2c5ddfb8544e4b48ca1d9947c2e3","crc32":"e024cfb7","sha1":"d8613c4ef3c979d9129265763ecb6a78c617669f","format":"VBR MP3","length":"2744.15","height":"0","width":"0","title":"005-KEZX 3-A.mp3"},{"name":"005-KEZX 3-A.ogg","source":"derivative","format":"Ogg Vorbis","original":"005-KEZX 3-A.mp3","mtime":"1575292873","size":"31584171","md5":"b19a2164b9c9caf252c541df0ce80376","crc32":"ebaecbf2","sha1":"a370917c113dc0abb290a00799158554133d714c","length":"2750.46","height":"0","width":"0"},{"name":"005-KEZX 3-A.png","source":"derivative","format":"PNG","original":"005-KEZX 3-A.mp3","mtime":"1575293141","size":"36587","md5":"8d0682354515fb46394fce6ede3005c7","crc32":"b97352b7","sha1":"4bc023ae3a676487037750bda4981ad24a1d031c"},{"name":"005-KEZX 3-A_spectrogram.png","source":"derivative","format":"Spectrogram","original":"005-KEZX 3-A.mp3","mtime":"1575293336","size":"226661","md5":"eabcfed05006b7ec4967ad23e52946eb","crc32":"7b3b331b","sha1":"8db4b3e165a67097581a5f0e0f1f4aaadcf753d7"},{"name":"006-KEZX 3-B.afpk","source":"derivative","format":"Columbia Peaks","original":"006-KEZX 3-B.mp3","mtime":"1575293815","size":"493760","md5":"9750b8983e057ad81e04f1ca0bb3c5ac","crc32":"bab8cb6f","sha1":"4ff7c8e757e838ebe403d4e06631bf173264fb1e"},{"name":"006-KEZX 3-B.mp3","source":"original","mtime":"1575291352","size":"43919253","md5":"b64105447b30a36a1b1381ebf26cdbe7","crc32":"a5b223dd","sha1":"e7a84c358bf3a032a7c4012771ab6144f6d95147","format":"VBR MP3","length":"2744.94","height":"0","width":"0","title":"006-KEZX 3-B.mp3"},{"name":"006-KEZX 3-B.ogg","source":"derivative","format":"Ogg Vorbis","original":"006-KEZX 3-B.mp3","mtime":"1575292584","size":"32207087","md5":"d5e26c4d2000bd8217750a5e61102ea1","crc32":"df560ded","sha1":"38c315aca92d3a95fe9a099befe28126cf11442a","length":"2751.24","height":"0","width":"0"},{"name":"006-KEZX 3-B.png","source":"derivative","format":"PNG","original":"006-KEZX 3-B.mp3","mtime":"1575293098","size":"36461","md5":"cf492f93e913aa0e1b748d9a2d48f7f2","crc32":"a827a807","sha1":"5c75fee0108fc12bdeea1f66bc8f932609bc2c70"},{"name":"006-KEZX 3-B_spectrogram.png","source":"derivative","format":"Spectrogram","original":"006-KEZX 3-B.mp3","mtime":"1575293192","size":"226996","md5":"1844cb9384b84da8f62db0392c530dba","crc32":"a1935dcb","sha1":"5616b4c0e991dfe13ebcdeee209f5fecd929ecc1"},{"name":"007-KEZX 4-A.afpk","source":"derivative","format":"Columbia Peaks","original":"007-KEZX 4-A.mp3","mtime":"1575322635","size":"481040","md5":"6537685406f0c5710b83638164ca5a9b","crc32":"6555edcf","sha1":"349ef954e2a6abffb3ff3924d5c362dea2509d28"},{"name":"007-KEZX 4-A.mp3","source":"original","mtime":"1575314979","size":"43946775","md5":"a0e3879e6c40d4359f43b6d566387050","crc32":"a75c940f","sha1":"d6d474a2962f76ddd80eba27ac0c29995111a4d8","format":"VBR MP3","length":"2746.66","height":"0","width":"0","title":"007-KEZX 4-A.mp3"},{"name":"007-KEZX 4-A.ogg","source":"derivative","format":"Ogg Vorbis","original":"007-KEZX 4-A.mp3","mtime":"1575317695","size":"32439415","md5":"ba5d032500c028a5712b0a9b57ee0ef8","crc32":"f46f53ae","sha1":"fb57a7ba646fdae14a92303bf12726ccdf90c3c8","length":"2752.97","height":"0","width":"0"},{"name":"007-KEZX 4-A.png","source":"derivative","format":"PNG","original":"007-KEZX 4-A.mp3","mtime":"1575321176","size":"35657","md5":"e7a091686ce849a7a71e683dae442f5c","crc32":"0a1b1779","sha1":"a0d9213cd75d64e10fdcf9088aed12e07505ac9d"},{"name":"007-KEZX 4-A_spectrogram.png","source":"derivative","format":"Spectrogram","original":"007-KEZX 4-A.mp3","mtime":"1575321809","size":"223091","md5":"9a7e5eb7b7ed07b564ec741a070f84e4","crc32":"fa8dd555","sha1":"01ae3d803aceef86d222ea403c5b68abe9615d6a"},{"name":"008-KEZX 4-B.afpk","source":"derivative","format":"Columbia Peaks","original":"008-KEZX 4-B.mp3","mtime":"1575322757","size":"467512","md5":"4acaf9685456a33045525ad9f009d55b","crc32":"d510dd04","sha1":"d2cf01473685d9acb3e305292537f3f0b33003db"},{"name":"008-KEZX 4-B.mp3","source":"original","mtime":"1575315162","size":"43894650","md5":"087eff934eee95cf1b3b501724cf2948","crc32":"4cc94b56","sha1":"3f6625166f67f4bfe20a4c4c3e96259c4d2c7f00","format":"VBR MP3","length":"2743.4","height":"0","width":"0","title":"008-KEZX 4-B.mp3"},{"name":"008-KEZX 4-B.ogg","source":"derivative","format":"Ogg Vorbis","original":"008-KEZX 4-B.mp3","mtime":"1575318803","size":"32124792","md5":"7fc452a0bf7063c87561484f034f80e5","crc32":"79932ff5","sha1":"9bf53d1f74608f35979ead5793a89cd26e381042","length":"2749.7","height":"0","width":"0"},{"name":"008-KEZX 4-B.png","source":"derivative","format":"PNG","original":"008-KEZX 4-B.mp3","mtime":"1575321387","size":"36810","md5":"8fd0ad8cc286281add44e4a37a2bd0de","crc32":"c5a147cf","sha1":"eee37698b86f1c1a355eb1c61c4623cbba9181c4"},{"name":"008-KEZX 4-B_spectrogram.png","source":"derivative","format":"Spectrogram","original":"008-KEZX 4-B.mp3","mtime":"1575321484","size":"225800","md5":"f472a5c0cae741e444ee6aa990e3fc1f","crc32":"783dca13","sha1":"1efc98e60e91be3ec81be97a2c5795c1c59fc68c"},{"name":"009-KEZX 5-A.afpk","source":"derivative","format":"Columbia Peaks","original":"009-KEZX 5-A.mp3","mtime":"1575322696","size":"511624","md5":"63ca7f02204a6bc7dc7a62c7f725f82b","crc32":"826197fd","sha1":"273e54af1a780d04c0f355f17be7da8aad675bff"},{"name":"009-KEZX 5-A.mp3","source":"original","mtime":"1575315406","size":"44264094","md5":"262f9cd3d3ae34bdcb31da678ae1af3b","crc32":"26987913","sha1":"eb509f582da0531464251d656ace19a24cf8d0cf","format":"VBR MP3","length":"2766.49","height":"0","width":"0","title":"009-KEZX 5-A.mp3","track":"09"},{"name":"009-KEZX 5-A.ogg","source":"derivative","format":"Ogg Vorbis","original":"009-KEZX 5-A.mp3","mtime":"1575318358","size":"32737814","md5":"239a16106ba0d98715c88609152f16a2","crc32":"db9d932f","sha1":"dc0907bd6289aacceb858f95d6be9b9e399feb51","length":"2772.85","height":"0","width":"0"},{"name":"009-KEZX 5-A.png","source":"derivative","format":"PNG","original":"009-KEZX 5-A.mp3","mtime":"1575321066","size":"35836","md5":"6682ea451248ab6ee5ab7e9a419cae21","crc32":"513ac716","sha1":"86b2b7924b0710f7726c6485b2026d41f5e83559"},{"name":"009-KEZX 5-A_spectrogram.png","source":"derivative","format":"Spectrogram","original":"009-KEZX 5-A.mp3","mtime":"1575321903","size":"220397","md5":"903b19d2d942070734ac07d06b07500b","crc32":"c0ce11b7","sha1":"e8be5bdc6897d3bb1191b43de4bf4ad536dd3bd6"},{"name":"010-KEZX 5-B.afpk","source":"derivative","format":"Columbia Peaks","original":"010-KEZX 5-B.mp3","mtime":"1575322512","size":"519800","md5":"331d1e7ef88b81a43ef809b52e9de424","crc32":"c09a4be1","sha1":"bc64c187078bb85f8920d7806f53804b735bc073"},{"name":"010-KEZX 5-B.mp3","source":"original","mtime":"1575315579","size":"44073942","md5":"f2d5c7c4401601cf6f4a4ff98ed0ed34","crc32":"90d96fa9","sha1":"4623ce90633f9253e16724c5da55ec618c315243","format":"VBR MP3","length":"2754.61","height":"0","width":"0","title":"010-KEZX 5-B.mp3","track":"10"},{"name":"010-KEZX 5-B.ogg","source":"derivative","format":"Ogg Vorbis","original":"010-KEZX 5-B.mp3","mtime":"1575318499","size":"32618237","md5":"21c14e3f7ce5d9b00af7d53d4283e966","crc32":"b29bb05c","sha1":"957c3e151e2792256862c411cc7e8ddc923b118f","length":"2760.93","height":"0","width":"0"},{"name":"010-KEZX 5-B.png","source":"derivative","format":"PNG","original":"010-KEZX 5-B.mp3","mtime":"1575321366","size":"37394","md5":"717660e950d447665bafe76f0cbb50ef","crc32":"c9635bfd","sha1":"8b0591a315f8bcf54f1ec62a60fa415bd50ec07d"},{"name":"010-KEZX 5-B_spectrogram.png","source":"derivative","format":"Spectrogram","original":"010-KEZX 5-B.mp3","mtime":"1575321744","size":"229270","md5":"a5025fbe9fd69b119d52adcc7abe992c","crc32":"022487d8","sha1":"b883b8cdca1ac7c0e3b2553e146f854137b9d096"},{"name":"011-KEZX 6-A.afpk","source":"derivative","format":"Columbia Peaks","original":"011-KEZX 6-A.mp3","mtime":"1575322573","size":"490408","md5":"f8314dc90f0940dd8f134cf8a04b98f6","crc32":"2fd07185","sha1":"0f096e3514be34c871160e6a4b730cab07462c0a"},{"name":"011-KEZX 6-A.mp3","source":"original","mtime":"1575315743","size":"42849603","md5":"5ac260478e0694866d3020b7cf36a468","crc32":"1197847a","sha1":"cdb0382f04134cb3b8074929e28b82737daf54e6","format":"VBR MP3","length":"2678.09","height":"0","width":"0","title":"011-KEZX 6-A.mp3","track":"11"},{"name":"011-KEZX 6-A.ogg","source":"derivative","format":"Ogg Vorbis","original":"011-KEZX 6-A.mp3","mtime":"1575318218","size":"31778418","md5":"b969d7008683e25d2f60a4d2c6137d85","crc32":"2ce721f5","sha1":"d827f0a32db2d028889f2cd4cd53caa1ab209ddd","length":"2684.24","height":"0","width":"0"},{"name":"011-KEZX 6-A.png","source":"derivative","format":"PNG","original":"011-KEZX 6-A.mp3","mtime":"1575321450","size":"38139","md5":"85e01ad7569604085821f8efaa98287e","crc32":"efd1531d","sha1":"c7e7dcae4c3d477385e0e5a76032c6790c3b61b2"},{"name":"011-KEZX 6-A_spectrogram.png","source":"derivative","format":"Spectrogram","original":"011-KEZX 6-A.mp3","mtime":"1575321515","size":"232781","md5":"bb9861cda885ad5617d81110923a3454","crc32":"c2872828","sha1":"983ca45e2f438e6812e32a2acc9d635f6b5809bb"},{"name":"012-KEZX 6-B.afpk","source":"derivative","format":"Columbia Peaks","original":"012-KEZX 6-B.mp3","mtime":"1575323620","size":"496192","md5":"b5766c6366b43bd5be3717eca9d19476","crc32":"d92cd544","sha1":"e88ab82715db2cfc259b9a44452106062f0de5f5"},{"name":"012-KEZX 6-B.mp3","source":"original","mtime":"1575315922","size":"45168540","md5":"4da6a2aa72d19cc3d2d07ea542c4fe23","crc32":"d9823d9d","sha1":"3bb71e5d5c61e1c3670ee7054a02c11560c25a07","format":"VBR MP3","length":"2823.02","height":"0","width":"0","title":"012-KEZX 6-B.mp3","track":"12"},{"name":"012-KEZX 6-B.ogg","source":"derivative","format":"Ogg Vorbis","original":"012-KEZX 6-B.mp3","mtime":"1575317960","size":"32916892","md5":"6356ebfb99a4c7b9757515656bf06d7b","crc32":"8ef22112","sha1":"cc080382649c0754f7a45c45e83b236b9b6cfeae","length":"2829.51","height":"0","width":"0"},{"name":"012-KEZX 6-B.png","source":"derivative","format":"PNG","original":"012-KEZX 6-B.mp3","mtime":"1575321304","size":"37255","md5":"c47e216da5c3dfc9859e83477f14b923","crc32":"d883065d","sha1":"227af8df48fcdf11d434e7b881e2eec321a24f3e"},{"name":"012-KEZX 6-B_spectrogram.png","source":"derivative","format":"Spectrogram","original":"012-KEZX 6-B.mp3","mtime":"1575321935","size":"224061","md5":"208b9a424eeeaf910abf98fc6a303e07","crc32":"9311bd90","sha1":"db17f8f2d57273068fb85e6f754f677a268ae3ea"},{"name":"012kezx6b_archive.torrent","source":"metadata","btih":"94137d37b7b97cc541b563a569e26514469eccf7","mtime":"1647219085","size":"97623","md5":"fe431e4718257e23ccf3c279cc814135","crc32":"35773d1d","sha1":"3c2c807ed20b8bea6941cfb2f217d2943d776bb4","format":"Archive BitTorrent"},{"name":"012kezx6b_files.xml","source":"original","format":"Metadata","md5":"b323a1ed52733f048ba88da254d769d6","summation":"md5"},{"name":"012kezx6b_meta.sqlite","source":"original","mtime":"1575335249","size":"128000","format":"Metadata","md5":"9c0f85ff1a35b2b48798abf3cf6d997f","crc32":"2ba30935","sha1":"b3ff993445cf6da35682077acebb97b4e43a06db"},{"name":"012kezx6b_meta.xml","source":"original","mtime":"1647219083","size":"1432","format":"Metadata","md5":"a121d959b810c7cf82c0ec27a67dc9e5","crc32":"b928f342","sha1":"8e88a99b56aea89ef2ed7bc00afa118421556b8c"},{"name":"012kezx6b_reviews.xml","source":"original","mtime":"1649112633","size":"725","md5":"a82b8269e6cb052f57c5d1157232abd3","crc32":"17e39a51","sha1":"3d08f937d3274580c1583a2eb1570b0bfc8b5631","format":"Metadata"},{"name":"013-KEZX 7-A.afpk","source":"derivative","format":"Columbia Peaks","original":"013-KEZX 7-A.mp3","mtime":"1575322388","size":"489552","md5":"66817f91dc508cca1dcacbd794895ed7","crc32":"5501b7b8","sha1":"62a15c98c1e776caeaaf86b57a1d1b988ee6611c"},{"name":"013-KEZX 7-A.mp3","source":"original","mtime":"1575316101","size":"43874589","md5":"3caf97ff3681185a74790a0512cf6cb1","crc32":"9056bee9","sha1":"2b64beb48554f359aae1bf192cb7c7107c7c2a35","format":"VBR MP3","length":"2742.15","height":"0","width":"0","title":"013-KEZX 7-A.mp3","track":"13"},{"name":"013-KEZX 7-A.ogg","source":"derivative","format":"Ogg Vorbis","original":"013-KEZX 7-A.mp3","mtime":"1575319840","size":"31759682","md5":"aa491a0933703cbf02d2d0775581fb59","crc32":"9b51e8cc","sha1":"1f51ed7fcc38ee19aa4b377c2d8b42419ccdfc64","length":"2748.45","height":"0","width":"0"},{"name":"013-KEZX 7-A.png","source":"derivative","format":"PNG","original":"013-KEZX 7-A.mp3","mtime":"1575321038","size":"35821","md5":"8f76491ed221ed6b4d9b598466d62dd5","crc32":"a88a7a91","sha1":"e78238dcec3e2caffd385c85adc6e1868eb99a0e"},{"name":"013-KEZX 7-A_spectrogram.png","source":"derivative","format":"Spectrogram","original":"013-KEZX 7-A.mp3","mtime":"1575321998","size":"222164","md5":"2a93c2c0f9a0db2581fcd2e301b7e297","crc32":"65ce76bf","sha1":"b3a63af187e9a56b56935ab05d8cd8a2ccf5d4d0"},{"name":"014-KEZX 7-B.afpk","source":"derivative","format":"Columbia Peaks","original":"014-KEZX 7-B.mp3","mtime":"1575322259","size":"475768","md5":"1db8b049878d215e04770dca94529e22","crc32":"6769eee2","sha1":"198f7004a0da0d1b324db712471f6864ed52f78e"},{"name":"014-KEZX 7-B.mp3","source":"original","mtime":"1575316288","size":"43856241","md5":"730817c266fb12acd5a308fcdbda7c52","crc32":"fcbf9817","sha1":"fe5bbf08efec62837f7d060abf868d358777d0dd","format":"VBR MP3","length":"2741","height":"0","width":"0","title":"014-KEZX 7-B.mp3","track":"14"},{"name":"014-KEZX 7-B.ogg","source":"derivative","format":"Ogg Vorbis","original":"014-KEZX 7-B.mp3","mtime":"1575319974","size":"31858107","md5":"29c6579c2acdeb16f8ba090e3e066429","crc32":"593eb616","sha1":"bdd7e4f35cc94cf3b3d7c1ef9191b4c56314745b","length":"2747.3","height":"0","width":"0"},{"name":"014-KEZX 7-B.png","source":"derivative","format":"PNG","original":"014-KEZX 7-B.mp3","mtime":"1575321109","size":"35863","md5":"c43ec4eee4fcc7ad4a695f80f2a06efc","crc32":"88127665","sha1":"6f2ef5234809e0d6747c400ab370ba65b926e877"},{"name":"014-KEZX 7-B_spectrogram.png","source":"derivative","format":"Spectrogram","original":"014-KEZX 7-B.mp3","mtime":"1575321967","size":"227814","md5":"91d48de9c5eb2caeb4a08adbbb270682","crc32":"638fa91e","sha1":"86f2ea123a329f39a10137b6bf2af475c1e945d2"},{"name":"015-KEZX 8-A.afpk","source":"derivative","format":"Columbia Peaks","original":"015-KEZX 8-A.mp3","mtime":"1575323311","size":"515296","md5":"034715d44108c5a9e30a41ba250be758","crc32":"80558131","sha1":"9cc4671c862742bf8e64efc00c62bc431ea1e1a7"},{"name":"015-KEZX 8-A.mp3","source":"original","mtime":"1575316463","size":"44043891","md5":"c9d6a58427d66ba4dbe33717f5f606b9","crc32":"b8bcab52","sha1":"cfa0cc6ad7965da6e00c4110b83b3578b7ef696c","format":"VBR MP3","length":"2752.73","height":"0","width":"0","title":"015-KEZX 8-A.mp3","track":"15"},{"name":"015-KEZX 8-A.ogg","source":"derivative","format":"Ogg Vorbis","original":"015-KEZX 8-A.mp3","mtime":"1575319237","size":"31647915","md5":"c6ce171480a14255e182e4af6bcf759b","crc32":"a434c3d2","sha1":"b1aded430730364527576e46f0080cc6cc4c5ac6","length":"2759.05","height":"0","width":"0"},{"name":"015-KEZX 8-A.png","source":"derivative","format":"PNG","original":"015-KEZX 8-A.mp3","mtime":"1575320995","size":"37276","md5":"6161d8d471765e74e42c90e87abcc6ff","crc32":"29cbdede","sha1":"9fe80207117200605b5ff18452965c2fbab5f8c4"},{"name":"015-KEZX 8-A_spectrogram.png","source":"derivative","format":"Spectrogram","original":"015-KEZX 8-A.mp3","mtime":"1575321614","size":"227411","md5":"1fdaab68ab8db8e65f6d1f48d0fe4bf2","crc32":"d4f9c790","sha1":"acce156c9ab61738ca8cc41f10b965018ec1f565"},{"name":"016-KEZX 8-B.afpk","source":"derivative","format":"Columbia Peaks","original":"016-KEZX 8-B.mp3","mtime":"1575322942","size":"512544","md5":"056b936efb4faf80ae71dbc5568b7732","crc32":"a4c98aa7","sha1":"63be942833fb4dc03aad0de786803aa194984f2c"},{"name":"016-KEZX 8-B.mp3","source":"original","mtime":"1575316676","size":"43917957","md5":"6f3f4a430135a40246ae6fe02b813d55","crc32":"a81cf3d2","sha1":"cafc19cedb9b748e606ad8c3db6b6557baabcfb5","format":"VBR MP3","length":"2744.86","height":"0","width":"0","title":"016-KEZX 8-B.mp3","track":"16"},{"name":"016-KEZX 8-B.ogg","source":"derivative","format":"Ogg Vorbis","original":"016-KEZX 8-B.mp3","mtime":"1575317819","size":"31501717","md5":"a89b6a2991d537d7c8515ba4a5e36ad1","crc32":"babc678d","sha1":"3ab4fb1820316c7a6e921f029a1e0738fb7b4051","length":"2751.16","height":"0","width":"0"},{"name":"016-KEZX 8-B.png","source":"derivative","format":"PNG","original":"016-KEZX 8-B.mp3","mtime":"1575320973","size":"33898","md5":"1421292f77c1287522d738a0e3c68e17","crc32":"93be443b","sha1":"6529853f546f18c7bb50b01e2d138c6ff95d9a7a"},{"name":"016-KEZX 8-B_spectrogram.png","source":"derivative","format":"Spectrogram","original":"016-KEZX 8-B.mp3","mtime":"1575321580","size":"223791","md5":"4930ba9809568ad294a284446618784a","crc32":"67c5e6bf","sha1":"937d5e6d437fe082f78cc6bb01404099d5f8d8cc"},{"name":"017-KEZX 9-A.afpk","source":"derivative","format":"Columbia Peaks","original":"017-KEZX 9-A.mp3","mtime":"1575323435","size":"471720","md5":"a491431b3ab10433eb4f97fed354db81","crc32":"bc648c1c","sha1":"0d1f531af311415f85a62b4a0f1692ebee7f80d8"},{"name":"017-KEZX 9-A.mp3","source":"original","mtime":"1575316867","size":"43813707","md5":"2a49c650b68112afd98b6f34948e7880","crc32":"8dcb2e32","sha1":"b1f74424e74e24bde391425d086dbb1d41312b36","format":"VBR MP3","length":"2738.34","height":"0","width":"0","title":"017-KEZX 9-A.mp3","track":"17"},{"name":"017-KEZX 9-A.ogg","source":"derivative","format":"Ogg Vorbis","original":"017-KEZX 9-A.mp3","mtime":"1575318651","size":"31169368","md5":"07e4105ff21e68bd89d14fa83c0b3f92","crc32":"dfacd5f0","sha1":"c5a44bcbd6570e76f16efb45afcf38b6ef7c835b","length":"2744.63","height":"0","width":"0"},{"name":"017-KEZX 9-A.png","source":"derivative","format":"PNG","original":"017-KEZX 9-A.mp3","mtime":"1575321428","size":"36715","md5":"779490a874c0f67d9fc71df0a0f75600","crc32":"203ea0cf","sha1":"a493170c69faa99dcdf82b07f6b656ef78809d1e"},{"name":"017-KEZX 9-A_spectrogram.png","source":"derivative","format":"Spectrogram","original":"017-KEZX 9-A.mp3","mtime":"1575322031","size":"223239","md5":"1e1ccc34c45d8c01f888a2a84b992762","crc32":"005e2171","sha1":"d3dea9895ef45c48d7b3981228a306574afb462e"},{"name":"018-KEZX 9-B.afpk","source":"derivative","format":"Columbia Peaks","original":"018-KEZX 9-B.mp3","mtime":"1575322326","size":"489568","md5":"df8a04ee2e52e1bd03a4d0312bcaa46e","crc32":"a6bade62","sha1":"4435cfc2b84565ac830f5b71f84186c6f8993528"},{"name":"018-KEZX 9-B.mp3","source":"original","mtime":"1575317078","size":"43888767","md5":"b7aa59fe3c492b15b1041eae6d8cfde2","crc32":"dfc15b44","sha1":"bc89a2ec2920f0cea1df2ba187c82049cf9a32d0","format":"VBR MP3","length":"2743.03","height":"0","width":"0","title":"018-KEZX 9-B.mp3","track":"18"},{"name":"018-KEZX 9-B.ogg","source":"derivative","format":"Ogg Vorbis","original":"018-KEZX 9-B.mp3","mtime":"1575318090","size":"31519994","md5":"3d6cfd931c6f084931e5c05f18f20a49","crc32":"3167a7f4","sha1":"1aa89024be42d360ac44b73a02755e19f8e58da9","length":"2749.34","height":"0","width":"0"},{"name":"018-KEZX 9-B.png","source":"derivative","format":"PNG","original":"018-KEZX 9-B.mp3","mtime":"1575321408","size":"37060","md5":"18d13dd72abe6bc7f794fe93e55e38df","crc32":"c0790494","sha1":"5963778ab32d50fba4087b85e2e211f66d23dcb4"},{"name":"018-KEZX 9-B_spectrogram.png","source":"derivative","format":"Spectrogram","original":"018-KEZX 9-B.mp3","mtime":"1575321548","size":"222892","md5":"a6aac2f7aa30a0d54af5ee3829dc875b","crc32":"d445a441","sha1":"6dcc23cf70df48b4abb9dc05ceb4a43c541904e3"},{"name":"019-KEZX 10-A.afpk","source":"derivative","format":"Columbia Peaks","original":"019-KEZX 10-A.mp3","mtime":"1575323007","size":"477904","md5":"7a5100f958c8455d69ed21a61bbd4ae5","crc32":"d054800d","sha1":"0de186ddb395ee00c9080fb3e0360ff241b35d98"},{"name":"019-KEZX 10-A.mp3","source":"original","mtime":"1575317280","size":"44703587","md5":"7248b8d9e4ebb2288d815f2d1b4368e9","crc32":"7650a67a","sha1":"3ee4cbee97ea8632c3ab5a3ab66d2e17207232d0","format":"VBR MP3","length":"2793.96","height":"0","width":"0","title":"019-KEZX 10-A.mp3","track":"19"},{"name":"019-KEZX 10-A.ogg","source":"derivative","format":"Ogg Vorbis","original":"019-KEZX 10-A.mp3","mtime":"1575319090","size":"31194015","md5":"26104b43a7153bf861cefe203334de1e","crc32":"dad7d415","sha1":"11e48742363cefef5234efec7b9914b365d4c815","length":"2800.38","height":"0","width":"0"},{"name":"019-KEZX 10-A.png","source":"derivative","format":"PNG","original":"019-KEZX 10-A.mp3","mtime":"1575321345","size":"37142","md5":"b5a7ac99d3bb8a42226fc56b9c3befe7","crc32":"505898e7","sha1":"1a9b28e2b07f73d3612ece76fe49aa1c8b46bd92"},{"name":"019-KEZX 10-A_spectrogram.png","source":"derivative","format":"Spectrogram","original":"019-KEZX 10-A.mp3","mtime":"1575321647","size":"228505","md5":"0ee33a72370fd567716c3189db310a1b","crc32":"cad08c5a","sha1":"2fbe761e19f2d7a1c237a4b8f2ae3e71af451e25"},{"name":"020-KEZX 10-B.afpk","source":"derivative","format":"Columbia Peaks","original":"020-KEZX 10-B.mp3","mtime":"1575323372","size":"486832","md5":"ed99c7a9988c16e17840b06b3b09eb38","crc32":"be0a17a9","sha1":"81bd69a9a1c4bf74008655d6e92d086aa772b456"},{"name":"020-KEZX 10-B.mp3","source":"original","mtime":"1575317462","size":"44021792","md5":"c1fabaab3807c0841b17d14f09833f0c","crc32":"76e32bf2","sha1":"bf67ef2f6ea37dabf9cb6a7e7a153b26da30d0a6","format":"VBR MP3","length":"2751.35","height":"0","width":"0","title":"020-KEZX 10-B.mp3","track":"20"},{"name":"020-KEZX 10-B.ogg","source":"derivative","format":"Ogg Vorbis","original":"020-KEZX 10-B.mp3","mtime":"1575318945","size":"30179509","md5":"d49b1fd505a2fbcf2833c35352461607","crc32":"01af7f29","sha1":"e548bdde3f818e32d2d068655c24e4cb14bc3b1d","length":"2757.67","height":"0","width":"0"},{"name":"020-KEZX 10-B.png","source":"derivative","format":"PNG","original":"020-KEZX 10-B.mp3","mtime":"1575321219","size":"37065","md5":"9625d55f6b4ba11eea0a833b7d8dd631","crc32":"7e02d960","sha1":"16c68ce8c2b1c3685f5be137fe246d029302c315"},{"name":"020-KEZX 10-B_spectrogram.png","source":"derivative","format":"Spectrogram","original":"020-KEZX 10-B.mp3","mtime":"1575321871","size":"222763","md5":"7787bfc0108cfc45cbd206a623790e8d","crc32":"72c49b83","sha1":"32b04eb099b677140acee562fe1e18090696a924"},{"name":"021-KEZX 11-A.afpk","source":"derivative","format":"Columbia Peaks","original":"021-KEZX 11-A.mp3","mtime":"1575323066","size":"501032","md5":"c892474dc638b0346abfe08a59d6184b","crc32":"e23ba01a","sha1":"9e32424105e93423e697185b0341171d3b493632"},{"name":"021-KEZX 11-A.mp3","source":"original","mtime":"1575317748","size":"43999274","md5":"6e1772d5b5ee86840ff84fd89acd207e","crc32":"16df00de","sha1":"bec80be6354ebeb285c5b5c8a96c97917f3e601a","format":"VBR MP3","length":"2749.94","height":"0","width":"0","title":"021-KEZX 11-A.mp3","track":"21"},{"name":"021-KEZX 11-A.ogg","source":"derivative","format":"Ogg Vorbis","original":"021-KEZX 11-A.mp3","mtime":"1575320523","size":"30947011","md5":"279d96d1856e8016415b6a21c6256a8f","crc32":"c668a33c","sha1":"b98f5f11b249022d2db1129c7830435fca305768","length":"2756.26","height":"0","width":"0"},{"name":"021-KEZX 11-A.png","source":"derivative","format":"PNG","original":"021-KEZX 11-A.mp3","mtime":"1575321197","size":"36884","md5":"4bc5cc3387d3e4b29970d2bfffb0245d","crc32":"420eaad7","sha1":"75f24e782377a6c1e516c1f9dbd90a7d5a281b2f"},{"name":"021-KEZX 11-A_spectrogram.png","source":"derivative","format":"Spectrogram","original":"021-KEZX 11-A.mp3","mtime":"1575322063","size":"221794","md5":"d230e171abdce5f02086b340a7183fb8","crc32":"677edb76","sha1":"8be5d5142a1fe49a600d0794fcee26b3392664ec"},{"name":"022-KEZX 12-A.afpk","source":"derivative","format":"Columbia Peaks","original":"022-KEZX 12-A.mp3","mtime":"1575323557","size":"497080","md5":"10839935d99fe301100f7ac8f32436e9","crc32":"b4ab321f","sha1":"31cd4897155cb401d60ab11b5e979bf6d1d00cc2"},{"name":"022-KEZX 12-A.mp3","source":"original","mtime":"1575317914","size":"44128127","md5":"b03d34e0634602464d4d57fbd4e7fcd6","crc32":"15b13790","sha1":"3f33648870e3e1c9a8862251ade3eebc01de506c","format":"VBR MP3","length":"2757.99","height":"0","width":"0","title":"022-KEZX 12-A.mp3","track":"22"},{"name":"022-KEZX 12-A.ogg","source":"derivative","format":"Ogg Vorbis","original":"022-KEZX 12-A.mp3","mtime":"1575320241","size":"31759624","md5":"b878b91638c2785940f4f9ccdf9a7e83","crc32":"09ab223c","sha1":"710b2801f23c679b3ef38ac9a7a58849cfbd5085","length":"2764.33","height":"0","width":"0"},{"name":"022-KEZX 12-A.png","source":"derivative","format":"PNG","original":"022-KEZX 12-A.mp3","mtime":"1575321087","size":"37229","md5":"48ae55a87f4d0f7ca447e787315fa2c3","crc32":"8f013e19","sha1":"262673bacf5e32173304480c1710ae9005b6fc54"},{"name":"022-KEZX 12-A_spectrogram.png","source":"derivative","format":"Spectrogram","original":"022-KEZX 12-A.mp3","mtime":"1575322094","size":"221864","md5":"5eccd0728f12708e301b2f81c59c47a0","crc32":"e00c13f4","sha1":"f7bd628f895aa987eeab9ef802586ca86fc831a4"},{"name":"023-KEZX 12-B.afpk","source":"derivative","format":"Columbia Peaks","original":"023-KEZX 12-B.mp3","mtime":"1575323250","size":"473560","md5":"64d0739c7644ab56c883536bd7096df5","crc32":"809d2e77","sha1":"38f8d31125015da804c0cde68fa0e5089a1639ae"},{"name":"023-KEZX 12-B.mp3","source":"original","mtime":"1575318085","size":"43938392","md5":"7db2e5a1280ca7ce9101b553574a31fb","crc32":"ac760576","sha1":"9e722e5f1dfa03e3d120454de85d1ec3ff66251f","format":"VBR MP3","length":"2746.14","height":"0","width":"0","title":"023-KEZX 12-B.mp3","track":"23"},{"name":"023-KEZX 12-B.ogg","source":"derivative","format":"Ogg Vorbis","original":"023-KEZX 12-B.mp3","mtime":"1575320107","size":"31029375","md5":"68b4a3e364790d1c48e5be13f471b5da","crc32":"a6011f8b","sha1":"63bd831aaef4ba4d04800bd77ecdef6beaf9d65b","length":"2752.44","height":"0","width":"0"},{"name":"023-KEZX 12-B.png","source":"derivative","format":"PNG","original":"023-KEZX 12-B.mp3","mtime":"1575321130","size":"38115","md5":"d46af95567da84cbfdc8a487c8f1815a","crc32":"6d881a4a","sha1":"9be45a2f684a4da49d004b7c0fab90d5983dff3b"},{"name":"023-KEZX 12-B_spectrogram.png","source":"derivative","format":"Spectrogram","original":"023-KEZX 12-B.mp3","mtime":"1575322126","size":"219753","md5":"750592a809a22df2b2bd345695cb3127","crc32":"58485da3","sha1":"f154e221c5db601b21d448b9b8a7fce1c0dc272b"},{"name":"024-KEZX 13-A.afpk","source":"derivative","format":"Columbia Peaks","original":"024-KEZX 13-A.mp3","mtime":"1575322817","size":"482552","md5":"0c496b1377fc424c5771495f2e4c9dca","crc32":"7a2cc115","sha1":"7e3163e37748009f371f54ebd45327cc9f73e4f4"},{"name":"024-KEZX 13-A.mp3","source":"original","mtime":"1575318256","size":"43983011","md5":"9cefb23dc276dabaa8a2f5fddeed16f1","crc32":"8881f84f","sha1":"09c786ff24460f53423398d4e1b5d1c9c93f06a9","format":"VBR MP3","length":"2748.92","height":"0","width":"0","title":"024-KEZX 13-A.mp3","track":"24"},{"name":"024-KEZX 13-A.ogg","source":"derivative","format":"Ogg Vorbis","original":"024-KEZX 13-A.mp3","mtime":"1575320383","size":"30779866","md5":"109e3a5a9009f1d32b7d2ddf72ef100f","crc32":"4a2f38cc","sha1":"f97d6d8c2782740e020498a1f425a2e189d5800f","length":"2755.24","height":"0","width":"0"},{"name":"024-KEZX 13-A.png","source":"derivative","format":"PNG","original":"024-KEZX 13-A.mp3","mtime":"1575321262","size":"37185","md5":"2a62022220034af377bbefa0e88e9e5b","crc32":"e55c5eda","sha1":"024902ebd344215daffa539bc7afcf837c0e61f7"},{"name":"024-KEZX 13-A_spectrogram.png","source":"derivative","format":"Spectrogram","original":"024-KEZX 13-A.mp3","mtime":"1575322159","size":"227977","md5":"b5e974289ac17a5cad492ada637712e6","crc32":"dd1bd581","sha1":"2ee0e400ded0d946067c6d3df3d13e06093f4952"},{"name":"025-KEZX 13-B.afpk","source":"derivative","format":"Columbia Peaks","original":"025-KEZX 13-B.mp3","mtime":"1575322451","size":"499552","md5":"5da4cb86cc6170def59e3e3c1f83e5b1","crc32":"7e04576e","sha1":"83f9ec8463c245734c63ab505af4c47282f9d4b6"},{"name":"025-KEZX 13-B.mp3","source":"original","mtime":"1575318427","size":"44051373","md5":"3c7e55ed3155c2c85e792b7879789afd","crc32":"70659b2f","sha1":"40832da8a80f0fd666c9a71daad0836ea04bb190","format":"VBR MP3","length":"2753.2","height":"0","width":"0","title":"025-KEZX 13-B.mp3","album":"KEZX - 13B","track":"25"},{"name":"025-KEZX 13-B.ogg","source":"derivative","format":"Ogg Vorbis","original":"025-KEZX 13-B.mp3","mtime":"1575320950","size":"31256686","md5":"ce3f69403080b8fb9d5ed801605b9d03","crc32":"76b92f2f","sha1":"733ec9a146f07a01068bc1f48a8361bc25ec9e92","length":"2759.52","height":"0","width":"0"},{"name":"025-KEZX 13-B.png","source":"derivative","format":"PNG","original":"025-KEZX 13-B.mp3","mtime":"1575321240","size":"36959","md5":"1cfc68abd07c42dbbfc0386e02e0dc17","crc32":"4e63d441","sha1":"7c3cb8faf6013cfc793978c729c15c593f6f19a7"},{"name":"025-KEZX 13-B_spectrogram.png","source":"derivative","format":"Spectrogram","original":"025-KEZX 13-B.mp3","mtime":"1575322192","size":"227342","md5":"269daad5ad19f817e7bdbad6b3cdf7d6","crc32":"6d680342","sha1":"0a38b9ff9254d2d0f2d2303ef8a2bd58a8f3e586"},{"name":"026-KEZX 14-A.afpk","source":"derivative","format":"Columbia Peaks","original":"026-KEZX 14-A.mp3","mtime":"1575323497","size":"477616","md5":"b993aee576280eaddcc70b47a1033152","crc32":"c4aa1e75","sha1":"5f54e2fa3eec175b86df5eec6caff6275d92de24"},{"name":"026-KEZX 14-A.mp3","source":"original","mtime":"1575318594","size":"44049355","md5":"945d0ae332bff08ae1911a41e48aa955","crc32":"efd3bb0f","sha1":"237fd7bcc04895779bea609498a7c9ff6e05ec9e","format":"VBR MP3","length":"2753.07","height":"0","width":"0","title":"026-KEZX 14-A.mp3","track":"26"},{"name":"026-KEZX 14-A.ogg","source":"derivative","format":"Ogg Vorbis","original":"026-KEZX 14-A.mp3","mtime":"1575320813","size":"30613973","md5":"77189f19f42eb81b74bf929cf5dd6bb5","crc32":"abe2e299","sha1":"b473d417044128bbf23dedea83bde9f744ef188f","length":"2759.39","height":"0","width":"0"},{"name":"026-KEZX 14-A.png","source":"derivative","format":"PNG","original":"026-KEZX 14-A.mp3","mtime":"1575321151","size":"36834","md5":"83d6a0e77f4ea9af43d87c33391bb81f","crc32":"d81deffc","sha1":"7d9f7e3d977564fe39f33b509f2d120d02845ee7"},{"name":"026-KEZX 14-A_spectrogram.png","source":"derivative","format":"Spectrogram","original":"026-KEZX 14-A.mp3","mtime":"1575321678","size":"227026","md5":"3b72cb000996c91771a276531a7d6110","crc32":"8e07828a","sha1":"b55001becbb56880dcda52e183ae8bdb79d6eef8"},{"name":"027-KEZX 14-B.afpk","source":"derivative","format":"Columbia Peaks","original":"027-KEZX 14-B.mp3","mtime":"1575323185","size":"493032","md5":"90b652570fe871368e9a08e4cb8cbb3b","crc32":"538ab187","sha1":"4bca74ace8e07f81bc6a6f088d1319729a4b85f6"},{"name":"027-KEZX 14-B.mp3","source":"original","mtime":"1575318760","size":"43968833","md5":"4b9656114ee4d6e85e766d0ee04d4304","crc32":"51e4b397","sha1":"5005f85ce67fe7519755fe77e41922e148fabc03","format":"VBR MP3","length":"2748.04","height":"0","width":"0","title":"027-KEZX 14-B.mp3","track":"27"},{"name":"027-KEZX 14-B.ogg","source":"derivative","format":"Ogg Vorbis","original":"027-KEZX 14-B.mp3","mtime":"1575320670","size":"31014937","md5":"6d1937ccb13bec3ae897429edde33b4f","crc32":"249ecb95","sha1":"cd1e08aa0839d12030b1e289063a31a11a05c6b8","length":"2754.35","height":"0","width":"0"},{"name":"027-KEZX 14-B.png","source":"derivative","format":"PNG","original":"027-KEZX 14-B.mp3","mtime":"1575321282","size":"36173","md5":"8ba3015d9a30bad7da145cfa88459476","crc32":"0cd32df7","sha1":"734ae2e0cab827b3be734ea1ae703dcbcd7c56bb"},{"name":"027-KEZX 14-B_spectrogram.png","source":"derivative","format":"Spectrogram","original":"027-KEZX 14-B.mp3","mtime":"1575321711","size":"224810","md5":"c04281decd6f75d5a2547046a2926554","crc32":"a6551588","sha1":"6f517e24141150033f2bada0ad9c164bf7699bcb"},{"name":"028-KEZX 15-A.afpk","source":"derivative","format":"Columbia Peaks","original":"028-KEZX 15-A.mp3","mtime":"1575323124","size":"429704","md5":"e62c0610e553aaaad7251d24c474c366","crc32":"fdefab13","sha1":"2523d7204c84005b5238dbf6045c93cfd5ade7aa"},{"name":"028-KEZX 15-A.mp3","source":"original","mtime":"1575318924","size":"43582325","md5":"426474fd448aa6b2e17c63946419fbd6","crc32":"dffde782","sha1":"f2f50a68b07cd3878c72b26655ccc0afe61ef3db","format":"VBR MP3","length":"2723.88","height":"0","width":"0","title":"028-KEZX 15-A.mp3","track":"28","genre":"Soft Jazz"},{"name":"028-KEZX 15-A.ogg","source":"derivative","format":"Ogg Vorbis","original":"028-KEZX 15-A.mp3","mtime":"1575319555","size":"31535357","md5":"29b58de695659a79d21f6b15c5647cb4","crc32":"a47f698c","sha1":"a07447f202c9499cc1e7900aeb00def5031f6ef9","length":"2730.14","height":"0","width":"0"},{"name":"028-KEZX 15-A.png","source":"derivative","format":"PNG","original":"028-KEZX 15-A.mp3","mtime":"1575321325","size":"39722","md5":"11b85a12b648f3bf65dcadb31f8ddebd","crc32":"45123c65","sha1":"8f29f73957e3c9359f443fb18820231ebc4f2f23"},{"name":"028-KEZX 15-A_spectrogram.png","source":"derivative","format":"Spectrogram","original":"028-KEZX 15-A.mp3","mtime":"1575321776","size":"228969","md5":"287e12785c07e75271035f39882323e2","crc32":"5c1acbdb","sha1":"547864735a8557b350e2f8063a05028a767174a1"},{"name":"029-KEZX 15-B.afpk","source":"derivative","format":"Columbia Peaks","original":"029-KEZX 15-B.mp3","mtime":"1575322879","size":"424088","md5":"ea5f9b8d5485f6cf77cacb16b6ee898a","crc32":"251c45bc","sha1":"4a582f8dcfca6cb32675c08cce92e8865f886c26"},{"name":"029-KEZX 15-B.mp3","source":"original","mtime":"1575319090","size":"44005163","md5":"80fdc3ebea7ac35689e91885c903d18e","crc32":"a462fa97","sha1":"2e7ad54448b6b0c8da17220a6622a2761f1c9f8c","format":"VBR MP3","length":"2750.31","height":"0","width":"0","title":"029-KEZX 15-B.mp3","track":"29","genre":"Soft Jazz"},{"name":"029-KEZX 15-B.ogg","source":"derivative","format":"Ogg Vorbis","original":"029-KEZX 15-B.mp3","mtime":"1575319706","size":"31405278","md5":"26c2fbc317b12aa5699a7856664f5e66","crc32":"179c063d","sha1":"eb3a40440db9dd717075ff4502ee3ff7fa9a14d0","length":"2756.62","height":"0","width":"0"},{"name":"029-KEZX 15-B.png","source":"derivative","format":"PNG","original":"029-KEZX 15-B.mp3","mtime":"1575321016","size":"37168","md5":"1ba8c5b29f8ab98ada7dcb330b1567c5","crc32":"56500475","sha1":"447af1175eb5dcb5d327d2d6f0f3f5e3d05c6531"},{"name":"029-KEZX 15-B_spectrogram.png","source":"derivative","format":"Spectrogram","original":"029-KEZX 15-B.mp3","mtime":"1575321840","size":"220570","md5":"0020096e69a49fd61a26d4a94835a37a","crc32":"c30699cc","sha1":"b9e8bd862f748bcb1bcb2287f388d037b464efd7"},{"name":"030-KEZX 16-A.afpk","source":"derivative","format":"Columbia Peaks","original":"030-KEZX 16-A.mp3","mtime":"1575331643","size":"420728","md5":"a15ac560953051e2613edd0a216f9e84","crc32":"effb4085","sha1":"bec4802a01bbe8e333ca96daf5b9534baa9d7a08"},{"name":"030-KEZX 16-A.mp3","source":"original","mtime":"1575327299","size":"41151215","md5":"d69188bd453d302f92ba1996f594a6f0","crc32":"51072b76","sha1":"1aaf957ec62a23ea8f6118ff8239283b712990a9","format":"VBR MP3","length":"2571.93","height":"0","width":"0","title":"030-KEZX 16-A.mp3","track":"30","genre":"Soft Jazz"},{"name":"030-KEZX 16-A.ogg","source":"derivative","format":"Ogg Vorbis","original":"030-KEZX 16-A.mp3","mtime":"1575329500","size":"29731042","md5":"f87d23ac1b1e17f77a6a1f112c536bbf","crc32":"dd0e7296","sha1":"a9735fba6516060516ad1f75e26a77fdbe0e4995","length":"2577.84","height":"0","width":"0"},{"name":"030-KEZX 16-A.png","source":"derivative","format":"PNG","original":"030-KEZX 16-A.mp3","mtime":"1575330679","size":"38579","md5":"bf973ec30908f33517a4b75538bbf466","crc32":"eea2ed64","sha1":"bfc1ae987ee6aebf083c0905654daee3ca7dac33"},{"name":"030-KEZX 16-A_spectrogram.png","source":"derivative","format":"Spectrogram","original":"030-KEZX 16-A.mp3","mtime":"1575331070","size":"225742","md5":"950b9a2421b058d8236bb6c63a8ddd35","crc32":"fe1cbc24","sha1":"2e0c8c995268c4e915928c3280ba57d8ea6ba6a6"},{"name":"031-KEZX 16-B.afpk","source":"derivative","format":"Columbia Peaks","original":"031-KEZX 16-B.mp3","mtime":"1575331563","size":"469744","md5":"e12c1e9a756b4d11726ef4e3434bf946","crc32":"d923d911","sha1":"3cbc180d4512f98689a7e9cbf27a211844585e5a"},{"name":"031-KEZX 16-B.mp3","source":"original","mtime":"1575327469","size":"43867136","md5":"41fe5cdda3438ef44b9aa283d35d171b","crc32":"fb8456e2","sha1":"e8c3db96f564891a33da035969801287febe7d40","format":"VBR MP3","length":"2741.68","height":"0","width":"0","title":"031-KEZX 16-B.mp3","track":"31","genre":"Soft Jazz"},{"name":"031-KEZX 16-B.ogg","source":"derivative","format":"Ogg Vorbis","original":"031-KEZX 16-B.mp3","mtime":"1575329632","size":"31521488","md5":"8c2e0e92a44286d918fe3757c161d4e3","crc32":"4a73ad9b","sha1":"b828dda0c2ca56322249dc6c1924436915bdd917","length":"2747.98","height":"0","width":"0"},{"name":"031-KEZX 16-B.png","source":"derivative","format":"PNG","original":"031-KEZX 16-B.mp3","mtime":"1575330700","size":"37656","md5":"a61c72a158021048a1a29e87e8457964","crc32":"b0914699","sha1":"7846cab0ace597ee5873f5b25e2de3abeb035c0f"},{"name":"031-KEZX 16-B_spectrogram.png","source":"derivative","format":"Spectrogram","original":"031-KEZX 16-B.mp3","mtime":"1575330946","size":"218115","md5":"c6a9d43b8dcd3f7409add9b7162cc2bd","crc32":"95136d03","sha1":"9538e4f321a541ba47033b5ec455ff54eeaf98da"},{"name":"032-KEZX 17-A.afpk","source":"derivative","format":"Columbia Peaks","original":"032-KEZX 17-A.mp3","mtime":"1575331248","size":"416512","md5":"9df67a6f911ea0d9ff6138131ad1a450","crc32":"28fe5f61","sha1":"d64ac83ee1b385e07ab5df300e047dc03d69758e"},{"name":"032-KEZX 17-A.mp3","source":"original","mtime":"1575327636","size":"43918844","md5":"d961b4a9de224e89ef6e0b78ebfe915e","crc32":"44369cc6","sha1":"ca77376ab28aee8a56204495a7c46a48575b0493","format":"VBR MP3","length":"2744.91","height":"0","width":"0","title":"032-KEZX 17-A.mp3","track":"32","genre":"Soft Jazz"},{"name":"032-KEZX 17-A.ogg","source":"derivative","format":"Ogg Vorbis","original":"032-KEZX 17-A.mp3","mtime":"1575329775","size":"31120520","md5":"17d0a8cac011e14e250284142973c26b","crc32":"60d2582d","sha1":"4d8d982066398e9382b471fa8946e96f73b7cd5c","length":"2751.22","height":"0","width":"0"},{"name":"032-KEZX 17-A.png","source":"derivative","format":"PNG","original":"032-KEZX 17-A.mp3","mtime":"1575330722","size":"39282","md5":"e64e7667a9fdb4fed69d67d3895cd098","crc32":"ab8e4b91","sha1":"95a21e82e247ff97e57e7f8eb5727f2a612f0602"},{"name":"032-KEZX 17-A_spectrogram.png","source":"derivative","format":"Spectrogram","original":"032-KEZX 17-A.mp3","mtime":"1575331007","size":"225475","md5":"a59394d26add06634e49340c423cd644","crc32":"36094665","sha1":"f92f26c05a5471113db3a9af1e4d0d5d92a7e871"},{"name":"033-KEZX 17-B.afpk","source":"derivative","format":"Columbia Peaks","original":"033-KEZX 17-B.mp3","mtime":"1575331331","size":"461056","md5":"f4810d0d656716a1afd3e279957026cc","crc32":"7f6dd5ac","sha1":"ffb997527d2d7824c19ebcad249a3d32c9e3670a"},{"name":"033-KEZX 17-B.mp3","source":"original","mtime":"1575327804","size":"43741619","md5":"f20379167eecc67b4e5cfd61a3d0abe3","crc32":"71fdaa36","sha1":"e1a91f1fe93be4731628780bd51985a3a0bd8379","format":"VBR MP3","length":"2733.83","height":"0","width":"0","title":"033-KEZX 17-B.mp3","track":"33","genre":"Soft Jazz"},{"name":"033-KEZX 17-B.ogg","source":"derivative","format":"Ogg Vorbis","original":"033-KEZX 17-B.mp3","mtime":"1575330048","size":"30482533","md5":"5f06f7b27d77dc2a1036e3fdbd7bb636","crc32":"82187317","sha1":"2fb1fd651b18bc5b72f941e132d5ec3ef4df604e","length":"2740.11","height":"0","width":"0"},{"name":"033-KEZX 17-B.png","source":"derivative","format":"PNG","original":"033-KEZX 17-B.mp3","mtime":"1575330752","size":"36744","md5":"35dc1d1faef902dae0ed8db3124eed86","crc32":"09d919cc","sha1":"4b40d6dc271e397f26634375acd2656b47877169"},{"name":"033-KEZX 17-B_spectrogram.png","source":"derivative","format":"Spectrogram","original":"033-KEZX 17-B.mp3","mtime":"1575331040","size":"213594","md5":"51319caf52426dc8185d8287700e097f","crc32":"74a948b8","sha1":"22a032a5134543544aa74db34c4f0e8ddc5e97b0"},{"name":"034-KEZX 18-A.afpk","source":"derivative","format":"Columbia Peaks","original":"034-KEZX 18-A.mp3","mtime":"1575331483","size":"461080","md5":"c713ee983a0f197e5b19729240ceb779","crc32":"f6599c6c","sha1":"94ac9a2239356db29da0a4d7037c2b0f3cc28a4a"},{"name":"034-KEZX 18-A.mp3","source":"original","mtime":"1575327986","size":"44057674","md5":"426f04d3d16333e0ac3cd46ac5dbc3c2","crc32":"90966a1d","sha1":"3367ed1ae33680412d61569fa8c60dbb264cf36b","format":"VBR MP3","length":"2753.59","height":"0","width":"0","title":"034-KEZX 18-A.mp3","track":"34","genre":"Soft Space"},{"name":"034-KEZX 18-A.ogg","source":"derivative","format":"Ogg Vorbis","original":"034-KEZX 18-A.mp3","mtime":"1575330333","size":"31119646","md5":"44bd756b83b80795634a52ca11fc797a","crc32":"0bcb87fe","sha1":"686bec9900540b61a5a71b9297c34ea768724aba","length":"2759.92","height":"0","width":"0"},{"name":"034-KEZX 18-A.png","source":"derivative","format":"PNG","original":"034-KEZX 18-A.mp3","mtime":"1575330776","size":"39064","md5":"7d9a7aa8a781514d9bba8337620c7fc1","crc32":"c708bf29","sha1":"80a8c005499fbdc8ce1be3ee081b808d9b33b76b"},{"name":"034-KEZX 18-A_spectrogram.png","source":"derivative","format":"Spectrogram","original":"034-KEZX 18-A.mp3","mtime":"1575331166","size":"220153","md5":"a68f43c4b7d9add2bb551807735eb8f2","crc32":"22dfba09","sha1":"5cc8cfb488ab1023b5cd005ed2009f73acb83148"},{"name":"035-KEZX 18-B.afpk","source":"derivative","format":"Columbia Peaks","original":"035-KEZX 18-B.mp3","mtime":"1575331988","size":"439728","md5":"ba488540d03b92d8a1c3de88ff692950","crc32":"1d9a40fa","sha1":"a8289353157a83547c0bfef03b2d21ff58f82628"},{"name":"035-KEZX 18-B.mp3","source":"original","mtime":"1575328194","size":"43925485","md5":"7f467a29e5eefe90d4c71b12e003a26b","crc32":"a69b7ae2","sha1":"10ab5b0e5049783ba2ed06d60c12cb2df8d825bb","format":"VBR MP3","length":"2745.33","height":"0","width":"0","title":"035-KEZX 18-B.mp3","track":"35","genre":"Soft Space"},{"name":"035-KEZX 18-B.ogg","source":"derivative","format":"Ogg Vorbis","original":"035-KEZX 18-B.mp3","mtime":"1575330188","size":"30985211","md5":"3c25a44750d2e5e7e099b59c9adfdb23","crc32":"45a3ec15","sha1":"089193133e50f1de1f60c2a65f10ab862d63e67f","length":"2751.63","height":"0","width":"0"},{"name":"035-KEZX 18-B.png","source":"derivative","format":"PNG","original":"035-KEZX 18-B.mp3","mtime":"1575330799","size":"38547","md5":"e59255ea124ea631b30a7abe4d2dd6de","crc32":"05b9029d","sha1":"e6627efa552d0aa2bab26da8c64e95d300700be6"},{"name":"035-KEZX 18-B_spectrogram.png","source":"derivative","format":"Spectrogram","original":"035-KEZX 18-B.mp3","mtime":"1575330880","size":"217064","md5":"3eac37cd41f701bb98b93d3dff102d8e","crc32":"ba98d516","sha1":"3ac4f1888bd8e390363910dbd8cffba1eebec1a1"},{"name":"036-KEZX 19-A.afpk","source":"derivative","format":"Columbia Peaks","original":"036-KEZX 19-A.mp3","mtime":"1575331723","size":"443696","md5":"85a7f18201d8d289c4077a0dee988c02","crc32":"0e73792f","sha1":"19d317096b975040da06192f0cde9ea4e3ab0984"},{"name":"036-KEZX 19-A.mp3","source":"original","mtime":"1575328408","size":"44102710","md5":"8bfeb1858ef77cf31e1e312332ddc416","crc32":"8ddc350f","sha1":"8741842d015b525d7498d779c2a51a26876e1aea","format":"VBR MP3","length":"2756.4","height":"0","width":"0","title":"036-KEZX 19-A.mp3","track":"36","genre":"Soft Space"},{"name":"036-KEZX 19-A.ogg","source":"derivative","format":"Ogg Vorbis","original":"036-KEZX 19-A.mp3","mtime":"1575330615","size":"31432062","md5":"3ffbb93734a31387b422a2e91a4dab6f","crc32":"9c167285","sha1":"7f39a65044892d87c70819926748be64b9998493","length":"2762.74","height":"0","width":"0"},{"name":"036-KEZX 19-A.png","source":"derivative","format":"PNG","original":"036-KEZX 19-A.mp3","mtime":"1575330822","size":"37141","md5":"9fe3b39b609b05310cf866533722ff2c","crc32":"8f27f4e6","sha1":"fecf8d616595cda503c9002385ab4b8be0d83c7a"},{"name":"036-KEZX 19-A_spectrogram.png","source":"derivative","format":"Spectrogram","original":"036-KEZX 19-A.mp3","mtime":"1575330977","size":"224302","md5":"42ee3f9b921f0d3fbbfb751ed2d3c98c","crc32":"1784f743","sha1":"7485236d639772a06961882d0e56c095461ebf98"},{"name":"037-KEZX 19-B.afpk","source":"derivative","format":"Columbia Peaks","original":"037-KEZX 19-B.mp3","mtime":"1575331808","size":"501936","md5":"090759632456274cc8ebe855d8612563","crc32":"9f3af465","sha1":"39f1152f0f2be44471044fc579a9e01df66f3c86"},{"name":"037-KEZX 19-B.mp3","source":"original","mtime":"1575328676","size":"44084362","md5":"847ec003b27fbb15ab0955ad5f484b16","crc32":"5c2f5ad0","sha1":"c2b054cd9f0b0fb23affe844dbb350ea833c45e0","format":"VBR MP3","length":"2755.26","height":"0","width":"0","title":"037-KEZX 19-B.mp3","track":"37","genre":"Soft Space"},{"name":"037-KEZX 19-B.ogg","source":"derivative","format":"Ogg Vorbis","original":"037-KEZX 19-B.mp3","mtime":"1575329376","size":"31960156","md5":"3dbd7ed91f998aa13b863b407d3ebb8c","crc32":"7455ea50","sha1":"e2a4a24adea2f426deaa1a61cb5fa702fd1386c4","length":"2761.59","height":"0","width":"0"},{"name":"037-KEZX 19-B.png","source":"derivative","format":"PNG","original":"037-KEZX 19-B.mp3","mtime":"1575330660","size":"36932","md5":"f887b752f79dd1048aa0a5e3c56d40a3","crc32":"b1082ff5","sha1":"6720239c70562b6b8bceb06de49dbfd5d89e3378"},{"name":"037-KEZX 19-B_spectrogram.png","source":"derivative","format":"Spectrogram","original":"037-KEZX 19-B.mp3","mtime":"1575330913","size":"225600","md5":"7a5516f89ff6e88b8b050d1c65359112","crc32":"969b32ca","sha1":"5e536233f6519b6e615412951466f28f56706f51"},{"name":"038-KEZX 20-A.afpk","source":"derivative","format":"Columbia Peaks","original":"038-KEZX 20-A.mp3","mtime":"1575331894","size":"453832","md5":"1581982ccc6c699078af50b6e8ad043e","crc32":"38051e2d","sha1":"639a93d870d7c01f1d304dfe491b32489b5e694c"},{"name":"038-KEZX 20-A.mp3","source":"original","mtime":"1575328925","size":"44042662","md5":"cd5573e021341f70ea67a92edace358b","crc32":"5aff85f9","sha1":"106c47ff2288ae929a7fe81dcd7c7a0ef03463b2","format":"VBR MP3","length":"2752.65","height":"0","width":"0","title":"038-KEZX 20-A.mp3","track":"38","genre":"Soft Space"},{"name":"038-KEZX 20-A.ogg","source":"derivative","format":"Ogg Vorbis","original":"038-KEZX 20-A.mp3","mtime":"1575330470","size":"32105742","md5":"9af7cb2750f82b81fcf8d614fb070fa6","crc32":"90a3ea3c","sha1":"1c024435fb21b1412971b5c3a61e2d700244e465","length":"2758.97","height":"0","width":"0"},{"name":"038-KEZX 20-A.png","source":"derivative","format":"PNG","original":"038-KEZX 20-A.mp3","mtime":"1575330847","size":"36540","md5":"b1c5056b7e33f5740e8ccbe76fb6b165","crc32":"7cef09a8","sha1":"e7e5d6d75a4f68e863796e1bd2b8ed0dc46d4965"},{"name":"038-KEZX 20-A_spectrogram.png","source":"derivative","format":"Spectrogram","original":"038-KEZX 20-A.mp3","mtime":"1575331102","size":"222487","md5":"c6de4603d952ec443936a502a7ea68af","crc32":"4ac018a1","sha1":"a2361ab3d1bd9bfac7d74806fcfc59c53a99614d"},{"name":"039-KEZX 20-B.afpk","source":"derivative","format":"Columbia Peaks","original":"039-KEZX 20-B.mp3","mtime":"1575331410","size":"471496","md5":"e426c8def6ebb29dc0a4e63fc97a15f6","crc32":"edad5be4","sha1":"20952879a4396085130bf9fb1f9221313d18c248"},{"name":"039-KEZX 20-B.mp3","source":"original","mtime":"1575329128","size":"44070184","md5":"6e93cd3c68f71f835c555142a4a096bc","crc32":"81caf9f3","sha1":"cb7f806bb92b24d14c0c435412e5bc49edacd359","format":"VBR MP3","length":"2754.37","height":"0","width":"0","title":"039-KEZX 20-B.mp3","track":"39","genre":"Soft Space"},{"name":"039-KEZX 20-B.ogg","source":"derivative","format":"Ogg Vorbis","original":"039-KEZX 20-B.mp3","mtime":"1575329912","size":"32041488","md5":"98296daf6c347e73921da78f41bee110","crc32":"a05bc22d","sha1":"28262b684c58407f32a6b5977df93849e005bf7a","length":"2760.7","height":"0","width":"0"},{"name":"039-KEZX 20-B.png","source":"derivative","format":"PNG","original":"039-KEZX 20-B.mp3","mtime":"1575330640","size":"36991","md5":"5fb24848a6bee5a1687236135d378d6f","crc32":"163fe4ee","sha1":"5eff364673a00fe08def679c27bff3192fb308e5"},{"name":"039-KEZX 20-B_spectrogram.png","source":"derivative","format":"Spectrogram","original":"039-KEZX 20-B.mp3","mtime":"1575331135","size":"226157","md5":"ee47d7389ec6cd9cb63dee3d007db8d1","crc32":"180295ab","sha1":"f590b1b639c3f85ea9dd5be98a1f7edc3c7253b8"},{"name":"040-KEZX 21-A.afpk","source":"derivative","format":"Columbia Peaks","original":"040-KEZX 21-A.mp3","mtime":"1575337571","size":"441864","md5":"db8fa000733154b74b7e55e792760fba","crc32":"5eee911c","sha1":"f9297530d2a24ddd52419d96de3d838d91dc0141"},{"name":"040-KEZX 21-A.mp3","source":"original","mtime":"1575333890","size":"44391691","md5":"7c91f72e6621c866aa577cccaff976e6","crc32":"2e72b377","sha1":"521068aa17463429d370b53103bf8621adf8ac43","format":"VBR MP3","length":"2774.47","height":"0","width":"0","title":"040-KEZX 21-A.mp3","track":"40","genre":"Soft Space"},{"name":"040-KEZX 21-A.ogg","source":"derivative","format":"Ogg Vorbis","original":"040-KEZX 21-A.mp3","mtime":"1575336751","size":"31587088","md5":"8f7ab08d62e034570649f6e3c8acbf19","crc32":"3059ede9","sha1":"90aba0be0fa835ae20875962d770b39277b7fcc6","length":"2780.84","height":"0","width":"0"},{"name":"040-KEZX 21-A.png","source":"derivative","format":"PNG","original":"040-KEZX 21-A.mp3","mtime":"1575336891","size":"38210","md5":"6705eeeec77822c9b801ab10347b231b","crc32":"55485afe","sha1":"e34d5c61d6786b2d8469107565c8024793824544"},{"name":"040-KEZX 21-A_spectrogram.png","source":"derivative","format":"Spectrogram","original":"040-KEZX 21-A.mp3","mtime":"1575336949","size":"216004","md5":"80a170b40b9e3fb7f0d757e97a3eadf2","crc32":"66e1c162","sha1":"8e18471db27c64550e2b1a1e51e84fbd829e726d"},{"name":"041-KEZX 21-B.afpk","source":"derivative","format":"Columbia Peaks","original":"041-KEZX 21-B.mp3","mtime":"1575337165","size":"448232","md5":"7939932d255d93928d41cf915dd959ec","crc32":"1be8f522","sha1":"cb5c16d6688b7bec0357b6499e7eeee77a166cf5"},{"name":"041-KEZX 21-B.mp3","source":"original","mtime":"1575334065","size":"44380849","md5":"652dbafbe758cbe4a62ebba87e3dce97","crc32":"d52fddff","sha1":"9af42dfd6cbbe2acd63384c032a99b22ae8bfab0","format":"VBR MP3","length":"2773.79","height":"0","width":"0","title":"041-KEZX 21-B.mp3","track":"41","genre":"Soft Space"},{"name":"041-KEZX 21-B.ogg","source":"derivative","format":"Ogg Vorbis","original":"041-KEZX 21-B.mp3","mtime":"1575336103","size":"31828095","md5":"6e539b5262c972f25ef35cc88cac42df","crc32":"219df8f3","sha1":"a0f34f9851fe5578f932f14a2427d85e6ab34325","length":"2780.16","height":"0","width":"0"},{"name":"041-KEZX 21-B.png","source":"derivative","format":"PNG","original":"041-KEZX 21-B.mp3","mtime":"1575336794","size":"37105","md5":"e2544cfe98544877310bb0bb4650314e","crc32":"488eb60c","sha1":"25a271f8531c96421b1ab4649257bc0f47ee4e86"},{"name":"041-KEZX 21-B_spectrogram.png","source":"derivative","format":"Spectrogram","original":"041-KEZX 21-B.mp3","mtime":"1575336973","size":"216083","md5":"8e4e5b47790dafc5c707a7cc8053d8ab","crc32":"2873ed4b","sha1":"6e68378624886d387f96d7171d5c3a39b9a7302c"},{"name":"042-KEZX 22-A.afpk","source":"derivative","format":"Columbia Peaks","original":"042-KEZX 22-A.mp3","mtime":"1575337207","size":"407992","md5":"6efd8fa2993e57613d3ec2fdc185b1db","crc32":"93a8d7a7","sha1":"03d8a178fc720eea73df80895dec610b82242e80"},{"name":"042-KEZX 22-A.mp3","source":"original","mtime":"1575334241","size":"44214883","md5":"35dbbbe07d305f777173b3a275048b4b","crc32":"3164a849","sha1":"30b647cb0b016b57b46ad6a297a5ba2368e6f4b4","format":"VBR MP3","length":"2763.41","height":"0","width":"0","title":"042-KEZX 22-A.mp3","track":"42","genre":"Soft Space"},{"name":"042-KEZX 22-A.ogg","source":"derivative","format":"Ogg Vorbis","original":"042-KEZX 22-A.mp3","mtime":"1575336293","size":"30695685","md5":"f19fa01bc05801cc834cda1c7f450c62","crc32":"76894d7a","sha1":"48623966f6781020d99153d667c3bae4cc5f8904","length":"2769.76","height":"0","width":"0"},{"name":"042-KEZX 22-A.png","source":"derivative","format":"PNG","original":"042-KEZX 22-A.mp3","mtime":"1575336809","size":"38516","md5":"48b38d049d74a6ddd57ca8000ac84ee6","crc32":"29f77e08","sha1":"40e832c164f5611cf935010674097720cef79fab"},{"name":"042-KEZX 22-A_spectrogram.png","source":"derivative","format":"Spectrogram","original":"042-KEZX 22-A.mp3","mtime":"1575337119","size":"218026","md5":"20ae42c88901c8a411087d446454d1e2","crc32":"2b4ac5fe","sha1":"0f48034a8fb3e65cfbffd23e02716287fa1510b1"},{"name":"043-KEZX 22-B.afpk","source":"derivative","format":"Columbia Peaks","original":"043-KEZX 22-B.mp3","mtime":"1575337259","size":"466936","md5":"76e8a2806165f0cb98cb59caec3378eb","crc32":"f4bb7f53","sha1":"d19620877ab27762e91f9cefc5200e7c8f5361ea"},{"name":"043-KEZX 22-B.mp3","source":"original","mtime":"1575334421","size":"44115637","md5":"a585d2cd5380a36e6348b0df43fc90ba","crc32":"5fb1cc73","sha1":"92d7d4ef6833ec577c6377446d5de77a67f2eb88","format":"VBR MP3","length":"2757.21","height":"0","width":"0","title":"043-KEZX 22-B.mp3","track":"43","genre":"Soft Space"},{"name":"043-KEZX 22-B.ogg","source":"derivative","format":"Ogg Vorbis","original":"043-KEZX 22-B.mp3","mtime":"1575336470","size":"30957157","md5":"2a97436c9230b0d989fde0274aafdbd0","crc32":"4749b0aa","sha1":"b21f3bfdc6596c284ee78533a8bbbc63441fe688","length":"2763.55","height":"0","width":"0"},{"name":"043-KEZX 22-B.png","source":"derivative","format":"PNG","original":"043-KEZX 22-B.mp3","mtime":"1575336825","size":"36734","md5":"8cf9ede3a0bfd173f9a208b9e0f72d1c","crc32":"7ad6dc38","sha1":"d3eca708aaaa5cc42e739864b968cfb2814b457c"},{"name":"043-KEZX 22-B_spectrogram.png","source":"derivative","format":"Spectrogram","original":"043-KEZX 22-B.mp3","mtime":"1575337081","size":"224743","md5":"09c1dcc43bb96f47b01deb86e3e03da9","crc32":"3c6fb36e","sha1":"eabd7ff30b9c3d21c18e09481ac8de41fb5c57f6"},{"name":"044-KEZX 23-A.afpk","source":"derivative","format":"Columbia Peaks","original":"044-KEZX 23-A.mp3","mtime":"1575337442","size":"403208","md5":"9cb1b9771988f82ecd725cc31333345a","crc32":"436c16c4","sha1":"0d169525c20579a0d6167951dca3fe03d874be7f"},{"name":"044-KEZX 23-A.mp3","source":"original","mtime":"1575334591","size":"44199871","md5":"c67662bf422af802a3eda53d7f93e18d","crc32":"04d50f5b","sha1":"9373053d095889b8aaeb7d91787207af2b4eec42","format":"VBR MP3","length":"2762.48","height":"0","width":"0","title":"044-KEZX 23-A.mp3","track":"44","genre":"Soft Space"},{"name":"044-KEZX 23-A.ogg","source":"derivative","format":"Ogg Vorbis","original":"044-KEZX 23-A.mp3","mtime":"1575336575","size":"30993894","md5":"176b235d74f33661ff770c59d5163512","crc32":"809ac966","sha1":"d5112229f692035fd49136f14bdca5abfd2c8ad5","length":"2768.82","height":"0","width":"0"},{"name":"044-KEZX 23-A.png","source":"derivative","format":"PNG","original":"044-KEZX 23-A.mp3","mtime":"1575336843","size":"37968","md5":"b8aa8e078f7a9f9b60619dab6123b3e0","crc32":"8315d156","sha1":"76ac9cee0c748d737aaedc19788aa32c95056642"},{"name":"044-KEZX 23-A_spectrogram.png","source":"derivative","format":"Spectrogram","original":"044-KEZX 23-A.mp3","mtime":"1575336927","size":"220967","md5":"d99f12d82a24bbc84f19450a0e7378bf","crc32":"21471401","sha1":"3ab5c3d69ca14d678412d9c358cd5cb3f650218c"},{"name":"045-KEZX 23-B.afpk","source":"derivative","format":"Columbia Peaks","original":"045-KEZX 23-B.mp3","mtime":"1575337527","size":"458064","md5":"e4c9f6f5ffef0f225c188bc5e0adf98f","crc32":"fbc57033","sha1":"abc6557434885646225e3c450672ededa5729289"},{"name":"045-KEZX 23-B.mp3","source":"original","mtime":"1575334776","size":"44372926","md5":"a0ecf9307bbc633bc434fbdb1e7c595a","crc32":"a4068566","sha1":"acaab5d69d35357d346abf7846470d8be9ad962c","format":"VBR MP3","length":"2773.29","height":"0","width":"0","title":"045-KEZX 23-B.mp3","track":"45","genre":"Soft Space"},{"name":"045-KEZX 23-B.ogg","source":"derivative","format":"Ogg Vorbis","original":"045-KEZX 23-B.mp3","mtime":"1575335912","size":"31574974","md5":"30c3b91637fa3f1833c153f8e618af84","crc32":"0def361e","sha1":"25c530ef7deb67bbd7b9f6d82cc639d78f21a7fc","length":"2779.66","height":"0","width":"0"},{"name":"045-KEZX 23-B.png","source":"derivative","format":"PNG","original":"045-KEZX 23-B.mp3","mtime":"1575336860","size":"36465","md5":"bc822c32d1b8c20ffb833dc285480344","crc32":"8f16369b","sha1":"0df2234d5b7e469d6bac77ddf69381ed72064e23"},{"name":"045-KEZX 23-B_spectrogram.png","source":"derivative","format":"Spectrogram","original":"045-KEZX 23-B.mp3","mtime":"1575337028","size":"217233","md5":"2a258edaacbe80fa8a12fbf6a8a35686","crc32":"7e4e1265","sha1":"7417785b371d734d4d21412817991b1f5aa51c35"},{"name":"046-KEZX 31-A.afpk","source":"derivative","format":"Columbia Peaks","original":"046-KEZX 31-A.mp3","mtime":"1575337600","size":"311000","md5":"61d48ef0915ef5a5701ecbfbf83854cd","crc32":"8709df29","sha1":"9928643344161a5ec6755a57d95fec9fc546ce9b"},{"name":"046-KEZX 31-A.mp3","source":"original","mtime":"1575334901","size":"28842652","md5":"c1790e584b50a65f8cec944976ee1132","crc32":"876a7e63","sha1":"cc48aeb169fed1c30fece483563bc3c3676e9d7c","format":"VBR MP3","length":"1802.65","height":"0","width":"0","title":"046-KEZX 31-A.mp3","track":"46"},{"name":"046-KEZX 31-A.ogg","source":"derivative","format":"Ogg Vorbis","original":"046-KEZX 31-A.mp3","mtime":"1575335982","size":"20749138","md5":"ae7cf31e2b59d413e0de031994507863","crc32":"58f0ea1d","sha1":"93822eb88214860df08f4fcc84e1a7bbf39da0ea","length":"1806.79","height":"0","width":"0"},{"name":"046-KEZX 31-A.png","source":"derivative","format":"PNG","original":"046-KEZX 31-A.mp3","mtime":"1575336874","size":"35430","md5":"bac406e365930c6fcc490adda67cf47b","crc32":"8942ae41","sha1":"fbb8e34089b58a8e471218a2618ec56f5a154dea"},{"name":"046-KEZX 31-A_spectrogram.png","source":"derivative","format":"Spectrogram","original":"046-KEZX 31-A.mp3","mtime":"1575337045","size":"211718","md5":"21ab22c87c900171e3a52de8296b4d63","crc32":"62ca5e75","sha1":"d520e3d2cc899d50aaf276f5f016c661dfb6761e"},{"name":"047-KEZX 31-B.afpk","source":"derivative","format":"Columbia Peaks","original":"047-KEZX 31-B.mp3","mtime":"1575337632","size":"299984","md5":"f41cea92dada8caf57c829aec98bf9e8","crc32":"1802e6d3","sha1":"29e63c1347fdceb401cb804fd0e280c33f349183"},{"name":"047-KEZX 31-B.mp3","source":"original","mtime":"1575335013","size":"28152517","md5":"790585250d6c7b0ae96c7ef1a24e6e44","crc32":"4cad0c07","sha1":"598410adb2c6403954549287daf4cf2ee4c1f300","format":"VBR MP3","length":"1759.51","height":"0","width":"0","title":"047-KEZX 31-B.mp3","track":"47"},{"name":"047-KEZX 31-B.ogg","source":"derivative","format":"Ogg Vorbis","original":"047-KEZX 31-B.mp3","mtime":"1575336653","size":"20533142","md5":"53fe810b0d31b380b9c4344bf5c05368","crc32":"d9436329","sha1":"1b6d31db5b8556ee63593756e2ad8dba279efbe0","length":"1763.55","height":"0","width":"0"},{"name":"047-KEZX 31-B.png","source":"derivative","format":"PNG","original":"047-KEZX 31-B.mp3","mtime":"1575336905","size":"39190","md5":"479de52f3c27294b123b5b739fd89f64","crc32":"bc9a7886","sha1":"e375a82d0c2a7aac68dbf2ec42ca6cb2134b7b44"},{"name":"047-KEZX 31-B_spectrogram.png","source":"derivative","format":"Spectrogram","original":"047-KEZX 31-B.mp3","mtime":"1575337097","size":"228246","md5":"054cd993d781629bdecc5d0ab85a6844","crc32":"f95a04f6","sha1":"b5503c994406cc6cf34785d3e52eaa77c3f7088d"},{"name":"048-KEZX 31-C.afpk","source":"derivative","format":"Columbia Peaks","original":"048-KEZX 31-C.mp3","mtime":"1575337336","size":"298832","md5":"42127d9b24554531800dbcc23956e300","crc32":"80b5e78b","sha1":"fcd0b4fdfc703f2a0ba3be5c12b93bcae5d3099d"},{"name":"048-KEZX 31-C.mp3","source":"original","mtime":"1575335129","size":"28551586","md5":"9265661cc60778577755c4ad801f0a22","crc32":"2057f469","sha1":"6216557ef6a71fda521e2b586246657f491cc38c","format":"VBR MP3","length":"1784.46","height":"0","width":"0","title":"048-KEZX 31-C.mp3","track":"48"},{"name":"048-KEZX 31-C.ogg","source":"derivative","format":"Ogg Vorbis","original":"048-KEZX 31-C.mp3","mtime":"1575336362","size":"20989848","md5":"9e3e15db073162d1eb30543436cb3589","crc32":"67fea9fb","sha1":"013b38c6bf58bfa2b976a2f908b6bb96cb8eec7f","length":"1788.55","height":"0","width":"0"},{"name":"048-KEZX 31-C.png","source":"derivative","format":"PNG","original":"048-KEZX 31-C.mp3","mtime":"1575336779","size":"37087","md5":"4d07e77675c372821b6bfdc131f9c403","crc32":"a6f2c17c","sha1":"0a36b4e631b2a13e3f7385b88ac999d8072a8036"},{"name":"048-KEZX 31-C_spectrogram.png","source":"derivative","format":"Spectrogram","original":"048-KEZX 31-C.mp3","mtime":"1575336992","size":"220519","md5":"b5f08d6ef47c2f040f72bc2afbb7d0e4","crc32":"15670169","sha1":"751de62b780d2fc630ff050c6ddb7c787bd9db4f"},{"name":"049-KEZX 31-D.afpk","source":"derivative","format":"Columbia Peaks","original":"049-KEZX 31-D.mp3","mtime":"1575337483","size":"312944","md5":"be15d5112342f1c74295b3d9af531fb7","crc32":"e8cfe15b","sha1":"971c42462421eac2730ac6e58bd1c9d1d61869ca"},{"name":"049-KEZX 31-D.mp3","source":"original","mtime":"1575335244","size":"28650832","md5":"a512e2d6e84a46c1b0c3b42794edbd84","crc32":"6e958cc7","sha1":"9c824c6ad5d7a44d1ab6ca542664ea4d9bd9f11c","format":"VBR MP3","length":"1790.66","height":"0","width":"0","title":"049-KEZX 31-D.mp3","track":"49"},{"name":"049-KEZX 31-D.ogg","source":"derivative","format":"Ogg Vorbis","original":"049-KEZX 31-D.mp3","mtime":"1575336178","size":"21182226","md5":"884474b08d350d4b2732f202b18f4c13","crc32":"213b06ab","sha1":"03d89332a33bebb779a9609e9959da1746fbf6d9","length":"1794.77","height":"0","width":"0"},{"name":"049-KEZX 31-D.png","source":"derivative","format":"PNG","original":"049-KEZX 31-D.mp3","mtime":"1575336767","size":"37195","md5":"894f76be69ea118e1b4d60d84dc56f22","crc32":"3d7d6d21","sha1":"18038b1f35cc1eeebc7df8ad57e701d769123047"},{"name":"049-KEZX 31-D_spectrogram.png","source":"derivative","format":"Spectrogram","original":"049-KEZX 31-D.mp3","mtime":"1575337059","size":"210975","md5":"ad4ba6a6d98b238a7518e46fd3cdbe4c","crc32":"cc7296bb","sha1":"44604ac4c44596f506b26bc88b59df29dade662a"},{"name":"__ia_thumb.jpg","source":"original","mtime":"1647219084","size":"3557","format":"Item Tile","rotation":"0","md5":"5d789daec4f4dbeb6f36a363baa3b4f2","crc32":"5974df3b","sha1":"0def797bb9d5b395f4d004ee8dda918ae611c203"}],"files_count":251,"item_last_updated":1649112633,"item_size":3630060346,"metadata":{"identifier":"012kezx6b","mediatype":"audio","collection":["airchecks-misc","airchecks","radioprograms"],"creator":"Smooth Jazz Airchecks","date":"1988","description":"In the 1980's Seattle's KEZX had a format that included a mix of Westcoast oriented adult rock, classic rock, and New Adult Contemporary music.  In the evening hours, the station played instrumental jazz and new age music with a program called \"Soft Space.\"  KEZX also released two LP's featuring local musicians, called the \"KEZX Album Project.\"<div><br /></div><div>The airchecks in this collection are courtesy of \"AL7MO,\" who recorded them.</div>","scanner":"Internet Archive HTML5 Uploader 1.6.4","subject":["Airchecks","Westcoast","New Adult Contemporary","Smooth Jazz","New Age"],"title":"KEZX (98.9 MHz) Seattle, WA","publicdate":"2019-12-01 16:54:45","uploader":"pauls66@earthlink.net","addeddate":"2019-12-01 16:54:45","curation":"[curator]validator@archive.org[/curator][date]20191201165523[/date][comment]checked for malware[/comment]","year":"1988","backup_location":"ia907007_30"},"reviews":[{"reviewtitle":"George Winston Concert December, 1983","reviewbody":"Wanted to add to the original comments that tracks 46 through 49 contain George Winston's December, 1983 Christmas Concert in Seattle.  KEZX got to present it live to the radio audience because of a sell-out crowd for the concert.\n\n","stars":"5","reviewer":"wf7f","reviewdate":"2022-04-04 22:50:24","createdate":"2022-04-04 22:50:24","reviewer_itemname":"@wf7f"}],"server":"ia802805.us.archive.org","uniq":1286717592,"workable_servers":["ia802805.us.archive.org","ia902805.us.archive.org"]}