{"created":1767567178,"d1":"ia600305.us.archive.org","d2":"ia800305.us.archive.org","dir":"/13/items/014-1982-11-06-national-music-survey-dick-clark","files":[{"name":"000 - 1982-11-06 - National Music Survey - Dick Clark.mp3","source":"original","mtime":"1748356547","size":"5658459","md5":"5964ad042549042818ae9fe547986185","crc32":"9f920ebd","sha1":"eb8092e36a4a7714edeee4769c8b8e68f55a1ced","format":"VBR MP3","length":"353.65","title":"Segment 1","creator":"Dick Clark","album":"The Dick Clark NMS 06-11-82","track":"1","artist":"Dick Clark","genre":"Other"},{"name":"000 - 1982-11-06 - National Music Survey - Dick Clark.png","source":"derivative","format":"PNG","original":"000 - 1982-11-06 - National Music Survey - Dick Clark.mp3","mtime":"1748376164","size":"41290","md5":"d6c1ea7c1c3447fcabc3b3d24cf45b94","crc32":"0cbb2539","sha1":"ec8dcb0617c85af88111664e4be2b8441a384b23"},{"name":"000 - 1982-11-06 - National Music Survey - Dick Clark_spectrogram.png","source":"derivative","format":"Spectrogram","original":"000 - 1982-11-06 - National Music Survey - Dick Clark.mp3","mtime":"1748377438","size":"288862","md5":"c6a643ad493727a1f8ccd4f7a2125c00","crc32":"b26ff92b","sha1":"4665502e198767fc25f2cc6194a423b1bb12b541"},{"name":"000 - 1982-11-13 - National Music Survey - Dick Clark.mp3","source":"original","mtime":"1748357209","size":"4989724","md5":"05c9be77ac812d06b94ef4253221cd9e","crc32":"de038ae1","sha1":"28c055f706b3d291fa08d16a5b10ad55b6849f88","format":"VBR MP3","length":"311.85","track":"02","genre":"None"},{"name":"000 - 1982-11-13 - National Music Survey - Dick Clark.png","source":"derivative","format":"PNG","original":"000 - 1982-11-13 - National Music Survey - Dick Clark.mp3","mtime":"1748375652","size":"41428","md5":"b48526d54cb2e226920fd525cb0935b9","crc32":"240f86a4","sha1":"d221e4c751213f998abf9050b08c6b7a77a96803"},{"name":"000 - 1982-11-13 - National Music Survey - Dick Clark_spectrogram.png","source":"derivative","format":"Spectrogram","original":"000 - 1982-11-13 - National Music Survey - Dick Clark.mp3","mtime":"1748376921","size":"277736","md5":"031858930e46b125372451542381d257","crc32":"bc71a77d","sha1":"fe4931d532fafaaeda5cb441897e2dc9918a81ac"},{"name":"001 - 1982-11-06 - National Music Survey - Dick Clark.mp3","source":"original","mtime":"1748356601","size":"8819066","md5":"73538da11e86074dbc3fe48fece05836","crc32":"2c04c522","sha1":"267206286b439ca13418652ae2af12461659425d","format":"VBR MP3","length":"551.18","title":"Segment 2","creator":"Dick Clark","album":"The Dick Clark NMS 06-11-82","track":"2","artist":"Dick Clark","genre":"Other"},{"name":"001 - 1982-11-06 - National Music Survey - Dick Clark.png","source":"derivative","format":"PNG","original":"001 - 1982-11-06 - National Music Survey - Dick Clark.mp3","mtime":"1748376213","size":"43019","md5":"20f2bcef7edbf5bd16e57865104a1ce7","crc32":"0e02528b","sha1":"dac4cedd7e9bccf3c5db7342e87ad75b55d1c8c8"},{"name":"001 - 1982-11-06 - National Music Survey - Dick Clark_spectrogram.png","source":"derivative","format":"Spectrogram","original":"001 - 1982-11-06 - National Music Survey - Dick Clark.mp3","mtime":"1748377135","size":"281172","md5":"9c42f23720cc1240e86dfbffca40c712","crc32":"f0db4b6c","sha1":"b506dcdc125937c7f4aaa2297dcf41a542a0b7bf"},{"name":"001 - 1982-11-13 - National Music Survey - Dick Clark.mp3","source":"original","mtime":"1748357257","size":"8049603","md5":"18d0f9d6e1cd023f6e6b898c1d32a0e1","crc32":"fabcb85b","sha1":"7d6010cad695d3ce60f436782456a0df85370a7b","format":"VBR MP3","length":"503.09","track":"04","genre":"None"},{"name":"001 - 1982-11-13 - National Music Survey - Dick Clark.png","source":"derivative","format":"PNG","original":"001 - 1982-11-13 - National Music Survey - Dick Clark.mp3","mtime":"1748375620","size":"39592","md5":"afe07cf28b726f42b4ce6b80ca6e4866","crc32":"95a81c95","sha1":"1810aa9ff2bba85705eb46676ef0c86065c7d938"},{"name":"001 - 1982-11-13 - National Music Survey - Dick Clark_spectrogram.png","source":"derivative","format":"Spectrogram","original":"001 - 1982-11-13 - National Music Survey - Dick Clark.mp3","mtime":"1748376841","size":"270019","md5":"51d14bb073edd823dd2305cedd5a52f7","crc32":"58f89c61","sha1":"1fe2ca54a9a2e33a8550bb5dd16acb1296dd2207"},{"name":"002 - 1982-11-06 - National Music Survey - Dick Clark.mp3","source":"original","mtime":"1748356653","size":"10821927","md5":"08e3c7fe7489175533f25077f611672f","crc32":"c9f124d8","sha1":"3458a0d42ccce8e6e47d17612719af15018ac24f","format":"VBR MP3","length":"676.36","title":"Segment 3","creator":"Dick Clark","album":"The Dick Clark NMS 06-11-82","track":"3","artist":"Dick Clark","genre":"Other"},{"name":"002 - 1982-11-06 - National Music Survey - Dick Clark.png","source":"derivative","format":"PNG","original":"002 - 1982-11-06 - National Music Survey - Dick Clark.mp3","mtime":"1748375942","size":"43181","md5":"6ee173c7befb1327c8ad5ea21045295e","crc32":"f9c82f3b","sha1":"4620b7390150d9d2e144907420b2ff9dcfd0f1ae"},{"name":"002 - 1982-11-06 - National Music Survey - Dick Clark_spectrogram.png","source":"derivative","format":"Spectrogram","original":"002 - 1982-11-06 - National Music Survey - Dick Clark.mp3","mtime":"1748377211","size":"278847","md5":"0c7365a48b7fc7abde219a7de9598f4b","crc32":"ad84f6bc","sha1":"668e0824852a20f2a2323b54705d9badab4668ea"},{"name":"002 - 1982-11-13 - National Music Survey - Dick Clark.mp3","source":"original","mtime":"1748357313","size":"10828614","md5":"a9548214ef208de5ca5e64f9888c1274","crc32":"43a00542","sha1":"e953a6c01f7253bd356f2f351ef6564b1fa41036","format":"VBR MP3","length":"676.78","track":"06","genre":"None"},{"name":"002 - 1982-11-13 - National Music Survey - Dick Clark.png","source":"derivative","format":"PNG","original":"002 - 1982-11-13 - National Music Survey - Dick Clark.mp3","mtime":"1748375980","size":"38191","md5":"9eacccf9158d1f3a10ef4aa63a706a70","crc32":"c15b606a","sha1":"533cd97828b3d2dfa8adcc7e1f26de8a7aef7a9b"},{"name":"002 - 1982-11-13 - National Music Survey - Dick Clark_spectrogram.png","source":"derivative","format":"Spectrogram","original":"002 - 1982-11-13 - National Music Survey - Dick Clark.mp3","mtime":"1748377000","size":"271649","md5":"9434d81dd0ca89d8be60fd458a5ff075","crc32":"8165d57a","sha1":"0563294026107312947771d6c985e484af63a474"},{"name":"003 - 1982-11-06 - National Music Survey - Dick Clark.mp3","source":"original","mtime":"1748356693","size":"8212190","md5":"c43400119d137c4c5d4fa092f398a3eb","crc32":"f1d67369","sha1":"e37f646e41b60bc78b897ed321461d31fb82a9b2","format":"VBR MP3","length":"513.25","title":"Segment 4","creator":"Dick Clark","album":"The Dick Clark NMS 06-11-82","track":"4","artist":"Dick Clark","genre":"Other"},{"name":"003 - 1982-11-06 - National Music Survey - Dick Clark.png","source":"derivative","format":"PNG","original":"003 - 1982-11-06 - National Music Survey - Dick Clark.mp3","mtime":"1748375635","size":"42818","md5":"b9f13ab6e1c2c22992a5057d86ab2f71","crc32":"ea9091e1","sha1":"975a81787e4ea22be704abaa7a39165363183809"},{"name":"003 - 1982-11-06 - National Music Survey - Dick Clark_spectrogram.png","source":"derivative","format":"Spectrogram","original":"003 - 1982-11-06 - National Music Survey - Dick Clark.mp3","mtime":"1748377151","size":"275428","md5":"06f2babfd1a6c59e1971d3c601884830","crc32":"cb0ed31a","sha1":"f97067619279d4dfa480f7fde8e83fe4f4399a92"},{"name":"003 - 1982-11-13 - National Music Survey - Dick Clark.mp3","source":"original","mtime":"1748357358","size":"9528761","md5":"fb66ab6b2d11510bc607869a437e80c3","crc32":"3da8e9d5","sha1":"df88ccee5ddf50f661abf13f9993b78aba481493","format":"VBR MP3","length":"595.54","track":"08","genre":"None"},{"name":"003 - 1982-11-13 - National Music Survey - Dick Clark.png","source":"derivative","format":"PNG","original":"003 - 1982-11-13 - National Music Survey - Dick Clark.mp3","mtime":"1748375910","size":"41982","md5":"0743b106a2a60306f820e1de48b82c69","crc32":"47650aed","sha1":"12c8a9a32134e7742b19482a21450b9d9b0e6817"},{"name":"003 - 1982-11-13 - National Music Survey - Dick Clark_spectrogram.png","source":"derivative","format":"Spectrogram","original":"003 - 1982-11-13 - National Music Survey - Dick Clark.mp3","mtime":"1748376506","size":"271602","md5":"8f2b0f3ca45777b0f38633e4d70a72fe","crc32":"4ec5f7a7","sha1":"9969967a03ea8c176fd23ceaa02734f09feae62d"},{"name":"004 - 1982-11-06 - National Music Survey - Dick Clark.mp3","source":"original","mtime":"1748356733","size":"9016761","md5":"62d72957cb00f012053ae6aae1f86804","crc32":"4fb9bb3e","sha1":"b93c85eb50355028a08c4720b380c7d50f17d42b","format":"VBR MP3","length":"563.54","title":"Segment 5","creator":"Dick Clark","album":"The Dick Clark NMS 06-11-82","track":"5","artist":"Dick Clark","genre":"Other"},{"name":"004 - 1982-11-06 - National Music Survey - Dick Clark.png","source":"derivative","format":"PNG","original":"004 - 1982-11-06 - National Music Survey - Dick Clark.mp3","mtime":"1748375588","size":"45581","md5":"6f4397ab8166e8ad9343bbfc7a2e400f","crc32":"6d9ac49d","sha1":"eeaff98905b74a703b2741b21e00132519e251ee"},{"name":"004 - 1982-11-06 - National Music Survey - Dick Clark_spectrogram.png","source":"derivative","format":"Spectrogram","original":"004 - 1982-11-06 - National Music Survey - Dick Clark.mp3","mtime":"1748376552","size":"283908","md5":"ea1074e2546784d6c01a1337ad560583","crc32":"02ece6c4","sha1":"e3f2049b3073c6342b405d89bd1c940bba83cb64"},{"name":"004 - 1982-11-13 - National Music Survey - Dick Clark.mp3","source":"original","mtime":"1748357406","size":"9897401","md5":"910c8642152dbfd1494348b5fc89621c","crc32":"3c35e979","sha1":"6e96f533c548274bde3135695579318f4dd8a4c0","format":"VBR MP3","length":"618.58","track":"10","genre":"None"},{"name":"004 - 1982-11-13 - National Music Survey - Dick Clark.png","source":"derivative","format":"PNG","original":"004 - 1982-11-13 - National Music Survey - Dick Clark.mp3","mtime":"1748375605","size":"41313","md5":"5354caa3be5b212ade34b7741c4646b3","crc32":"8b932b1f","sha1":"da220cd8090684b7363419f677e83b36b850dd60"},{"name":"004 - 1982-11-13 - National Music Survey - Dick Clark_spectrogram.png","source":"derivative","format":"Spectrogram","original":"004 - 1982-11-13 - National Music Survey - Dick Clark.mp3","mtime":"1748376697","size":"268107","md5":"6d39a51f2c132e42b261fdfc0805c519","crc32":"30da52ef","sha1":"49d3615202dfac78e4a842f2dffbdc0a91f53463"},{"name":"005 - 1982-11-06 - National Music Survey - Dick Clark.mp3","source":"original","mtime":"1748356754","size":"4161329","md5":"e62f5984609bc2b3a2ec9b1cb750251a","crc32":"e08dab09","sha1":"f47d8d37495df92d92e17727f5ce92258f12f0ec","format":"VBR MP3","length":"260.08","title":"Segment 6","creator":"Dick Clark","album":"The Dick Clark NMS 06-11-82","track":"6","artist":"Dick Clark","genre":"Other"},{"name":"005 - 1982-11-06 - National Music Survey - Dick Clark.png","source":"derivative","format":"PNG","original":"005 - 1982-11-06 - National Music Survey - Dick Clark.mp3","mtime":"1748375960","size":"43174","md5":"a8af902d4ac42db6d9e357550644ae8b","crc32":"0fd74474","sha1":"d4c5e1ef64d975f2c2db7e2cf3837756c7907aef"},{"name":"005 - 1982-11-06 - National Music Survey - Dick Clark_spectrogram.png","source":"derivative","format":"Spectrogram","original":"005 - 1982-11-06 - National Music Survey - Dick Clark.mp3","mtime":"1748377457","size":"291034","md5":"1f93c8c74aeb4223bef633939cab7c4c","crc32":"f02e21e5","sha1":"63ab994961b3193dac7c27b89c5ad1109e2917e1"},{"name":"005 - 1982-11-13 - National Music Survey - Dick Clark.mp3","source":"original","mtime":"1748357422","size":"3299497","md5":"92211bb122790474b749e5f22dd98439","crc32":"13efe0ff","sha1":"5b3ee3428696d56391220c5a1f325afdc4066728","format":"VBR MP3","length":"206.21","track":"12","genre":"None"},{"name":"005 - 1982-11-13 - National Music Survey - Dick Clark.png","source":"derivative","format":"PNG","original":"005 - 1982-11-13 - National Music Survey - Dick Clark.mp3","mtime":"1748375572","size":"42952","md5":"76e7f3fcfc1c6c524a0a86404c84878a","crc32":"a95e3126","sha1":"a9388b4d9efd4ba976cccbf408b152caa92614cf"},{"name":"005 - 1982-11-13 - National Music Survey - Dick Clark_spectrogram.png","source":"derivative","format":"Spectrogram","original":"005 - 1982-11-13 - National Music Survey - Dick Clark.mp3","mtime":"1748377400","size":"288719","md5":"6c3200353094c72a1329997a8f97ae41","crc32":"be6e51b1","sha1":"14dc06642e0071016172a0eb447fe76514c22867"},{"name":"006 - 1982-11-06 - National Music Survey - Dick Clark.mp3","source":"original","mtime":"1748356775","size":"4370727","md5":"bfa6d29dd0766abbed0daba54d4a7d4d","crc32":"29036f88","sha1":"63867d589b03dc8e5ef1b354d921b2b98d963f6a","format":"VBR MP3","length":"273.16","title":"Hour 2 Segment 1","creator":"Dick Clark","album":"The Dick Clark NMS 06-11-82","track":"7","artist":"Dick Clark","genre":"Other"},{"name":"006 - 1982-11-06 - National Music Survey - Dick Clark.png","source":"derivative","format":"PNG","original":"006 - 1982-11-06 - National Music Survey - Dick Clark.mp3","mtime":"1748375711","size":"45558","md5":"0f0bd4715aad8adf9275ee85e932c1cf","crc32":"9fa43c17","sha1":"31840f643752357d1fce0a32dd294f4f7913ff84"},{"name":"006 - 1982-11-06 - National Music Survey - Dick Clark_spectrogram.png","source":"derivative","format":"Spectrogram","original":"006 - 1982-11-06 - National Music Survey - Dick Clark.mp3","mtime":"1748377355","size":"297780","md5":"b0b4383cc0ab92c1363ac8e6d8b63511","crc32":"9b42d323","sha1":"4b500d79655cbbe6d4495ea72f955ea24898620b"},{"name":"006 - 1982-11-13 - National Music Survey - Dick Clark.mp3","source":"original","mtime":"1748357448","size":"5132248","md5":"19511336b6418eb8694fe0d4fa99c4db","crc32":"bfcb076a","sha1":"966311700a03155c3c7447ccb3e5b78d9bae9a01","format":"VBR MP3","length":"320.76","track":"14","genre":"None"},{"name":"006 - 1982-11-13 - National Music Survey - Dick Clark.png","source":"derivative","format":"PNG","original":"006 - 1982-11-13 - National Music Survey - Dick Clark.mp3","mtime":"1748376357","size":"43329","md5":"6050b2eb741d391c0295ebe1d917acc7","crc32":"1a7c3dbf","sha1":"d8a84a8408fd17509faa644103cfaf426fe4f96f"},{"name":"006 - 1982-11-13 - National Music Survey - Dick Clark_spectrogram.png","source":"derivative","format":"Spectrogram","original":"006 - 1982-11-13 - National Music Survey - Dick Clark.mp3","mtime":"1748377304","size":"284645","md5":"df6d1c7f6fde41f2a609a18a4f4746f2","crc32":"a88ffc46","sha1":"f4a9d05b6c9468b2d5296dd6a0a00360cba6f1da"},{"name":"007 - 1982-11-06 - National Music Survey - Dick Clark.mp3","source":"original","mtime":"1748356814","size":"8518136","md5":"3b3ca2888c1e431609f768fc7f9ce37f","crc32":"532abdca","sha1":"347cdfb1bf2728088a0373bf27f0403c1fbfc35b","format":"VBR MP3","length":"532.38","title":"Hour 2 Segment 2","creator":"Dick Clark","album":"The Dick Clark NMS 06-11-82","track":"8","artist":"Dick Clark","genre":"Other"},{"name":"007 - 1982-11-06 - National Music Survey - Dick Clark.png","source":"derivative","format":"PNG","original":"007 - 1982-11-06 - National Music Survey - Dick Clark.mp3","mtime":"1748376198","size":"43339","md5":"347dee909b4f4132ef2da15ad611acc2","crc32":"609e7500","sha1":"635ed27b1ad0c6a59c4e2cb9fb708b98ba5cc321"},{"name":"007 - 1982-11-06 - National Music Survey - Dick Clark_spectrogram.png","source":"derivative","format":"Spectrogram","original":"007 - 1982-11-06 - National Music Survey - Dick Clark.mp3","mtime":"1748377092","size":"286408","md5":"ed2a98dc90d49f646400c78fbc8cbfd9","crc32":"7331de23","sha1":"23f6ddfbb96d6c5088f84e7c52b88f6df6997133"},{"name":"007 - 1982-11-13 - National Music Survey - Dick Clark.mp3","source":"original","mtime":"1748357488","size":"8071755","md5":"b2f0f6156e0a9a44fbc6ea25ceda5a66","crc32":"8b849cbf","sha1":"144558bc8cb8c49e38e7c98f5bf59f2bc49010bc","format":"VBR MP3","length":"504.48","track":"16","genre":"None"},{"name":"007 - 1982-11-13 - National Music Survey - Dick Clark.png","source":"derivative","format":"PNG","original":"007 - 1982-11-13 - National Music Survey - Dick Clark.mp3","mtime":"1748376308","size":"44738","md5":"7d49c49b62b674651b125fa25c0342dc","crc32":"23cceb80","sha1":"7c9a9d8dcb916e3391acaffa90606017f50e4c70"},{"name":"007 - 1982-11-13 - National Music Survey - Dick Clark_spectrogram.png","source":"derivative","format":"Spectrogram","original":"007 - 1982-11-13 - National Music Survey - Dick Clark.mp3","mtime":"1748377322","size":"277201","md5":"adaec763743d93398d2b893d76e52f8b","crc32":"9d65408f","sha1":"37821e696a78cbadfd21c89b3ece9af6037e3246"},{"name":"008 - 1982-11-06 - National Music Survey - Dick Clark.mp3","source":"original","mtime":"1748356859","size":"10010668","md5":"238157a7b0a6c0e7813d15c1e12fb569","crc32":"be1517ce","sha1":"36f001d04174faebc6ac16366a0a53dbffb3e92d","format":"VBR MP3","length":"625.66","title":"Hour 2 Segment 3","creator":"Dick Clark","album":"The Dick Clark NMS 06-11-82","track":"9","artist":"Dick Clark","genre":"Other"},{"name":"008 - 1982-11-06 - National Music Survey - Dick Clark.png","source":"derivative","format":"PNG","original":"008 - 1982-11-06 - National Music Survey - Dick Clark.mp3","mtime":"1748375996","size":"38136","md5":"c431dd8ab8e93b791c6cc027cc59f521","crc32":"92b2c73c","sha1":"0b3ce8aa0cd4263fa75305af81df0eacfeda3558"},{"name":"008 - 1982-11-06 - National Music Survey - Dick Clark_spectrogram.png","source":"derivative","format":"Spectrogram","original":"008 - 1982-11-06 - National Music Survey - Dick Clark.mp3","mtime":"1748377338","size":"272729","md5":"a88a8d5440cd548d6013c663404a0db8","crc32":"bfe708a8","sha1":"5424113c92f70fd593f6db576317e5781746230f"},{"name":"008 - 1982-11-13 - National Music Survey - Dick Clark.mp3","source":"original","mtime":"1748357538","size":"10224245","md5":"ccee237c674530ba21f3e1ce1f44cc96","crc32":"3501c775","sha1":"13b58b4684afbcc044b6cf54ba4cb906d7eadfb3","format":"VBR MP3","length":"639.01","track":"18","genre":"None"},{"name":"008 - 1982-11-13 - National Music Survey - Dick Clark.png","source":"derivative","format":"PNG","original":"008 - 1982-11-13 - National Music Survey - Dick Clark.mp3","mtime":"1748376271","size":"42925","md5":"87a5fddc82f03e0be2083fc044f3fce8","crc32":"b18060d9","sha1":"8be709631865446ef6bc76a9cf25610d1a9bdb92"},{"name":"008 - 1982-11-13 - National Music Survey - Dick Clark_spectrogram.png","source":"derivative","format":"Spectrogram","original":"008 - 1982-11-13 - National Music Survey - Dick Clark.mp3","mtime":"1748377369","size":"271437","md5":"5757eb5508ecdf03b21df7ece222dafe","crc32":"3db7d772","sha1":"fab8574228ab167abce9cba1bbd6ff15c40b337d"},{"name":"009 - 1982-11-06 - National Music Survey - Dick Clark.mp3","source":"original","mtime":"1748356877","size":"8465473","md5":"5e5bdf4130ab95fb45d8bd1f823971a1","crc32":"72357ab0","sha1":"569adb404071f6df98043bf7fa8ac2bf8839ba78","format":"VBR MP3","length":"529.08","title":"Hour 2 Segment 4","creator":"Dick Clark","album":"The Dick Clark NMS 06-11-82","track":"10","artist":"Dick Clark","genre":"Other"},{"name":"009 - 1982-11-06 - National Music Survey - Dick Clark.png","source":"derivative","format":"PNG","original":"009 - 1982-11-06 - National Music Survey - Dick Clark.mp3","mtime":"1748376039","size":"46176","md5":"ebf1c8cf210394107f8678a904348aad","crc32":"d46915e6","sha1":"c2309e404768a6e939afd240f1c34b9147a74cb5"},{"name":"009 - 1982-11-06 - National Music Survey - Dick Clark_spectrogram.png","source":"derivative","format":"Spectrogram","original":"009 - 1982-11-06 - National Music Survey - Dick Clark.mp3","mtime":"1748377386","size":"286172","md5":"1951be6baf2894489841c85695b480fb","crc32":"194ee4c9","sha1":"edfdcf67cfde23e9902f07af47f2d080458758f5"},{"name":"009 - 1982-11-13 - National Music Survey - Dick Clark.mp3","source":"original","mtime":"1748357577","size":"7507928","md5":"98629eedc35274aa05a86fd8c1901b85","crc32":"0a502d4f","sha1":"d335c6528ee500bc47b3a8d9d3a0eb71ac288a40","format":"VBR MP3","length":"469.24","track":"20","genre":"None"},{"name":"009 - 1982-11-13 - National Music Survey - Dick Clark.png","source":"derivative","format":"PNG","original":"009 - 1982-11-13 - National Music Survey - Dick Clark.mp3","mtime":"1748376059","size":"41647","md5":"d9bd4f5652b4e2a849b7d99097b7a24a","crc32":"f820c162","sha1":"1050343d8205337aada8354e1b41bb96cd4b61b7"},{"name":"009 - 1982-11-13 - National Music Survey - Dick Clark_spectrogram.png","source":"derivative","format":"Spectrogram","original":"009 - 1982-11-13 - National Music Survey - Dick Clark.mp3","mtime":"1748377418","size":"280297","md5":"a6f20ab29f435d8ed4c63ced0807c132","crc32":"7c9c3ec0","sha1":"f72c963e52d1e3f6a7ef86993c9b28532b1f0f70"},{"name":"010 - 1982-11-06 - National Music Survey - Dick Clark.mp3","source":"original","mtime":"1748356927","size":"11026727","md5":"6f2a47413aabe9b85320b77d31450dee","crc32":"61199ba5","sha1":"8d6e468af3dba6a6b0b3b20a7795e2a8d9400617","format":"VBR MP3","length":"689.16","title":"Hour 2 Segment 5","creator":"Dick Clark","album":"The Dick Clark NMS 06-11-82","track":"11","artist":"Dick Clark","genre":"Other"},{"name":"010 - 1982-11-06 - National Music Survey - Dick Clark.png","source":"derivative","format":"PNG","original":"010 - 1982-11-06 - National Music Survey - Dick Clark.mp3","mtime":"1748376079","size":"44566","md5":"ed70cbc6037719392ebdd49b6c461560","crc32":"a8ece341","sha1":"b576af1f583521a2e1ea575c7e3e8ad264992208"},{"name":"010 - 1982-11-06 - National Music Survey - Dick Clark_spectrogram.png","source":"derivative","format":"Spectrogram","original":"010 - 1982-11-06 - National Music Survey - Dick Clark.mp3","mtime":"1748377252","size":"277321","md5":"c3315811c614a662166a33ffd64dc9f5","crc32":"a587736e","sha1":"59714c9fef8907e5ea59ffc8ff218388ed095125"},{"name":"010 - 1982-11-13 - National Music Survey - Dick Clark.mp3","source":"original","mtime":"1748357636","size":"11509470","md5":"443393300ed10e484338a6c7fbaae65a","crc32":"668407ea","sha1":"88bd2cf125f09d74c18cb1d6ea1f320a3bf0f20d","format":"VBR MP3","length":"719.33","track":"22","genre":"None"},{"name":"010 - 1982-11-13 - National Music Survey - Dick Clark.png","source":"derivative","format":"PNG","original":"010 - 1982-11-13 - National Music Survey - Dick Clark.mp3","mtime":"1748376098","size":"41864","md5":"411d0b80d1c6362991f55bd4fe326e46","crc32":"ab9cd530","sha1":"fd1f4c755ca3c92e1297f12fa7f8893df6930da9"},{"name":"010 - 1982-11-13 - National Music Survey - Dick Clark_spectrogram.png","source":"derivative","format":"Spectrogram","original":"010 - 1982-11-13 - National Music Survey - Dick Clark.mp3","mtime":"1748377186","size":"273822","md5":"78a1be8b742ed44113b15dcc034a5265","crc32":"2dc66422","sha1":"d67848000f8a0a1b08ef2f9824861c57e327291f"},{"name":"011 - 1982-11-06 - National Music Survey - Dick Clark.mp3","source":"original","mtime":"1748356952","size":"4369473","md5":"419d44c81c91c0f850c51c4f21913937","crc32":"810e945b","sha1":"a8f17285b7b7afe303c7ad34a684a6eab8ebb026","format":"VBR MP3","length":"273.08","title":"Hour 2 Segment 6","creator":"Dick Clark","album":"The Dick Clark NMS 06-11-82","track":"12","artist":"Dick Clark","genre":"Other"},{"name":"011 - 1982-11-06 - National Music Survey - Dick Clark.png","source":"derivative","format":"PNG","original":"011 - 1982-11-06 - National Music Survey - Dick Clark.mp3","mtime":"1748376114","size":"41649","md5":"6dc8eac4d8e9aa8cab25ba718d3e69c6","crc32":"0c1fd873","sha1":"95b4a459702b212ae1000486e79cad3534c9e10a"},{"name":"011 - 1982-11-06 - National Music Survey - Dick Clark_spectrogram.png","source":"derivative","format":"Spectrogram","original":"011 - 1982-11-06 - National Music Survey - Dick Clark.mp3","mtime":"1748376827","size":"297001","md5":"aae30494a0749a353d3d62479d906971","crc32":"d0f70228","sha1":"33a057d776e376c55f3e249e12626dfd5baca37e"},{"name":"011 - 1982-11-13 - National Music Survey - Dick Clark.mp3","source":"original","mtime":"1748357660","size":"4214410","md5":"4c3ec42519594c43cd9dce7040168173","crc32":"da12bed6","sha1":"3468d1fffc55147d81f7ace25eb27d60869fc242","format":"VBR MP3","length":"263.39","track":"24","genre":"None"},{"name":"011 - 1982-11-13 - National Music Survey - Dick Clark.png","source":"derivative","format":"PNG","original":"011 - 1982-11-13 - National Music Survey - Dick Clark.mp3","mtime":"1748376130","size":"41654","md5":"93054afcb06036583daa7b0010cff6f0","crc32":"7bb699ce","sha1":"97399a5ee29c2a6e158122e0bacecc5bde54e61f"},{"name":"011 - 1982-11-13 - National Music Survey - Dick Clark_spectrogram.png","source":"derivative","format":"Spectrogram","original":"011 - 1982-11-13 - National Music Survey - Dick Clark.mp3","mtime":"1748376782","size":"279683","md5":"2f339ca5600b9061639e3c289060ef69","crc32":"68f4394a","sha1":"d8cda6808a52b9f6fee3a2a479f87a411be2d08c"},{"name":"012 - 1982-11-06 - National Music Survey - Dick Clark.mp3","source":"original","mtime":"1748356977","size":"4748980","md5":"d749dbe16f1c12c115ecd8668151047f","crc32":"24d4b126","sha1":"28bb50764b72a142ac4ea6d7cddcaf1766be4490","format":"VBR MP3","length":"296.8","title":"Hour 3 Segment 1","creator":"Dick Clark","album":"The Dick Clark NMS 06-11-82","track":"13","artist":"Dick Clark","genre":"Other"},{"name":"012 - 1982-11-06 - National Music Survey - Dick Clark.png","source":"derivative","format":"PNG","original":"012 - 1982-11-06 - National Music Survey - Dick Clark.mp3","mtime":"1748376146","size":"45589","md5":"53bbc58802510d8083cbfa25fbc4435d","crc32":"1d217cb4","sha1":"4729b0bc125204ee4ae444f59b5ff19a4b3d6b62"},{"name":"012 - 1982-11-06 - National Music Survey - Dick Clark_spectrogram.png","source":"derivative","format":"Spectrogram","original":"012 - 1982-11-06 - National Music Survey - Dick Clark.mp3","mtime":"1748376519","size":"291472","md5":"6b9fbfdae9e872d4930e64143a6f116c","crc32":"97736b97","sha1":"1c9017cc2b84beb274934d9571e75b22615c33c9"},{"name":"012 - 1982-11-13 - National Music Survey - Dick Clark.mp3","source":"original","mtime":"1748357686","size":"5152728","md5":"59838fa4ef61ab81c6e5486501e46990","crc32":"70b687b7","sha1":"234fd3e1cf05386ef79a7e76ada495e8d67e4bbb","format":"VBR MP3","length":"322.04","track":"26","genre":"None"},{"name":"012 - 1982-11-13 - National Music Survey - Dick Clark.png","source":"derivative","format":"PNG","original":"012 - 1982-11-13 - National Music Survey - Dick Clark.mp3","mtime":"1748376424","size":"42533","md5":"06aecc728aa64846bfb3aa3c2a54a71d","crc32":"21f9bad4","sha1":"23a318649d7ce9681dbd29ccfb5b5b950092c128"},{"name":"012 - 1982-11-13 - National Music Survey - Dick Clark_spectrogram.png","source":"derivative","format":"Spectrogram","original":"012 - 1982-11-13 - National Music Survey - Dick Clark.mp3","mtime":"1748376566","size":"286001","md5":"c97cffee96a941920e37123bd8883c66","crc32":"e8edbc8a","sha1":"9de10c3909c25205cfa3d116da04e805ebef99df"},{"name":"013 - 1982-11-06 - National Music Survey - Dick Clark.mp3","source":"original","mtime":"1748357022","size":"8902240","md5":"d09e5703d737c369062c2110158543dd","crc32":"64e69dda","sha1":"d554dead28c54b43bae51b6ab3eae741c685a2c5","format":"VBR MP3","length":"556.38","title":"Hour 3 Segment 2","creator":"Dick Clark","album":"The Dick Clark NMS 06-11-82","track":"14","artist":"Dick Clark","genre":"Other"},{"name":"013 - 1982-11-06 - National Music Survey - Dick Clark.png","source":"derivative","format":"PNG","original":"013 - 1982-11-06 - National Music Survey - Dick Clark.mp3","mtime":"1748375926","size":"43566","md5":"ca3222ccaf02ff48292958ca93fa5c88","crc32":"57591163","sha1":"db4d59487e8d2c464fe0be9a0149c065f83b9ea9"},{"name":"013 - 1982-11-06 - National Music Survey - Dick Clark_spectrogram.png","source":"derivative","format":"Spectrogram","original":"013 - 1982-11-06 - National Music Survey - Dick Clark.mp3","mtime":"1748376536","size":"278887","md5":"c5f423b7fe5ba314f4545c10b1522072","crc32":"120770cc","sha1":"542938a3dc8a48368d164a6542e46b38b5510640"},{"name":"013 - 1982-11-13 - National Music Survey - Dick Clark.mp3","source":"original","mtime":"1748357727","size":"8925228","md5":"ebba00756ca6b0d4790cf0ab6d4ab6e4","crc32":"c73a63b1","sha1":"6ab3966507fd900bcb23f2e8e19d63c2df78f84c","format":"VBR MP3","length":"557.82","track":"28","genre":"None"},{"name":"013 - 1982-11-13 - National Music Survey - Dick Clark.png","source":"derivative","format":"PNG","original":"013 - 1982-11-13 - National Music Survey - Dick Clark.mp3","mtime":"1748376180","size":"43996","md5":"b1681b151834932316843a7cfc35c4bf","crc32":"3ee231c1","sha1":"f17af3d64a8849fb997715ada8ded5217d0864ff"},{"name":"013 - 1982-11-13 - National Music Survey - Dick Clark_spectrogram.png","source":"derivative","format":"Spectrogram","original":"013 - 1982-11-13 - National Music Survey - Dick Clark.mp3","mtime":"1748377272","size":"275682","md5":"51d8e898401b6bc6e2803c5e6caa0971","crc32":"72c19a82","sha1":"ef61eb36e48f959d943534d20646b19646d23b71"},{"name":"014 - 1982-11-06 - National Music Survey - Dick Clark.mp3","source":"original","mtime":"1748357080","size":"12198684","md5":"8cc72aca2cdc97b4fe32074913b78f0f","crc32":"8541dd68","sha1":"c8c8eda10427016744a67c9d45497eb6a1852a87","format":"VBR MP3","length":"762.41","title":"Hour 3 Segment 3","creator":"Dick Clark","album":"The Dick Clark NMS 06-11-82","track":"15","artist":"Dick Clark","genre":"Other"},{"name":"014 - 1982-11-06 - National Music Survey - Dick Clark.png","source":"derivative","format":"PNG","original":"014 - 1982-11-06 - National Music Survey - Dick Clark.mp3","mtime":"1748376230","size":"42307","md5":"2d74ed3583d5acf79c2b7d6f3ad5b872","crc32":"89210cac","sha1":"3024d0796f1c2dd6fe9104b775cd7c57cd0a19ce"},{"name":"014 - 1982-11-06 - National Music Survey - Dick Clark_spectrogram.png","source":"derivative","format":"Spectrogram","original":"014 - 1982-11-06 - National Music Survey - Dick Clark.mp3","mtime":"1748377231","size":"284102","md5":"55e7dd54aa65982e832caf8312f9d8f7","crc32":"43bd52e1","sha1":"7a1cee5621b8a8c4b687731769d83ee07a5ce0ba"},{"name":"014 - 1982-11-13 - National Music Survey - Dick Clark.mp3","source":"original","mtime":"1748357777","size":"10879187","md5":"51ec292cfc3b906b104083e245deac26","crc32":"e1d2ad59","sha1":"ed59b7490b2adad7b7a526a8bd69f23dc1f1e414","format":"VBR MP3","length":"679.94","track":"30","genre":"None"},{"name":"014 - 1982-11-13 - National Music Survey - Dick Clark.png","source":"derivative","format":"PNG","original":"014 - 1982-11-13 - National Music Survey - Dick Clark.mp3","mtime":"1748376247","size":"42673","md5":"4871fe0c5ad3f438cf7b137ad3a34530","crc32":"efccc8c1","sha1":"6f09d32ca8ffedf94897b8eb7f1e20419611e0fb"},{"name":"014 - 1982-11-13 - National Music Survey - Dick Clark_spectrogram.png","source":"derivative","format":"Spectrogram","original":"014 - 1982-11-13 - National Music Survey - Dick Clark.mp3","mtime":"1748376899","size":"274614","md5":"619ee270eb97bdd8fd76e7b23f4b948c","crc32":"49429bcd","sha1":"a861b3eb05ae15c6d7b97f2acaacd73a25bf4aa1"},{"name":"014-1982-11-06-national-music-survey-dick-clark_archive.torrent","source":"metadata","btih":"c9a2c03253f9baad4917919c3e93689f132bdb74","mtime":"1751300871","size":"101119","md5":"78d7d8cda02642fee2353febe925623a","crc32":"fa9221ab","sha1":"43b44dfa7f55114bd1a93c8b671f73e5c97f51af","format":"Archive BitTorrent"},{"name":"014-1982-11-06-national-music-survey-dick-clark_files.xml","source":"original","format":"Metadata","md5":"e90c2cfba6cf6c7c0767189028818f9a","summation":"md5"},{"name":"014-1982-11-06-national-music-survey-dick-clark_meta.sqlite","source":"original","mtime":"1748374937","size":"114688","md5":"010b3b65fcba5332b276f748ada32b94","crc32":"06bcb4d1","sha1":"46665f14a3b2352d7ca370007c2ded9dd52e6b9c","format":"Metadata"},{"name":"014-1982-11-06-national-music-survey-dick-clark_meta.xml","source":"original","mtime":"1751300869","size":"1593","md5":"9a6757f726e0f333440ac480478909bc","crc32":"6b81a479","sha1":"39d81a036e485af7e49da0bf2b046b8e8801b9ad","format":"Metadata"},{"name":"015 - 1982-11-06 - National Music Survey - Dick Clark.mp3","source":"original","mtime":"1748357118","size":"7637496","md5":"83ab04bd144108b9b06c94d0534d57a5","crc32":"bae2cc0b","sha1":"fa05654a43cc6d9e92acf745b350fb6a95d3840e","format":"VBR MP3","length":"477.34","title":"Hour 3 Segment 4","creator":"Dick Clark","album":"The Dick Clark NMS 06-11-82","track":"16","artist":"Dick Clark","genre":"Other"},{"name":"015 - 1982-11-06 - National Music Survey - Dick Clark.png","source":"derivative","format":"PNG","original":"015 - 1982-11-06 - National Music Survey - Dick Clark.mp3","mtime":"1748376288","size":"45060","md5":"d80c27bcb135a32682146a437dbfd470","crc32":"bd627cb3","sha1":"6f45f69525dc4ba34f9b506eaa306b0f06c8e466"},{"name":"015 - 1982-11-06 - National Music Survey - Dick Clark_spectrogram.png","source":"derivative","format":"Spectrogram","original":"015 - 1982-11-06 - National Music Survey - Dick Clark.mp3","mtime":"1748376940","size":"286231","md5":"8a41a93455ed7b0bccdd0e4e6424145c","crc32":"91e8b0c9","sha1":"3843fbe097eb169ef3afc2f190f9310e36c9d436"},{"name":"015 - 1982-11-13 - National Music Survey - Dick Clark.mp3","source":"original","mtime":"1748357814","size":"8388986","md5":"f3e54d4fafbfb4e919cd7b150eab1612","crc32":"e6893e1e","sha1":"e716a3c9ce522f33f1b096210a45e62d724a71f4","format":"VBR MP3","length":"524.3","track":"32","genre":"None"},{"name":"015 - 1982-11-13 - National Music Survey - Dick Clark.png","source":"derivative","format":"PNG","original":"015 - 1982-11-13 - National Music Survey - Dick Clark.mp3","mtime":"1748376326","size":"43137","md5":"32da9109b9f9dd3f281eecf248770c48","crc32":"b11235d0","sha1":"e68ce435905a9e6a0bab7d4dedc85d4587e3f4ce"},{"name":"015 - 1982-11-13 - National Music Survey - Dick Clark_spectrogram.png","source":"derivative","format":"Spectrogram","original":"015 - 1982-11-13 - National Music Survey - Dick Clark.mp3","mtime":"1748377018","size":"288623","md5":"f2bccff18661357cbdcd371da5368ff5","crc32":"e626eabb","sha1":"ee8b0c4b4fca205b4fe3e13202f2f43d11931688"},{"name":"016 - 1982-11-06 - National Music Survey - Dick Clark.mp3","source":"original","mtime":"1748357165","size":"8840800","md5":"0dec9309c1fac4b172fbd95575d886d0","crc32":"81422d86","sha1":"58a426d1eabb3f443649aba3afdbb2e7341f207f","format":"VBR MP3","length":"552.54","title":"Hour 3 Segment 5","creator":"Dick Clark","album":"The Dick Clark NMS 06-11-82","track":"17","artist":"Dick Clark","genre":"Other"},{"name":"016 - 1982-11-06 - National Music Survey - Dick Clark.png","source":"derivative","format":"PNG","original":"016 - 1982-11-06 - National Music Survey - Dick Clark.mp3","mtime":"1748376341","size":"45907","md5":"2dc204c58a94cf2910837a7d07b0d7d4","crc32":"ef9428a4","sha1":"a820faaab835d9f8793175a2a8716f1e5fcf5e9d"},{"name":"016 - 1982-11-06 - National Music Survey - Dick Clark_spectrogram.png","source":"derivative","format":"Spectrogram","original":"016 - 1982-11-06 - National Music Survey - Dick Clark.mp3","mtime":"1748377034","size":"282857","md5":"dfa18a991a7e3112e52010e9718ae1db","crc32":"eef3b760","sha1":"d16f2b8064af69adcf65f53b35ff093536d05d68"},{"name":"016 - 1982-11-13 - National Music Survey - Dick Clark.mp3","source":"original","mtime":"1748357852","size":"8071337","md5":"51acc707e509d340aaa5791c4253c994","crc32":"bd802d74","sha1":"8db48a049028995e3646161136ec985889b6a3c1","format":"VBR MP3","length":"504.45","track":"34","genre":"None"},{"name":"016 - 1982-11-13 - National Music Survey - Dick Clark.png","source":"derivative","format":"PNG","original":"016 - 1982-11-13 - National Music Survey - Dick Clark.mp3","mtime":"1748376374","size":"43778","md5":"30ff02c38dfdb6cf9171ec0412e709db","crc32":"ed7868de","sha1":"407a8d2bb8c81fa0dc84444fd4caa676c9ce7278"},{"name":"016 - 1982-11-13 - National Music Survey - Dick Clark_spectrogram.png","source":"derivative","format":"Spectrogram","original":"016 - 1982-11-13 - National Music Survey - Dick Clark.mp3","mtime":"1748377118","size":"277426","md5":"6f1c32a97c7f7327f9f46f362d3e7c96","crc32":"0213ab37","sha1":"760c284e85009ee8c49b778267d91fd4183247b3"},{"name":"017 - 1982-11-06 - National Music Survey - Dick Clark.mp3","source":"original","mtime":"1748357185","size":"4321408","md5":"e2dd83785c64a21433b729fad2a250ab","crc32":"574de5c0","sha1":"80db28fe9882cd80d27cdeca0b9034a8d1758f21","format":"VBR MP3","length":"270.08","title":"Hour 3 Segment 6","creator":"Dick Clark","album":"The Dick Clark NMS 06-11-82","track":"18","artist":"Dick Clark","genre":"Other"},{"name":"017 - 1982-11-06 - National Music Survey - Dick Clark.png","source":"derivative","format":"PNG","original":"017 - 1982-11-06 - National Music Survey - Dick Clark.mp3","mtime":"1748376392","size":"41292","md5":"1c632b53c2d2f14867fc39efed64f035","crc32":"e22a9fd6","sha1":"c8f6481d78795fc22ea0f3561193f65241c07d77"},{"name":"017 - 1982-11-06 - National Music Survey - Dick Clark_spectrogram.png","source":"derivative","format":"Spectrogram","original":"017 - 1982-11-06 - National Music Survey - Dick Clark.mp3","mtime":"1748377165","size":"303673","md5":"a1af13eab7752cd0f0d8f3981eda7b33","crc32":"d040ce1e","sha1":"cec8ec2a1e0cec2e01bf42507c68c1ca217a9b6a"},{"name":"017 - 1982-11-13 - National Music Survey - Dick Clark.mp3","source":"original","mtime":"1748357877","size":"5133084","md5":"d8e73d719dbf26c76acdcdbaa4c96f08","crc32":"ada63837","sha1":"75728053e309265ca6cee40f98629f042c480392","format":"VBR MP3","length":"320.81","track":"36","genre":"None"},{"name":"017 - 1982-11-13 - National Music Survey - Dick Clark.png","source":"derivative","format":"PNG","original":"017 - 1982-11-13 - National Music Survey - Dick Clark.mp3","mtime":"1748376407","size":"40560","md5":"333343b5f86b5b0ae8282ec14cd357ee","crc32":"bd951d6b","sha1":"2530a8d876276e4e37b8fc445e2682bf6d5fcf28"},{"name":"017 - 1982-11-13 - National Music Survey - Dick Clark_spectrogram.png","source":"derivative","format":"Spectrogram","original":"017 - 1982-11-13 - National Music Survey - Dick Clark.mp3","mtime":"1748377049","size":"292063","md5":"d302387a8688fbfdb690577a1e8642ad","crc32":"5d0a46c7","sha1":"3e03236d29b2933eab3fb6ad7f419dff89fd2a75"},{"name":"Dick Clark National Music Survey_1982-11-27_HOUR 1.mp3","source":"original","mtime":"1748373947","size":"93958265","md5":"419756caa85f8935ad3f335b893a645c","crc32":"48ed0cb1","sha1":"2b38ab5e2ab90c0c7812b1a6ced31cd4b8ef29d2","format":"VBR MP3","length":"2936.06","title":"HOUR 1 of 3","creator":"Dick Clark National Music Survey","album":"11/27/1982","track":"1","artist":"Dick Clark National Music Survey","genre":"Radio Shows"},{"name":"Dick Clark National Music Survey_1982-11-27_HOUR 1.png","source":"derivative","format":"PNG","original":"Dick Clark National Music Survey_1982-11-27_HOUR 1.mp3","mtime":"1748376445","size":"40670","md5":"1628b86a03169b1d9fd6efa80f42c265","crc32":"0cf17fb3","sha1":"c107340b18479863dbfcceef32855a086c9b167c"},{"name":"Dick Clark National Music Survey_1982-11-27_HOUR 1_spectrogram.png","source":"derivative","format":"Spectrogram","original":"Dick Clark National Music Survey_1982-11-27_HOUR 1.mp3","mtime":"1748376874","size":"294190","md5":"6f250791efa2365f966ef8593e1675e8","crc32":"7fb6298b","sha1":"ecc323b746d2e2c80ffced794bea90a7dcb69ca6"},{"name":"Dick Clark National Music Survey_1982-11-27_HOUR 2.mp3","source":"original","mtime":"1748374440","size":"94086160","md5":"3710e5031969c7e6fdf4a47f05cae872","crc32":"df779a08","sha1":"ced229b7cb887bb7364fd28631c56626e08f822d","format":"VBR MP3","length":"2940.06","title":"HOUR 2 of 3","creator":"Dick Clark National Music Survey","album":"11/27/1982","track":"2","artist":"Dick Clark National Music Survey","genre":"Radio Shows"},{"name":"Dick Clark National Music Survey_1982-11-27_HOUR 2.png","source":"derivative","format":"PNG","original":"Dick Clark National Music Survey_1982-11-27_HOUR 2.mp3","mtime":"1748376468","size":"40262","md5":"18507901d91b290d7f14284f5a68dd01","crc32":"0d0d2651","sha1":"838a6f6369dcca3c44b69924d26156a52318f111"},{"name":"Dick Clark National Music Survey_1982-11-27_HOUR 2_spectrogram.png","source":"derivative","format":"Spectrogram","original":"Dick Clark National Music Survey_1982-11-27_HOUR 2.mp3","mtime":"1748376813","size":"301910","md5":"674b2f837b33ed81cee41b1ce85a17d3","crc32":"60d9e1a6","sha1":"e6d4dc091b1446aff8d54e9228871f9451451440"},{"name":"Dick Clark National Music Survey_1982-11-27_HOUR 3.mp3","source":"original","mtime":"1748374921","size":"95711186","md5":"9e676f711706f3b522e0f342f5696f81","crc32":"f552a0a2","sha1":"dd4a7827384eff656b6ecf34cf36e72c8b81ff02","format":"VBR MP3","length":"2990.84","title":"HOUR 3 of 3","creator":"Dick Clark National Music Survey","album":"11/27/1982","track":"3","artist":"Dick Clark National Music Survey","genre":"Radio Shows"},{"name":"Dick Clark National Music Survey_1982-11-27_HOUR 3.png","source":"derivative","format":"PNG","original":"Dick Clark National Music Survey_1982-11-27_HOUR 3.mp3","mtime":"1748376489","size":"39685","md5":"c22f469fda49a2a0d1b05d1652713fd9","crc32":"d92c4ee6","sha1":"ca1f90c5ece8fa823bec24aee73feaa632e7afe5"},{"name":"Dick Clark National Music Survey_1982-11-27_HOUR 3_spectrogram.png","source":"derivative","format":"Spectrogram","original":"Dick Clark National Music Survey_1982-11-27_HOUR 3.mp3","mtime":"1748376977","size":"306633","md5":"b15931df88395c5ef98dcd844e662ecb","crc32":"745222f8","sha1":"bd59751741c70aaa5c101acf9bf243384e2c17c9"},{"name":"RichCounts_112082.pdf","source":"original","mtime":"1748357890","size":"2629901","md5":"e73cc485e1121002716341ee2e4ff0a0","crc32":"6d40d1c2","sha1":"c8bf9bc7173b0ce9ca51c6b8c472404535547061","format":"Text PDF","viruscheck":"1748357946"},{"name":"RichCounts_112082_H1S1.flac","source":"derivative","format":"Flac","original":"RichCounts_112082_H1S1.wav","mtime":"1748375535","size":"312995242","md5":"5388986c75c8350a7d107b7d19b9d18b","crc32":"51144645","sha1":"d4cd1e4c3871c56c7edbcb9118a0fbfed56e5b6e","length":"1672.65"},{"name":"RichCounts_112082_H1S1.mp3","source":"derivative","bitrate":"192","length":"27:53","format":"VBR MP3","original":"RichCounts_112082_H1S1.wav","mtime":"1748375330","size":"40166935","md5":"39f18f13262534042d87ec845c4ba78c","crc32":"b9063e6f","sha1":"66222a7b4d5c4583511db511f797634390fb2a8c"},{"name":"RichCounts_112082_H1S1.png","source":"derivative","format":"PNG","original":"RichCounts_112082_H1S1.wav","mtime":"1748375870","size":"43371","md5":"3857392b7eaa41ac47b8c601abba9f37","crc32":"b4165479","sha1":"54afa542560e19cb9ae337d25b63ca24c27a68e1"},{"name":"RichCounts_112082_H1S1.wav","source":"original","mtime":"1748360817","size":"590110664","md5":"a03c9edf4ef52197e2c9db68a7dbf071","crc32":"3440d801","sha1":"800f75d5a5908c8e5a6d93a3f21b15b33639a7e6","format":"WAVE","length":"1672.65","track":"01","comment":"Audio recording"},{"name":"RichCounts_112082_H1S1_spectrogram.png","source":"derivative","format":"Spectrogram","original":"RichCounts_112082_H1S1.wav","mtime":"1748377480","size":"300080","md5":"bb3ab3e7b69e6551e3201962f4c2f484","crc32":"e4e4864f","sha1":"d827e2f295fd40f095c54b16f38956fdf28ca7d3"},{"name":"RichCounts_112082_H1S2.flac","source":"derivative","format":"Flac","original":"RichCounts_112082_H1S2.wav","mtime":"1748375512","size":"247311349","md5":"fec2be19f9c13c9a927a35fb258fe084","crc32":"5afa3af8","sha1":"b5858247c8d11e29d978712d16fde295165d8008","length":"1300.24"},{"name":"RichCounts_112082_H1S2.mp3","source":"derivative","bitrate":"196","length":"21:40","format":"VBR MP3","original":"RichCounts_112082_H1S2.wav","mtime":"1748375382","size":"31854171","md5":"2d335c5c5929475c1d579b25c440e592","crc32":"cc991670","sha1":"cc1153d7868ba2beafbe59e624f0f77fdabf854e"},{"name":"RichCounts_112082_H1S2.png","source":"derivative","format":"PNG","original":"RichCounts_112082_H1S2.wav","mtime":"1748375677","size":"41425","md5":"878893499142b817b89f76d3e9ce0db6","crc32":"79071537","sha1":"673b335197a2a2b3d09af02aaad182f1a8c28140"},{"name":"RichCounts_112082_H1S2.wav","source":"original","mtime":"1748363080","size":"458725512","md5":"fe17c378ca0fb823f13cf222806bba25","crc32":"92cd88ca","sha1":"568c5589b00e1b72fdd7a6a5d8bddaac82f25469","format":"WAVE","length":"1300.24","track":"02","comment":"Audio recording"},{"name":"RichCounts_112082_H1S2_spectrogram.png","source":"derivative","format":"Spectrogram","original":"RichCounts_112082_H1S2.wav","mtime":"1748376614","size":"311152","md5":"ce2b2b9ec7f83ab61c381551915c2ceb","crc32":"61cbfb10","sha1":"33f8b26efdb887e1473ba9506a7b10b36fd9b8c7"},{"name":"RichCounts_112082_H2S1.flac","source":"derivative","format":"Flac","original":"RichCounts_112082_H2S1.wav","mtime":"1748375433","size":"278812264","md5":"af1839bcc0c1f094b3c9680383fbc6bb","crc32":"f33e5602","sha1":"775d98f2b4b432f87bbe929ecb5697e9ca75bdef","length":"1455.64"},{"name":"RichCounts_112082_H2S1.mp3","source":"derivative","bitrate":"196","length":"24:16","format":"VBR MP3","original":"RichCounts_112082_H2S1.wav","mtime":"1748375269","size":"35760895","md5":"082be7f2f18a393f20a5a849e697ea15","crc32":"34e995c8","sha1":"5c4b491fbfcfe607e7121add5ceadfb09cab22f0"},{"name":"RichCounts_112082_H2S1.png","source":"derivative","format":"PNG","original":"RichCounts_112082_H2S1.wav","mtime":"1748375846","size":"41025","md5":"c8b33e8e76f47003eef48dc598a5ca19","crc32":"980a2844","sha1":"2a56e3d04d15f076f2b7f7d9304e56c446281da9"},{"name":"RichCounts_112082_H2S1.wav","source":"original","mtime":"1748365615","size":"513551368","md5":"49aabad539e94fc92e3c43803445dc64","crc32":"b684242f","sha1":"215c2eabd34aaa8a2d727ae1077a2b1145ffe9eb","format":"WAVE","length":"1455.64","track":"03","comment":"Audio recording"},{"name":"RichCounts_112082_H2S1_spectrogram.png","source":"derivative","format":"Spectrogram","original":"RichCounts_112082_H2S1.wav","mtime":"1748376662","size":"305520","md5":"c472cdbe66de1b6e9c799b8ae66ac2c4","crc32":"b082e93b","sha1":"bca149ad258567123d84b109b30650b521b2b6c1"},{"name":"RichCounts_112082_H2S2.flac","source":"derivative","format":"Flac","original":"RichCounts_112082_H2S2.wav","mtime":"1748375465","size":"281765583","md5":"35d3f9f2db491ad928696296eaf93586","crc32":"11217c50","sha1":"1a4a16e28f83f80a96382782221d8a70803b6344","length":"1477.5"},{"name":"RichCounts_112082_H2S2.mp3","source":"derivative","bitrate":"183","length":"24:38","format":"VBR MP3","original":"RichCounts_112082_H2S2.wav","mtime":"1748375214","size":"33841777","md5":"c4bb996d99e6e956dae0d187f0bbd478","crc32":"4150a313","sha1":"0c45b7f86d7fc3af0eba3de53bd655386e6dc0db"},{"name":"RichCounts_112082_H2S2.png","source":"derivative","format":"PNG","original":"RichCounts_112082_H2S2.wav","mtime":"1748375888","size":"37916","md5":"556f765299fd409a1d0dbc29eeed6e08","crc32":"856073ab","sha1":"d05266524903bb07faac8678292d6799dc42b554"},{"name":"RichCounts_112082_H2S2.wav","source":"original","mtime":"1748368171","size":"521262792","md5":"401f510d315695a041c5089c532957a9","crc32":"16728ae2","sha1":"c796297cbf5822b2a353504c7e99dae750b6c7a4","format":"WAVE","length":"1477.5","track":"04","comment":"Audio recording"},{"name":"RichCounts_112082_H2S2_spectrogram.png","source":"derivative","format":"Spectrogram","original":"RichCounts_112082_H2S2.wav","mtime":"1748376641","size":"304128","md5":"37688d60c2c206af549467b1a114ac5f","crc32":"2d62aa54","sha1":"5e9803411d32818f20467e51f1f7cc7f92964a27"},{"name":"RichCounts_112082_H3S1.flac","source":"derivative","format":"Flac","original":"RichCounts_112082_H3S1.wav","mtime":"1748375488","size":"305764821","md5":"8f4bca6123ab15db8c7554d060a6ec8d","crc32":"1f14d52f","sha1":"99abf0ff2f0e568afd7cb4bc63fe451485285eb4","length":"1621.23"},{"name":"RichCounts_112082_H3S1.mp3","source":"derivative","bitrate":"193","length":"27:01","format":"VBR MP3","original":"RichCounts_112082_H3S1.wav","mtime":"1748375156","size":"39175013","md5":"a9656ed955d3fc736bc3f58a09985385","crc32":"d6956630","sha1":"ac80a3a7c1737810241000e74457fb45e445f643"},{"name":"RichCounts_112082_H3S1.png","source":"derivative","format":"PNG","original":"RichCounts_112082_H3S1.wav","mtime":"1748375828","size":"38035","md5":"e2694d2432f94e7456b9eda22067830d","crc32":"6136a0a5","sha1":"95284f3afd6d4a3e3fb0db2a2112e2f62e019f0e"},{"name":"RichCounts_112082_H3S1.wav","source":"original","mtime":"1748370808","size":"571972040","md5":"524767c100f7df65f677e629674994a8","crc32":"f0a04a46","sha1":"80fb664bbb5333d7f259f7facc17fc3c2fef28e1","format":"WAVE","length":"1621.23","track":"05","comment":"Audio recording"},{"name":"RichCounts_112082_H3S1_spectrogram.png","source":"derivative","format":"Spectrogram","original":"RichCounts_112082_H3S1.wav","mtime":"1748376580","size":"303411","md5":"e78d1aefe62f7b57a4c9f5858e19c8bd","crc32":"35d1c6f8","sha1":"0dd8e9f55276640a21268079622e50e71e471f05"},{"name":"RichCounts_112082_H3S2.flac","source":"derivative","format":"Flac","original":"RichCounts_112082_H3S2.wav","mtime":"1748375405","size":"283806240","md5":"4acfc6b15d1d870170a2adfabd8206ce","crc32":"4e4b65ba","sha1":"210abee7360036930d542cd65d303f05b440e52f","length":"1512.76"},{"name":"RichCounts_112082_H3S2.mp3","source":"derivative","bitrate":"203","length":"25:13","format":"VBR MP3","original":"RichCounts_112082_H3S2.wav","mtime":"1748375097","size":"38400449","md5":"8ed13f4cdfebb78b5c2802fbf9654123","crc32":"46c31e08","sha1":"b740ea7021e8cb2dfaeac51eaa22b1e55fbbfa96"},{"name":"RichCounts_112082_H3S2.png","source":"derivative","format":"PNG","original":"RichCounts_112082_H3S2.wav","mtime":"1748375556","size":"42325","md5":"f87f0579349f33055a4be43baf10d666","crc32":"593f120f","sha1":"8ae37e5270b3739f684d20b8fa9d000c56e20a32"},{"name":"RichCounts_112082_H3S2.wav","source":"original","mtime":"1748373488","size":"533702152","md5":"3ed148c4c0f9e5f534d548aa20fc7b59","crc32":"282dc904","sha1":"1ca213f0bd28ff917c4dac5c5a06cad59e58b287","format":"WAVE","length":"1512.76","track":"06","comment":"Audio recording"},{"name":"RichCounts_112082_H3S2_spectrogram.png","source":"derivative","format":"Spectrogram","original":"RichCounts_112082_H3S2.wav","mtime":"1748376598","size":"313637","md5":"239aa654db3221801cd4dc6703123418","crc32":"0d84f7b7","sha1":"6355baa7f555a5cead8abc0c41dba9cd3f8c8475"},{"name":"RichCounts_112082_chocr.html.gz","source":"derivative","ocr":"tesseract 5.3.0-6-g76ae","ocr_parameters":"lang-eng;two-pass-disabled;pass-dpi-disabled;autonomous-mode-disabled;binarisation-method-otsu","ocr_module_version":"0.0.21","ocr_detected_script":"Latin","ocr_detected_script_conf":"1.0000","ocr_detected_lang":"en","ocr_detected_lang_conf":"1.0000","format":"chOCR","original":"RichCounts_112082_jp2.zip","mtime":"1748377536","size":"94602","md5":"cddaa97cc2ffeaef0ad3159c962d66e1","crc32":"3f0fceee","sha1":"c629d458df1b119d0233a4d25ca88add52d8fce5"},{"name":"RichCounts_112082_djvu.txt","source":"derivative","format":"DjVuTXT","original":"RichCounts_112082_djvu.xml","mtime":"1748377592","size":"6409","md5":"7367bda1adc5ebdca1f469b6ab8d397e","crc32":"24192cd6","sha1":"c2a0b71db133dab57781dd740fa091799110fcc5"},{"name":"RichCounts_112082_djvu.xml","source":"derivative","format":"Djvu XML","original":"RichCounts_112082_hocr.html","mtime":"1748377561","size":"95947","md5":"954cf69f7891226fe367241811ead5dc","crc32":"da57426e","sha1":"00c316d3d65a9c60fa11edca0acc77a858df2669"},{"name":"RichCounts_112082_hocr.html","source":"derivative","hocr_char_to_word_module_version":"1.3.0","hocr_char_to_word_hocr_version":"1.1.56","ocr_parameters":"lang-eng;two-pass-disabled;pass-dpi-disabled;autonomous-mode-disabled;binarisation-method-otsu","ocr_module_version":"0.0.21","ocr_detected_script":"Latin","ocr_detected_script_conf":"1.0000","ocr_detected_lang":"en","ocr_detected_lang_conf":"1.0000","format":"hOCR","original":"RichCounts_112082_chocr.html.gz","mtime":"1748377550","size":"193898","md5":"109cf3ba976a300ca999a82ffc20b0c4","crc32":"de789b3d","sha1":"9b9fa1436474e78a6c8218d9957f0bc734e5e1c4"},{"name":"RichCounts_112082_hocr_pageindex.json.gz","source":"derivative","hocr_pageindex_module_version":"1.1.0","hocr_pageindex_hocr_version":"1.1.56","format":"OCR Page Index","original":"RichCounts_112082_hocr.html","mtime":"1748377568","size":"123","md5":"8188ae6c382acee5ac972e44ecc48d8e","crc32":"461bf4d3","sha1":"f8f62fece8430d4851852ff2ceef5e53c8f18012"},{"name":"RichCounts_112082_hocr_searchtext.txt.gz","source":"derivative","hocr_fts_text_module_version":"1.2.0","hocr_fts_text_hocr_version":"1.1.56","word_conf_0_10":"25","word_conf_11_20":"20","word_conf_21_30":"21","word_conf_31_40":"26","word_conf_41_50":"11","word_conf_51_60":"18","word_conf_61_70":"25","word_conf_71_80":"34","word_conf_81_90":"117","word_conf_91_100":"745","format":"OCR Search Text","original":"RichCounts_112082_hocr.html","mtime":"1748377583","size":"2606","md5":"796e3cf1894d590f783423c990383589","crc32":"7c09d7a1","sha1":"1f46a19bb1db80f83c9101ba484a8f6cc395661f"},{"name":"RichCounts_112082_jp2.zip","source":"derivative","format":"Single Page Processed JP2 ZIP","original":"RichCounts_112082.pdf","mtime":"1748375044","size":"2393024","md5":"8e95d95e8d38e3bf36501fbeb5be69eb","crc32":"5e3627d7","sha1":"21381c6ce3a26fb0356026aedce24d8adf58a7f0","filecount":"8"},{"name":"RichCounts_112082_page_numbers.json","source":"derivative","hocr_pagenumber_module_version":"1.0.5","hocr_pagenumber_hocr_version":"1.1.54","hocr_pagenumber_confidence":"0","format":"Page Numbers JSON","original":"RichCounts_112082_hocr.html","mtime":"1748377614","size":"1528","md5":"76e173ebe44bfff984db03005a40aca0","crc32":"c0ec3d7e","sha1":"8f95da47861b4b551d547140fd182b34c318d454"},{"name":"RichCounts_112082_scandata.xml","source":"derivative","format":"Scandata","original":"RichCounts_112082_djvu.xml","mtime":"1748377614","size":"2850","md5":"80075c1ac1dfb49d44397b3628c8ec5d","crc32":"620f6bdf","sha1":"f564a775fc63bd5212fa7fd46f6838c8a75be785"},{"name":"__ia_thumb.jpg","source":"original","mtime":"1748377677","size":"3279","md5":"d0608769520497ac9c60a0a0e24a1428","crc32":"40495e48","sha1":"6337396669a69a614da6c42bc3b2b4180c6caef6","format":"Item Tile"}],"files_count":162,"item_last_updated":1751300871,"item_size":5703080280,"metadata":{"identifier":"014-1982-11-06-national-music-survey-dick-clark","mediatype":"audio","collection":["airchecks-misc","airchecks","radioprograms"],"date":"1982-11-06","description":"The somhs that made our holiday memories are starting here!","language":"eng","scanner":"Internet Archive HTML5 Uploader 1.7.0","subject":["80s","pop","rock","country","soul","radio aircheck","woc"],"title":"Dick Clark's National Music Survey (November 1982)","uploader":"VPNICE26@gmail.com","publicdate":"2025-05-27 14:36:08","addeddate":"2025-05-27 14:36:08","curation":"[curator]validator@archive.org[/curator][date]20250527143731[/date][comment]checked for malware[/comment]","ppi":"300","ocr":"tesseract 5.3.0-6-g76ae","ocr_parameters":"-l eng","ocr_module_version":"0.0.21","ocr_detected_script":"Latin","ocr_detected_script_conf":"1.0000","ocr_detected_lang":"en","ocr_detected_lang_conf":"1.0000","page_number_confidence":"0","page_number_module_version":"1.0.5","collection_added":["airchecks","radioprograms"]},"server":"ia600305.us.archive.org","uniq":575972164,"workable_servers":["ia600305.us.archive.org","ia800305.us.archive.org"]}