{"alternate_locations":{"servers":[{"server":"dn720303.ca.archive.org","dir":"/0/items/01_20220222_20220222_1031"}],"workable":[{"server":"dn720303.ca.archive.org","dir":"/0/items/01_20220222_20220222_1031"}]},"created":1767564505,"d1":"ia601302.us.archive.org","d2":"ia801302.us.archive.org","dir":"/0/items/01_20220222_20220222_1031","files":[{"name":"01 あなたのいない休日.flac","source":"derivative","format":"Flac","original":"01 あなたのいない休日.wav","mtime":"1645526455","size":"33554007","md5":"7f1b2d28bf9f22d7ccfc9f4c2a3928c9","crc32":"50535288","sha1":"5c204623c2ae007c408a42dbf4d52fe245b0e6f7","length":"280.67"},{"name":"01 あなたのいない休日.mp3","source":"derivative","creator":"????","title":"?????????","genre":"World Pop","bitrate":"190","format":"VBR MP3","original":"01 あなたのいない休日.wav","mtime":"1645526291","size":"6685019","md5":"d18a4dfd46765da95d28cf18de274fe5","crc32":"8b41ba0b","sha1":"57cd089d3f24dc790ac5992f4bfb913da1b1e184","length":"280.71"},{"name":"01 あなたのいない休日.png","source":"derivative","format":"PNG","original":"01 あなたのいない休日.wav","mtime":"1645526550","size":"44407","md5":"f92f8147d6265f6ec2f413e80964641e","crc32":"2bedaba4","sha1":"289132d6d95b7fdf2d6a9c80fb1786b04e5190d0"},{"name":"01 あなたのいない休日.wav","source":"original","mtime":"1645526004","size":"49509770","md5":"05dbcffded8acb866c454b37a2af091d","crc32":"b9965687","sha1":"bbbcd4949a761a551f591c0911d3c895eded320e","format":"WAVE","length":"280.67","track":"01","title":"?????????","artist":"????","genre":"World Pop"},{"name":"01 あなたのいない休日_spectrogram.png","source":"derivative","format":"Spectrogram","original":"01 あなたのいない休日.wav","mtime":"1645526614","size":"298392","md5":"fb0987c860bc07a08f1f654eb5f9fcbf","crc32":"d76d1f90","sha1":"7470459a6aee09747800850689867bcc2495c546"},{"name":"01_20220222_20220222_1031_archive.torrent","source":"metadata","btih":"fd356bb7c653179d444450c8b8e4164712f33097","mtime":"1645526657","size":"9001","md5":"b8a880c49bb7e5633d029ef0a5402a59","crc32":"8002b806","sha1":"50aa6629bd49fc30265e06aa3c72bb537d7b092f","format":"Archive BitTorrent"},{"name":"01_20220222_20220222_1031_files.xml","source":"original","format":"Metadata","md5":"82bc16ac564eb81aac4f69f9c8637eac","summation":"md5"},{"name":"01_20220222_20220222_1031_meta.sqlite","source":"original","mtime":"1645526077","size":"20480","md5":"3bb1d67bf0eccf7bcb71e701b4ce1f81","crc32":"5f0ab2cb","sha1":"041ffd83c1e47cbcd476df8acf6cd4162336aef9","format":"Metadata"},{"name":"01_20220222_20220222_1031_meta.xml","source":"original","mtime":"1645526643","size":"787","md5":"6f319bb2498da42b07558a9e85ecc682","crc32":"429f1e78","sha1":"ad30c68ecdfa84e87511bd759962e0ad4cb715dc","format":"Metadata"},{"name":"02 君らしく.flac","source":"derivative","format":"Flac","original":"02 君らしく.wav","mtime":"1645526503","size":"31384618","md5":"040706dc2090dffd55b5a1188fc9336b","crc32":"0ce5af2f","sha1":"444d9fc50fce159f996b9920d1d17dd34a133422","length":"266.2"},{"name":"02 君らしく.mp3","source":"derivative","creator":"????","title":"????","genre":"World Pop","bitrate":"196","format":"VBR MP3","original":"02 君らしく.wav","mtime":"1645526397","size":"6528537","md5":"a9a28f831ef5d5177c1b1d1c1e6a3ed1","crc32":"36f7ece0","sha1":"ae0ecc35904a2df7745ea5dedbe5edaf1030ac68","length":"266.24"},{"name":"02 君らしく.png","source":"derivative","format":"PNG","original":"02 君らしく.wav","mtime":"1645526581","size":"41368","md5":"a4c9e87c492f2b98c438607607dae791","crc32":"c55077bd","sha1":"f8c097b4eabfa9d58a035bd181bb2d1fc768a362"},{"name":"02 君らしく.wav","source":"original","mtime":"1645526053","size":"46957846","md5":"d683325766d6a5d6301a3f6ebe6fce94","crc32":"025f75aa","sha1":"554ba4402df177e0738c7bba684bde4e120e28ea","format":"WAVE","length":"266.2","track":"02","title":"????","artist":"????","genre":"World Pop"},{"name":"02 君らしく_spectrogram.png","source":"derivative","format":"Spectrogram","original":"02 君らしく.wav","mtime":"1645526634","size":"306507","md5":"e4bd29e489cbfbcea21e367a72593e1c","crc32":"ecaebba0","sha1":"949d17e98704aeb34816f18196952337253b525c"},{"name":"__ia_thumb.jpg","source":"original","mtime":"1645526652","size":"3768","md5":"a3079980b62eec39d4d87ffdc9f86003","crc32":"12836816","sha1":"3142a8586db49db887d6b259e021c09b813e3f34","format":"Item Tile","rotation":"0"}],"files_count":15,"item_last_updated":1645526657,"item_size":175344507,"metadata":{"identifier":"01_20220222_20220222_1031","mediatype":"audio","collection":["opensource_audio","community"],"creator":"平松愛理","date":"1994-10-20","description":"Eri Hiramatsu","language":"jpn","scanner":"Internet Archive HTML5 Uploader 1.6.4","subject":["music","Japanese pop"],"title":"あなたのいない休日","uploader":"shockfleet@gmail.com","publicdate":"2022-02-22 10:33:53","addeddate":"2022-02-22 10:33:53","curation":"[curator]validator@archive.org[/curator][date]20220222103457[/date][comment]checked for malware[/comment]"},"server":"ia601302.us.archive.org","uniq":1497445148,"workable_servers":["ia601302.us.archive.org","ia801302.us.archive.org"]}