{"created":1767567181,"d1":"ia601308.us.archive.org","d2":"ia801308.us.archive.org","dir":"/17/items/01NeverNothingNew86","files":[{"name":"01 Never Nothing New (86).afpk","source":"derivative","format":"Columbia Peaks","original":"01 Never Nothing New (86).wma","mtime":"1428364673","size":"9824","md5":"4b69476de6504623a02563c0522f8455","crc32":"259bae98","sha1":"10632d82080e94aa8c0ab1607fb7216ddf281977"},{"name":"01 Never Nothing New (86).mp3","source":"derivative","track":"1","bitrate":"167","length":"00:44","format":"VBR MP3","original":"01 Never Nothing New (86).wma","mtime":"1428363714","size":"924672","md5":"00d3964c044f4546d2bac347ba078d3a","crc32":"ddbafa4c","sha1":"abb08d940662be82e3ff1f5f227fca805e673eec","height":"0","width":"0"},{"name":"01 Never Nothing New (86).ogg","source":"derivative","format":"Ogg Vorbis","original":"01 Never Nothing New (86).wma","mtime":"1428363859","size":"512808","md5":"53dfb08318d4616e60607db5218b85ba","crc32":"deb9f7d8","sha1":"822169256e0b0f3e80f16f75e60b917c793eeff9","length":"44.16","height":"0","width":"0"},{"name":"01 Never Nothing New (86).png","source":"derivative","format":"PNG","original":"01 Never Nothing New (86).wma","mtime":"1428364005","size":"11560","md5":"f5612d7122965344f5df3a61c0432405","crc32":"43914e6c","sha1":"ab8119bd6ffa3f593c6f29a0b649626e71c43e4f"},{"name":"01 Never Nothing New (86).wma","source":"original","mtime":"1428363152","size":"716733","md5":"1d5780c4c2969472f5f52a7feb133c1a","crc32":"c0df2c6a","sha1":"1d8bebf94c80c0f45f2ce87ce7c908077bf4ef44","format":"Windows Media Audio","length":"44.12","height":"0","width":"0","track":"1"},{"name":"01 Never Nothing New (86)_esshigh.json.gz","source":"derivative","format":"Essentia High GZ","original":"01 Never Nothing New (86)_esslow.json.gz","mtime":"1428364714","size":"1865","md5":"08f47aac6afdaf253ac9ece8b01cdc54","crc32":"2cd35d1c","sha1":"bb9adeb829fd6886133b65f960af060fcc2c7076"},{"name":"01 Never Nothing New (86)_esslow.json.gz","source":"derivative","format":"Essentia Low GZ","original":"01 Never Nothing New (86).wma","mtime":"1428364277","size":"21309","md5":"96ea7e56d25d6bf29dc1622dabe4be4b","crc32":"4f392ada","sha1":"150ba10697f3aca390a0c739d5ec735eaebca3b7"},{"name":"01NeverNothingNew86_archive.torrent","source":"metadata","btih":"cad97c44d5adce74c32e2c2d2d9e7b4523dbd053","mtime":"1685345830","size":"39354","md5":"395a9f4f38c026d2fd5d5d0d30191b1a","crc32":"a21f63c2","sha1":"d89051aa9072e674f52caab55998fa7d0d43011b","format":"Archive BitTorrent"},{"name":"01NeverNothingNew86_files.xml","source":"original","format":"Metadata","md5":"9669505d0ec32dbe80c00b97daa0e9dd","summation":"md5"},{"name":"01NeverNothingNew86_meta.sqlite","source":"original","mtime":"1428363254","size":"73728","md5":"eb5b4758c7466990e70a603552a1286f","crc32":"20db2a1f","sha1":"de61fe430bc82aa1bf056526f439933670431736","format":"Metadata"},{"name":"01NeverNothingNew86_meta.xml","source":"original","mtime":"1685345826","size":"1684","format":"Metadata","md5":"4222993e5a5a6b2a1a79780cb71920f0","crc32":"7c8f43cb","sha1":"50d0805f8efd293306bba99284dc568e431aff5e"},{"name":"02 Life Force (86).afpk","source":"derivative","format":"Columbia Peaks","original":"02 Life Force (86).wma","mtime":"1428364652","size":"42760","md5":"11b53d736a40dad1d0c8621033dadc58","crc32":"3dada277","sha1":"a310840036e330a84e7ec0753be5079f4fe64982"},{"name":"02 Life Force (86).mp3","source":"derivative","track":"2","bitrate":"172","length":"03:25","format":"VBR MP3","original":"02 Life Force (86).wma","mtime":"1428363678","size":"4419072","md5":"85f745e2f6b1790fc7f4bac3e5b365d4","crc32":"1a010e08","sha1":"4986ff844e3b54b70849c7828c1c00a3486b8982","height":"0","width":"0"},{"name":"02 Life Force (86).ogg","source":"derivative","format":"Ogg Vorbis","original":"02 Life Force (86).wma","mtime":"1428363896","size":"2417437","md5":"7d4f385e6f5997a6d2e688c9995c0b21","crc32":"659a3bef","sha1":"e4e14701f891467c65cc3f2c00d3c6c3966bf1a1","length":"205.13","height":"0","width":"0"},{"name":"02 Life Force (86).png","source":"derivative","format":"PNG","original":"02 Life Force (86).wma","mtime":"1428363998","size":"9876","md5":"32bec5949824e1cbcafea035635df07b","crc32":"289c3217","sha1":"df5465438d89314c5ac851306ed1a8b52218cf44"},{"name":"02 Life Force (86).wma","source":"original","mtime":"1428363165","size":"3310317","md5":"e4b72948de6f8d76287deb94c26d3115","crc32":"7a4a5434","sha1":"734dbedf8c19a0ddd3d022af1b2e72b8f8110252","format":"Windows Media Audio","length":"205.08","height":"0","width":"0","track":"2"},{"name":"02 Life Force (86)_esshigh.json.gz","source":"derivative","format":"Essentia High GZ","original":"02 Life Force (86)_esslow.json.gz","mtime":"1428364709","size":"1864","md5":"dc84312c03690bf0f9c80f89af076f67","crc32":"e59978f8","sha1":"dadf2934f0926ac28a257d4f1b5f842b42c0ca84"},{"name":"02 Life Force (86)_esslow.json.gz","source":"derivative","format":"Essentia Low GZ","original":"02 Life Force (86).wma","mtime":"1428364128","size":"23566","md5":"f644f6f9fa1be937764b9409b3ac9c35","crc32":"757808b9","sha1":"2e7cf80dcb1e7e88d9902499f143617ae8aa4adc"},{"name":"03 Dying Fast (86).afpk","source":"derivative","format":"Columbia Peaks","original":"03 Dying Fast (86).wma","mtime":"1428364641","size":"26600","md5":"c404e78711e7109b5f566f95d4c2e577","crc32":"99206c3b","sha1":"793b57a89c88ce1de813dc1a8239b7e9ad0fa83d"},{"name":"03 Dying Fast (86).mp3","source":"derivative","track":"3","bitrate":"175","length":"02:03","format":"VBR MP3","original":"03 Dying Fast (86).wma","mtime":"1428363719","size":"2692096","md5":"2f702d3f41db3e2417fe97bd091a7747","crc32":"7ec322ad","sha1":"c9ec31b9461de313e523da405ed9fdd6fe57fac4","height":"0","width":"0"},{"name":"03 Dying Fast (86).ogg","source":"derivative","format":"Ogg Vorbis","original":"03 Dying Fast (86).wma","mtime":"1428363888","size":"1431036","md5":"b6a61508fe80f4cda4b6f808f38eb9a7","crc32":"9f78c7ba","sha1":"fe781201b15ae379c4298f34c4d9679057136157","length":"123.25","height":"0","width":"0"},{"name":"03 Dying Fast (86).png","source":"derivative","format":"PNG","original":"03 Dying Fast (86).wma","mtime":"1428364010","size":"11346","md5":"1e8e10379ae70967777918f61841a1c0","crc32":"8342fdfa","sha1":"3f2a5fcd3e0dc369f89bb5d4d063c70d6c39f6fc"},{"name":"03 Dying Fast (86).wma","source":"original","mtime":"1428363170","size":"1989621","md5":"3e5a65b46dd89ed1ddb063a75a17d055","crc32":"62507fcb","sha1":"1b7a00db2f35b52ec5d069a5a9378794a9dafdd0","format":"Windows Media Audio","length":"123.21","height":"0","width":"0","track":"3"},{"name":"03 Dying Fast (86)_esshigh.json.gz","source":"derivative","format":"Essentia High GZ","original":"03 Dying Fast (86)_esslow.json.gz","mtime":"1428364731","size":"1860","md5":"c9736c2a30d223abe09c55d7de755af6","crc32":"c567e9ed","sha1":"f27ecedf95b5064e9c3c8f4849dc5d812d5cdd36"},{"name":"03 Dying Fast (86)_esslow.json.gz","source":"derivative","format":"Essentia Low GZ","original":"03 Dying Fast (86).wma","mtime":"1428364076","size":"22175","md5":"abba234c71f32565f38731e8f4ac51e8","crc32":"3f6dba3e","sha1":"838a40ecd3c2937f4b312f1508735e793ec89403"},{"name":"04 Living To Tell You About It (86).afpk","source":"derivative","format":"Columbia Peaks","original":"04 Living To Tell You About It (86).wma","mtime":"1428364661","size":"26448","md5":"d37d02de39e566adeda0df18c5aeb7df","crc32":"0fec55c9","sha1":"b9bf68cd25924f69186e64d9624441d6ce3830fc"},{"name":"04 Living To Tell You About It (86).mp3","source":"derivative","track":"4","bitrate":"173","length":"02:12","format":"VBR MP3","original":"04 Living To Tell You About It (86).wma","mtime":"1428363761","size":"2877440","md5":"5c075c7aee04edc5eb30184a31c52413","crc32":"77b68243","sha1":"45aa88fdcd927e28a19824bbac587020a0aed95a","height":"0","width":"0"},{"name":"04 Living To Tell You About It (86).ogg","source":"derivative","format":"Ogg Vorbis","original":"04 Living To Tell You About It (86).wma","mtime":"1428363910","size":"1522465","md5":"b4b2e8c8a7e015561eee6be454907ce3","crc32":"33ce01e3","sha1":"712a194c3733a49cf0ee5b75ea72d5dfa41edfeb","length":"132.91","height":"0","width":"0"},{"name":"04 Living To Tell You About It (86).png","source":"derivative","format":"PNG","original":"04 Living To Tell You About It (86).wma","mtime":"1428364025","size":"11264","md5":"43aca6e4ee92884c20cab5736fe8bfe2","crc32":"30a0a0e3","sha1":"72042cc621e0970d0dc8fae925558c54eb2b4834"},{"name":"04 Living To Tell You About It (86).wma","source":"original","mtime":"1428363173","size":"2144997","md5":"67ec97b17163d4c994fc8b54e64fab34","crc32":"6412b434","sha1":"a8d48cbf8cdfcfdad890628c2906739319add437","format":"Windows Media Audio","length":"132.86","height":"0","width":"0","track":"4"},{"name":"04 Living To Tell You About It (86)_esshigh.json.gz","source":"derivative","format":"Essentia High GZ","original":"04 Living To Tell You About It (86)_esslow.json.gz","mtime":"1428364802","size":"1892","md5":"9df346e51050840c43104bb8c09058e6","crc32":"45f6b6db","sha1":"b2542862f651f0b871717b45f5d4413293af88b1"},{"name":"04 Living To Tell You About It (86)_esslow.json.gz","source":"derivative","format":"Essentia Low GZ","original":"04 Living To Tell You About It (86).wma","mtime":"1428364245","size":"22295","md5":"aa923ba0dcd27e4c16f244072f3fb319","crc32":"07f7d26a","sha1":"3172a4964c5cd5ca396f778fd399bcf3eccf188d"},{"name":"05 Last Will & Testament (86).afpk","source":"derivative","format":"Columbia Peaks","original":"05 Last Will & Testament (86).wma","mtime":"1428364600","size":"19480","md5":"ac5054ca0cb48cf783eb68aece387185","crc32":"910cea63","sha1":"67a353f2a41043b31dc68d7c549f8f8a1711fda9"},{"name":"05 Last Will & Testament (86).mp3","source":"derivative","track":"5","bitrate":"172","length":"01:41","format":"VBR MP3","original":"05 Last Will & Testament (86).wma","mtime":"1428363799","size":"2176000","md5":"e160d3267e7976722e559bb722def71c","crc32":"8e8926e1","sha1":"07220d1c5f6f35890edf5c47cbc65fe8a873acf9","height":"0","width":"0"},{"name":"05 Last Will & Testament (86).ogg","source":"derivative","format":"Ogg Vorbis","original":"05 Last Will & Testament (86).wma","mtime":"1428363845","size":"1165129","md5":"be0cd2ebc92f09137afcc735a8758424","crc32":"bde790a0","sha1":"abf4289926f46c46f690d89c64f598256bdbe079","length":"101.05","height":"0","width":"0"},{"name":"05 Last Will & Testament (86).png","source":"derivative","format":"PNG","original":"05 Last Will & Testament (86).wma","mtime":"1428364021","size":"10791","md5":"5578887e5a0af50a897fefd3f6814ff5","crc32":"acee4115","sha1":"dd12b137c879066291f56002309a86e5d4e4fa30"},{"name":"05 Last Will & Testament (86).wma","source":"original","mtime":"1428363176","size":"1631061","md5":"862be638ae13774f3223d19ff6a6dfd1","crc32":"2a239259","sha1":"9e7b9da56d3255f948f4676786baf0cc5bdc582f","format":"Windows Media Audio","length":"101.01","height":"0","width":"0","track":"5"},{"name":"05 Last Will & Testament (86)_esshigh.json.gz","source":"derivative","format":"Essentia High GZ","original":"05 Last Will & Testament (86)_esslow.json.gz","mtime":"1428364788","size":"1878","md5":"2796e249e2914e2895564d0caaf5d920","crc32":"02bbab91","sha1":"3002d36f9a2b43134697823def41926c90f67107"},{"name":"05 Last Will & Testament (86)_esslow.json.gz","source":"derivative","format":"Essentia Low GZ","original":"05 Last Will & Testament (86).wma","mtime":"1428364159","size":"22163","md5":"e47dbc5d69d35b5bcd29d2aca35b1994","crc32":"1cc04a37","sha1":"bdd1e24c271f1444a9be5ace2b665cc50e5a9598"},{"name":"06 You're So Important.afpk","source":"derivative","format":"Columbia Peaks","original":"06 You're So Important.wma","mtime":"1428364667","size":"11336","md5":"cdbbbc916789e2d59007640ef499c471","crc32":"4c7f0256","sha1":"48d6d75852bda0090d2f340bc8276e3c900d881a"},{"name":"06 You're So Important.mp3","source":"derivative","track":"6","bitrate":"175","length":"00:53","format":"VBR MP3","original":"06 You're So Important.wma","mtime":"1428363702","size":"1170432","md5":"8e44a15b3d7fc786e79ab1573a50c861","crc32":"d2bb3de5","sha1":"2597672b5f36e5c2aad1a4e701142ce2189462b2","height":"0","width":"0"},{"name":"06 You're So Important.ogg","source":"derivative","format":"Ogg Vorbis","original":"06 You're So Important.wma","mtime":"1428363903","size":"613221","md5":"d321dcc927f8efb20e1a422590e54a68","crc32":"8a2ed57c","sha1":"7ae182ede80b136290a8cc7f5387dadc005c3b20","length":"53.31","height":"0","width":"0"},{"name":"06 You're So Important.png","source":"derivative","format":"PNG","original":"06 You're So Important.wma","mtime":"1428363990","size":"12145","md5":"e12c55aea7eda31c72a4f6221bc3bcdd","crc32":"7a213bc2","sha1":"01dabeb3e6429357e70b1a16c1e014d768309122"},{"name":"06 You're So Important.wma","source":"original","mtime":"1428363178","size":"878085","md5":"8ebd360750d70dfeef66bb8cefe8e36a","crc32":"9150c169","sha1":"57cd18f4a162024ca10ff119ae05566d9bab998e","format":"Windows Media Audio","length":"53.28","height":"0","width":"0","track":"6"},{"name":"06 You're So Important_esshigh.json.gz","source":"derivative","format":"Essentia High GZ","original":"06 You're So Important_esslow.json.gz","mtime":"1428364784","size":"1848","md5":"c49655aa10faf55a71266721b17c705c","crc32":"862ee8a5","sha1":"fbaebaf18ecc2314251986095fc3c90479ddf76d"},{"name":"06 You're So Important_esslow.json.gz","source":"derivative","format":"Essentia Low GZ","original":"06 You're So Important.wma","mtime":"1428364150","size":"21535","md5":"8d9e90eeaf00e8972f5e26cda7eb7bba","crc32":"38d1ebfe","sha1":"f7261a54fb2ef542750576e01f7cf4641215e184"},{"name":"07 Final Daze (86).afpk","source":"derivative","format":"Columbia Peaks","original":"07 Final Daze (86).wma","mtime":"1428364611","size":"16072","md5":"0997b0d5db48be7a88a339e02444e0c3","crc32":"f0ca7795","sha1":"16d86fdf686f7d888e8b0661e2c3b6ad9ace609a"},{"name":"07 Final Daze (86).mp3","source":"derivative","track":"7","bitrate":"169","length":"01:11","format":"VBR MP3","original":"07 Final Daze (86).wma","mtime":"1428363794","size":"1507840","md5":"52cf89e788a6736a5b58fd18586b3e11","crc32":"af92ddf8","sha1":"b073d1a3775923f70dc400390688637aef03c085","height":"0","width":"0"},{"name":"07 Final Daze (86).ogg","source":"derivative","format":"Ogg Vorbis","original":"07 Final Daze (86).wma","mtime":"1428363899","size":"810115","md5":"f5556ed5ef35759f35d6172bf5d4887b","crc32":"acc094fa","sha1":"a857d1aad163c0df84d5ed0fd1df4c8edfbab757","length":"71.1","height":"0","width":"0"},{"name":"07 Final Daze (86).png","source":"derivative","format":"PNG","original":"07 Final Daze (86).wma","mtime":"1428363981","size":"11140","md5":"1dbb12aae9fd79c439a13aec8120bdfb","crc32":"8875b423","sha1":"48485ec6caf4373f56a2b3d70bc42004597155f7"},{"name":"07 Final Daze (86).wma","source":"original","mtime":"1428363181","size":"1152981","md5":"ff674f1aa6e5120cbe25c028c8909493","crc32":"557a3263","sha1":"5e683e87d0552040ff66e9e3090ff2be2db0aa90","format":"Windows Media Audio","length":"71.05","height":"0","width":"0","track":"7"},{"name":"07 Final Daze (86)_esshigh.json.gz","source":"derivative","format":"Essentia High GZ","original":"07 Final Daze (86)_esslow.json.gz","mtime":"1428364718","size":"1868","md5":"5e356951a0ed0a2c75a8fc360c260209","crc32":"2ba0cdce","sha1":"e3b3b02685d47a71290f51de6c215282df497865"},{"name":"07 Final Daze (86)_esslow.json.gz","source":"derivative","format":"Essentia Low GZ","original":"07 Final Daze (86).wma","mtime":"1428364110","size":"22061","md5":"5bfd6699890d3b001b81f650a95d29ff","crc32":"33fd5a26","sha1":"80718bbb4a4e75499bb9fe68e72eb79d6ae845d3"},{"name":"08 Why It's Youth (86).afpk","source":"derivative","format":"Columbia Peaks","original":"08 Why It's Youth (86).wma","mtime":"1428364361","size":"50048","md5":"9a23867b8c48c2f3eb697e96db240fe4","crc32":"fbb4e103","sha1":"597d316ae31c45f4a9655f936481b421108b32c9"},{"name":"08 Why It's Youth (86).mp3","source":"derivative","track":"8","bitrate":"174","length":"03:50","format":"VBR MP3","original":"08 Why It's Youth (86).wma","mtime":"1428363670","size":"5031936","md5":"49e377cd2ab6201c95e4cd412d956126","crc32":"80233547","sha1":"48c5cfbe3db7b64686790540fa642a019c804018","height":"0","width":"0"},{"name":"08 Why It's Youth (86).ogg","source":"derivative","format":"Ogg Vorbis","original":"08 Why It's Youth (86).wma","mtime":"1428363920","size":"2718363","md5":"b4db5a8aaaeb4534d9fe3f64ae0c676f","crc32":"a6fdffc6","sha1":"ff3596809c787a1417e51ffad898df71930b18cd","length":"230.85","height":"0","width":"0"},{"name":"08 Why It's Youth (86).png","source":"derivative","format":"PNG","original":"08 Why It's Youth (86).wma","mtime":"1428363987","size":"10433","md5":"a6845036f39d29bb155d3b6162cd1995","crc32":"51916950","sha1":"efc659fb354d1e4c49bb449325b87f6ee9e9bb35"},{"name":"08 Why It's Youth (86).wma","source":"original","mtime":"1428363187","size":"3722661","md5":"9977ee15e8de5b5e119ebe48da08a589","crc32":"9b47eb03","sha1":"036bcef1efff947c91b3073c57a93f8f134da55a","format":"Windows Media Audio","length":"230.81","height":"0","width":"0","track":"8"},{"name":"08 Why It's Youth (86)_esshigh.json.gz","source":"derivative","format":"Essentia High GZ","original":"08 Why It's Youth (86)_esslow.json.gz","mtime":"1428364700","size":"1870","md5":"a05a5e29a44d693f3dc7e891c7f41786","crc32":"5e054522","sha1":"82b580c6a2317f3cb46eb1fc9a811d8358a4bb0b"},{"name":"08 Why It's Youth (86)_esslow.json.gz","source":"derivative","format":"Essentia Low GZ","original":"08 Why It's Youth (86).wma","mtime":"1428364352","size":"24611","md5":"20eb60394832148904d69766e5901656","crc32":"160493c4","sha1":"00e79307bf523547fab3646161a2e3e31a69917b"},{"name":"09 Beyond Possession (86).afpk","source":"derivative","format":"Columbia Peaks","original":"09 Beyond Possession (86).wma","mtime":"1428364382","size":"18160","md5":"5c5754687d78d673e281dd3b5958741b","crc32":"f01edbb5","sha1":"c2ccba97baf21879e6b434b8a9416fd3a14c71db"},{"name":"09 Beyond Possession (86).mp3","source":"derivative","track":"9","bitrate":"171","length":"01:25","format":"VBR MP3","original":"09 Beyond Possession (86).wma","mtime":"1428363649","size":"1818624","md5":"16a6903543575f4b31930496b85f9af9","crc32":"e66af029","sha1":"87ad1df260c614bd615177a0d7af887fda801250","height":"0","width":"0"},{"name":"09 Beyond Possession (86).ogg","source":"derivative","format":"Ogg Vorbis","original":"09 Beyond Possession (86).wma","mtime":"1428363832","size":"997284","md5":"127f0f34646baacd0ed5d8f9061e4c8e","crc32":"db64d5f3","sha1":"5653b57ec7bb4081c2da82b5fd8de00769d1bd2f","length":"85.08","height":"0","width":"0"},{"name":"09 Beyond Possession (86).png","source":"derivative","format":"PNG","original":"09 Beyond Possession (86).wma","mtime":"1428364029","size":"11530","md5":"abed8936a6201b4d6790aa2c8fbc7534","crc32":"676b77a4","sha1":"53cf82184f986d9e19ae607087e3fbe650be861b"},{"name":"09 Beyond Possession (86).wma","source":"original","mtime":"1428363189","size":"1374093","md5":"15d7df4829928aa9371d360ce06cd626","crc32":"de3da1f0","sha1":"a9bd3838e3ac8e77f451888ee4a96e5919b30660","format":"Windows Media Audio","length":"85.03","height":"0","width":"0","track":"9"},{"name":"09 Beyond Possession (86)_esshigh.json.gz","source":"derivative","format":"Essentia High GZ","original":"09 Beyond Possession (86)_esslow.json.gz","mtime":"1428364735","size":"1868","md5":"61ab7b4a88292fb208204364bfa1e6a1","crc32":"adf1c00c","sha1":"371c1b0c3dad2f21e12f6132fa5328640fd967e8"},{"name":"09 Beyond Possession (86)_esslow.json.gz","source":"derivative","format":"Essentia Low GZ","original":"09 Beyond Possession (86).wma","mtime":"1428364284","size":"22070","md5":"0c235938eb911b567676b48a2c9ad7c8","crc32":"8d82346f","sha1":"f7d78e591713ae8d862d019378dd33767cadfff9"},{"name":"10 Creeping Eruption (86).afpk","source":"derivative","format":"Columbia Peaks","original":"10 Creeping Eruption (86).wma","mtime":"1428364461","size":"21144","md5":"5de27f75af74a91234bcc9f08287c753","crc32":"805a86a2","sha1":"3f72cb9234e63f7cfded727407c0fc6e86c3ff0a"},{"name":"10 Creeping Eruption (86).mp3","source":"derivative","track":"10","bitrate":"175","length":"01:44","format":"VBR MP3","original":"10 Creeping Eruption (86).wma","mtime":"1428363804","size":"2284544","md5":"bf7db8f1552098f3d72074588278c187","crc32":"e560f223","sha1":"e9b86885ab6f55e57287ae7d0f8f1f58d60daf72","height":"0","width":"0"},{"name":"10 Creeping Eruption (86).ogg","source":"derivative","format":"Ogg Vorbis","original":"10 Creeping Eruption (86).wma","mtime":"1428363851","size":"1234647","md5":"b0b675b16fa5077c7dc0a25984039f3a","crc32":"9b86d61d","sha1":"9ea35f686c6a59000c90c3e6eccb9c3d5e9b3fe1","length":"104.16","height":"0","width":"0"},{"name":"10 Creeping Eruption (86).png","source":"derivative","format":"PNG","original":"10 Creeping Eruption (86).wma","mtime":"1428364014","size":"11781","md5":"e4e46d3fee3c8680cc87146f6fd5742f","crc32":"2f117b1e","sha1":"2dc5869cfec27bf73bc0a9ec4c4bad148b3e36c3"},{"name":"10 Creeping Eruption (86).wma","source":"original","mtime":"1428363193","size":"1684845","md5":"49fdae2b98a4cb1a874e5fff4d7a4a52","crc32":"b2a439eb","sha1":"f424787375f2c3f9e6bcea3695570de5aaf49105","format":"Windows Media Audio","length":"104.12","height":"0","width":"0","track":"10"},{"name":"10 Creeping Eruption (86)_esshigh.json.gz","source":"derivative","format":"Essentia High GZ","original":"10 Creeping Eruption (86)_esslow.json.gz","mtime":"1428364727","size":"1871","md5":"1fe4d8bea00af8b998aef33a405ddb65","crc32":"fd851ae4","sha1":"ebfda98b1126e4eaf54e603d2d1d15b5f6b7c139"},{"name":"10 Creeping Eruption (86)_esslow.json.gz","source":"derivative","format":"Essentia Low GZ","original":"10 Creeping Eruption (86).wma","mtime":"1428364104","size":"22200","md5":"c10f15a93a6557ca203388e3c3498878","crc32":"db639f9f","sha1":"dbccb11305d14656201c33ef1bac3757a81bb413"},{"name":"11 Hard Times (86).afpk","source":"derivative","format":"Columbia Peaks","original":"11 Hard Times (86).wma","mtime":"1428364623","size":"31696","md5":"e7ff66c452604e01515d66b8fb7f5166","crc32":"abbad7ea","sha1":"0ee9480cc4237a2f6b402b0c0c42cc46c61c7c0d"},{"name":"11 Hard Times (86).mp3","source":"derivative","track":"11","bitrate":"171","length":"02:18","format":"VBR MP3","original":"11 Hard Times (86).wma","mtime":"1428363655","size":"2947072","md5":"b5d59214ebe7062750d66dc3c6d2d38c","crc32":"677410f1","sha1":"1a5bf18799a8b9cabcde9e87e4f2e4e70d7d45cb","height":"0","width":"0"},{"name":"11 Hard Times (86).ogg","source":"derivative","format":"Ogg Vorbis","original":"11 Hard Times (86).wma","mtime":"1428363865","size":"1603406","md5":"fad4cda9481b6ccfaa61761436bad2eb","crc32":"f861c306","sha1":"067954613e52eb3a07900c1cfea2af83f4836541","length":"138.02","height":"0","width":"0"},{"name":"11 Hard Times (86).png","source":"derivative","format":"PNG","original":"11 Hard Times (86).wma","mtime":"1428364003","size":"10288","md5":"5259818d9f3130fafbb3d50c4f0c500c","crc32":"a03428e7","sha1":"1acfeb27021626a8a812f1c5bfbb6c2b0ef5d4b9"},{"name":"11 Hard Times (86).wma","source":"original","mtime":"1428363197","size":"2228661","md5":"38cff08da912f55dbdc3290ef6fc5eb3","crc32":"15b7139a","sha1":"94b78fdc2acd6455fcdd016a82936288265818fe","format":"Windows Media Audio","length":"137.97","height":"0","width":"0","track":"11"},{"name":"11 Hard Times (86)_esshigh.json.gz","source":"derivative","format":"Essentia High GZ","original":"11 Hard Times (86)_esslow.json.gz","mtime":"1428364740","size":"1854","md5":"78b4042bce14ef69e08f0bc9e32a2905","crc32":"7a767840","sha1":"d5a5f050e99334f6ee4596454fe7f8622758cb99"},{"name":"11 Hard Times (86)_esslow.json.gz","source":"derivative","format":"Essentia Low GZ","original":"11 Hard Times (86).wma","mtime":"1428364087","size":"22849","md5":"2d8cfa5484f0a8ea2c603e7efe5292aa","crc32":"2793343c","sha1":"c799b75488da8313da1e1354cb78070cc9f2f54c"},{"name":"12 Attitude Problem (86).afpk","source":"derivative","format":"Columbia Peaks","original":"12 Attitude Problem (86).wma","mtime":"1428364631","size":"17152","md5":"2d4a7a1983d8ac6ad096c8524a815579","crc32":"246317d7","sha1":"53e581ce1392a22d5df7be41c7c0c9f8c3230a31"},{"name":"12 Attitude Problem (86).mp3","source":"derivative","track":"12","bitrate":"176","length":"01:18","format":"VBR MP3","original":"12 Attitude Problem (86).wma","mtime":"1428363699","size":"1715200","md5":"9380539aa8973f86954714f7fd3e5870","crc32":"9229c271","sha1":"729f93609e97ff823359ccaaf91091be653f9699","height":"0","width":"0"},{"name":"12 Attitude Problem (86).ogg","source":"derivative","format":"Ogg Vorbis","original":"12 Attitude Problem (86).wma","mtime":"1428363869","size":"904898","md5":"3d6b17f80226f58e47780391f6915c23","crc32":"765a8d1c","sha1":"ee74629372298849af952d15d330a68235d90260","length":"78.02","height":"0","width":"0"},{"name":"12 Attitude Problem (86).png","source":"derivative","format":"PNG","original":"12 Attitude Problem (86).wma","mtime":"1428363960","size":"11739","md5":"5ab6a1da75e2280df6561f581df9600e","crc32":"9be5b72b","sha1":"dc47a0dac5947ab330708b7377767395a5b3ab9c"},{"name":"12 Attitude Problem (86).wma","source":"original","mtime":"1428363200","size":"1260549","md5":"21460a8f045c980b070173e42af4d50d","crc32":"ce0f9f9b","sha1":"dc323bcd1b665b623bcf846a3ecd3eb5d2ad342d","format":"Windows Media Audio","length":"77.97","height":"0","width":"0","track":"12"},{"name":"12 Attitude Problem (86)_esshigh.json.gz","source":"derivative","format":"Essentia High GZ","original":"12 Attitude Problem (86)_esslow.json.gz","mtime":"1428364793","size":"1868","md5":"6c83a12743de2eed845ec3167471ec68","crc32":"3e295e09","sha1":"f782724f7c4b4d7118bead248a52144697d6b818"},{"name":"12 Attitude Problem (86)_esslow.json.gz","source":"derivative","format":"Essentia Low GZ","original":"12 Attitude Problem (86).wma","mtime":"1428364327","size":"21714","md5":"8d5fc3860de380ddd8df206b9509b6d3","crc32":"9e75ac17","sha1":"7da8634cbc6e5e2305d3cdd4b2fdb388c2170884"},{"name":"13 Depression (86).afpk","source":"derivative","format":"Columbia Peaks","original":"13 Depression (86).wma","mtime":"1428364681","size":"24384","md5":"bbf2c756ca2b9975966bc48927b37e65","crc32":"d570d0aa","sha1":"aee80b60dd0160542d5f367bfb3dcd5e24c7888d"},{"name":"13 Depression (86).mp3","source":"derivative","track":"13","bitrate":"172","length":"02:07","format":"VBR MP3","original":"13 Depression (86).wma","mtime":"1428363725","size":"2731520","md5":"82830b4dac0a223ddc4ab6828710fd9f","crc32":"3b723c49","sha1":"3a3eea7e60739ea750f5b27832c88e92a9ee4c19","height":"0","width":"0"},{"name":"13 Depression (86).ogg","source":"derivative","format":"Ogg Vorbis","original":"13 Depression (86).wma","mtime":"1428363857","size":"1454757","md5":"005b34b292c71bc6dfdad7722d77d980","crc32":"c7e0b19c","sha1":"058dc4948742e50a92f36aac5736c622cab34ac2","length":"127.2","height":"0","width":"0"},{"name":"13 Depression (86).png","source":"derivative","format":"PNG","original":"13 Depression (86).wma","mtime":"1428363974","size":"12415","md5":"b4e37ed1ab1452843de5513c31a61dc5","crc32":"5f756739","sha1":"05401ad48efe6fdb42b69fd8a8299030e876a784"},{"name":"13 Depression (86).wma","source":"original","mtime":"1428363203","size":"2055357","md5":"36ec559c40c574eb3aa20f708c859e21","crc32":"872543f6","sha1":"d7f7867efb9d1f22d2574e1256b91d28c3e0ff15","format":"Windows Media Audio","length":"127.15","height":"0","width":"0","track":"13"},{"name":"13 Depression (86)_esshigh.json.gz","source":"derivative","format":"Essentia High GZ","original":"13 Depression (86)_esslow.json.gz","mtime":"1428364744","size":"1808","md5":"4f24f8011701dc3b7b63b97b5cd0d0f4","crc32":"ca3e5915","sha1":"5e1e0c4ecc108e9e4dcc0c79c4fa655ecefa9c1b"},{"name":"13 Depression (86)_esslow.json.gz","source":"derivative","format":"Essentia Low GZ","original":"13 Depression (86).wma","mtime":"1428364145","size":"22672","md5":"ec8ca026e02fb46d98f01441927e3255","crc32":"f9fe0f7a","sha1":"3614e9a9011fc856fc5057ca701fcab8298d60ca"},{"name":"14 Cinderella Syndrome (86).afpk","source":"derivative","format":"Columbia Peaks","original":"14 Cinderella Syndrome (86).wma","mtime":"1428364554","size":"19616","md5":"537b9081f4143920936d3a29f438148b","crc32":"2c3f0f68","sha1":"94cd5a813b399a70e896b78ea64a9311cc11bd59"},{"name":"14 Cinderella Syndrome (86).mp3","source":"derivative","track":"14","bitrate":"171","length":"01:42","format":"VBR MP3","original":"14 Cinderella Syndrome (86).wma","mtime":"1428363695","size":"2201088","md5":"1922bb9b448eb89cb1f6ab7af84535f7","crc32":"2b20ae42","sha1":"ac49c952303f6b640e735ca3c2c7bb4387b6ee7c","height":"0","width":"0"},{"name":"14 Cinderella Syndrome (86).ogg","source":"derivative","format":"Ogg Vorbis","original":"14 Cinderella Syndrome (86).wma","mtime":"1428363828","size":"1182195","md5":"90717d4625480c91a49ecc86fbabde0d","crc32":"a711c919","sha1":"bca02671b4722d7a2a0484046576e6c1f4450ce9","length":"102.86","height":"0","width":"0"},{"name":"14 Cinderella Syndrome (86).png","source":"derivative","format":"PNG","original":"14 Cinderella Syndrome (86).wma","mtime":"1428363970","size":"11079","md5":"71574d40fa65fb3dc4f264481a272d10","crc32":"5e8f6ec7","sha1":"4f1cb0be6fea41d4762d6772fa42d2ea09922ef9"},{"name":"14 Cinderella Syndrome (86).wma","source":"original","mtime":"1428363206","size":"1660941","md5":"1954d552a4e1db4d99e6b972083a827c","crc32":"1ebdc21d","sha1":"ae4a7a58e2c9bed4c18bb31ed6a6f40f34aefba1","format":"Windows Media Audio","length":"102.82","height":"0","width":"0","track":"14"},{"name":"14 Cinderella Syndrome (86)_esshigh.json.gz","source":"derivative","format":"Essentia High GZ","original":"14 Cinderella Syndrome (86)_esslow.json.gz","mtime":"1428364705","size":"1874","md5":"e0104775d73e2ed43d95b68f765ef34e","crc32":"6a5908b7","sha1":"3a1931924329afe45a1a19de2725d11957e1f965"},{"name":"14 Cinderella Syndrome (86)_esslow.json.gz","source":"derivative","format":"Essentia Low GZ","original":"14 Cinderella Syndrome (86).wma","mtime":"1428364215","size":"22421","md5":"0647185f32f350a17b71f54f9a5f47d7","crc32":"082ad487","sha1":"bdbe081e07e1859d8b1a0b76c862bc1f8cf4aff7"},{"name":"15 I'll Never Rest In Peace (86).afpk","source":"derivative","format":"Columbia Peaks","original":"15 I'll Never Rest In Peace (86).wma","mtime":"1428364579","size":"46984","md5":"8b91b497b233978c7f0946d1abf33f2b","crc32":"041dfdc6","sha1":"384f07e4e2b060ea5d5db686694b70be69049963"},{"name":"15 I'll Never Rest In Peace (86).mp3","source":"derivative","track":"15","bitrate":"172","length":"03:23","format":"VBR MP3","original":"15 I'll Never Rest In Peace (86).wma","mtime":"1428363711","size":"4367360","md5":"bab3f15ca4858b0fb4f6dc27b4985014","crc32":"4850dd51","sha1":"11ed2ebdb96f2c98f82e9a77e3c925053a19b74c","height":"0","width":"0"},{"name":"15 I'll Never Rest In Peace (86).ogg","source":"derivative","format":"Ogg Vorbis","original":"15 I'll Never Rest In Peace (86).wma","mtime":"1428363937","size":"2372756","md5":"facb2b000f078645cbfa40106cbc2c89","crc32":"de3915bc","sha1":"f5d5497562290de10bcca367efc112382a2feafa","length":"203.17","height":"0","width":"0"},{"name":"15 I'll Never Rest In Peace (86).png","source":"derivative","format":"PNG","original":"15 I'll Never Rest In Peace (86).wma","mtime":"1428363966","size":"10212","md5":"2e0180d0492c7bf993e65b947cd36ea1","crc32":"131782bc","sha1":"f5f0fc3c4830d53ddd7386573c6470e2d17cff47"},{"name":"15 I'll Never Rest In Peace (86).wma","source":"original","mtime":"1428363210","size":"3274461","md5":"9ef3be1c3a79c011910c3cb5ad1252b3","crc32":"c993f173","sha1":"15c09493793fee2c857196c0f684216a09d027fd","format":"Windows Media Audio","length":"203.13","height":"0","width":"0","track":"15"},{"name":"15 I'll Never Rest In Peace (86)_esshigh.json.gz","source":"derivative","format":"Essentia High GZ","original":"15 I'll Never Rest In Peace (86)_esslow.json.gz","mtime":"1428364749","size":"1883","md5":"5b04d3b9ba8f02778ef60f208b70016d","crc32":"7d7d8315","sha1":"c75c86a80097d650b52ecedf6e96f497c64ced20"},{"name":"15 I'll Never Rest In Peace (86)_esslow.json.gz","source":"derivative","format":"Essentia Low GZ","original":"15 I'll Never Rest In Peace (86).wma","mtime":"1428364319","size":"24222","md5":"df172dc8f77aca739f1bd26c4dc2b697","crc32":"5d468c67","sha1":"28fba1c3af8ba86646649f6146d7813330ca34a0"},{"name":"16 Tell Tale Heart (84).afpk","source":"derivative","format":"Columbia Peaks","original":"16 Tell Tale Heart (84).wma","mtime":"1428364546","size":"36176","md5":"15cacda245be9b851ba36144dc2961dd","crc32":"a888c165","sha1":"cc186d7fee3f34d7c3a5336f17a3e513bc17646c"},{"name":"16 Tell Tale Heart (84).mp3","source":"derivative","track":"16","bitrate":"169","length":"02:54","format":"VBR MP3","original":"16 Tell Tale Heart (84).wma","mtime":"1428363769","size":"3679232","md5":"cc7620aa895f26eef3142e39d73af619","crc32":"6c608e39","sha1":"bb77082d6462cd10263ddf3d0ebf1ac15c7a8892","height":"0","width":"0"},{"name":"16 Tell Tale Heart (84).ogg","source":"derivative","format":"Ogg Vorbis","original":"16 Tell Tale Heart (84).wma","mtime":"1428363948","size":"1829646","md5":"7d048defde05d3c6690df832ea2daad1","crc32":"0bc7cabe","sha1":"99602c8df7199cbda79dd978037fb3ca8b1e4780","length":"174.24","height":"0","width":"0"},{"name":"16 Tell Tale Heart (84).png","source":"derivative","format":"PNG","original":"16 Tell Tale Heart (84).wma","mtime":"1428364059","size":"10806","md5":"46a516df2a7dc2984f68080369e5aa0c","crc32":"42262cd3","sha1":"e7506a7e895a254195fab6861a3f4b979e3249bb"},{"name":"16 Tell Tale Heart (84).wma","source":"original","mtime":"1428363216","size":"2820285","md5":"a4b534e04fe5d00742d3fff9cc1c49fa","crc32":"436d1d2c","sha1":"65e2772054123da5a8e9ecbb656aa61226baf1a1","format":"Windows Media Audio","length":"174.2","height":"0","width":"0","track":"16"},{"name":"16 Tell Tale Heart (84)_esshigh.json.gz","source":"derivative","format":"Essentia High GZ","original":"16 Tell Tale Heart (84)_esslow.json.gz","mtime":"1428364722","size":"1867","md5":"bc160b55a8b707d7b94858eb683ff795","crc32":"cc6ca2d0","sha1":"5c12d0941a3a825a170074534f703992b47c6d2e"},{"name":"16 Tell Tale Heart (84)_esslow.json.gz","source":"derivative","format":"Essentia Low GZ","original":"16 Tell Tale Heart (84).wma","mtime":"1428364193","size":"23790","md5":"0d35d9f19e71469d81809c9b6f458961","crc32":"187b7f53","sha1":"d20fbe6b82fcc9f825419dad9b58d7bc88af6a23"},{"name":"17 What's The Matter (84).afpk","source":"derivative","format":"Columbia Peaks","original":"17 What's The Matter (84).wma","mtime":"1428364562","size":"14472","md5":"18e5805e4237b5dfda2bc1b13f57f8e4","crc32":"a21f8a8c","sha1":"6120a586d32d96c7e4d9649f47eca53ac5a2cab6"},{"name":"17 What's The Matter (84).mp3","source":"derivative","track":"17","bitrate":"166","length":"01:09","format":"VBR MP3","original":"17 What's The Matter (84).wma","mtime":"1428363773","size":"1432064","md5":"41195944b5bc2af00ba4b034c5553348","crc32":"1ae8911a","sha1":"040542996335f12e0ed01f23305b9d27ef3eb63f","height":"0","width":"0"},{"name":"17 What's The Matter (84).ogg","source":"derivative","format":"Ogg Vorbis","original":"17 What's The Matter (84).wma","mtime":"1428363951","size":"726763","md5":"5bb45fb8138931dfa9b6f90784a17ef6","crc32":"10cb3abc","sha1":"228ea0d86bd2a67264521b31180e59d5c8dc3692","length":"69.01","height":"0","width":"0"},{"name":"17 What's The Matter (84).png","source":"derivative","format":"PNG","original":"17 What's The Matter (84).wma","mtime":"1428363992","size":"12542","md5":"c53e4b222ab6834a0660af5c21c3f149","crc32":"a28d2d8a","sha1":"783d453cca7e66a859c2861f14fd195a39e50218"},{"name":"17 What's The Matter (84).wma","source":"original","mtime":"1428363219","size":"1117125","md5":"f9f795f43f1f0f5a9d33913f924ba012","crc32":"70c8bf6a","sha1":"8b50a55c0cc4a00e413ae6ed6e52bd8fad52eed8","format":"Windows Media Audio","length":"68.96","height":"0","width":"0","track":"17"},{"name":"17 What's The Matter (84)_esshigh.json.gz","source":"derivative","format":"Essentia High GZ","original":"17 What's The Matter (84)_esslow.json.gz","mtime":"1428364763","size":"1868","md5":"4db965cdfe25e7f8862f570ace15dd4d","crc32":"795bba85","sha1":"f12b141e5b48ff3e4ce95cddba9b6e120f94ef73"},{"name":"17 What's The Matter (84)_esslow.json.gz","source":"derivative","format":"Essentia Low GZ","original":"17 What's The Matter (84).wma","mtime":"1428364333","size":"21509","md5":"2a08c7b07fa85d4c6f708d4a406e03d9","crc32":"48eb7d27","sha1":"1e4ad4671dd76c3a45dfb048404aa5e2c84eb3d6"},{"name":"18 Skater's Life (84).afpk","source":"derivative","format":"Columbia Peaks","original":"18 Skater's Life (84).wma","mtime":"1428364570","size":"19808","md5":"63c9ece35a05d59bb97f2bddf7ea0658","crc32":"ca014c94","sha1":"3ef101a03d83560cf2c9586587c7108269dc3882"},{"name":"18 Skater's Life (84).mp3","source":"derivative","track":"18","bitrate":"164","length":"01:24","format":"VBR MP3","original":"18 Skater's Life (84).wma","mtime":"1428363755","size":"1738752","md5":"62fd2d98526295b1d8e2775509a0fb2d","crc32":"d0da4f00","sha1":"f06c8dae22ee7eedc84ed94b01e5b84ff0da60aa","height":"0","width":"0"},{"name":"18 Skater's Life (84).ogg","source":"derivative","format":"Ogg Vorbis","original":"18 Skater's Life (84).wma","mtime":"1428363941","size":"862271","md5":"7004d3842205b6cbfc45123df7af3055","crc32":"b2a93dc1","sha1":"b2809cc4fb3cfa41fec17593132ebe162d03284d","length":"84.8","height":"0","width":"0"},{"name":"18 Skater's Life (84).png","source":"derivative","format":"PNG","original":"18 Skater's Life (84).wma","mtime":"1428363977","size":"13382","md5":"2f33a478fedd514cdd39ea59943c0065","crc32":"28b10e2f","sha1":"d6c3257a8d1c2e662779654afc97e9b352650970"},{"name":"18 Skater's Life (84).wma","source":"original","mtime":"1428363222","size":"1374093","md5":"669e565edc1b3de78cc23df203aba0f8","crc32":"e2c273d9","sha1":"66133bd99549a6a339e61ae1bdab1fb1d95a3891","format":"Windows Media Audio","length":"84.75","height":"0","width":"0","track":"18"},{"name":"18 Skater's Life (84)_esshigh.json.gz","source":"derivative","format":"Essentia High GZ","original":"18 Skater's Life (84)_esslow.json.gz","mtime":"1428364775","size":"1857","md5":"d81c8cb86b9f31c6a42e86c9ba2610b8","crc32":"4297292e","sha1":"b4fcfb8d5d766b6203c3d10b356ddf3e26bf0b74"},{"name":"18 Skater's Life (84)_esslow.json.gz","source":"derivative","format":"Essentia Low GZ","original":"18 Skater's Life (84).wma","mtime":"1428364094","size":"21978","md5":"5b7e13d9586e2e91bd996846286ce57d","crc32":"806c9eaf","sha1":"38fa4459928f7afb2ca47e238e2163b51ceb22e6"},{"name":"19 No Religion (84).afpk","source":"derivative","format":"Columbia Peaks","original":"19 No Religion (84).wma","mtime":"1428364530","size":"17192","md5":"0f1b220797bc4d9ede2155a278be1dce","crc32":"c5c202a7","sha1":"640456261f21ce605fcf54a2af451ec2c1c2c100"},{"name":"19 No Religion (84).mp3","source":"derivative","track":"19","bitrate":"180","length":"01:21","format":"VBR MP3","original":"19 No Religion (84).wma","mtime":"1428363660","size":"1828352","md5":"35cad8d19e6949284f9dee0bccb1c53e","crc32":"ea3fb398","sha1":"09fb80940d521009e79ec9f716f68c42fe8a0244","height":"0","width":"0"},{"name":"19 No Religion (84).ogg","source":"derivative","format":"Ogg Vorbis","original":"19 No Religion (84).wma","mtime":"1428363808","size":"841846","md5":"2e963339df7950acbb33895bf96402f8","crc32":"24de1148","sha1":"ac7c5bd00077402e9a4ff8c74978d9437cac5448","length":"81.13","height":"0","width":"0"},{"name":"19 No Religion (84).png","source":"derivative","format":"PNG","original":"19 No Religion (84).wma","mtime":"1428364017","size":"12190","md5":"6149e235ed63076160a803736b15df88","crc32":"ac151d27","sha1":"5efde3e1743d211a983871808640d3e6fcb3bd93"},{"name":"19 No Religion (84).wma","source":"original","mtime":"1428363225","size":"1314333","md5":"20cdb141e7a85a2e8c44c240763fd5d8","crc32":"971baca0","sha1":"0beb7a79fbae22febf48317ffe509bc48720a869","format":"Windows Media Audio","length":"81.08","height":"0","width":"0","track":"19"},{"name":"19 No Religion (84)_esshigh.json.gz","source":"derivative","format":"Essentia High GZ","original":"19 No Religion (84)_esslow.json.gz","mtime":"1428364754","size":"1855","md5":"8cd96d3b1bc62d68f463f7a5d7728732","crc32":"b98ae31b","sha1":"2b5287170c64c94c23c8c09929ed8c10e817dd97"},{"name":"19 No Religion (84)_esslow.json.gz","source":"derivative","format":"Essentia Low GZ","original":"19 No Religion (84).wma","mtime":"1428364135","size":"21880","md5":"60851174bc00ecbfb23df65d2eecf60b","crc32":"53545a9e","sha1":"d311f93d0f1e633b7ef9f2e46d6ddef3e7c55006"},{"name":"20 Vengence (84).afpk","source":"derivative","format":"Columbia Peaks","original":"20 Vengence (84).wma","mtime":"1428364472","size":"35176","md5":"8112176daec95b7c8d1520235c08e9e3","crc32":"603df89e","sha1":"a8671067c67fad7b9c3092990453a09c0ddb8a73"},{"name":"20 Vengence (84).mp3","source":"derivative","track":"20","bitrate":"168","length":"02:43","format":"VBR MP3","original":"20 Vengence (84).wma","mtime":"1428363790","size":"3437568","md5":"04855d259dc397ad167a35a17ed2ecdd","crc32":"bf3bf4a8","sha1":"cde9fd23c3445fa2dc08f043576d72d6b8e17ec6","height":"0","width":"0"},{"name":"20 Vengence (84).ogg","source":"derivative","format":"Ogg Vorbis","original":"20 Vengence (84).wma","mtime":"1428363823","size":"1708652","md5":"af3fd2854a389e74e3d9620215e648fc","crc32":"4ce61f65","sha1":"4b7546fcb80bd313be2aafd380f5265cf08c4946","length":"163.24","height":"0","width":"0"},{"name":"20 Vengence (84).png","source":"derivative","format":"PNG","original":"20 Vengence (84).wma","mtime":"1428363957","size":"11185","md5":"908d278d432d80b7b5d492ed1505a28a","crc32":"3eda1109","sha1":"8e06bf35ea3d0159393272e72d8c6cb85b7d7599"},{"name":"20 Vengence (84).wma","source":"original","mtime":"1428363229","size":"2635029","md5":"49b59392b0c06357091428d32b542fcd","crc32":"90f92c59","sha1":"0cec550dfc222547f55d81380d104a218462e6c7","format":"Windows Media Audio","length":"163.19","height":"0","width":"0","track":"20"},{"name":"20 Vengence (84)_esshigh.json.gz","source":"derivative","format":"Essentia High GZ","original":"20 Vengence (84)_esslow.json.gz","mtime":"1428364758","size":"1831","md5":"c223e2e46f06f629563ded3ccbf21756","crc32":"17dcf962","sha1":"38e7fc13852a83c63cf01c35b4cc4fed6f6d3020"},{"name":"20 Vengence (84)_esslow.json.gz","source":"derivative","format":"Essentia Low GZ","original":"20 Vengence (84).wma","mtime":"1428364207","size":"22792","md5":"a730b3352fdbf28ccd0bab709e373373","crc32":"16686fe5","sha1":"80c5105fd6b7e76b8645f4a2df0dbf4217bbfdd7"},{"name":"21 FreedomDreamer (89).afpk","source":"derivative","format":"Columbia Peaks","original":"21 FreedomDreamer (89).wma","mtime":"1428364590","size":"53568","md5":"e7eb87fa1211b1671607386bf5d970e9","crc32":"8af9b32f","sha1":"b34e8b00e807c3ef2d889ce80d5418bfaad56db4"},{"name":"21 FreedomDreamer (89).mp3","source":"derivative","track":"21","bitrate":"180","length":"03:40","format":"VBR MP3","original":"21 FreedomDreamer (89).wma","mtime":"1428363750","size":"4956160","md5":"d40b667691e573c5cbc2776f27f4e2c5","crc32":"b819f002","sha1":"03e60526e031a99c2d34eadc8d38a672bc1aee68","height":"0","width":"0"},{"name":"21 FreedomDreamer (89).ogg","source":"derivative","format":"Ogg Vorbis","original":"21 FreedomDreamer (89).wma","mtime":"1428363817","size":"2571738","md5":"cec9c1b78a7d52ac1510a46debfe1dc6","crc32":"f88b1771","sha1":"323a623763cbcfa51690a9fb876f153da4716261","length":"220.13","height":"0","width":"0"},{"name":"21 FreedomDreamer (89).png","source":"derivative","format":"PNG","original":"21 FreedomDreamer (89).wma","mtime":"1428364047","size":"10454","md5":"ccc4c93b1e2a6b20c6629bcfacfb3140","crc32":"30e33c89","sha1":"9271356ba00792cb97b6a6653b3e52fc0c9c7f2e"},{"name":"21 FreedomDreamer (89).wma","source":"original","mtime":"1428363233","size":"3549357","md5":"c89e91da4fdbd949f22b12e291bc5b8d","crc32":"fd781722","sha1":"8dc4b16dde830119f19ab076e60868a6a29aab83","format":"Windows Media Audio","length":"220.08","height":"0","width":"0","track":"21"},{"name":"21 FreedomDreamer (89)_esshigh.json.gz","source":"derivative","format":"Essentia High GZ","original":"21 FreedomDreamer (89)_esslow.json.gz","mtime":"1428364797","size":"1858","md5":"3e83448a839ce848b090779b1be5b2c1","crc32":"c6369c3b","sha1":"fb241ceb23e548d549ef72e1f8cd31860cd73234"},{"name":"21 FreedomDreamer (89)_esslow.json.gz","source":"derivative","format":"Essentia Low GZ","original":"21 FreedomDreamer (89).wma","mtime":"1428364233","size":"23497","md5":"523aae32d9c4fa62c50446d48856091b","crc32":"1f3f4e2a","sha1":"a1c049a5f3bcba2b4d3fc347f58a3f6ed2aa84ff"},{"name":"22 Why Can't You See (89).afpk","source":"derivative","format":"Columbia Peaks","original":"22 Why Can't You See (89).wma","mtime":"1428364500","size":"49392","md5":"7bf9e15c42f7206ebcfdefe1cc214de9","crc32":"06763183","sha1":"e628b8e18429aaca6c2b043920322afcc797fa98"},{"name":"22 Why Can't You See (89).mp3","source":"derivative","track":"22","bitrate":"178","length":"03:45","format":"VBR MP3","original":"22 Why Can't You See (89).wma","mtime":"1428363782","size":"5019648","md5":"a0ff9a053318168ba43f7714a3c5ccf8","crc32":"557a7c61","sha1":"8f649202eeaa38508e028c0e0325f358d223aa47","height":"0","width":"0"},{"name":"22 Why Can't You See (89).ogg","source":"derivative","format":"Ogg Vorbis","original":"22 Why Can't You See (89).wma","mtime":"1428363841","size":"2639944","md5":"6d28767a7f1b20470140b16962b75d5a","crc32":"8762b2ef","sha1":"5b2518f20ade46097a9a4b97d94bd40e182d1c77","length":"225.93","height":"0","width":"0"},{"name":"22 Why Can't You See (89).png","source":"derivative","format":"PNG","original":"22 Why Can't You See (89).wma","mtime":"1428364041","size":"10342","md5":"7807d6eefaae568a47ab2fb01b9de5b4","crc32":"b6f3c800","sha1":"d8975b50a3c78c36dac874f10c7c03d970d6ebd9"},{"name":"22 Why Can't You See (89).wma","source":"original","mtime":"1428363239","size":"3644973","md5":"fd3a23ec26a605dfb987d013b793667d","crc32":"33b41b4b","sha1":"cce20c90ab906f6809c2cf8709c70409ae6d3c80","format":"Windows Media Audio","length":"225.88","height":"0","width":"0","track":"22"},{"name":"22 Why Can't You See (89)_esshigh.json.gz","source":"derivative","format":"Essentia High GZ","original":"22 Why Can't You See (89)_esslow.json.gz","mtime":"1428364771","size":"1859","md5":"86876a01dc728ba999584d3c0a025da6","crc32":"b5dd5f9a","sha1":"5185cb6dfeaef4fd392f47e53c7915a007e82e47"},{"name":"22 Why Can't You See (89)_esslow.json.gz","source":"derivative","format":"Essentia Low GZ","original":"22 Why Can't You See (89).wma","mtime":"1428364301","size":"23686","md5":"1a34cea721494ceb60269a3e66be365f","crc32":"395d60d9","sha1":"70da484d0c48242eb1831bbe4b274caf1eb3e48c"},{"name":"23 Reappearing Images (89).afpk","source":"derivative","format":"Columbia Peaks","original":"23 Reappearing Images (89).wma","mtime":"1428364487","size":"81280","md5":"05fe365b8e8305c98de019700a80d95c","crc32":"7f067adb","sha1":"b8839fbb33fe41a357298765ba497feae382260b"},{"name":"23 Reappearing Images (89).mp3","source":"derivative","track":"23","bitrate":"180","length":"05:59","format":"VBR MP3","original":"23 Reappearing Images (89).wma","mtime":"1428363740","size":"8096256","md5":"ce1c9033df62ff21d204426dd046881b","crc32":"b01f24a0","sha1":"37b42c97d512ac7c2ac409ad9f200ce5d53c1e27","height":"0","width":"0"},{"name":"23 Reappearing Images (89).ogg","source":"derivative","format":"Ogg Vorbis","original":"23 Reappearing Images (89).wma","mtime":"1428363882","size":"4209396","md5":"fb3c30b593a1d2be40fca42d4eedcf9a","crc32":"2cc7b455","sha1":"e726d53c152a5c0670e5bc0267db18dad80d56c0","length":"359.96","height":"0","width":"0"},{"name":"23 Reappearing Images (89).png","source":"derivative","format":"PNG","original":"23 Reappearing Images (89).wma","mtime":"1428364055","size":"9863","md5":"cc98998a473d77e47d589d8dc49badb8","crc32":"1fbab204","sha1":"e4febb5dbe653b46ee80dba93ec77c5d7e447350"},{"name":"23 Reappearing Images (89).wma","source":"original","mtime":"1428363245","size":"5814261","md5":"145470b52f95312852e634202162e737","crc32":"130e98d0","sha1":"5376a73507f93e67b1e26f515047cfc348a1d6af","format":"Windows Media Audio","length":"359.92","height":"0","width":"0","track":"23"},{"name":"23 Reappearing Images (89)_esshigh.json.gz","source":"derivative","format":"Essentia High GZ","original":"23 Reappearing Images (89)_esslow.json.gz","mtime":"1428364780","size":"1881","md5":"c13640fccfde07069c62f6a0b626c5b2","crc32":"65061915","sha1":"2cc94132f1396d366dd1048e49b2a64aa09f652c"},{"name":"23 Reappearing Images (89)_esslow.json.gz","source":"derivative","format":"Essentia Low GZ","original":"23 Reappearing Images (89).wma","mtime":"1428364272","size":"25435","md5":"24f1ebbfb2e8dc9679fd28d866f1744b","crc32":"bc7a307e","sha1":"0fa7ae370896b07c0e5b3291f4b629e645899811"},{"name":"24 Of Sands & Sails (89).afpk","source":"derivative","format":"Columbia Peaks","original":"24 Of Sands & Sails (89).wma","mtime":"1428364514","size":"56744","md5":"48a9093b7d97388f2da7daea8c6d37a6","crc32":"4856d4f7","sha1":"6b5a83116d9a1cdc5f479324ecd984f51d769089"},{"name":"24 Of Sands & Sails (89).mp3","source":"derivative","track":"24","bitrate":"182","length":"04:13","format":"VBR MP3","original":"24 Of Sands & Sails (89).wma","mtime":"1428363689","size":"5771776","md5":"b4324662808c4ccefd30a35eec361314","crc32":"1ab03d7a","sha1":"e6c3ed5517361aa7bb31f41fc6c05ab46d42a344","height":"0","width":"0"},{"name":"24 Of Sands & Sails (89).ogg","source":"derivative","format":"Ogg Vorbis","original":"24 Of Sands & Sails (89).wma","mtime":"1428363929","size":"2972023","md5":"05e64936b2d0cee05bac43f258b9bb8a","crc32":"53b29945","sha1":"a899dbeb17df431da889795ba0a46022df021a01","length":"253.33","height":"0","width":"0"},{"name":"24 Of Sands & Sails (89).png","source":"derivative","format":"PNG","original":"24 Of Sands & Sails (89).wma","mtime":"1428364035","size":"9214","md5":"9f317b855992fecd32e4333df0737fda","crc32":"17ea6092","sha1":"20d29c643b62303a796c31c3c71a280828946a02"},{"name":"24 Of Sands & Sails (89).wma","source":"original","mtime":"1428363250","size":"4087197","md5":"803fcae3a8fd7f810aff7bc8f1f4edb2","crc32":"0b56d141","sha1":"c988b393ffc804826766df7e4a264886ac8c1073","format":"Windows Media Audio","length":"253.28","height":"0","width":"0","track":"24"},{"name":"24 Of Sands & Sails (89)_esshigh.json.gz","source":"derivative","format":"Essentia High GZ","original":"24 Of Sands & Sails (89)_esslow.json.gz","mtime":"1428364767","size":"1861","md5":"61b485ba871ec32bd8900afc37f39654","crc32":"e6c46b5c","sha1":"c1eb60c0f2f96fed4cbb895077b0c929290b8a65"},{"name":"24 Of Sands & Sails (89)_esslow.json.gz","source":"derivative","format":"Essentia Low GZ","original":"24 Of Sands & Sails (89).wma","mtime":"1428364179","size":"24290","md5":"8bc0deee6a0f0e1bd450c0b9461f33a7","crc32":"cbd1f40a","sha1":"4c19ffbdf9e54bc4df95b85154a57c36f777145a"},{"name":"__ia_thumb.jpg","source":"original","mtime":"1640057139","size":"3183","md5":"f8dae95fa833026de576332c468059a7","crc32":"23333bcb","sha1":"a6c35468930c0807015a3b8434dc35dbca86001a","format":"Item Tile","rotation":"0"}],"files_count":173,"item_last_updated":1685345830,"item_size":171291982,"metadata":{"identifier":"01NeverNothingNew86","mediatype":"audio","collection":["opensource_audio","community"],"creator":"Beyond Possession","date":"1984","description":"Beyond Possession was an early Hardcore/Thrash Punk band from Calgary, Canada active from 1983 to 1989. They released an ep in 1984, along with a track on a Thrasher Magazine comp, and an album in 1986. There were some demos recorded in 1989 which were not released before the band broke up. They toured with The Accused, Corrosion of Conformity, The Circle Jerks, DRI, Jr. Gone Wild, Die Kruezen, The Mentors, The Melvins, Suicidal Tendencies, Soul Asylum, SNFU, Verbal Abuse and Color Me Psycho (later known as Forbidden Dimension) and counting among their fans Metallica, Megadeth and the young Kurt Cobain. Their catalog is currently out of print.<br />","language":"eng","licenseurl":"http://creativecommons.org/publicdomain/zero/1.0/","scanner":"Internet Archive HTML5 Uploader 1.6.1","subject":["Punk Rock","Hardcore","Thrash","Speed Metal","Skater Punk"],"title":"Beyond Possession - Collected Works","publicdate":"2015-04-06 23:32:33","uploader":"moondogsballroom@gmail.com","addeddate":"2015-04-06 23:32:33","curation":"[curator]validator@archive.org[/curator][date]20150406234041[/date][comment]checked for malware[/comment]","year":"1984","backup_location":"ia905303_27"},"server":"ia801308.us.archive.org","uniq":268246811,"workable_servers":["ia801308.us.archive.org","ia601308.us.archive.org"]}