{"alternate_locations":{"servers":[{"server":"dn720706.ca.archive.org","dir":"/0/items/01Tonight"}],"workable":[{"server":"dn720706.ca.archive.org","dir":"/0/items/01Tonight"}]},"created":1767567187,"d1":"ia601203.us.archive.org","d2":"ia801203.us.archive.org","dir":"/1/items/01Tonight","files":[{"name":"01 - Tonight.mp3","source":"original","format":"VBR MP3","length":"327.27","height":"852","width":"800","mtime":"1389895112","size":"5236327","md5":"880bb4d86409237ae3999a655c6a41f4","crc32":"2089acbe","sha1":"c70b507531fdbd113c6c1b7c6a88134d8455e361","title":"Сегодня ночью кто-то","album":"Табу","artist":"Аквариум","genre":"Art Rock","track":"1","external-identifier":["urn:acoustid:90919f7a-9550-47b5-9740-4e27ca4daca1","urn:mb_recording_id:9092d96f-75a1-4ab3-bf3d-4a95d95e73e5"]},{"name":"01 - Tonight.ogg","source":"derivative","format":"Ogg Vorbis","original":"01 - Tonight.mp3","mtime":"1389895443","size":"3559742","md5":"7bfeb5b7d3c91c8f4c0f880f5d3296b1","crc32":"ed31bbab","sha1":"d4e5b4fd63b05dabcba8f2c5b4c6a7738410509f","length":"324.52","height":"0","width":"0"},{"name":"01 - Tonight.png","source":"derivative","format":"PNG","original":"01 - Tonight.mp3","mtime":"1415398713","size":"10188","md5":"46288db6e1a43447a016575c2bbe568b","crc32":"28c63f6d","sha1":"46376b1954569e77a660d9f0abb60319c43e1c3e"},{"name":"01Tonight_archive.torrent","source":"metadata","btih":"8326d23dbb9ca8c128e35f5e73ce83e3145c0c6a","mtime":"1754817781","size":"9712","md5":"ad0b21684c4b44d8a5d89bdcea967537","crc32":"576682fe","sha1":"fca337372db5e99223e0e4fafac799d3a82d9b47","format":"Archive BitTorrent"},{"name":"01Tonight_files.xml","source":"original","format":"Metadata","md5":"8f8a7b900f7241765183822ca2757358","summation":"md5"},{"name":"01Tonight_meta.sqlite","source":"original","format":"Metadata","mtime":"1389895326","size":"21504","md5":"6c0cffe6df804ee23ab39ca99b298b29","crc32":"d6be1be2","sha1":"b9d39357397c0a59bb3ed5386a3f560369b11c40"},{"name":"01Tonight_meta.xml","source":"original","format":"Metadata","mtime":"1754817779","size":"885","md5":"3cbfc2eb3f3e4ab12c148bcfb6ce41d3","crc32":"f3b65abc","sha1":"06106c9f93834cabbb0d867eb78318db69970404"},{"name":"02 - Empty Spaces.mp3","source":"original","format":"VBR MP3","length":"195.98","height":"852","width":"800","mtime":"1389895141","size":"3135664","md5":"18d914246697838b6e62f193175209e1","crc32":"6b7d3d2c","sha1":"258ba33209a14eb80104b1ffbb6b93bfe3cf138f","title":"Пустые места","album":"Табу","artist":"Аквариум","genre":"Art Rock","track":"2","external-identifier":["urn:acoustid:0583197e-9c79-4d89-9c9e-d11b4d84ff16","urn:mb_recording_id:8be36fc8-cce0-4a45-8daf-bf0cde4d4cf4"]},{"name":"02 - Empty Spaces.ogg","source":"derivative","format":"Ogg Vorbis","original":"02 - Empty Spaces.mp3","mtime":"1389895365","size":"2101292","md5":"3b0f012d3e486650e1271b2f3a50f762","crc32":"5f4484ab","sha1":"61b4f9a971b523b800f1ec7853d97cd12b573145","length":"193.23","height":"0","width":"0"},{"name":"02 - Empty Spaces.png","source":"derivative","format":"PNG","original":"02 - Empty Spaces.mp3","mtime":"1415398698","size":"12165","md5":"40edd43aed4f5059c916be6aeebacbf4","crc32":"da6efe4e","sha1":"c3dea1da7dac657acd5426bd27d76342c0733a65"},{"name":"03 - Slice of Life.mp3","source":"original","format":"VBR MP3","length":"281.66","height":"852","width":"800","mtime":"1389895165","size":"4506570","md5":"9293279f98b420b208ffcb9809ef31fb","crc32":"e8f2bfa2","sha1":"98c3f8a39a6c6bc02cd92bf5ef727eb46f868e6a","title":"Кусок жизни","album":"Табу","artist":"Аквариум","genre":"Art Rock","track":"3","external-identifier":["urn:acoustid:7a6fa7ea-775f-4106-ac0c-95ec64ef1cf5","urn:mb_recording_id:8fe196ba-0764-4167-9587-acc2c004f85b"]},{"name":"03 - Slice of Life.ogg","source":"derivative","format":"Ogg Vorbis","original":"03 - Slice of Life.mp3","mtime":"1389895387","size":"2953189","md5":"3857b56eb6249d3ed8da98d224bab2ae","crc32":"bd7a5948","sha1":"da5a3ac8d9b4b2da30d3fc93279c9ba929a1b524","length":"278.91","height":"0","width":"0"},{"name":"03 - Slice of Life.png","source":"derivative","format":"PNG","original":"03 - Slice of Life.mp3","mtime":"1415398727","size":"10158","md5":"8b8b527e105b02bf78ae079bba8154cf","crc32":"0051d522","sha1":"381d1cfdfad7bea0f37fa056ec908443d199b586"},{"name":"04 - Protect Your Khoi.mp3","source":"original","format":"VBR MP3","length":"199.22","height":"852","width":"800","mtime":"1389895184","size":"3187491","md5":"eef9f0282d2ecdc1897c1191531cc397","crc32":"5174d51e","sha1":"6b96077ee53befbc40e9292919b2e117cfc1943d","title":"Береги свой хой","album":"Табу","artist":"Аквариум","genre":"Art Rock","track":"4","external-identifier":["urn:acoustid:9491ad84-4fda-40c9-bfae-86f36d61a44f","urn:mb_recording_id:a2f4514e-c9a2-45e4-8234-e129edeb1856"]},{"name":"04 - Protect Your Khoi.ogg","source":"derivative","format":"Ogg Vorbis","original":"04 - Protect Your Khoi.mp3","mtime":"1389895395","size":"2094669","md5":"a2115d961f64c9acd95a5505ee63077c","crc32":"6ae18ce6","sha1":"101b218f703b2aba5a28bc05e69d06d420d4855e","length":"196.47","height":"0","width":"0"},{"name":"04 - Protect Your Khoi.png","source":"derivative","format":"PNG","original":"04 - Protect Your Khoi.mp3","mtime":"1415398741","size":"10822","md5":"5af6acb5d9e24cdb151a3179ee585038","crc32":"057135be","sha1":"7832d2fbecca71e3ca9460688ec6b8594bc94e14"},{"name":"05 - Ash.mp3","source":"original","format":"VBR MP3","length":"191.33","height":"852","width":"800","mtime":"1389895201","size":"3061267","md5":"b318a36f3a8a3fd8ea8619f3db361919","crc32":"61d455e8","sha1":"b2e2c1dd688cfdcf441bcfffc034d8bf46201273","title":"Пепел","album":"Табу","artist":"Аквариум","genre":"Art Rock","track":"5","external-identifier":["urn:acoustid:6f64a23e-6b7a-403d-b79a-8fbbeb8d78fa","urn:mb_recording_id:ea31b43d-d566-4309-9b05-2d5343a390c3"]},{"name":"05 - Ash.ogg","source":"derivative","format":"Ogg Vorbis","original":"05 - Ash.mp3","mtime":"1389895374","size":"2198555","md5":"1efba1e03974fbd1fc659ec266f134d4","crc32":"cb8b155d","sha1":"e44b40d4d186054bd1b80bb21481e518ef648dad","length":"188.58","height":"0","width":"0"},{"name":"05 - Ash.png","source":"derivative","format":"PNG","original":"05 - Ash.mp3","mtime":"1415398688","size":"11142","md5":"cb343071dd0b83514a9195099077d9d1","crc32":"f4433c0c","sha1":"8110af86bdbb66421e2ea5b9266b24d2116e91b9"},{"name":"06 - None of Us.mp3","source":"original","format":"VBR MP3","length":"181.51","height":"852","width":"800","mtime":"1389895218","size":"2904115","md5":"3c144335e193ec9db0596825f7d97aed","crc32":"7cdc7855","sha1":"d9345c566e37e87d47f1ea71efed5eb15e2ce24f","title":"Никто из нас не","album":"Табу","artist":"Аквариум","genre":"Art Rock","track":"6","external-identifier":["urn:acoustid:f7f6367d-3700-412d-903f-d4c274730703","urn:mb_recording_id:611ac487-cab9-4e0a-b02f-0f6f8157bfcc"]},{"name":"06 - None of Us.ogg","source":"derivative","format":"Ogg Vorbis","original":"06 - None of Us.mp3","mtime":"1389895414","size":"1943122","md5":"7d892563159c2d3db4b9caef8b368e8e","crc32":"4d0a73f3","sha1":"a27ae7c1182eac3a28646eb77f0a13045cf38a07","length":"178.76","height":"0","width":"0"},{"name":"06 - None of Us.png","source":"derivative","format":"PNG","original":"06 - None of Us.mp3","mtime":"1415398756","size":"11589","md5":"3cf425ab139e123d1690863d5e3dbada","crc32":"8d8514d4","sha1":"11fdc2cefee8fa3d479884d9aa8b00df27640671"},{"name":"07 - Playing for Certain.mp3","source":"original","format":"VBR MP3","length":"244.51","height":"852","width":"800","mtime":"1389895239","size":"3912232","md5":"8892e3025247aea54e776e682d930ec7","crc32":"bbb50b34","sha1":"800bcbe66dcb7def11f41b2c4a589ff1998837a7","title":"Игра наверняка","album":"Табу","artist":"Аквариум","genre":"Art Rock","track":"7","external-identifier":["urn:acoustid:418928fc-c806-441f-b462-d6bd2131db91","urn:mb_recording_id:ca12348e-a05a-4e85-8271-d4772f5726f2"]},{"name":"07 - Playing for Certain.ogg","source":"derivative","format":"Ogg Vorbis","original":"07 - Playing for Certain.mp3","mtime":"1389895406","size":"2532777","md5":"083ebed1784536896f2a37e615591456","crc32":"6cfed4aa","sha1":"cc09946e7aea488e6e9688b33175690e2d21d795","length":"241.76","height":"0","width":"0"},{"name":"07 - Playing for Certain.png","source":"derivative","format":"PNG","original":"07 - Playing for Certain.mp3","mtime":"1415398803","size":"10299","md5":"d40c0a8b562feee21b94469c5b4c2cd1","crc32":"34fa832a","sha1":"030b4170bea863295d355863df18a62e65c6014f"},{"name":"08 - Aristocrat.mp3","source":"original","format":"VBR MP3","length":"320.79","height":"852","width":"800","mtime":"1389895268","size":"5132673","md5":"a3e7f4a3adf87393cf02332a9c08a99e","crc32":"9ad17ded","sha1":"7aa4217a3f5ea78d6e5a6096f892c0e81d521d2f","title":"Аристократ","album":"Табу","artist":"Аквариум","genre":"Art Rock","track":"8","external-identifier":["urn:acoustid:1440ba7a-9fc2-42d4-9c07-357364c001c0","urn:mb_recording_id:ddd38c2b-6cf3-4239-9cc9-af1c71c41d02"]},{"name":"08 - Aristocrat.ogg","source":"derivative","format":"Ogg Vorbis","original":"08 - Aristocrat.mp3","mtime":"1389895429","size":"3745530","md5":"279a3746c3e396ff2a2a709dc76a2d01","crc32":"a3e0e5af","sha1":"3ac044eebbf79a18b8b5896bdc3830759932e455","length":"318.04","height":"0","width":"0"},{"name":"08 - Aristocrat.png","source":"derivative","format":"PNG","original":"08 - Aristocrat.mp3","mtime":"1415398769","size":"10679","md5":"d1d18290fa9be14a01e8bd3b6c69297e","crc32":"2ff014da","sha1":"30f0664e81dae9bd24ca940e24d2c19fc0a5442d"},{"name":"09 - Sons of Silent Days.mp3","source":"original","format":"VBR MP3","length":"380.74","height":"852","width":"800","mtime":"1389895300","size":"6091889","md5":"4ed51280f91f5aaeaf98a779ac718e07","crc32":"678c4978","sha1":"11598ec5cd06d1c79112caf4179a15558348384a","title":"Сыновья молчаливых дней","album":"Табу","artist":"Аквариум","genre":"Art Rock","track":"9","external-identifier":["urn:acoustid:488414ae-a7e0-4379-b1b4-caa08a2b6455","urn:mb_recording_id:432b1a41-f325-4ae5-bc46-262f3f584b79"]},{"name":"09 - Sons of Silent Days.ogg","source":"derivative","format":"Ogg Vorbis","original":"09 - Sons of Silent Days.mp3","mtime":"1389895461","size":"4007860","md5":"87faa6f5a74b0c604455a7020406f025","crc32":"0e7455a1","sha1":"799979e5c134467c9ab14807ea365eff03b42801","length":"377.99","height":"0","width":"0"},{"name":"09 - Sons of Silent Days.png","source":"derivative","format":"PNG","original":"09 - Sons of Silent Days.mp3","mtime":"1415398789","size":"10789","md5":"69e39d49263b7e8da0b4e32f597fd35f","crc32":"20910e58","sha1":"64b17f2acf0f03d2908520213977858b52dd7a5b"},{"name":"10 - Radamaerl.mp3","source":"original","format":"VBR MP3","length":"100.27","height":"852","width":"800","mtime":"1389895310","size":"1604262","md5":"c6a90271365053c448038efdab7a77f4","crc32":"8e06bf09","sha1":"c0353748e3e45506bca95ccc40db8782714b7fff","title":"Радамаэрл","album":"Табу","artist":"Аквариум","genre":"Art Rock","track":"10","external-identifier":["urn:acoustid:7a04ba77-677f-4ffc-b9e7-1bc08f04b857","urn:mb_recording_id:61fdf05d-b86c-44e5-a2e9-1c9d286854c8"]},{"name":"10 - Radamaerl.ogg","source":"derivative","format":"Ogg Vorbis","original":"10 - Radamaerl.mp3","mtime":"1389895465","size":"999371","md5":"1ef71da34b53fa3ac2f81eac4165210c","crc32":"1fc45741","sha1":"d965a8f40a6409bff85d265b909b0fb9dc98ef33","length":"97.52","height":"0","width":"0"},{"name":"10 - Radamaerl.png","source":"derivative","format":"PNG","original":"10 - Radamaerl.mp3","mtime":"1415398747","size":"6875","md5":"eff4c011eb89e654ba65dce73cb0c030","crc32":"47391a8f","sha1":"0ec5a9fc988bb9bac6c3f3f3605e83b33b3fd9c4"},{"name":"__ia_thumb.jpg","source":"original","mtime":"1754817780","size":"6309","md5":"d3c4440bbfcd78e46dc493b8708b8df5","crc32":"18c01439","sha1":"fa446c813a2a663b4c06acdec8214452f70db0f3","format":"Item Tile","rotation":"0"},{"name":"tabu1.jpg","source":"original","format":"JPEG","mtime":"1389895313","size":"41207","md5":"6153a3164188dd6738c1becb0cca13ea","crc32":"6ea6ba58","sha1":"cafa2cb88830faa574a4082b6bb820df425adcb1","rotation":"0"},{"name":"tabu1_thumb.jpg","source":"derivative","format":"JPEG Thumb","original":"tabu1.jpg","mtime":"1389895468","size":"3778","md5":"4ff981a1c3b6fa25a0cdeb3570a9fb18","crc32":"15fa7b5a","sha1":"b84deff607ba362d88acf9972f216e176ec5a3e9"}],"files_count":37,"item_last_updated":1754817781,"item_size":65096698,"metadata":{"identifier":"01Tonight","mediatype":"audio","collection":["audio_sermons","audio_religion"],"description":"Аквариум [Аквариум] - Табу [Tabw] (1982)","scanner":"Internet Archive HTML5 Uploader 1.4.2","subject":"Аквариум; 1982; Russia; Music; Rock; Mp3; USSR;","title":"Аквариум [Аквариум] - Табу [Tabw] (1982)","publicdate":"2014-01-16 17:58:34","uploader":"progshine@gmail.com","addeddate":"2014-01-16 17:58:34","curation":"[curator]malware@archive.org[/curator][date]20140313011903[/date][comment]checked for malware[/comment]","backup_location":"ia905803_0","creator":"Аквариум","date":"1982"},"server":"ia801203.us.archive.org","uniq":727105090,"workable_servers":["ia801203.us.archive.org","ia601203.us.archive.org"]}