{"alternate_locations":{"servers":[{"server":"dn721605.ca.archive.org","dir":"/0/items/02-ballroom-dancing"}],"workable":[{"server":"dn721605.ca.archive.org","dir":"/0/items/02-ballroom-dancing"}]},"created":1767567199,"d1":"ia601609.us.archive.org","d2":"ia801609.us.archive.org","dir":"/2/items/02-ballroom-dancing","files":[{"name":"01 20 flight rock.mp3","source":"original","mtime":"1685289971","size":"4593237","md5":"93eb8f49c940efba4bfa293feb871ea2","crc32":"a5b56c95","sha1":"6db9a22b37012170ee7b4b3bdfc3055a98acc3ec","format":"VBR MP3","length":"187.35","title":"Pista01","track":"1"},{"name":"01 20 flight rock.png","source":"derivative","format":"PNG","original":"01 20 flight rock.mp3","mtime":"1685296039","size":"33705","md5":"cdd26aba22c5f245b454cc81f488717d","crc32":"56317e4c","sha1":"bbab3568a0df693b43df484cd66f42f8ee93a56a"},{"name":"01 20 flight rock_spectrogram.png","source":"derivative","format":"Spectrogram","original":"01 20 flight rock.mp3","mtime":"1685302664","size":"7545","md5":"ed3270aeb80e78edf13d281c2c11716f","crc32":"26425800","sha1":"062f0b4572afa963c69f2f067f13d84dbbb484cd"},{"name":"02 ballroom dancing.mp3","source":"original","mtime":"1685290091","size":"12373369","md5":"6333fc98d904f9c53f868ce7fba20546","crc32":"4dddc9bc","sha1":"a471527b245e2086307c726c39a01193beca6831","format":"VBR MP3","length":"520.26","title":"Pista02","track":"2"},{"name":"02 ballroom dancing.png","source":"derivative","format":"PNG","original":"02 ballroom dancing.mp3","mtime":"1685298701","size":"37236","md5":"8cd47fe46a2d9147152d95c00eb011f5","crc32":"441fade5","sha1":"c4580b1975a14ce543734d9e3ac714d93bf2b8ec"},{"name":"02 ballroom dancing_spectrogram.png","source":"derivative","format":"Spectrogram","original":"02 ballroom dancing.mp3","mtime":"1685301729","size":"228676","md5":"3e23db693991cb829fcf880cd2da1cad","crc32":"85229cf6","sha1":"b16a9e27b3650cd0750f7bd18a807ad56297a9cb"},{"name":"02-ballroom-dancing_archive.torrent","source":"metadata","btih":"be8c4abcc9b481fe848e575d912d7a4a0de086dc","mtime":"1685320301","size":"26668","md5":"df5bf2e2ce0f6040b76c208a5c808b8e","crc32":"b9655916","sha1":"972705307fd5afc4d6b49256e9d4080aaacc46f3","format":"Archive BitTorrent"},{"name":"02-ballroom-dancing_files.xml","source":"original","format":"Metadata","md5":"65f7e25b8c10ae69bfe584490100fff6","summation":"md5"},{"name":"02-ballroom-dancing_meta.sqlite","source":"original","mtime":"1685314591","size":"77824","md5":"9b17581f2ee4700d808dd8082bf33d5e","crc32":"786a51e3","sha1":"4fe1a2aa2f539f41a2297d5f5a16f6a086fe9f6e","format":"Metadata"},{"name":"02-ballroom-dancing_meta.xml","source":"original","mtime":"1685320224","size":"1610","md5":"f8dfc97e8eabe33c50e7b7dff36cf925","crc32":"746ca9db","sha1":"1ec5da57c2c64fc629cefe979eaedc2feef3f351","format":"Metadata"},{"name":"03 cage.mp3","source":"original","mtime":"1685290145","size":"6032307","md5":"0c4a7ec461897c0331059bffd427f034","crc32":"0a4a15f9","sha1":"e6cea8428f7b86e7b6691cf8c188c5706869a599","format":"VBR MP3","length":"259.61","title":"Pista03","track":"3"},{"name":"03 cage.png","source":"derivative","format":"PNG","original":"03 cage.mp3","mtime":"1685299568","size":"36115","md5":"1c443e7905dfdc7cd31e64c207662eb1","crc32":"c10cbe78","sha1":"26b54ae260fbd5583d55687356655a4994f9f5a5"},{"name":"03 cage_spectrogram.png","source":"derivative","format":"Spectrogram","original":"03 cage.mp3","mtime":"1685302202","size":"159489","md5":"61d4088f3c71e9ebcbdae54c46a6379c","crc32":"d496f965","sha1":"d8a367c460016ac552c6e627a2d83fb7ab7c4c59"},{"name":"04 old man loving 1.mp3","source":"original","mtime":"1685293680","size":"5133850","md5":"7f432184d1b269fb6beae1250ef51d03","crc32":"46139703","sha1":"ed2b305e4b56aef360d4531c7e434559757341ab","format":"VBR MP3","length":"228.31","title":"Pista04","track":"4"},{"name":"04 old man loving 1.png","source":"derivative","format":"PNG","original":"04 old man loving 1.mp3","mtime":"1685299985","size":"27752","md5":"cbef5f97fbceb33e0ee02a9593a7f233","crc32":"f7640cf6","sha1":"491a61d59ae2c73786a704a117e827042ce22d93"},{"name":"04 old man loving 1_spectrogram.png","source":"derivative","format":"Spectrogram","original":"04 old man loving 1.mp3","mtime":"1685302306","size":"147640","md5":"58ea08a3c1e042e11acda1fe69df9af3","crc32":"8e3c8c17","sha1":"d06e32416b597112c70fd5a83d60136c53e20781"},{"name":"05 old man loving 2.mp3","source":"original","mtime":"1685289873","size":"2891076","md5":"f8938c8f8e9113c5b855830dcde84ccf","crc32":"8d89a789","sha1":"302ea95f73549eb511c610df88d2f65319e53eb3","format":"VBR MP3","length":"131.19","title":"Pista05","track":"5"},{"name":"05 old man loving 2.png","source":"derivative","format":"PNG","original":"05 old man loving 2.mp3","mtime":"1685300307","size":"40914","md5":"62fa96f68feeda602506441e7d307024","crc32":"fbaa73d0","sha1":"f1f5fe9c4e37eca2a765451324090cfc5671af7d"},{"name":"05 old man loving 2_spectrogram.png","source":"derivative","format":"Spectrogram","original":"05 old man loving 2.mp3","mtime":"1685302374","size":"103422","md5":"523c940bbddeb3bd38285b4dee59f9ab","crc32":"76a26dc9","sha1":"fe623a458c6418f48a8f2b470e4c2274b91f2623"},{"name":"06 sure to fall.mp3","source":"original","mtime":"1685298408","size":"11067870","md5":"a6fa31b689d1c749c746ee23a8de15b2","crc32":"693b6494","sha1":"37ff3bed901712b279bda99bea1c386b97bac5c3","format":"VBR MP3","length":"473.79","title":"Pista06","track":"6"},{"name":"06 sure to fall.png","source":"derivative","format":"PNG","original":"06 sure to fall.mp3","mtime":"1685301312","size":"39384","md5":"840f0f4ac5e66b656d778db77946c60f","crc32":"40433d25","sha1":"298cb3d9dc55c6140193b37c1474acfe87093d8e"},{"name":"06 sure to fall_spectrogram.png","source":"derivative","format":"Spectrogram","original":"06 sure to fall.mp3","mtime":"1685303250","size":"220611","md5":"3c0454bd638f954964ba339f290d1960","crc32":"23b22e57","sha1":"6bfed706561cc854e062e897e189d7497952f99e"},{"name":"07 movie magg.mp3","source":"original","mtime":"1685293882","size":"3476923","md5":"b4e549f3b18318299dd72ecf69a37593","crc32":"1c29154f","sha1":"58710811502292ce0259c1f296604c04d257dc13","format":"VBR MP3","length":"147.98","title":"Pista07","track":"7"},{"name":"07 movie magg.png","source":"derivative","format":"PNG","original":"07 movie magg.mp3","mtime":"1685301562","size":"32486","md5":"f338a60db4fe8f0ae4bf36d82b523309","crc32":"38143ba0","sha1":"e3c91da8211be9c32c2c6717c9b3df9c53b43bd2"},{"name":"07 movie magg_spectrogram.png","source":"derivative","format":"Spectrogram","original":"07 movie magg.mp3","mtime":"1685302562","size":"117366","md5":"aeab1f0e00de4813cd33bf2e8d4d565b","crc32":"56454967","sha1":"7cb86e0c93990ad57c701f77bbfa9682be4fb5ce"},{"name":"08 blue moon over kentucky 1.mp3","source":"original","mtime":"1685293957","size":"4917263","md5":"212917e61ec8ea86726778607296675a","crc32":"073439bd","sha1":"2f421331af6c4b5a20de0221609827c3cc0024b3","format":"VBR MP3","length":"209.76","title":"Pista08","track":"8"},{"name":"08 blue moon over kentucky 1.png","source":"derivative","format":"PNG","original":"08 blue moon over kentucky 1.mp3","mtime":"1685300505","size":"33465","md5":"b9573e3008b39b9dee6459362822e4ac","crc32":"c3358aca","sha1":"7d28c5a7240b9ebbbdbe1a5fd665dc60d4dfd28e"},{"name":"08 blue moon over kentucky 1_spectrogram.png","source":"derivative","format":"Spectrogram","original":"08 blue moon over kentucky 1.mp3","mtime":"1685303035","size":"81670","md5":"43b679fbaf83fb388f6400e64c2fb862","crc32":"7e12e07e","sha1":"b5da8f002c757bae83a63e6c34a492cc1efebc9a"},{"name":"09 blue moon over kentucky 2.mp3","source":"original","mtime":"1685296155","size":"3177353","md5":"6c0f0dd9e8bf6521848428f2e4aa9692","crc32":"a3481335","sha1":"8d0fc2dd01ea5d3f2ddc2a5aba25d164b3549f91","format":"VBR MP3","length":"131.34","title":"Pista09","track":"9"},{"name":"09 blue moon over kentucky 2.png","source":"derivative","format":"PNG","original":"09 blue moon over kentucky 2.mp3","mtime":"1685299848","size":"29896","md5":"ea38d23e0f5149674959de57ebe0d571","crc32":"aab7dbf1","sha1":"5cfd3c7a57aa52b7b93e6da90aa795b577b6f399"},{"name":"09 blue moon over kentucky 2_spectrogram.png","source":"derivative","format":"Spectrogram","original":"09 blue moon over kentucky 2.mp3","mtime":"1685303127","size":"104312","md5":"579dfcfb5c0edacfdb2b26af736ab61d","crc32":"5fee6810","sha1":"dce136010a57c95b5755e6578f1356ef46e7bb1b"},{"name":"10 summertime.mp3","source":"original","mtime":"1685296125","size":"12916908","md5":"f8cd8a52fab4b061b3e47fd6ac05ac31","crc32":"c1ace5d7","sha1":"0b1fb177e5446ffacdb251171a112509ee347581","format":"VBR MP3","length":"570.75","title":"Pista10","track":"10"},{"name":"10 summertime.png","source":"derivative","format":"PNG","original":"10 summertime.mp3","mtime":"1685298572","size":"40228","md5":"280104af326beba6e30cb47656fe0a7d","crc32":"1b453b75","sha1":"105d7270a7e988b8f7483d3b9710a6bc81261078"},{"name":"10 summertime_spectrogram.png","source":"derivative","format":"Spectrogram","original":"10 summertime.mp3","mtime":"1685302469","size":"234418","md5":"bf23d4a9caed00a71766a21630b81601","crc32":"5d9ef14b","sha1":"fe9e9be8173de3846aa16056ae7ef5dfbe9f45bb"},{"name":"11 good rockin tonight shake rattle and roll.mp3","source":"original","mtime":"1685308309","size":"7935613","md5":"9d0cd5d6a2f5dcf81b908cf49319174e","crc32":"d92b71ee","sha1":"3cfac1ba278afc9fd632b6e409b33f883a6cddbd","format":"VBR MP3","length":"330.58","title":"Pista11","track":"11"},{"name":"11 good rockin tonight shake rattle and roll.png","source":"derivative","format":"PNG","original":"11 good rockin tonight shake rattle and roll.mp3","mtime":"1685310098","size":"34460","md5":"82a0734d8276019089a4002e0d9ee8c0","crc32":"976eff65","sha1":"d92017a5ef05a35ff2fb1c4c1fe974d7cca8b5b5"},{"name":"11 good rockin tonight shake rattle and roll_spectrogram.png","source":"derivative","format":"Spectrogram","original":"11 good rockin tonight shake rattle and roll.mp3","mtime":"1685310406","size":"180293","md5":"566ef737a6d167cc2776b56ae7dbda9d","crc32":"a616b51e","sha1":"3414b483f08ef165e127cc63e787a4f21358ac71"},{"name":"12 cut across shorty.mp3","source":"original","mtime":"1685309185","size":"3545515","md5":"7b6ad44f35f2454c08350935c59b5edd","crc32":"bfa4ab4d","sha1":"5cd441f4abb1ccfa3a35c4670caef5c0b8f39256","format":"VBR MP3","length":"154.52","title":"Pista12","track":"12"},{"name":"12 cut across shorty.png","source":"derivative","format":"PNG","original":"12 cut across shorty.mp3","mtime":"1685309738","size":"30436","md5":"e2640bfe3a0ee19034841d39942570b7","crc32":"054b56fd","sha1":"2aa4dea701f5d7f32cd2e57b364db2a4143a2cdd"},{"name":"12 cut across shorty_spectrogram.png","source":"derivative","format":"Spectrogram","original":"12 cut across shorty.mp3","mtime":"1685310253","size":"115980","md5":"d019d6d14bc4cb37e7d88837dcd111f6","crc32":"187e95ec","sha1":"23e58d4f28baae51c08cfd5e311d9cdd42a1ef7c"},{"name":"13 stealin.mp3","source":"original","mtime":"1685309229","size":"4847835","md5":"7fcf29a4d2a3d8639d39d39bf7d20e9b","crc32":"645ead2f","sha1":"7c2f1a13cf78aec20c1a918bb3c48cb02c8af8ff","format":"VBR MP3","length":"204.59","title":"Pista13","track":"13"},{"name":"13 stealin.png","source":"derivative","format":"PNG","original":"13 stealin.mp3","mtime":"1685309898","size":"32236","md5":"a2c1102fbbb837e0b3be43def489d0eb","crc32":"18f6bccf","sha1":"0d12815eba1fa2d4eef986d9a0681d2cae37607c"},{"name":"13 stealin_spectrogram.png","source":"derivative","format":"Spectrogram","original":"13 stealin.mp3","mtime":"1685310285","size":"139602","md5":"b23ad27cb67b73e5dd84f0c73041b568","crc32":"55e471c1","sha1":"d0e38c9c408276668ee7cccb08ba17e2e1031b4b"},{"name":"14 singing the blues.mp3","source":"original","mtime":"1685309351","size":"5487072","md5":"7a89beb8a83ab0fe3df44b0219f2e942","crc32":"a9584cf3","sha1":"3edc5a0a5019e9f0ce0579dda5c1d30907526ec8","format":"VBR MP3","length":"228.75","title":"Pista14","track":"14"},{"name":"14 singing the blues.png","source":"derivative","format":"PNG","original":"14 singing the blues.mp3","mtime":"1685309946","size":"37013","md5":"00de00fbf263e7194762304504fe3260","crc32":"945adf8c","sha1":"b7595eeb693ff273f26fee0fb2913f0ef3a86d9c"},{"name":"14 singing the blues_spectrogram.png","source":"derivative","format":"Spectrogram","original":"14 singing the blues.mp3","mtime":"1685310315","size":"7611","md5":"d73a1f336d5062ed89a531882b4e6256","crc32":"c9f7f6bc","sha1":"778122e76289aa3e80140be0e52c7cadcf0eeae1"},{"name":"15 shiek of araby.mp3","source":"original","mtime":"1685309406","size":"420232","md5":"0e9f7a76d0a5db2265d3885be0fa85e2","crc32":"3d3e9610","sha1":"cace84aa8ae6c9ec8d57c5433698acfbe4e49c33","format":"VBR MP3","length":"31.35","title":"Pista15","track":"15"},{"name":"15 shiek of araby.png","source":"derivative","format":"PNG","original":"15 shiek of araby.mp3","mtime":"1685310037","size":"31765","md5":"51dbc28f1b5ff6f0ea0d73738ed002ef","crc32":"6037b023","sha1":"8c3c95a6da222e745ee78ffd891975ee898f98ee"},{"name":"15 shiek of araby_spectrogram.png","source":"derivative","format":"Spectrogram","original":"15 shiek of araby.mp3","mtime":"1685310211","size":"4918","md5":"c39caa1ae141480d6eadcd1ee2a3e24d","crc32":"da5a38ee","sha1":"c03dfa7a16666dc0bdb5c7bd9d9106ee9c44d55b"},{"name":"16 johnny b goode.mp3","source":"original","mtime":"1685309401","size":"5171963","md5":"99d82679776d64491019efdd1152ccc0","crc32":"4acce950","sha1":"d6abf4d35edd9322a40fc7dd7571b0a22294f402","format":"VBR MP3","length":"221.75","title":"Pista16","track":"16"},{"name":"16 johnny b goode.png","source":"derivative","format":"PNG","original":"16 johnny b goode.mp3","mtime":"1685310137","size":"36018","md5":"5f842fb1ecad6fe1fd5ae5a26beea1dc","crc32":"a364fbc2","sha1":"34185966f0d35f77ec32e89ae17a4d6489187a04"},{"name":"16 johnny b goode_spectrogram.png","source":"derivative","format":"Spectrogram","original":"16 johnny b goode.mp3","mtime":"1685310446","size":"145904","md5":"2b7c0477be087e1858a932628eb79f72","crc32":"f4fe5efe","sha1":"26b0d6f084e17379352a6c833495c76a1c436b82"},{"name":"17 rainclouds 1.mp3","source":"original","mtime":"1685308035","size":"10262014","md5":"2f959c23fcc0dd3fce3fe5b6b5d850cd","crc32":"c5c769ab","sha1":"253ed624f0dc85c273d636870104dafe436c512b","format":"VBR MP3","length":"436.79","title":"Pista17","track":"17"},{"name":"17 rainclouds 1.png","source":"derivative","format":"PNG","original":"17 rainclouds 1.mp3","mtime":"1685310169","size":"42780","md5":"d252077e0f2a5f4d952b591a271c6e65","crc32":"4b7ae651","sha1":"f62ba532b09a220f46e1940080e0a1b5e26e851f"},{"name":"17 rainclouds 1_spectrogram.png","source":"derivative","format":"Spectrogram","original":"17 rainclouds 1.mp3","mtime":"1685310387","size":"213731","md5":"cc35fa461c7b1f78ba940dc336ff4986","crc32":"75450a73","sha1":"4af466880c3a50eb352a6e15f4a1cde937a54843"},{"name":"18 rainclouds 2.mp3","source":"original","mtime":"1685308076","size":"4650815","md5":"16e46390efeb30de95098e7d84a9be2a","crc32":"62f40550","sha1":"e33d460f5780f02062e7e53860571fc0a4d83e16","format":"VBR MP3","length":"203.83","title":"Rainclouds","creator":"Paul McCartney & Wings","album":"When It Rains, It Pours (Disc 2)","track":"01","artist":"Paul McCartney & Wings","genre":"rock"},{"name":"18 rainclouds 2.png","source":"derivative","format":"PNG","original":"18 rainclouds 2.mp3","mtime":"1685309998","size":"31030","md5":"3e488e59b85ac949afb0c0624a48433f","crc32":"c91a5a3d","sha1":"56c71e7e2fbc841ad12c4a3c5a84590a714db852"},{"name":"18 rainclouds 2_spectrogram.png","source":"derivative","format":"Spectrogram","original":"18 rainclouds 2.mp3","mtime":"1685310424","size":"7495","md5":"41d5418902d0152ed78962ed486366b9","crc32":"5580c04a","sha1":"15a5ae22c994f5d99e27beaaa724130750b98e0e"},{"name":"19 rainclouds 3.mp3","source":"original","mtime":"1685308233","size":"17552009","md5":"cf6efea17e657d3e81a0fa522f53d7bc","crc32":"88a59050","sha1":"75401f2e11cc8c0e821affdbd2563cde13b469fe","format":"VBR MP3","length":"746.79","title":"Rainclouds","creator":"Paul McCartney & Wings","album":"When It Rains, It Pours (Disc 2)","track":"02","artist":"Paul McCartney & Wings","genre":"rock"},{"name":"19 rainclouds 3.png","source":"derivative","format":"PNG","original":"19 rainclouds 3.mp3","mtime":"1685309850","size":"38420","md5":"b7cafd69bc69d14b3f1cb7bf4b3954cd","crc32":"84caca8d","sha1":"4f5663a3b00d3cdc509f9bdc615c607985f5313c"},{"name":"19 rainclouds 3_spectrogram.png","source":"derivative","format":"Spectrogram","original":"19 rainclouds 3.mp3","mtime":"1685310435","size":"261079","md5":"89e41ed8a01aa786c801807f60d35820","crc32":"d0e2ea9d","sha1":"1fc27f695038570dfb8f82e87b2f7d2d30fd7a5c"},{"name":"20 rainclouds 4.mp3","source":"original","mtime":"1685309298","size":"7535125","md5":"13a9d08b6ce4ec22e0fa3c88359d5a19","crc32":"f538ef19","sha1":"0c01428096dbc31429e1a10da3def86e86045985","format":"VBR MP3","length":"322.33","title":"Rainclouds","creator":"Paul McCartney & Wings","album":"When It Rains, It Pours (Disc 2)","track":"03","artist":"Paul McCartney & Wings","genre":"rock"},{"name":"20 rainclouds 4.png","source":"derivative","format":"PNG","original":"20 rainclouds 4.mp3","mtime":"1685309665","size":"31631","md5":"fee7c00c0ac4b47699552773d426873f","crc32":"64c57b9a","sha1":"84ac52a75f89e781022392834005a02f880c6537"},{"name":"20 rainclouds 4_spectrogram.png","source":"derivative","format":"Spectrogram","original":"20 rainclouds 4.mp3","mtime":"1685310343","size":"173945","md5":"d65dda8283d57f2f0a8f837164fa189f","crc32":"4bdd6ed8","sha1":"221592dc75f57bfdb8eda3f4c12e55613263319e"},{"name":"21 average person 1.mp3","source":"original","mtime":"1685311322","size":"4275988","md5":"50d88b3beb9a680d0f81cf58e1f91070","crc32":"34c47f27","sha1":"726efd01b37e2120e6fa86fbb9ef2b68461fb87a","format":"VBR MP3","length":"198.43","title":"Average Person","creator":"Paul McCartney & Wings","album":"When It Rains, It Pours (Disc 2)","track":"04","artist":"Paul McCartney & Wings","genre":"rock"},{"name":"21 average person 1.png","source":"derivative","format":"PNG","original":"21 average person 1.mp3","mtime":"1685313727","size":"28525","md5":"ea1e721235bc1ca0d05e92fd5fd9921a","crc32":"9b435417","sha1":"947f0c27ada68ea7d68a84c051ea40ce53be52ff"},{"name":"21 average person 1_spectrogram.png","source":"derivative","format":"Spectrogram","original":"21 average person 1.mp3","mtime":"1685320206","size":"128410","md5":"b3bd84628a0cb1749ca382331b65d4a5","crc32":"008c7710","sha1":"882de57c0c4d23847a47dd28640170fe52682772"},{"name":"22 average person 2.mp3","source":"original","mtime":"1685311285","size":"5677344","md5":"a1c33d43d498ee915e0e5e411fa482d9","crc32":"c293502f","sha1":"e2c4c43afa064eeb579611b2f2a4857cc8cb98a2","format":"VBR MP3","length":"245.19","title":"Average Person","creator":"Paul McCartney & Wings","album":"When It Rains, It Pours (Disc 2)","track":"05","artist":"Paul McCartney & Wings","genre":"rock"},{"name":"22 average person 2.png","source":"derivative","format":"PNG","original":"22 average person 2.mp3","mtime":"1685317785","size":"35036","md5":"36a6e311fa140d9f1f283854efb7fbec","crc32":"e9c79ae3","sha1":"9d8b13e6a78f8a86ce414471add2f7db84e890e2"},{"name":"22 average person 2_spectrogram.png","source":"derivative","format":"Spectrogram","original":"22 average person 2.mp3","mtime":"1685319942","size":"153990","md5":"ab9c47c19463f0e426b95dffb6f791ed","crc32":"37d51e3d","sha1":"95ebcfb5e5ba922d24a8269c0f9b2e8130f98b2b"},{"name":"23 average person 3.mp3","source":"original","mtime":"1685311603","size":"11943175","md5":"79f1e949c5e80aaf5b883a780debf482","crc32":"3d22cd79","sha1":"8be05997ac45202997b4fc6c909d5c42823fb27d","format":"VBR MP3","length":"510.09","title":"Average Person","creator":"Paul McCartney & Wings","album":"When It Rains, It Pours (Disc 2)","track":"06","artist":"Paul McCartney & Wings","genre":"rock"},{"name":"23 average person 3.png","source":"derivative","format":"PNG","original":"23 average person 3.mp3","mtime":"1685317133","size":"33266","md5":"96a6e96a55293e9616062f4f4593ed96","crc32":"99960b04","sha1":"16679a0c6c6f32f51bb2b82e5e609186d221c1ce"},{"name":"23 average person 3_spectrogram.png","source":"derivative","format":"Spectrogram","original":"23 average person 3.mp3","mtime":"1685318658","size":"222763","md5":"5644ab2205f0be1f7e4bea9097434126","crc32":"dabdd508","sha1":"c238265ab4461af53fe21a4478418e382c26f631"},{"name":"24 average person 4.mp3","source":"original","mtime":"1685312172","size":"6382636","md5":"0e712da08773f45209cd8ac219f5c9cd","crc32":"d2429fff","sha1":"7859992111e7ec3129b106ba5d3d0a19d67bed31","format":"VBR MP3","length":"262.09","title":"Average Person","creator":"Paul McCartney & Wings","album":"When It Rains, It Pours (Disc 2)","track":"07","artist":"Paul McCartney & Wings","genre":"rock"},{"name":"24 average person 4.png","source":"derivative","format":"PNG","original":"24 average person 4.mp3","mtime":"1685316853","size":"39686","md5":"eb5918730f583f15303476ceb0bd7a20","crc32":"85380f3e","sha1":"bc8df3984b269758c12e2c22df3605d3c658c79c"},{"name":"24 average person 4_spectrogram.png","source":"derivative","format":"Spectrogram","original":"24 average person 4.mp3","mtime":"1685319301","size":"159932","md5":"8f63c16760149664ca1f6f9d93b5d7e2","crc32":"2d039124","sha1":"e0c07d6a42e7144941e3ebedb73e67e8402f6e77"},{"name":"25 keep under cover 1.mp3","source":"original","mtime":"1685311795","size":"8760062","md5":"3b2266390c51292eda9e869951ecc49b","crc32":"331f91f5","sha1":"94f318431885b4e923277f7abfd5becdc0a0c821","format":"VBR MP3","length":"388.78","title":"Keep Under Cover","creator":"Paul McCartney & Wings","album":"When It Rains, It Pours (Disc 2)","track":"08","artist":"Paul McCartney & Wings","genre":"rock"},{"name":"25 keep under cover 1.png","source":"derivative","format":"PNG","original":"25 keep under cover 1.mp3","mtime":"1685317880","size":"33029","md5":"aeee68c2d896611c9085353c5fdb3297","crc32":"451161e8","sha1":"c261551f391896f7c30bd0575387a3ed0bfde880"},{"name":"25 keep under cover 1_spectrogram.png","source":"derivative","format":"Spectrogram","original":"25 keep under cover 1.mp3","mtime":"1685318907","size":"193539","md5":"d719e97d9bd29fe5d0c54417424f9558","crc32":"49f95a26","sha1":"702141d046fca39403e94894f35808e31aeaf2d2"},{"name":"26 keep under cover 2.mp3","source":"original","mtime":"1685311898","size":"11240539","md5":"9a3851e4cd17a520f49359147fd5ba83","crc32":"f740fe0e","sha1":"64e6aeb6d49d02c0ab3352cea602978288897747","format":"VBR MP3","length":"468.87","title":"Keep Under Cover","creator":"Paul McCartney & Wings","album":"When It Rains, It Pours (Disc 2)","track":"09","artist":"Paul McCartney & Wings","genre":"rock"},{"name":"26 keep under cover 2.png","source":"derivative","format":"PNG","original":"26 keep under cover 2.mp3","mtime":"1685316736","size":"39315","md5":"db44e21fd76f4be5f91e5e3073c9cb86","crc32":"7e7b5cc5","sha1":"c8dc7a31b97458c6a6d130d423ff0c2efd22373d"},{"name":"26 keep under cover 2_spectrogram.png","source":"derivative","format":"Spectrogram","original":"26 keep under cover 2.mp3","mtime":"1685320008","size":"215755","md5":"3a9a4cb4cfe6038a16a69268bfc5bcd2","crc32":"0e399282","sha1":"c3df82d0c47a2b5e8a332470e44023107a35097c"},{"name":"27 keep under cover 3.mp3","source":"original","mtime":"1685312116","size":"4289904","md5":"d4299dd83f37ae746dd2ee7ea41bce3d","crc32":"0a0e8951","sha1":"1aef6194c3d2aa7ef013db9e676e9567551e05b5","format":"VBR MP3","length":"172.77","title":"Keep Under Cover","creator":"Paul McCartney & Wings","album":"When It Rains, It Pours (Disc 2)","track":"10","artist":"Paul McCartney & Wings","genre":"rock"},{"name":"27 keep under cover 3.png","source":"derivative","format":"PNG","original":"27 keep under cover 3.mp3","mtime":"1685316608","size":"42031","md5":"14ba2af636c306a3331fd8313cf1c8a5","crc32":"effdab33","sha1":"7b12cfe4d744a9ddb410c0fc8b9515373abdb81b"},{"name":"27 keep under cover 3_spectrogram.png","source":"derivative","format":"Spectrogram","original":"27 keep under cover 3.mp3","mtime":"1685319503","size":"50385","md5":"260c810f5a44bbe511850c8d570a77eb","crc32":"12b7e7a6","sha1":"b62449e920ff8555568116fab9141d9d9473e22b"},{"name":"28 keep under cover 4.mp3","source":"original","mtime":"1685312077","size":"5101109","md5":"e70609717c8159340146d15e77642ab0","crc32":"5cd5dc04","sha1":"f2babfdf068dfb902a766553cce796e9b51e756c","format":"VBR MP3","length":"207.94","title":"Keep Under Cover","creator":"Paul McCartney & Wings","album":"When It Rains, It Pours (Disc 2)","track":"11","artist":"Paul McCartney & Wings","genre":"rock"},{"name":"28 keep under cover 4.png","source":"derivative","format":"PNG","original":"28 keep under cover 4.mp3","mtime":"1685316482","size":"42589","md5":"c3cd7cb7e86304d5e01555b3f1004e8e","crc32":"9447e4a9","sha1":"6e9beee251580cb22ae00d83edde3593d1423903"},{"name":"28 keep under cover 4_spectrogram.png","source":"derivative","format":"Spectrogram","original":"28 keep under cover 4.mp3","mtime":"1685319004","size":"139308","md5":"89b37c6aaa5e41dcb6b3441abccf890f","crc32":"d4bb93a9","sha1":"bc20c02e4aa31819307bafa89dac61ccefbbec6a"},{"name":"29 ebony and ivory 1.mp3","source":"original","mtime":"1685311711","size":"6922582","md5":"0dc8b961e2031cdf6f044ef05eed2243","crc32":"426b2052","sha1":"920de772701aae199773dcdca4cd060dec2715f9","format":"VBR MP3","length":"302.45","title":"Ebony And Ivory","creator":"Paul McCartney & Wings","album":"When It Rains, It Pours (Disc 2)","track":"12","artist":"Paul McCartney & Wings","genre":"rock"},{"name":"29 ebony and ivory 1.png","source":"derivative","format":"PNG","original":"29 ebony and ivory 1.mp3","mtime":"1685316342","size":"33762","md5":"a2794fa9ef8abd95c7bd71cd32d43327","crc32":"26ad88cd","sha1":"7fbbeb2fe8d32fafbcc24999404a7c1ae5ef6454"},{"name":"29 ebony and ivory 1_spectrogram.png","source":"derivative","format":"Spectrogram","original":"29 ebony and ivory 1.mp3","mtime":"1685317933","size":"175828","md5":"dbe5b1b18d2f38a0088ba769efde192d","crc32":"3c763fb4","sha1":"93be7a17ec7555fda70deeedcf059d9d081d9589"},{"name":"30 ebony and ivory 2.mp3","source":"original","mtime":"1685311645","size":"4548978","md5":"e79b19adc267ccf9c45a1c4e6a4c8f48","crc32":"f693191b","sha1":"bc8dddf80a82f6ba6bdde1932f08736c4ce2c700","format":"VBR MP3","length":"206.52","title":"Ebony And Ivory","creator":"Paul McCartney & Wings","album":"When It Rains, It Pours (Disc 2)","track":"13","artist":"Paul McCartney & Wings","genre":"rock"},{"name":"30 ebony and ivory 2.png","source":"derivative","format":"PNG","original":"30 ebony and ivory 2.mp3","mtime":"1685316055","size":"29299","md5":"b236195d7a9615c1e42eab4f36d6868b","crc32":"46634ddd","sha1":"1b7ced1ffc150e94887dc86a0a8030de39b0d4fc"},{"name":"30 ebony and ivory 2_spectrogram.png","source":"derivative","format":"Spectrogram","original":"30 ebony and ivory 2.mp3","mtime":"1685318580","size":"140648","md5":"fbacb000d5051bfbe1be61ec7f8fb469","crc32":"c10bb7a4","sha1":"681ab8271c82cd65da79cdf476cbbe663a698f33"},{"name":"31 rainclouds 5.mp3","source":"original","mtime":"1685312033","size":"2802171","md5":"08a440c9fad0c33381e3bf7d31beaec0","crc32":"92b2aa32","sha1":"958366055b60616c27ccb8ebdae44d91ce82bad9","format":"VBR MP3","length":"125.73","title":"Rainclouds","creator":"Paul McCartney & Wings","album":"When It Rains, It Pours (Disc 2)","track":"14","artist":"Paul McCartney & Wings","genre":"rock"},{"name":"31 rainclouds 5.png","source":"derivative","format":"PNG","original":"31 rainclouds 5.mp3","mtime":"1685315494","size":"36163","md5":"e99083a0122c48dfd20979fd786698f3","crc32":"c625106a","sha1":"82a5eeea75a7bcfd9591bf51825afad9c1b5b787"},{"name":"31 rainclouds 5_spectrogram.png","source":"derivative","format":"Spectrogram","original":"31 rainclouds 5.mp3","mtime":"1685318008","size":"101709","md5":"e2b0f5fade73368f66b329af330194fb","crc32":"576d3f79","sha1":"547dd7efa2d2469eff07519a2934e387edd8d5cd"},{"name":"__ia_thumb.jpg","source":"original","mtime":"1685298251","size":"3020","md5":"3fc99e89f64cbbbed163ffc42a801e01","crc32":"1fa3c7b8","sha1":"d6149a87eb8b755e2f6201de91eb97b8613f8874","format":"Item Tile","rotation":"0"}],"files_count":98,"item_last_updated":1685320301,"item_size":211469604,"metadata":{"identifier":"02-ballroom-dancing","mediatype":"audio","collection":["opensource_audio","community"],"date":"1980-10-30","description":"<div>October 30, 1980 (Paul) REHEARSALS </div><div>20 flight rock (3:07) / ballroom dancing (8:40) / cage  (4:19) / old man loving 1 (3:48) / old man loving 2 (2:11) / sure to fall (7:53) / movie magg (2:27) / blue moon over kentucky 1 (3:29) / blue moon over kentucky 2 (2:11) / summertime (9:30) / good rockin tonight - shake rattle and roll (5:30) / cut across shorty (2:34) / stealin (3:24) / singing the blues (3:48) / shiek of araby (0:31) / johnny b goode (3:41) / rainclouds 1 (7:16) / rainclouds 2 (3:23) / rainclouds 3 (12:26) / rainclouds 4 (5:22) / average person 1 (3:18) / average person 2 (4:05) / average person 3 (3:30) / average person 4 (4:22) / keep under cover 1 (6:28) / keep under cover 2 (7:48) / keep under cover 3 (2:52) / keep under cover 4 (3:27) / ebony and ivory 1 (5:02) / ebony and ivory 2 (3:26) / rainclouds 5 (2:05) </div><div><br /></div>","scanner":"Internet Archive HTML5 Uploader 1.7.0","subject":"Paul McCartney","title":"October 30 1980 (Paul) REHEARSALS","uploader":"beatlestapes02@mail.com","publicdate":"2023-05-28 16:04:52","addeddate":"2023-05-28 16:04:52","curation":"[curator]validator@archive.org[/curator][date]20230528160518[/date][comment]checked for malware[/comment]"},"server":"ia801609.us.archive.org","uniq":48517700,"workable_servers":["ia801609.us.archive.org","ia601609.us.archive.org"]}