{"alternate_locations":{"servers":[{"server":"dn721902.ca.archive.org","dir":"/0/items/02-change-the-world"}],"workable":[{"server":"dn721902.ca.archive.org","dir":"/0/items/02-change-the-world"}]},"created":1767564517,"d1":"ia600101.us.archive.org","d2":"ia800101.us.archive.org","dir":"/21/items/02-change-the-world","files":[{"name":"01 Da Stench.mp3","source":"original","mtime":"1727982863","size":"6143971","md5":"85d02834f0a3d7d5e5e26915753ee20d","crc32":"fb0dbe0a","sha1":"aeac345fc229b67680126fff5c4a4a82eb12ad1a","format":"VBR MP3","length":"383.72","title":"Da Stench","creator":"The Houston Jazz Trio","album":"LandHo","track":"1","artist":"The Houston Jazz Trio","genre":"Miscellaneous"},{"name":"01 Da Stench.png","source":"derivative","format":"PNG","original":"01 Da Stench.mp3","mtime":"1727986153","size":"45955","md5":"cba0b310ebbcf54dd0c11bb4e7fbf78b","crc32":"5c33ce14","sha1":"0968ea4863d7cc16dbce263aed1e9b83dc78454f"},{"name":"01 Da Stench_spectrogram.png","source":"derivative","format":"Spectrogram","original":"01 Da Stench.mp3","mtime":"1728005983","size":"289215","md5":"a24e5fc3d31d4055bd95b095c48f03ff","crc32":"8f3e349a","sha1":"b68eff5fd02ed86716cdffb6d529fc915fcd859f"},{"name":"02 Change The World.mp3","source":"original","mtime":"1727982895","size":"5603956","md5":"159cc7ea516fb6ebcfd302d86dfaa15c","crc32":"15e7acea","sha1":"33c0cb3f9d67ac55a3db35bf0c8135aad3cb6eab","format":"VBR MP3","length":"349.97","title":"Change The World","creator":"The Houston Jazz Trio","album":"LandHo","track":"2","artist":"The Houston Jazz Trio","genre":"Miscellaneous"},{"name":"02 Change The World.png","source":"derivative","format":"PNG","original":"02 Change The World.mp3","mtime":"1727986456","size":"43063","md5":"9c086d6ea29f38f227a72ed7e395e7b8","crc32":"addb3925","sha1":"af7752f61ac07a20520afe76a8707b4a70d5b2ff"},{"name":"02 Change The World_spectrogram.png","source":"derivative","format":"Spectrogram","original":"02 Change The World.mp3","mtime":"1728008158","size":"279772","md5":"7ccfd42aea02af554437da7edf070f3c","crc32":"4ab1cf34","sha1":"c2a12c49e7b41f838210ce5f0cd8b18e222742dc"},{"name":"02-change-the-world_archive.torrent","source":"metadata","btih":"1e3dcffea7ec29409e63ae442d17e2e6f2e74984","mtime":"1727982892","size":"1936","md5":"3ed30d710dd3e35a34d8abb2ea922807","crc32":"98556d94","sha1":"f617ad463ef93f4db9fea51027b863b48b379835","format":"Archive BitTorrent"},{"name":"02-change-the-world_files.xml","source":"original","format":"Metadata","md5":"5b911f0c02addc3a5521a6b8259ef555","summation":"md5"},{"name":"02-change-the-world_meta.sqlite","source":"original","mtime":"1728007862","size":"73728","md5":"b65892973a38ed1a2139a934d8e1bf03","crc32":"be46f02d","sha1":"9867358edfb22c1a445f3314ab028fa8b7c2d62e","format":"Metadata"},{"name":"02-change-the-world_meta.xml","source":"original","mtime":"1728009541","size":"4445","md5":"e6f3dc8b6ab9ee833182c9938f60b8a5","crc32":"d1ca604e","sha1":"6bfedb97d920dff85a99aa396a2f7150dec5b614","format":"Metadata"},{"name":"03 With The Wind And The Rain In Your Hair.mp3","source":"original","mtime":"1727982897","size":"4574800","md5":"cf01534a05d4698574e0fa00b98f0290","crc32":"930f89bf","sha1":"8eda92cab6bb9683d2c014d4041f0f77fba3cde7","format":"VBR MP3","length":"285.65","title":"With The Wind And The Rain In Your Hair","creator":"The Houston Jazz Trio","album":"LandHo","track":"3","artist":"The Houston Jazz Trio","genre":"Miscellaneous"},{"name":"03 With The Wind And The Rain In Your Hair.png","source":"derivative","format":"PNG","original":"03 With The Wind And The Rain In Your Hair.mp3","mtime":"1727986738","size":"43619","md5":"e2275e0dd4c6258c853bd30007af9a68","crc32":"05aa1c23","sha1":"64c99402162d314742a2e6d5cb0e71f5c85e4cac"},{"name":"03 With The Wind And The Rain In Your Hair_spectrogram.png","source":"derivative","format":"Spectrogram","original":"03 With The Wind And The Rain In Your Hair.mp3","mtime":"1728008362","size":"286922","md5":"1038c467827ce82f664845ce04565537","crc32":"1d609a6c","sha1":"2aa5ca791487d39b79683393b39e84bdb8f15370"},{"name":"04 Julia.mp3","source":"original","mtime":"1727982905","size":"4995970","md5":"eb3f9e5d50a4e65601235621057ec72a","crc32":"976989bc","sha1":"8ee1923963abf9005b4fe882fbbc6690fb549b2d","format":"VBR MP3","length":"311.97","title":"Julia","creator":"The Houston Jazz Trio","album":"LandHo","track":"4","artist":"The Houston Jazz Trio","genre":"Miscellaneous"},{"name":"04 Julia.png","source":"derivative","format":"PNG","original":"04 Julia.mp3","mtime":"1727986877","size":"44062","md5":"818d24276432122091b8ae2335b12243","crc32":"d96f17ac","sha1":"5c1a7c0710b155fdb81684dd1e6f0507b7f70c63"},{"name":"04 Julia_spectrogram.png","source":"derivative","format":"Spectrogram","original":"04 Julia.mp3","mtime":"1728008577","size":"297276","md5":"24717d04b2ffca4f34e5c9c70a19c659","crc32":"82e656fc","sha1":"e46703a46cc3475ba64b035c3d9a69d14822287e"},{"name":"05 Sighin' And Cryin'.mp3","source":"original","mtime":"1727982908","size":"5248672","md5":"0adb8b0f18d0ba9892779817d684008e","crc32":"01b6b428","sha1":"6b1118e8f65cf8a5f97d343d89788f5ef8334cb5","format":"VBR MP3","length":"327.76","title":"Sighin' And Cryin'","creator":"The Houston Jazz Trio","album":"LandHo","track":"5","artist":"The Houston Jazz Trio","genre":"Miscellaneous"},{"name":"05 Sighin' And Cryin'.png","source":"derivative","format":"PNG","original":"05 Sighin' And Cryin'.mp3","mtime":"1727987767","size":"43242","md5":"264180ced9702b759dd85dc3b1fafedc","crc32":"bc6b131a","sha1":"ba9aaca26778f6ffb2032e7964d03532f246ccf4"},{"name":"05 Sighin' And Cryin'_spectrogram.png","source":"derivative","format":"Spectrogram","original":"05 Sighin' And Cryin'.mp3","mtime":"1728008882","size":"290507","md5":"fe9aa1e2a26f41269efc047f3167ea64","crc32":"3b36a373","sha1":"19458ee45574fcdb8b503b1fefe4c0e690881257"},{"name":"06 I Can't Make You Love Me.mp3","source":"original","mtime":"1727982920","size":"5437990","md5":"3cac51d9aa7c159cce5e263fe244db15","crc32":"cf607404","sha1":"9463f7386c8a7470eb39bf93d539ccf017e3bed3","format":"VBR MP3","length":"339.59","title":"I Can't Make You Love Me","creator":"The Houston Jazz Trio","album":"LandHo","track":"6","artist":"The Houston Jazz Trio","genre":"Miscellaneous"},{"name":"06 I Can't Make You Love Me.png","source":"derivative","format":"PNG","original":"06 I Can't Make You Love Me.mp3","mtime":"1727988028","size":"46874","md5":"ce7328c2ff27c777d07fa25ebbd5cac1","crc32":"8fa3b414","sha1":"e78e91b89008f3f828574dcbabfd660bc0fd28fe"},{"name":"06 I Can't Make You Love Me_spectrogram.png","source":"derivative","format":"Spectrogram","original":"06 I Can't Make You Love Me.mp3","mtime":"1728009087","size":"303259","md5":"053c16355ca00d333e173b25c18dc120","crc32":"ca452d3c","sha1":"2e27964373886e03215ade250232bb8275ff4b0a"},{"name":"07 Boulevard Of Broken Dreams.mp3","source":"original","mtime":"1727982933","size":"5297461","md5":"baa0720ee364d2805fc6cbaa2e9226be","crc32":"5e07ecdb","sha1":"7615a6e7fb36e2fd5b9ef1a7cfcdc786189c5ec5","format":"VBR MP3","length":"330.81","title":"Boulevard Of Broken Dreams","creator":"The Houston Jazz Trio","album":"LandHo","track":"7","artist":"The Houston Jazz Trio","genre":"Miscellaneous"},{"name":"07 Boulevard Of Broken Dreams.png","source":"derivative","format":"PNG","original":"07 Boulevard Of Broken Dreams.mp3","mtime":"1727991374","size":"43058","md5":"e336e5fb2ee1bb95af283753a0e7b753","crc32":"d6f22f5e","sha1":"528085830dc33dc9b43f25dc2cc991ae7bb7de74"},{"name":"07 Boulevard Of Broken Dreams_spectrogram.png","source":"derivative","format":"Spectrogram","original":"07 Boulevard Of Broken Dreams.mp3","mtime":"1728009251","size":"299653","md5":"59d5bde3982d3c2bfd6e1814600be94b","crc32":"cdc29115","sha1":"ccf7a61dac8cbd76a3e8a0820427360d8840c38c"},{"name":"08 LandHo.mp3","source":"original","mtime":"1727982948","size":"8041321","md5":"8e095376d10497e2daf7c39f5186d313","crc32":"30b8bc78","sha1":"9a2067cc7310037977dd56a5823a942280c9d69a","format":"VBR MP3","length":"502.3","title":"LandHo","creator":"The Houston Jazz Trio","album":"LandHo","track":"8","artist":"The Houston Jazz Trio","genre":"Miscellaneous"},{"name":"08 LandHo.png","source":"derivative","format":"PNG","original":"08 LandHo.mp3","mtime":"1728003510","size":"44352","md5":"76fb06dcc83224e01c9fce9b18efbe42","crc32":"93aba064","sha1":"f7e6694281e46ed9cf7d57b0a784c5f07fdb7c4d"},{"name":"08 LandHo_spectrogram.png","source":"derivative","format":"Spectrogram","original":"08 LandHo.mp3","mtime":"1728009480","size":"295216","md5":"1f71c27dbef23827cbc0af331447ada2","crc32":"a6c3f032","sha1":"6f9118ba7d5831493c03aa0ec3d82deb32b80e88"},{"name":"20241003_130241.jpeg","source":"original","mtime":"1728005600","size":"22183","md5":"d06f32f828559331b863753f8b6d4c31","crc32":"479f9c15","sha1":"3fe1fce07d27a2c0bd41b13543cc917da64e89e9","format":"JPEG"},{"name":"20241003_130241_thumb.jpg","source":"derivative","format":"JPEG Thumb","original":"20241003_130241.jpeg","mtime":"1728008021","size":"8296","md5":"8aad75be2c69976029fd428190174b78","crc32":"63831957","sha1":"4dd6e0ab856efea79b7661d40ddf79433444a4e5"},{"name":"__ia_thumb.jpg","source":"original","mtime":"1728007863","size":"10806","md5":"6e7989e29f75b70e0b0340e092430f9a","crc32":"671acbe7","sha1":"db350b11d9d9ef86b85f41ede270ed132d8f1717","format":"Item Tile"}],"files_count":31,"item_last_updated":1728009541,"item_size":48161580,"metadata":{"identifier":"02-change-the-world","mediatype":"audio","collection":"opensource_audio","creator":"LandoHo","date":"1999","description":"<div>Front:</div><div>LandHo</div><div>The Houston Jazz Trio</div><div>----------------------------</div><div>Back of the CD:</div><div>Da Stench 6:21</div><div>Change The World 5:48</div><div>With The Wind And The Rain In Your Hair 4:41</div><div>Julia 5:08</div><div>Sighin' And Cryin' 5:24</div><div>I Can't Make You Love Me 5:38</div><div>Boulevard Of Broken Dreams 5:26</div><div>LandHo 8:23</div><div><br /></div>Paul Chester-Guitar<div>David Klingensmith-Bass</div><div>Tim Solook-Drums</div><div><br /></div><div>Special Guests:</div><div>Joe LoCascio-Piano</div><div>Dennis Dotson-Flugel Horn</div><div>1999 Liquid Phyllis Records</div><div><br /></div><div>Liquid Phyllis Records 7017 Almeda Box 243 Houston Tx 77054</div><div>www.LPhrecords.com</div><div>----------------------------<br /></div><div>Inside:</div><div>Last November, after months of discussion, we began recording our second CD at</div><div>Rock Romano's Red Shack Studio. Between Nov '98 and April '99, twelve songs</div><div>were recorded. These eight selections are our unanimous choices which we feel</div><div>typifies what one might hear if the attended a Trio performance.</div><div>DA STENCH is a soulful/bluesy shuffle written by Tim. the title was Paul's idea,</div><div>inspired by Joe Locascio, although this is not intended to imply anything</div><div>negative about Joe's scent or artistry</div><div>CHANGE THE WORLD, the Eric Clapton/Baby Face hit is one of those pop songs</div><div>we put the Trio's arrangement stamp on. Paul is featured and his exciting solo</div><div>builds throughout, getting missive support by David's huge tonal and rhythmic</div><div>foundation. The groove is from the Tony Willian's song \"sister Cheryl\", which</div><div>we used to play years ago</div><div>WITH THE WIND AND THE RAIN IN YOUR HAIR is an obscure song we found on an</div><div>old Stan Getz LP. you don't hear this one played much.</div><div>JULIA is another pop gem from the Beatles White album. Paul is again featured on</div><div>this track which he arranged as a jazz waltz. Daivd's bowing is expansive and lush.</div><div>SIGHIN' AND CRYIN' with it's slow, mean groove, is by Horace Silver. This is</div><div>another song you may not hear played very often.</div><div>I CAN'T MAKE YOU LOVE ME is the Bonnie Raitt hit that was a last minute entry.</div><div>it is a little funkier than the others, which we thought would be a nice change.</div><div>BOULEVARD OF BROKEN DREAMS is a ballad that we started to play as a tango</div><div>just as a goof, but came to realize that people really liked hearing it played that</div><div>way. We recorded this in one take, at the end of the day of the last session.</div><div>LANDHO is another original, inspired by bassist Dace Holland. Out special</div><div>guest Dennis Dotson and Joe LoCascio play beautifully. It was a joy working</div><div>with both of them. Their performance helped to create a calming mood which was</div><div>exactly what we wanted for the conclusion of this recording. Thanks guys.</div><div><br /></div><div><br /></div>","scanner":"Internet Archive HTML5 Uploader 1.7.0","subject":"Jazz","title":"LandHo Houston Jazz Trio","uploader":"b62214127@gmail.com","publicdate":"2024-10-03 19:14:44","addeddate":"2024-10-03 19:14:44","curation":"[curator]validator@archive.org[/curator][date]20241003191505[/date][comment]checked for malware[/comment]","year":"1999"},"server":"ia800101.us.archive.org","uniq":2014053247,"workable_servers":["ia800101.us.archive.org","ia600101.us.archive.org"]}