{"alternate_locations":{"servers":[{"server":"dn720707.ca.archive.org","dir":"/0/items/02-each-ring-of-the-hammer_202510"}],"workable":[{"server":"dn720707.ca.archive.org","dir":"/0/items/02-each-ring-of-the-hammer_202510"}]},"created":1767564819,"d1":"ia600405.us.archive.org","d2":"ia800405.us.archive.org","dir":"/7/items/02-each-ring-of-the-hammer_202510","files":[{"name":"01 Time Is Moving On.mp3","source":"original","mtime":"1760989272","size":"2906405","md5":"ce407216456221315e689a331bb9f95c","crc32":"c451a675","sha1":"202fb06bb59f23e0fd22539b90e526765b4ff298","format":"VBR MP3","length":"120.56","title":"Time Is Moving On","creator":"The Lewis Family","album":"Time Is Moving On","track":"1","artist":"The Lewis Family","genre":"Religious"},{"name":"01 Time Is Moving On.png","source":"derivative","format":"PNG","original":"01 Time Is Moving On.mp3","mtime":"1760989444","size":"37962","md5":"47382e494ac4b8d5a3fccffc56c226e2","crc32":"7cbeb20d","sha1":"dde778c87c7e2b9ebb4490730766ba62e40506c1"},{"name":"01 Time Is Moving On_spectrogram.png","source":"derivative","format":"Spectrogram","original":"01 Time Is Moving On.mp3","mtime":"1760989814","size":"281728","md5":"ebe4a7887e4abb3de1490a98f99c3b7d","crc32":"02515b3a","sha1":"56ac0327ddd8397831ccf902f9d395756e3c8956"},{"name":"02 Each Ring Of The Hammer.mp3","source":"original","mtime":"1760989274","size":"3491345","md5":"323bc64b123054fdcd4acf086b40a3e0","crc32":"23c87dfc","sha1":"8e52e66a0cda5a2115039218c9dae1817efd9d7c","format":"VBR MP3","length":"144.93","title":"Each Ring Of The Hammer","creator":"The Lewis Family","album":"Time Is Moving On","track":"2","artist":"The Lewis Family","genre":"Religious"},{"name":"02 Each Ring Of The Hammer.png","source":"derivative","format":"PNG","original":"02 Each Ring Of The Hammer.mp3","mtime":"1760989546","size":"38329","md5":"e5b97019a4e7c3ddd3b4028fd83ea098","crc32":"e0c9e16d","sha1":"cac1b468a5f1dfd724135fe18516e4a4e4f02c52"},{"name":"02 Each Ring Of The Hammer_spectrogram.png","source":"derivative","format":"Spectrogram","original":"02 Each Ring Of The Hammer.mp3","mtime":"1760989591","size":"284653","md5":"45c2e4c3223e8f88df766d44361eccdc","crc32":"1abb0b9f","sha1":"3f4e330d06dd26cbccd29e3f928d0f987ef57ac3"},{"name":"02-each-ring-of-the-hammer_202510_archive.torrent","source":"metadata","btih":"d0df7986f8cf3a22348bfcda03e97c765c7a21a4","mtime":"1764217271","size":"10380","md5":"f1b3752f3a8220863a96f7896750862e","crc32":"b1443a34","sha1":"b4ffb4195147eb9abbbbb77a4c715e9017113c04","format":"Archive BitTorrent"},{"name":"02-each-ring-of-the-hammer_202510_files.xml","source":"original","format":"Metadata","md5":"b473b428ff5271d09f6bfa8a191261a0","summation":"md5"},{"name":"02-each-ring-of-the-hammer_202510_meta.sqlite","source":"original","mtime":"1760989290","size":"49152","md5":"d53dc99ed0539571032006d2ac0b2407","crc32":"899f24cc","sha1":"1b859b7839a7c39a0b58f8e9faaa5a34d32885aa","format":"Metadata"},{"name":"02-each-ring-of-the-hammer_202510_meta.xml","source":"original","mtime":"1764217269","size":"2681","md5":"41d883136c61b2f07726f7650c6d451c","crc32":"68ef3817","sha1":"9c984cd0da4027a74737d410d1640935b112dac2","format":"Metadata"},{"name":"03 Dont Be Ashamed Of Jesus.mp3","source":"original","mtime":"1760989277","size":"2870678","md5":"1c30959f49acb7dac273f9455bfed773","crc32":"ddabb603","sha1":"18ae8f7228e7a0f11f49f1ebb6dfd209f033df44","format":"VBR MP3","length":"119.07","title":"Don't Be Ashamed Of Jesus","creator":"The Lewis Family","album":"Time Is Moving On","track":"3","artist":"The Lewis Family","genre":"Religious"},{"name":"03 Dont Be Ashamed Of Jesus.png","source":"derivative","format":"PNG","original":"03 Dont Be Ashamed Of Jesus.mp3","mtime":"1760989530","size":"37490","md5":"eb86ca7393c1b187aa3dfb6aa464001d","crc32":"9339e023","sha1":"caf8b7268897661ef082e59e70ac622aecfafb0e"},{"name":"03 Dont Be Ashamed Of Jesus_spectrogram.png","source":"derivative","format":"Spectrogram","original":"03 Dont Be Ashamed Of Jesus.mp3","mtime":"1760989606","size":"284374","md5":"bf619f2569e4f1804781bbbecb0753d6","crc32":"3f8d9c9d","sha1":"8a724938cddc007c10363bd764f365186fc48ff4"},{"name":"04 We Will Have No Fear.mp3","source":"original","mtime":"1760989280","size":"3216743","md5":"91ec6de0f3ca1528659414cf04a3cb55","crc32":"ffbf49c0","sha1":"99b83b9a184c0f44912362a8d53e385adfc26ba3","format":"VBR MP3","length":"133.49","title":"We Will Have No Fear","creator":"The Lewis Family","album":"Time Is Moving On","track":"4","artist":"The Lewis Family","genre":"Religious"},{"name":"04 We Will Have No Fear.png","source":"derivative","format":"PNG","original":"04 We Will Have No Fear.mp3","mtime":"1760989496","size":"38209","md5":"1d0627a6b03b92d57073741d5d2d3c91","crc32":"27c67c0d","sha1":"03d0fcd815cb52013df2dd57ac29c922d9e26e80"},{"name":"04 We Will Have No Fear_spectrogram.png","source":"derivative","format":"Spectrogram","original":"04 We Will Have No Fear.mp3","mtime":"1760989619","size":"276285","md5":"d2301772797984e1252a1c0ed91eb869","crc32":"e826c583","sha1":"a683e946f425e2722e3437598cae0488b25868c8"},{"name":"05 I Want To Sing.mp3","source":"original","mtime":"1760989283","size":"2821138","md5":"dec9a060e2ae1c3954eac954e11a093a","crc32":"9531bf95","sha1":"b2c96ddc485ac48c3a078165369c9f95e075c342","format":"VBR MP3","length":"117","title":"I Want To Sing","creator":"The Lewis Family","album":"Time Is Moving On","track":"5","artist":"The Lewis Family","genre":"Religious"},{"name":"05 I Want To Sing.png","source":"derivative","format":"PNG","original":"05 I Want To Sing.mp3","mtime":"1760989565","size":"32732","md5":"efa9a8faae8d3bc9e03389fbbf5c9189","crc32":"376ea054","sha1":"06163b398e1986df4b864d70e08205f4f2b7a384"},{"name":"05 I Want To Sing_spectrogram.png","source":"derivative","format":"Spectrogram","original":"05 I Want To Sing.mp3","mtime":"1760989631","size":"277237","md5":"2e89ddb33948a4e173a868498e6de031","crc32":"95d0188a","sha1":"aa22ca1d9c7dbe740cdb0ecb320b37d32b3f4ebc"},{"name":"06 Heaven Is Calling Me Home.mp3","source":"original","mtime":"1760989285","size":"2634322","md5":"550ab4d0b2698f69338a09d206579164","crc32":"272040f3","sha1":"db951d9d95337715448d2513bf0f05ef43221578","format":"VBR MP3","length":"109.22","title":"Heaven Is Calling Me Home","creator":"The Lewis Family","album":"Time Is Moving On","track":"6","artist":"The Lewis Family","genre":"Religious"},{"name":"06 Heaven Is Calling Me Home.png","source":"derivative","format":"PNG","original":"06 Heaven Is Calling Me Home.mp3","mtime":"1760989375","size":"36807","md5":"7712ae1a7dfbd5748c46927029226ae8","crc32":"35460d23","sha1":"d26dd7d5c213289b7fc4ff4af09b984b45c466a3"},{"name":"06 Heaven Is Calling Me Home_spectrogram.png","source":"derivative","format":"Spectrogram","original":"06 Heaven Is Calling Me Home.mp3","mtime":"1760989578","size":"279813","md5":"1795338a62e2a4634d79d0e6c29f8fbb","crc32":"710ed6a7","sha1":"a80d2848484df164f18c7e35f83c2f2dfd95fdf0"},{"name":"07 Ill Soon Be Leaving.mp3","source":"original","mtime":"1760989237","size":"3267525","md5":"1ca8610825d169f318fd0b4365285e42","crc32":"f6713da0","sha1":"81aa90879e0a982b8731c12028812e1839a9a671","format":"VBR MP3","length":"135.6","title":"I'll Soon Be Leaving","creator":"The Lewis Family","album":"Time Is Moving On","track":"7","artist":"The Lewis Family","genre":"Religious"},{"name":"07 Ill Soon Be Leaving.png","source":"derivative","format":"PNG","original":"07 Ill Soon Be Leaving.mp3","mtime":"1760989426","size":"38834","md5":"85417270e633f8eb01d25f5c04160dd3","crc32":"7e8a379e","sha1":"c9ace8ebf7369ab01b1ebe090076b9e6c14b0764"},{"name":"07 Ill Soon Be Leaving_spectrogram.png","source":"derivative","format":"Spectrogram","original":"07 Ill Soon Be Leaving.mp3","mtime":"1760989645","size":"278514","md5":"05451f0c1702fb4c9c57583ae63f947d","crc32":"a654e017","sha1":"bc7c837e77c3f2411305c897a5996faa0a09a7ed"},{"name":"08 I Ask Not.mp3","source":"original","mtime":"1760989256","size":"3355285","md5":"2a02850c5de126519d5ca387d8c63d18","crc32":"17fa3e29","sha1":"ca324a9bf021c4a3aa4bbba5d3e9d5664db42423","format":"VBR MP3","length":"139.26","title":"I Ask Not","creator":"The Lewis Family","album":"Time Is Moving On","track":"8","artist":"The Lewis Family","genre":"Religious"},{"name":"08 I Ask Not.png","source":"derivative","format":"PNG","original":"08 I Ask Not.mp3","mtime":"1760989409","size":"41422","md5":"8142aaccedb12c13210a146178d68d93","crc32":"98d5ef0b","sha1":"493e80f0a9b35e334ba46a454cfe966eb37c7f6c"},{"name":"08 I Ask Not_spectrogram.png","source":"derivative","format":"Spectrogram","original":"08 I Ask Not.mp3","mtime":"1760989745","size":"280189","md5":"2affd61cc1367caf6fd74a8ed2484f0f","crc32":"14878c3e","sha1":"cd8fc837726a7a486ce83cfbe6b0c3cd4b2dfa5e"},{"name":"09 Across The River From Here.mp3","source":"original","mtime":"1760989258","size":"3283831","md5":"eb60d74ea7b2f9ac0b7a8dbdae3936f7","crc32":"fdd5858d","sha1":"a26157c1ee786f62ea649250c7799e6e57bd4038","format":"VBR MP3","length":"136.28","title":"Across The River From Here","creator":"The Lewis Family","album":"Time Is Moving On","track":"9","artist":"The Lewis Family","genre":"Religious"},{"name":"09 Across The River From Here.png","source":"derivative","format":"PNG","original":"09 Across The River From Here.mp3","mtime":"1760989459","size":"41565","md5":"cc9b973b4b7c481cfd062faaf1565318","crc32":"41d546c1","sha1":"a464639903911072a4272261737b7e39f3b1da6b"},{"name":"09 Across The River From Here_spectrogram.png","source":"derivative","format":"Spectrogram","original":"09 Across The River From Here.mp3","mtime":"1760989758","size":"279458","md5":"daf58873b6e2852f057021c5d3d430c8","crc32":"4f9deca9","sha1":"0c840e5dea551f49cbcf7f7f02e6c137a6acd817"},{"name":"10 I Know It Cant Be Far.mp3","source":"original","mtime":"1760989261","size":"2998571","md5":"dd89cddfd2cde08ca7f4c243f60add20","crc32":"3ab80c60","sha1":"2b8d3850308817eb5ec337f1bd3711dc362eb97c","format":"VBR MP3","length":"124.4","title":"I Know It Can't Be Far","creator":"The Lewis Family","album":"Time Is Moving On","track":"10","artist":"The Lewis Family","genre":"Religious"},{"name":"10 I Know It Cant Be Far.png","source":"derivative","format":"PNG","original":"10 I Know It Cant Be Far.mp3","mtime":"1760989478","size":"39065","md5":"e3a6cda55f2b438b7fb40e659caa3518","crc32":"473c2eef","sha1":"ba07ce6e016e6ade05aefe1f3742784d472a66eb"},{"name":"10 I Know It Cant Be Far_spectrogram.png","source":"derivative","format":"Spectrogram","original":"10 I Know It Cant Be Far.mp3","mtime":"1760989775","size":"278609","md5":"88d12d16a3edf6a1e9e1ce9a38b2fab8","crc32":"911fdfaa","sha1":"266be06586e21e646514a6f988d7788672e7b470"},{"name":"11 Sitting Here Thinking.mp3","source":"original","mtime":"1760989263","size":"2442475","md5":"7e44e04ed890ffcc2cfa78c429cf9950","crc32":"dd96c39d","sha1":"87113bd122b740c6651a1e2df0649d1e0dc53b13","format":"VBR MP3","length":"101.22","title":"Sitting Here Thinking","creator":"The Lewis Family","album":"Time Is Moving On","track":"11","artist":"The Lewis Family","genre":"Religious"},{"name":"11 Sitting Here Thinking.png","source":"derivative","format":"PNG","original":"11 Sitting Here Thinking.mp3","mtime":"1760989513","size":"40892","md5":"f5b86c6e58b52d22d565f5b9821e763c","crc32":"c28d6093","sha1":"265da18ae86bd86d6e2edbaa0f41d5ce89f595ea"},{"name":"11 Sitting Here Thinking_spectrogram.png","source":"derivative","format":"Spectrogram","original":"11 Sitting Here Thinking.mp3","mtime":"1760989789","size":"281670","md5":"c97d44ccacdbbfbc3f0ae222e2842419","crc32":"7d84b0f3","sha1":"8f5aa8d4f9de251e31dfc002944d1228b25c5c89"},{"name":"12 Hiding In The Rock.mp3","source":"original","mtime":"1760989265","size":"2993552","md5":"4adc003c37e52b46d2797b7512dc0f70","crc32":"105f722e","sha1":"15eafd9efe4e1d33dd8f8a3be61ba0ab95a93039","format":"VBR MP3","length":"124.19","title":"Hiding In The Rock","creator":"The Lewis Family","album":"Time Is Moving On","track":"12","artist":"The Lewis Family","genre":"Religious"},{"name":"12 Hiding In The Rock.png","source":"derivative","format":"PNG","original":"12 Hiding In The Rock.mp3","mtime":"1760989392","size":"39601","md5":"65eb05aac7378aa4599542bd673a7335","crc32":"f80bfc71","sha1":"ef40f2c5a17ececff96c8eba1337fb19d07c05ec"},{"name":"12 Hiding In The Rock_spectrogram.png","source":"derivative","format":"Spectrogram","original":"12 Hiding In The Rock.mp3","mtime":"1760989802","size":"280118","md5":"8c8c9eb662e640c531152b949f7980fa","crc32":"da7b29aa","sha1":"4b7382ad80c00870ceed4824823c532130421da3"},{"name":"__ia_thumb.jpg","source":"original","mtime":"1760989327","size":"19835","md5":"0b2372116382185f77ccdae933ec73e0","crc32":"abae3605","sha1":"9b529501d6ddc38c9b906d9380cbdd9a26d3ded4","format":"Item Tile"},{"name":"timotlf.JPG","source":"original","mtime":"1760989270","size":"61235","md5":"f94ae21f0029cef25820baab6a997a13","crc32":"fd85761d","sha1":"9652594b130c3e7c4c9fba997016ffde9267e304","format":"JPEG"},{"name":"timotlf_thumb.jpg","source":"derivative","format":"JPEG Thumb","original":"timotlf.JPG","mtime":"1760989362","size":"13118","md5":"41e132178a56861a016e1f31076115fb","crc32":"4a943924","sha1":"dbff931fe0322905ce87b4e2ebe16440fa948a1f"}],"files_count":43,"item_last_updated":1764217271,"item_size":40263827,"metadata":{"identifier":"02-each-ring-of-the-hammer_202510","mediatype":"audio","collection":"opensource_audio","creator":"The Lewis Family","description":"<div>\"Time Is Moving On\" is a prominent song and album by the Lewis Family, a renowned Southern Gospel and bluegrass group. The title also refers to the passage of time as it relates to the family's history, their retirement from touring, and the passing of several original members.</div><div>The Song and Album</div><div>\"Time Is Moving On\" is a gospel song that emphasizes spiritual themes, encouraging listeners to \"work and pray\" while there is still time. It was featured as the title track on their 1967 album and later appeared as the first song on their 1977 album, 16 Greatest Hits. The upbeat nature of the Lewis Family's gospel music, including this song, brought \"spiritual optimism and religious joy\" to their performances.</div><div>The Family's Legacy</div><div>Known as the \"First Family of Bluegrass Gospel,\" the Lewis Family had a celebrated career spanning decades. They were known for their live performances and extensive discography, receiving numerous awards and honors, including induction into the International Bluegrass Music Association's Hall of Fame in 2006.</div><div>The family officially retired in 2009, following the deaths of several key members:</div><div>\"Mom\" Pauline Lewis passed away in 2003.</div><div>\"Pop\" Lewis died in 2004. He was inducted into the Southern Gospel Music Hall of Fame in 2000.</div><div>Wallace Lewis died in 2007.</div><div>Their final performance was held at the Lewis Family Pavilion in Lincolnton, Georgia, in October 2009. However, their musical legacy continues through offshoot groups, such as the Little Roy and Lizzy Show and The Lewis Tradition, which feature former members and younger generations.</div><div>The phrase \"Time Is Moving On\" aptly reflects the evolution of the family and their music, from their active touring years to the continuation of their musical heritage today.</div>","scanner":"Internet Archive HTML5 Uploader 1.7.0","subject":"The Lewis Family","title":"Time Is Moving On","uploader":"stevehanna55@gmail.com","publicdate":"2025-10-20 19:40:55","addeddate":"2025-10-20 19:40:55","curation":"[curator]validator@archive.org[/curator][date]20251020194226[/date][comment]checked for malware[/comment]","date":"1977"},"server":"ia600405.us.archive.org","uniq":1851414406,"workable_servers":["ia600405.us.archive.org","ia800405.us.archive.org"]}