{"alternate_locations":{"servers":[{"server":"dn710101.ca.archive.org","dir":"/0/items/02-head-on"}],"workable":[{"server":"dn710101.ca.archive.org","dir":"/0/items/02-head-on"}]},"created":1767545389,"d1":"ia600901.us.archive.org","d2":"ia800901.us.archive.org","dir":"/15/items/02-head-on","files":[{"name":"00 - Iggy & The Stooges Live at The Michigan Palace in Detroit [(06-10-73].jpg","source":"original","mtime":"1754871649","size":"316473","md5":"4786e90ed60506ef72337f8266f3acc7","crc32":"70307011","sha1":"06fd4b79fca5f4debb414d1994778e7aed905e2b","format":"JPEG"},{"name":"00 - Iggy & The Stooges Live at The Michigan Palace in Detroit [(06-10-73]_thumb.jpg","source":"derivative","format":"JPEG Thumb","original":"00 - Iggy & The Stooges Live at The Michigan Palace in Detroit [(06-10-73].jpg","mtime":"1754872035","size":"9973","md5":"686e03c9557b48e440dc1df2aa6a6eaf","crc32":"dfcc2e92","sha1":"69d72b28105ecca3b9e97d12704379cf3537db17"},{"name":"01 - Raw Power.mp3","source":"original","mtime":"1754871276","size":"8017588","md5":"092434da262b68ab8381597005cfa08e","crc32":"e4012681","sha1":"cdecd2f6392c6df0a3e3b3516adaa22889de5379","format":"VBR MP3","length":"333.98","title":"Raw Power","creator":"Iggy & The Stooges","album":"Iggy & The Stooges ★ Live @ The Michigan Palace in Detroit ★ 06 Oct. 1973","track":"1","artist":"Iggy & The Stooges","genre":"Garage Rock","comment":"770A0E09"},{"name":"01 - Raw Power.png","source":"derivative","format":"PNG","original":"01 - Raw Power.mp3","mtime":"1754871676","size":"35258","md5":"0049aea3f202408a41125344e3a47e4f","crc32":"3e449f7b","sha1":"9c61a82786e76851f8976d7653a705349c119c39"},{"name":"01 - Raw Power_spectrogram.png","source":"derivative","format":"Spectrogram","original":"01 - Raw Power.mp3","mtime":"1754872112","size":"270180","md5":"6e46b0b1b32606e6437fbf9ea653c3a2","crc32":"d3c6c231","sha1":"97345c2a0c677ed50284dd630f7ce9f425c4cc47"},{"name":"02 - Head On.mp3","source":"original","mtime":"1754871315","size":"10575498","md5":"64f8c984384d2219e08218c5aeaaa2f5","crc32":"ed2965fc","sha1":"2141b623760b1066b59f0a107560581c5ec7b12e","format":"VBR MP3","length":"440.56","title":"Head On","creator":"Iggy & The Stooges","album":"Iggy & The Stooges ★ Live @ The Michigan Palace in Detroit ★ 06 Oct. 1973","track":"2","artist":"Iggy & The Stooges","genre":"Garage Rock"},{"name":"02 - Head On.png","source":"derivative","format":"PNG","original":"02 - Head On.mp3","mtime":"1754871717","size":"38017","md5":"cc5ee4de9340d87a3e5a812e60463733","crc32":"fbce373f","sha1":"94317fe978eb1f2e06ac999480179a197e9540b9"},{"name":"02 - Head On_spectrogram.png","source":"derivative","format":"Spectrogram","original":"02 - Head On.mp3","mtime":"1754871809","size":"281643","md5":"f432a4e54b6a94cad2aca5d8a0ad604d","crc32":"aaefbb5d","sha1":"6fe75389d30cee0daab0e8a94c2dd4f5bf1f1033"},{"name":"02-head-on_archive.torrent","source":"metadata","btih":"cbe77d1d128c88818d1ff68c86af19c86b45e426","mtime":"1757472082","size":"15306","md5":"fc4e3afc6dd883000bc7f01d9a5cdcca","crc32":"83a897ef","sha1":"094e73eca5bc7264a4fa135d19469113f9aba0a1","format":"Archive BitTorrent"},{"name":"02-head-on_files.xml","source":"original","format":"Metadata","md5":"4901d31685e6f2e0eae9ed5f9b353907","summation":"md5"},{"name":"02-head-on_meta.sqlite","source":"original","mtime":"1754871869","size":"204800","md5":"549ba076f7dc76771ecb0e1b189d7d80","crc32":"00b0059a","sha1":"a89ee0db0b7b9d4f84ebba189cf144da1143f6e7","format":"Metadata"},{"name":"02-head-on_meta.xml","source":"original","mtime":"1757472080","size":"11564","md5":"4f10935cc41ccf676ec4db766280397a","crc32":"aaaf4f6b","sha1":"6a185fead22673ce3b04bb04bc5cfd92a5e866d5","format":"Metadata"},{"name":"03 - Rant #1.mp3","source":"original","mtime":"1754871318","size":"1200882","md5":"39404d8ceafc2f41a556b501f5811aaf","crc32":"fb40fcb3","sha1":"4d0591f5c18f3f8cd6fdc580a4d1ffe50683ff03","format":"VBR MP3","length":"49.95","title":"Rant #1","creator":"Iggy & The Stooges","album":"Iggy & The Stooges ★ Live @ The Michigan Palace in Detroit ★ 06 Oct. 1973","track":"3","artist":"Iggy & The Stooges","genre":"Garage Rock","comment":"770A0E09"},{"name":"03 - Rant #1.png","source":"derivative","format":"PNG","original":"03 - Rant #1.mp3","mtime":"1754871737","size":"25145","md5":"906a30ba2e87d9a1c3412acd3307094b","crc32":"4b011fd4","sha1":"d68fc91496ed31e1324e3662b623494b88d59a36"},{"name":"03 - Rant #1_spectrogram.png","source":"derivative","format":"Spectrogram","original":"03 - Rant #1.mp3","mtime":"1754872179","size":"281569","md5":"92c905feedf4419332cc882e9eb4de36","crc32":"99990292","sha1":"57f5974f99e977f03b623c72dfa40b606508117b"},{"name":"04 - Gimme Danger.mp3","source":"original","mtime":"1754871327","size":"7897986","md5":"bc0084c08394f62141e469c36cd62373","crc32":"02f6041f","sha1":"8614a9f62e6b2a01aedc6fd38e2c0efcc5893d62","format":"VBR MP3","length":"328.99","title":"Gimme Danger","creator":"Iggy & The Stooges","album":"Iggy & The Stooges ★ Live @ The Michigan Palace in Detroit ★ 06 Oct. 1973","track":"4","artist":"Iggy & The Stooges","genre":"Garage Rock","comment":"770A0E09"},{"name":"04 - Gimme Danger.png","source":"derivative","format":"PNG","original":"04 - Gimme Danger.mp3","mtime":"1754871756","size":"38118","md5":"4bd25a635ccce3ceddabb4f8e39a80ff","crc32":"f0c38481","sha1":"2f39380bb56ed623de70c6db8bfbbc8b7bbcc9ba"},{"name":"04 - Gimme Danger_spectrogram.png","source":"derivative","format":"Spectrogram","original":"04 - Gimme Danger.mp3","mtime":"1754871825","size":"284945","md5":"0afe3b5d7aff4e484b7d8e1800888937","crc32":"1ec6627a","sha1":"878fbeb0a8ce3b3ece2679cd756ad1b5d324a173"},{"name":"05 - Search And Destroy.mp3","source":"original","mtime":"1754871331","size":"6829539","md5":"4f1f695d6166b99a08f8f7dba741bcc9","crc32":"e83a7788","sha1":"38bb2a5fc9fdf26b278ebdaf6df96477f0d5653f","format":"VBR MP3","length":"284.47","title":"Search And Destroy","creator":"Iggy & The Stooges","album":"Iggy & The Stooges ★ Live @ The Michigan Palace in Detroit ★ 06 Oct. 1973","track":"5","artist":"Iggy & The Stooges","genre":"Garage Rock","comment":"770A0E09"},{"name":"05 - Search And Destroy.png","source":"derivative","format":"PNG","original":"05 - Search And Destroy.mp3","mtime":"1754871696","size":"33678","md5":"ce9d27976e042d42936a018811ba6b39","crc32":"081cf28d","sha1":"b10a39c87b3e12eadd0040c2cf00aac02011e25f"},{"name":"05 - Search And Destroy_spectrogram.png","source":"derivative","format":"Spectrogram","original":"05 - Search And Destroy.mp3","mtime":"1754872045","size":"278242","md5":"221d071282e9f393b9d8c485a3d4d036","crc32":"ba707a7e","sha1":"fc35cd81d0af6091350b82bfea687d24bb2b880d"},{"name":"06 - Rant #2.mp3","source":"original","mtime":"1754871346","size":"5771266","md5":"0b2b48fef54b5cd821567d7f07980f5b","crc32":"13e67be7","sha1":"ea42f4bef6e6daabd9464666d621ce521bce88c3","format":"VBR MP3","length":"240.38","title":"Rant #2","creator":"Iggy & The Stooges","album":"Iggy & The Stooges ★ Live @ The Michigan Palace in Detroit ★ 06 Oct. 1973","track":"6","artist":"Iggy & The Stooges","genre":"Garage Rock","comment":"770A0E09"},{"name":"06 - Rant #2.png","source":"derivative","format":"PNG","original":"06 - Rant #2.mp3","mtime":"1754871636","size":"31862","md5":"d240ff828b5197083ffb8621c1d7bd2a","crc32":"bd8a9cd5","sha1":"39d271d924e104fa4a71b4ac22687af9705cafdc"},{"name":"06 - Rant #2_spectrogram.png","source":"derivative","format":"Spectrogram","original":"06 - Rant #2.mp3","mtime":"1754872165","size":"269459","md5":"d1efc514594595a9d189ade990b48a8b","crc32":"085d01cb","sha1":"f030d7efe48644024caaa7173478c82cdc1e87b3"},{"name":"07 - Heavy Liquid.mp3","source":"original","mtime":"1754871411","size":"9058306","md5":"083047678bd297064115fcbd55247aea","crc32":"9fc23e75","sha1":"a46291a10dfa6ae9373cc95a18442b9389e51cc8","format":"VBR MP3","length":"377.34","title":"Heavy Liquid","creator":"Iggy & The Stooges","album":"Iggy & The Stooges ★ Live @ The Michigan Palace in Detroit ★ 06 Oct. 1973","track":"7","artist":"Iggy & The Stooges","genre":"Garage Rock","comment":"770A0E09"},{"name":"07 - Heavy Liquid.png","source":"derivative","format":"PNG","original":"07 - Heavy Liquid.mp3","mtime":"1754871609","size":"34447","md5":"eaa33d784edb931c17fc389009465596","crc32":"299a6911","sha1":"dfb4c5a7b6cde03b6c6fccfd4a2c2441f2ad9365"},{"name":"07 - Heavy Liquid_spectrogram.png","source":"derivative","format":"Spectrogram","original":"07 - Heavy Liquid.mp3","mtime":"1754872150","size":"271027","md5":"87f47605861443a7083079dbb627fd6b","crc32":"069290a5","sha1":"4d7bb7855179d9ee7d11c4682c15f9ef120d5511"},{"name":"08 - Rant #3.mp3","source":"original","mtime":"1754871431","size":"4947469","md5":"2ec5e26c352b25699c3c3f3f52bf9103","crc32":"c26894aa","sha1":"bddb432ecfe83085d362a4189c0b02f6e0b234ab","format":"VBR MP3","length":"206.05","title":"Rant #3","creator":"Iggy & The Stooges","album":"Iggy & The Stooges ★ Live @ The Michigan Palace in Detroit ★ 06 Oct. 1973","track":"8","artist":"Iggy & The Stooges","genre":"Garage Rock","comment":"770A0E09"},{"name":"08 - Rant #3.png","source":"derivative","format":"PNG","original":"08 - Rant #3.mp3","mtime":"1754871582","size":"25272","md5":"2229756f159675f6418ff4243bbe26d2","crc32":"dd4611fc","sha1":"d0f1956503abe9ed8ff60e65e6148ee6ef6f799e"},{"name":"08 - Rant #3_spectrogram.png","source":"derivative","format":"Spectrogram","original":"08 - Rant #3.mp3","mtime":"1754871773","size":"265431","md5":"9a3c1c94fb1338224aa32b230b986d04","crc32":"ee4a9ad3","sha1":"d7092f9d839dd8a7eaa7c527b2721d70064f1f5e"},{"name":"09 - Open Up And Bleed.mp3","source":"original","mtime":"1754871435","size":"5616412","md5":"ff7574f0b1faf4c8d29afd0731dd7eaf","crc32":"71be001a","sha1":"56be1f324d393252ac8eddc96ef2829d19658eb9","format":"VBR MP3","length":"233.93","title":"Open Up And Bleed","creator":"Iggy & The Stooges","album":"Iggy & The Stooges ★ Live @ The Michigan Palace in Detroit ★ 06 Oct. 1973","track":"9","artist":"Iggy & The Stooges","genre":"Garage Rock","comment":"770A0E09"},{"name":"09 - Open Up And Bleed.png","source":"derivative","format":"PNG","original":"09 - Open Up And Bleed.mp3","mtime":"1754871558","size":"41604","md5":"17f2687dd8b0f9f09823b09f7fcb4931","crc32":"1580f849","sha1":"0ea102000c52849a51a13aa0f74322b448733ce2"},{"name":"09 - Open Up And Bleed_spectrogram.png","source":"derivative","format":"Spectrogram","original":"09 - Open Up And Bleed.mp3","mtime":"1754871793","size":"299502","md5":"053c965a6d68b1af0cc857afb7111a97","crc32":"cc66090c","sha1":"25968586bbb1ad67f77981374800b21b0ebb75ea"},{"name":"10 - The Stooges 1973.jpg","source":"original","mtime":"1754871652","size":"106498","md5":"68b7ae585af933a4e76901604f517e1a","crc32":"2d7da259","sha1":"0a5416bcad191f1cccf9c924456055af8e5dc477","format":"JPEG"},{"name":"10 - The Stooges 1973_thumb.jpg","source":"derivative","format":"JPEG Thumb","original":"10 - The Stooges 1973.jpg","mtime":"1754871947","size":"9687","md5":"fd0780666e0decce9bff72b86fd6f84a","crc32":"b6011d99","sha1":"0bd071fa6ddbd05300be976dab247df1a5f9c89a"},{"name":"11 -Iggy Pop and The Stooges.jpg","source":"original","mtime":"1754871654","size":"34901","md5":"94ae8d0fe4edb01109840b79102cfd73","crc32":"0754a194","sha1":"f68d8d958403428ec5241894420fd76759fe7adc","format":"JPEG"},{"name":"11 -Iggy Pop and The Stooges_thumb.jpg","source":"derivative","format":"JPEG Thumb","original":"11 -Iggy Pop and The Stooges.jpg","mtime":"1754871952","size":"10068","md5":"e4c07ab7dfb0ad391d4dac76ad0017d1","crc32":"b75f432b","sha1":"efc4b3ab5bc18fff04c8e5b83cbae139c389634d"},{"name":"12 -Iggy Pop & the Stooges -1973-4.jpg","source":"original","mtime":"1754871657","size":"33137","md5":"684d2975bc932e189c327a8ac1e8d75e","crc32":"5564dce7","sha1":"8d0296e9dbb6728b806f6eb1e2ab2d4b165ecebe","format":"JPEG"},{"name":"12 -Iggy Pop & the Stooges -1973-4_thumb.jpg","source":"derivative","format":"JPEG Thumb","original":"12 -Iggy Pop & the Stooges -1973-4.jpg","mtime":"1754871960","size":"8843","md5":"13437be59a132b43c39247675bb6742f","crc32":"66bcaa75","sha1":"df91d1bb716536729da5064c02fc2483ff82c291"},{"name":"13 -Iggy Pop & the Stooges -1973-4).JPG","source":"original","mtime":"1754871660","size":"620440","md5":"7c865f8e64f07cf28c6e0bdbac136bed","crc32":"ffb7ffcf","sha1":"0ebaf8e920415b51e984e81423f90774d22483bb","format":"JPEG"},{"name":"13 -Iggy Pop & the Stooges -1973-4)_thumb.jpg","source":"derivative","format":"JPEG Thumb","original":"13 -Iggy Pop & the Stooges -1973-4).JPG","mtime":"1754871969","size":"8516","md5":"69e0e4a948e3a5a700b774de6c080f7a","crc32":"fb632e12","sha1":"71ed69f11e1e1b642a8f1f06eceacda9f345a180"},{"name":"14 -Iggy Pop & the Stooges -1973-4.jpg","source":"original","mtime":"1754871663","size":"63425","md5":"09ec9befc6f806c9357a8149ee0e7dd9","crc32":"683913cd","sha1":"853d95e3d416cf03ec898138c725273fa1de0a12","format":"JPEG"},{"name":"14 -Iggy Pop & the Stooges -1973-4_thumb.jpg","source":"derivative","format":"JPEG Thumb","original":"14 -Iggy Pop & the Stooges -1973-4.jpg","mtime":"1754871975","size":"8701","md5":"8b9a39dad871c711fcce8c81c87592fd","crc32":"628e136e","sha1":"f3ce7ddb55c632f5ad5b101ddf51c7c03a2f4e23"},{"name":"15 -Iggy Pop & the Stooges -1973-4.jpg","source":"original","mtime":"1754871665","size":"56117","md5":"5ade0408d445a125744a973b5e1eb61f","crc32":"95de4087","sha1":"3af0693a951b736a4f0b2c40c4cf0705f3dc4425","format":"JPEG"},{"name":"15 -Iggy Pop & the Stooges -1973-4_thumb.jpg","source":"derivative","format":"JPEG Thumb","original":"15 -Iggy Pop & the Stooges -1973-4.jpg","mtime":"1754871992","size":"9863","md5":"4d09bc8d0e9aa52eb8262fd619017d89","crc32":"1577657b","sha1":"c6794a44ef8fb51f918f38569f3dd32f198cfc08"},{"name":"16 -Iggy Pop - 1973.jpg","source":"original","mtime":"1754871667","size":"178569","md5":"773e89d16c27a9ef676aa6f6c8426d22","crc32":"28bb0e52","sha1":"5fce1fe94734e6924fc9db557cfeba94378673f3","format":"JPEG"},{"name":"16 -Iggy Pop - 1973_thumb.jpg","source":"derivative","format":"JPEG Thumb","original":"16 -Iggy Pop - 1973.jpg","mtime":"1754871982","size":"8730","md5":"f996e70ac696e8187f7bcf37c7495c17","crc32":"f8a9c2c6","sha1":"45d886bd9b2038bf904aa9e4478256667a294a5e"},{"name":"17 -Iggy Pop & the Stooges -1973-4.jpg","source":"original","mtime":"1754871670","size":"72049","md5":"8b038216d871b98d9d8c2a0d908865fb","crc32":"f1ef8391","sha1":"4fed873bdf28f9b9de5e6b7d9e61299d2db5677d","format":"JPEG"},{"name":"17 -Iggy Pop & the Stooges -1973-4_thumb.jpg","source":"derivative","format":"JPEG Thumb","original":"17 -Iggy Pop & the Stooges -1973-4.jpg","mtime":"1754871988","size":"26436","md5":"52622958e4ad90952d6c800361a4d484","crc32":"d2b9294c","sha1":"73b44a245dd31185ce806624e0e25b57a41340b9"},{"name":"18 -Iggy Pop 7x.jpg","source":"original","mtime":"1754871673","size":"45843","md5":"2dc254bc846965f49fa32157b43b25ae","crc32":"a4f32c36","sha1":"d201b80d2849885dfa155597fd2fafa690801c06","format":"JPEG"},{"name":"18 -Iggy Pop 7x_thumb.jpg","source":"derivative","format":"JPEG Thumb","original":"18 -Iggy Pop 7x.jpg","mtime":"1754872028","size":"8254","md5":"3a1f6051f48a25602b8c84514b872c9a","crc32":"ca1e9822","sha1":"f1ab142525aec0e28245c4753836fb1a8abf4f9b"},{"name":"19 -Stooges iggy-cobo_hall.jpg","source":"original","mtime":"1754871676","size":"274948","md5":"28fd098bb4c7cc6c828d203865d0b78c","crc32":"2876346e","sha1":"95d133819932b6d441362a42bca5b2e14d4ff79c","format":"JPEG"},{"name":"19 -Stooges iggy-cobo_hall_thumb.jpg","source":"derivative","format":"JPEG Thumb","original":"19 -Stooges iggy-cobo_hall.jpg","mtime":"1754871943","size":"7810","md5":"69dbb97867c08a3edcaa867c37ca6837","crc32":"683fc931","sha1":"980a8abc729815a5d2217d72d4e703e16ae68ec4"},{"name":"20 -Stooges.jpg","source":"original","mtime":"1754871680","size":"62734","md5":"57045110847d2b2fe54f58d4225ed5cc","crc32":"f3b01ae9","sha1":"2b5843432024a39f55513abb0d4b66e071019068","format":"JPEG"},{"name":"20 -Stooges_thumb.jpg","source":"derivative","format":"JPEG Thumb","original":"20 -Stooges.jpg","mtime":"1754871998","size":"11648","md5":"16b1cc515774b80f9526e59570105bde","crc32":"08b97547","sha1":"5983c550d220d6f1eb8f179f07625c56dd146607"},{"name":"21 - Stooges_400.jpg","source":"original","mtime":"1754871683","size":"56983","md5":"b17620aeb81de504f99f2601eb039f7f","crc32":"1705d859","sha1":"401bfbbc7b7f9248d1aecc0e77edd600953fd95a","format":"JPEG"},{"name":"21 - Stooges_400_thumb.jpg","source":"derivative","format":"JPEG Thumb","original":"21 - Stooges_400.jpg","mtime":"1754872003","size":"8588","md5":"97ce742a34e2df65495209b9f8ec17b8","crc32":"a7518c21","sha1":"9f6e4a277b860c271e8a3795fb2a9fedd1144352"},{"name":"22 -Stooges.jpg","source":"original","mtime":"1754871685","size":"62440","md5":"dd367ffaed1e686185ac1cd1aec4bb9c","crc32":"b0d9c062","sha1":"2c585c6b1d4adabee02779fe105696dd4700e4f9","format":"JPEG"},{"name":"22 -Stooges_thumb.jpg","source":"derivative","format":"JPEG Thumb","original":"22 -Stooges.jpg","mtime":"1754872010","size":"8333","md5":"94db5e0ddb798b2e126b7d4ab9732898","crc32":"24050cc4","sha1":"6f2f927e4311078f8064fd2dbfbf608b777da1fc"},{"name":"23 -Ron Asheton & Iggy.jpg","source":"original","mtime":"1754871689","size":"15192","md5":"0fd741d78c3e4d5f756a36e6f356c4eb","crc32":"860e3919","sha1":"79bd7826a653a7c6eaec7b460058472fc0b92f74","format":"JPEG"},{"name":"23 -Ron Asheton & Iggy_thumb.jpg","source":"derivative","format":"JPEG Thumb","original":"23 -Ron Asheton & Iggy.jpg","mtime":"1754872017","size":"6398","md5":"1247cbf16b533d7cc9a5e2c2c8adb8a7","crc32":"e5607a52","sha1":"25cf4566e7f959c68b67ad64103aeeec2a01cf10"},{"name":"24 - The Stooges -1973.jpg","source":"original","mtime":"1754871693","size":"106498","md5":"68b7ae585af933a4e76901604f517e1a","crc32":"2d7da259","sha1":"0a5416bcad191f1cccf9c924456055af8e5dc477","format":"JPEG"},{"name":"24 - The Stooges -1973_thumb.jpg","source":"derivative","format":"JPEG Thumb","original":"24 - The Stooges -1973.jpg","mtime":"1754872022","size":"9687","md5":"fd0780666e0decce9bff72b86fd6f84a","crc32":"b6011d99","sha1":"0bd071fa6ddbd05300be976dab247df1a5f9c89a"},{"name":"32 -Stooges 71.jpg","source":"original","mtime":"1754871695","size":"69621","md5":"c6197dceef729e0aad8ea5b799ffaf71","crc32":"71f646ba","sha1":"0a3dfa2a690db314c98576c1a028fce020f6d27d","format":"JPEG"},{"name":"32 -Stooges 71_thumb.jpg","source":"derivative","format":"JPEG Thumb","original":"32 -Stooges 71.jpg","mtime":"1754871938","size":"12195","md5":"1955c4b48794631c2460f4f52810783d","crc32":"d686c183","sha1":"82fd772a5b533f71d7afa524253bde2a8ff8f989"},{"name":"__ia_thumb.jpg","source":"original","mtime":"1754871873","size":"14375","md5":"6fb7637e323e6bcf848a9d0089a57ef1","crc32":"3f822f4b","sha1":"f411b312c4ea11b07007c22bb6510ee0c1d5bac3","format":"Item Tile"}],"files_count":66,"item_last_updated":1757472082,"item_size":65315988,"metadata":{"identifier":"02-head-on","mediatype":"audio","collection":["roiocollection","folksoundomy"],"creator":"Iggy & The Stooges","date":"1973","description":"<p class=\"MsoNormal\" style=\"margin-bottom:0.0001pt;line-height:normal;\"><b><span lang=\"en-us\" style=\"font-size:12pt;font-family:'Times New Roman';\" xml:lang=\"en-us\">Iggy &amp; The Stooges </span></b><b><span lang=\"en-us\" style=\"font-family:'MS Gothic';\" xml:lang=\"en-us\">☆</span></b><b><span><span lang=\"en-us\" style=\"font-size:12pt;font-family:'Times New Roman';\" xml:lang=\"en-us\"> Live @ The Michigan Palace in Detroit  </span></span></b><b><span lang=\"en-us\" style=\"font-family:'MS Gothic';\" xml:lang=\"en-us\">☆</span></b><b><span><span lang=\"en-us\" style=\"font-size:12pt;font-family:'Times New Roman';\" xml:lang=\"en-us\"> 06 Oct. 1973</span></span></b></p><p class=\"MsoNormal\" style=\"margin-bottom:0.0001pt;line-height:normal;\"><b><span><span lang=\"en-us\" style=\"font-size:12pt;font-family:'Times New Roman';\" xml:lang=\"en-us\"><br /></span></span></b><u><span lang=\"en-us\" style=\"font-size:12pt;font-family:'Times New Roman';\" xml:lang=\"en-us\"></span></u></p><p class=\"MsoNormal\" style=\"margin-bottom:0.0001pt;line-height:normal;\"><span lang=\"en-us\" style=\"font-size:12pt;line-height:115%;font-family:'Times New Roman';\" xml:lang=\"en-us\"><i><span>                                                         <b><a href=\"https://www.discogs.com/master/1339290-The-Stooges-Heavy-Liquid\" rel=\"ugc nofollow\">Heavy\nLiquid Disc 2</a></b></span></i></span><span lang=\"en-us\" style=\"font-size:12pt;font-family:'Times New Roman';\" xml:lang=\"en-us\"><br /><u>Tracklist</u>: <br />\n01 - \"<b>Raw Power</b>\" - 5:34<br />\n02 - \"<b>Head On</b>\" - 7:21<br />\n03 - \"<b>Rant</b>\" #1 - 0:50<br />\n04 - \"<b>Gimme Danger</b>\" - 5:29<br />\n05 - \"<b>Search And Destroy</b>\" - 4:44<br />\n06 - \"<b>Rant</b>\" #2 - 4:00<br />\n07 - \"<b>Heavy Liquid</b>\" - 6:17<br />\n08 - \"<b>Rant</b>\" #3 - 3:26<br />\n09 - \"<b>Open Up And Bleed</b>\" - 3:54<br />\n<br />\n<u>Length:</u> <b><i>- 41:30</i></b><u><br />\n</u><br />\n<u>The Stooges</u> :<br />\n<br />\n•    <b>Iggy Pop</b>: Lead Vocals<br />\n•    <b>James Williamson</b>: Guitar<br />\n•    <b>Scott Thurston</b>: Piano<br />\n•    <b>Ron Asheton</b>: Bass, Backing Vocals<br />\n•    <b>Scott Asheton</b>: Drums<br />\n<br />\nAll tracks by Iggy Pop &amp; James Williamson except where noted.<br />\n<br />\n</span><span lang=\"en-us\" style=\"font-size:10pt;font-family:'MS Gothic';\" xml:lang=\"en-us\">☆</span><span lang=\"en-us\" style=\"font-size:10pt;\" xml:lang=\"en-us\"><span>  </span></span><span lang=\"en-us\" style=\"font-size:10pt;font-family:'MS Mincho';\" xml:lang=\"en-us\">☆</span><b><span><span lang=\"en-us\" style=\"color:#7030A0;\" xml:lang=\"en-us\"> </span></span></b><b><span><span lang=\"en-us\" style=\"font-family:'Times New Roman';background:#FFFFFF;\" xml:lang=\"en-us\">To have the real good sound and support the artists,  buy CDs and\nVinyls. Thank</span></span></b><b><span lang=\"en-us\" style=\"background:#FFFFFF;\" xml:lang=\"en-us\"> You </span></b><b><span><span lang=\"en-gb\" xml:lang=\"en-gb\">! </span></span></b><span lang=\"en-us\" style=\"background:#FFFFFF;\" xml:lang=\"en-us\"><span> </span></span><span lang=\"en-us\" style=\"font-size:10pt;font-family:'MS Mincho';\" xml:lang=\"en-us\">☆</span><span lang=\"en-us\" style=\"font-size:10pt;\" xml:lang=\"en-us\"><span> </span></span><span lang=\"en-us\" style=\"font-size:10pt;font-family:'MS Mincho';\" xml:lang=\"en-us\">☆</span><span lang=\"en-us\" xml:lang=\"en-us\"><br />\n<span><br />\n</span><b><span lang=\"en-us\" style=\"font-size:13.5pt;\" xml:lang=\"en-us\"> \n              </span></b></span><b><span lang=\"en-us\" style=\"font-size:14pt;font-family:'MS Mincho';color:#7030A0;\" xml:lang=\"en-us\">☆</span></b><b><span><span lang=\"en-us\" style=\"font-size:14pt;color:#7030A0;\" xml:lang=\"en-us\"> </span></span></b><b><span lang=\"en-us\" style=\"font-size:14pt;font-family:'MS Mincho';\" xml:lang=\"en-us\">☆</span></b><b><span><span lang=\"en-us\" style=\"font-size:14pt;color:#7030A0;\" xml:lang=\"en-us\"> </span></span></b><b><span lang=\"en-us\" style=\"font-size:14pt;font-family:'MS Mincho';color:#FF0000;\" xml:lang=\"en-us\">☆</span></b><b><span><span lang=\"en-us\" xml:lang=\"en-us\"> </span></span></b><b><span lang=\"en-us\" style=\"font-family:'MS Mincho';\" xml:lang=\"en-us\">☆</span></b><b><span><span lang=\"en-us\" xml:lang=\"en-us\"> </span></span></b><b><span lang=\"en-us\" style=\"font-size:14pt;font-family:'MS Mincho';color:#7030A0;\" xml:lang=\"en-us\">☆</span></b><b><span><span lang=\"en-us\" xml:lang=\"en-us\">            \n </span></span></b><span style=\"font-family:'Times New Roman';\"><a href=\"https://archive.org/search?query=subject%3A%22Detroit+Garage+Rock%22\" rel=\"ugc nofollow\"><b><span><span lang=\"en-us\" xml:lang=\"en-us\">Detroit Garage\nRock</span></span></b></a></span><b><span><span lang=\"en-us\" style=\"font-family:'Times New Roman';\" xml:lang=\"en-us\"><a href=\"https://archive.org/search?query=subject%3A%22Detroit+Garage+Rock%22\" rel=\"ugc nofollow\"> </a>\n     </span></span></b><b><span lang=\"en-us\" xml:lang=\"en-us\">      </span></b><b><span lang=\"en-us\" style=\"font-size:14pt;font-family:'MS Mincho';color:#7030A0;\" xml:lang=\"en-us\">☆</span></b><b><span><span lang=\"en-us\" style=\"font-size:14pt;color:#7030A0;\" xml:lang=\"en-us\"> </span></span></b><b><span lang=\"en-us\" style=\"font-size:14pt;font-family:'MS Mincho';\" xml:lang=\"en-us\">☆</span></b><b><span><span lang=\"en-us\" style=\"font-size:14pt;color:#7030A0;\" xml:lang=\"en-us\"> </span></span></b><b><span lang=\"en-us\" style=\"font-size:14pt;font-family:'MS Mincho';color:#FF0000;\" xml:lang=\"en-us\">☆</span></b><b><span><span lang=\"en-us\" style=\"font-size:14pt;color:#7030A0;\" xml:lang=\"en-us\"> </span></span></b><b><span lang=\"en-us\" style=\"font-family:'MS Mincho';\" xml:lang=\"en-us\">☆</span></b><b><span><span lang=\"en-us\" xml:lang=\"en-us\"> </span></span></b><b><span lang=\"en-us\" style=\"font-size:14pt;font-family:'MS Mincho';color:#7030A0;\" xml:lang=\"en-us\">☆</span></b><span lang=\"en-us\" xml:lang=\"en-us\"><br />\n<span><br />\n</span><span lang=\"en-gb\" style=\"font-family:'Times New Roman';\" xml:lang=\"en-gb\"></span><span>My old accompts, closed because I used to be\na naughty boy !</span></span><span lang=\"en-gb\" style=\"font-family:'Times New Roman';\" xml:lang=\"en-gb\"><span> </span><span lang=\"en-us\" style=\"font-family:'Times New Roman';\" xml:lang=\"en-us\"><br />\n</span><span style=\"font-family:'Times New Roman';\"></span><a href=\"https://archive.org/details/@gracchus_dionysus\" rel=\"ugc nofollow\">Accompt 1</a> :\nGracchus_Dionysus<br />\n<a href=\"https://archive.org/details/@dionysos_vorax434\" rel=\"ugc nofollow\">Accompt 2</a> :\nDionysos_Vorax434 <br />\n<a href=\"https://archive.org/details/@dionysos_vorax_93\" rel=\"ugc nofollow\">Accompt 3</a> :\nDionysos_Vorax_93<br />\n</span><br />\n<b><u><span style=\"font-family:'Times New Roman';\">Note</span></u></b><span style=\"font-family:'Times New Roman';\">: Afin que vous puissiez lui exprimer\nvotre infinie gratitude pour ses années de bénévolat, l’archiviste musicophile <a href=\"https://archive.org/details/@dionysus_vorax\" rel=\"ugc nofollow\"><b><i>Dionysus Vorax</i></b></a>\na mis à votre disposition un lien </span><span lang=\"en-us\" style=\"font-family:'Times New Roman';\" xml:lang=\"en-us\"><a href=\"https://www.paypal.me/wildstone\" rel=\"ugc nofollow\"><span><span lang=\"fr\" xml:lang=\"fr\"><span>Paypal</span></span></span></a></span><span style=\"font-family:'Times New Roman';\"> ~ </span><span lang=\"en-us\" style=\"font-family:'Times New Roman';\" xml:lang=\"en-us\"><a href=\"https://www.paypal.me/wildstone\" rel=\"ugc nofollow\"><span><span lang=\"fr\" xml:lang=\"fr\"><span>Donate</span></span></span></a></span><span style=\"font-family:'Times New Roman';\"> ~ </span><span lang=\"en-us\" style=\"font-family:'Times New Roman';\" xml:lang=\"en-us\"><a href=\"https://www.paypal.me/wildstone\" rel=\"ugc nofollow\"><span><span lang=\"fr\" xml:lang=\"fr\"><span>Don en €, $ ou £</span></span></span></a></span>...</p>\n\n<p class=\"MsoNormal\" style=\"margin-bottom:0.0001pt;line-height:normal;\"> </p>","language":"eng","scanner":"Internet Archive HTML5 Uploader 1.7.0","subject":["Iggy & The Stooges","Live @ The Michigan Palace in Detroit","Garage Rock","Iggy Pop","Ron Asheton","Scott Asheton","James Wiliamson","Detroit Garage Rock","Rock","Anti-Rock","Proto-Punk","Punk","After-Punk","Pop","Bubbles","Tities & Beers","Klafouti","Pan Bagna"],"title":"Iggy & The Stooges Live @ The Michigan Palace in Detroit  06 Oct.1973","uploader":"d.wildenstein@numericable.fr","publicdate":"2025-08-11 00:15:08","addeddate":"2025-08-11 00:15:08","curation":"[curator]validator@archive.org[/curator][date]20250811001700[/date][comment]checked for malware[/comment]","collection_added":"folksoundomy"},"server":"ia800901.us.archive.org","uniq":291259520,"workable_servers":["ia800901.us.archive.org","ia600901.us.archive.org"]}