{"alternate_locations":{"servers":[{"server":"dn720305.ca.archive.org","dir":"/0/items/02-i-feel-this-love-for-you"}],"workable":[{"server":"dn720305.ca.archive.org","dir":"/0/items/02-i-feel-this-love-for-you"}]},"created":1767564519,"d1":"ia601705.us.archive.org","d2":"ia801705.us.archive.org","dir":"/33/items/02-i-feel-this-love-for-you","files":[{"name":"02-i-feel-this-love-for-you_archive.torrent","source":"metadata","btih":"07c21cedca0150f476dd72abb6a01b1ed95823d0","mtime":"1637429929","size":"12156","md5":"e8031e1bd28a90abdece1e0371fe22ee","crc32":"cfe0b442","sha1":"c8b799e79f7db08e51a12aeff0959d1ee61c877d","format":"Archive BitTorrent"},{"name":"02-i-feel-this-love-for-you_files.xml","source":"original","format":"Metadata","md5":"ff2259328398781c6b146d544e368626","summation":"md5"},{"name":"02-i-feel-this-love-for-you_meta.sqlite","source":"original","mtime":"1588188863","size":"51200","format":"Metadata","md5":"112849f064ba7fffe1cbd28323f70520","crc32":"cd67138b","sha1":"fa150358f33c6ce2566e9497205378291fcb7db7"},{"name":"02-i-feel-this-love-for-you_meta.xml","source":"original","mtime":"1637429927","size":"1577","format":"Metadata","md5":"ada12ff90a304c688c07ff3e94ac17b9","crc32":"04b5c0b7","sha1":"1e91d76f4e7e5aae6257bbe5a369312e36cca0c6"},{"name":"Moments/01 Desert Rain.afpk","source":"derivative","format":"Columbia Peaks","original":"Moments/01 Desert Rain.mp3","mtime":"1588189214","size":"52320","md5":"719c3ae8474e63a04c9e374f6c28f5ef","crc32":"193c7778","sha1":"4bd0ac66e125bb252a3887a47c3921db9102b8af"},{"name":"Moments/01 Desert Rain.mp3","source":"original","mtime":"1588188574","size":"4650277","md5":"94a2cb7cb8b35b4249557f74855f8978","crc32":"35482b86","sha1":"c1340d2f5beca58938658a3bfc5f88db84decacf","format":"VBR MP3","length":"290.37","height":"0","width":"0","title":"Desert Rain","creator":"Douglas Clay","album":"Moments","track":"1","genre":"Contemporary Jazz","artist":"Douglas Clay"},{"name":"Moments/01 Desert Rain.png","source":"derivative","format":"PNG","original":"Moments/01 Desert Rain.mp3","mtime":"1588189127","size":"34794","md5":"ea4963528ed07b92e0b293dedcb05b5b","crc32":"6011146b","sha1":"94eabd5967a220361e2130961d4f664b8848b487"},{"name":"Moments/01 Desert Rain_spectrogram.png","source":"derivative","format":"Spectrogram","original":"Moments/01 Desert Rain.mp3","mtime":"1588189167","size":"248386","md5":"4ce3ec9f7305044d57bf837a16389dfa","crc32":"de8c04bb","sha1":"8e12705d8a033f135355175e195e1a49073286d0"},{"name":"Moments/02 I Feel This Love For You.afpk","source":"derivative","format":"Columbia Peaks","original":"Moments/02 I Feel This Love For You.mp3","mtime":"1588189230","size":"59832","md5":"a4cb12a5610c9a7aa3aa7dff56878ab6","crc32":"b59a483d","sha1":"82affe8c1ad8cb0c02bd8f7eed9b5c86fed8e0d4"},{"name":"Moments/02 I Feel This Love For You.mp3","source":"original","mtime":"1588188621","size":"6405430","md5":"f1dd8a8fd2107e5ab60f8b6544189a1c","crc32":"32209bbf","sha1":"c537fc4aa964d2a15f9e9406ab086221a50b930e","format":"VBR MP3","length":"400.07","height":"0","width":"0","title":"I Feel This Love For You","creator":"Douglas Clay","album":"Moments","track":"2","genre":"Contemporary Jazz","artist":"Douglas Clay"},{"name":"Moments/02 I Feel This Love For You.png","source":"derivative","format":"PNG","original":"Moments/02 I Feel This Love For You.mp3","mtime":"1588189159","size":"35292","md5":"830e17a8a8c9ecd27ea69bd09f9b978b","crc32":"43d197fe","sha1":"e8914c8b38945be89a6a69455a282a29005bd794"},{"name":"Moments/02 I Feel This Love For You_spectrogram.png","source":"derivative","format":"Spectrogram","original":"Moments/02 I Feel This Love For You.mp3","mtime":"1588189175","size":"247275","md5":"67d05687489208b3848f5eb59285feff","crc32":"1aa07327","sha1":"b126e93986ce9ef7a189a3c3d517e5c7aa7a2f29"},{"name":"Moments/03 Escorpia.afpk","source":"derivative","format":"Columbia Peaks","original":"Moments/03 Escorpia.mp3","mtime":"1588189281","size":"63096","md5":"341e519de036eb4ede3f00dbf4ce4228","crc32":"ff8475ca","sha1":"f694c1d5d410ca741c1b6ab2c3e4e251416fa012"},{"name":"Moments/03 Escorpia.mp3","source":"original","mtime":"1588188650","size":"5535151","md5":"92b518a57ae07f8f183ca87f1cbd9667","crc32":"a385ffd0","sha1":"5b5821ba2dcdd5a56fd3283fbd6c7a7800f6bfb6","format":"VBR MP3","length":"345.67","height":"0","width":"0","title":"Escorpia","creator":"Douglas Clay","album":"Moments","track":"3","genre":"Contemporary Jazz","artist":"Douglas Clay"},{"name":"Moments/03 Escorpia.png","source":"derivative","format":"PNG","original":"Moments/03 Escorpia.mp3","mtime":"1588189132","size":"36304","md5":"a4122ba08849bb74bdc7cc0617de1b43","crc32":"c91664b7","sha1":"edfe703a2cdcadd18d920b488b22cdd62b856026"},{"name":"Moments/03 Escorpia_spectrogram.png","source":"derivative","format":"Spectrogram","original":"Moments/03 Escorpia.mp3","mtime":"1588189163","size":"241402","md5":"c95e5e959cdef9f713c2520dbcc64143","crc32":"b9acc7d4","sha1":"3b43ea655a34c0da342b67e1cd01107cf7ab1117"},{"name":"Moments/04 Autumn Rain.afpk","source":"derivative","format":"Columbia Peaks","original":"Moments/04 Autumn Rain.mp3","mtime":"1588189221","size":"58528","md5":"a8886053428452cda5701f6b78463f1a","crc32":"bb0bc096","sha1":"a865c1347de248dcfa18e52f13f3d2c4b9a2d880"},{"name":"Moments/04 Autumn Rain.mp3","source":"original","mtime":"1588188671","size":"4415506","md5":"503043f5bf480b07721a1af3613ee10a","crc32":"2eb038bd","sha1":"2afc10b956fea22b352a3b78663e0811ab76b2c3","format":"VBR MP3","length":"275.7","height":"0","width":"0","title":"Autumn Rain","creator":"Douglas Clay","album":"Moments","track":"4","genre":"Contemporary Jazz","artist":"Douglas Clay"},{"name":"Moments/04 Autumn Rain.png","source":"derivative","format":"PNG","original":"Moments/04 Autumn Rain.mp3","mtime":"1588189123","size":"37505","md5":"1bed5453faa1ea92220f1b4478e8a348","crc32":"e69fbc80","sha1":"afd486a0c52447e85ad023c1e2cac1343fbe4a1f"},{"name":"Moments/04 Autumn Rain_spectrogram.png","source":"derivative","format":"Spectrogram","original":"Moments/04 Autumn Rain.mp3","mtime":"1588189198","size":"251646","md5":"c892965cd4ca4afb44436b19d9d7497f","crc32":"ad6bf473","sha1":"a7db9df304b41976e84552ffad1d3fc02d432aa0"},{"name":"Moments/05 In Your Eyes.afpk","source":"derivative","format":"Columbia Peaks","original":"Moments/05 In Your Eyes.mp3","mtime":"1588189237","size":"55104","md5":"fd5fc89aafae0f5861f41ef8185b8275","crc32":"7cbe52f8","sha1":"f0cc94ef47f170b46df0e835ec11140f990257be"},{"name":"Moments/05 In Your Eyes.mp3","source":"original","mtime":"1588188696","size":"5263684","md5":"34596aa564bc0f3a84d421350b48eb29","crc32":"231d3b35","sha1":"10b66a992027399b3886f29753d4642194c6e23f","format":"VBR MP3","length":"328.71","height":"0","width":"0","title":"In Your Eyes","creator":"Douglas Clay","album":"Moments","track":"5","genre":"Contemporary Jazz","artist":"Douglas Clay"},{"name":"Moments/05 In Your Eyes.png","source":"derivative","format":"PNG","original":"Moments/05 In Your Eyes.mp3","mtime":"1588189140","size":"38035","md5":"75f5bf52ac89289a712fc342eb0490ad","crc32":"f8fed026","sha1":"e841128830f030b4adad4cffae685fc75c286eb8"},{"name":"Moments/05 In Your Eyes_spectrogram.png","source":"derivative","format":"Spectrogram","original":"Moments/05 In Your Eyes.mp3","mtime":"1588189194","size":"245553","md5":"ad7e2d831e146a233ca8126fadbdfeab","crc32":"756447b4","sha1":"6cb508c12f389ef647e64a90b101112c6eb2bff1"},{"name":"Moments/06 Moments.afpk","source":"derivative","format":"Columbia Peaks","original":"Moments/06 Moments.mp3","mtime":"1588189244","size":"47864","md5":"3f1f44b85b5034b7506e085f5aa6bbcb","crc32":"8f2ea745","sha1":"f162bd40c3906c7de8d0b88f6758c9630f286931"},{"name":"Moments/06 Moments.mp3","source":"original","mtime":"1588188718","size":"4612330","md5":"ba422b9ce84063193e32c12966d22837","crc32":"33a980fa","sha1":"2f277676355b8324794b2aa6a134be419b7d9578","format":"VBR MP3","length":"288","height":"0","width":"0","title":"Moments","creator":"Douglas Clay","album":"Moments","track":"6","genre":"Contemporary Jazz","artist":"Douglas Clay"},{"name":"Moments/06 Moments.png","source":"derivative","format":"PNG","original":"Moments/06 Moments.mp3","mtime":"1588189119","size":"32763","md5":"457e398f811f780868431e58ad2255e3","crc32":"18fa4642","sha1":"3c8f2dcf2d07dda159d358b708f9b1324b6fc5e8"},{"name":"Moments/06 Moments_spectrogram.png","source":"derivative","format":"Spectrogram","original":"Moments/06 Moments.mp3","mtime":"1588189179","size":"257126","md5":"51936d520ae455bc2bdb7498ee0f9dfa","crc32":"fbdaf2b4","sha1":"438b09ded8a8a79abb207a3f5a621a9004690356"},{"name":"Moments/07 Night Blossom.afpk","source":"derivative","format":"Columbia Peaks","original":"Moments/07 Night Blossom.mp3","mtime":"1588189251","size":"58008","md5":"5de8df43fcf6ea3153be7a7cd0b2b666","crc32":"cca98bc8","sha1":"636c5538e41acf26806b5729cf2c3953a7687edd"},{"name":"Moments/07 Night Blossom.mp3","source":"original","mtime":"1588188739","size":"3572332","md5":"463616b6a678a56f1cccbebfdf3e9f2a","crc32":"1e9436e9","sha1":"b4610762d805a7a7bce2f6c9a99fc21099020270","format":"VBR MP3","length":"223","height":"0","width":"0","title":"Night Blossom","creator":"Douglas Clay","album":"Moments","track":"7","genre":"Contemporary Jazz","artist":"Douglas Clay"},{"name":"Moments/07 Night Blossom.png","source":"derivative","format":"PNG","original":"Moments/07 Night Blossom.mp3","mtime":"1588189136","size":"37762","md5":"2c5609a4e94ea5fc94b4805b9ac6313f","crc32":"d6a2c28b","sha1":"0220b575a8c3ebb44d5defa6741b81bb943d0ecc"},{"name":"Moments/07 Night Blossom_spectrogram.png","source":"derivative","format":"Spectrogram","original":"Moments/07 Night Blossom.mp3","mtime":"1588189170","size":"230440","md5":"404e2dd8b7c4c2cb96b78b26c5e6ecd2","crc32":"e772de10","sha1":"2454e8e9eacce122468ab2bbce4d6e6f14afd6c6"},{"name":"Moments/08 Prelude #4.afpk","source":"derivative","format":"Columbia Peaks","original":"Moments/08 Prelude #4.mp3","mtime":"1588189258","size":"55168","md5":"d67cea89f47a9b874badcf5a00fd9559","crc32":"e9534417","sha1":"24519c62ed07305e4ca056ef745ffd706edcfc92"},{"name":"Moments/08 Prelude #4.mp3","source":"original","mtime":"1588188765","size":"5395873","md5":"da8a5da37ee74ee14497f17fb836ce62","crc32":"1c9edabc","sha1":"e8c39f0253a4268bc7ac58ef60bac7ca6b474744","format":"VBR MP3","length":"336.97","height":"0","width":"0","title":"Prelude #4","creator":"Douglas Clay","album":"Moments","track":"8","genre":"Contemporary Jazz","artist":"Douglas Clay"},{"name":"Moments/08 Prelude #4.png","source":"derivative","format":"PNG","original":"Moments/08 Prelude #4.mp3","mtime":"1588189145","size":"36139","md5":"2d6853544bc94b8eb47ae066b7c048ca","crc32":"eea00003","sha1":"246b780808e2c59d3eb6f1944baa3bad1b669e9d"},{"name":"Moments/08 Prelude #4_spectrogram.png","source":"derivative","format":"Spectrogram","original":"Moments/08 Prelude #4.mp3","mtime":"1588189207","size":"239010","md5":"0bd64a76506892468d668dc09cc8531c","crc32":"df9dff72","sha1":"f4d8836d0d6adfda239a6c97aab8673ff9c62444"},{"name":"Moments/09 I Dance On The Wings Of Patience.afpk","source":"derivative","format":"Columbia Peaks","original":"Moments/09 I Dance On The Wings Of Patience.mp3","mtime":"1588189266","size":"58584","md5":"0dd7b7e3c03964b05346e898a842dffa","crc32":"c2e772a1","sha1":"96bd381b3df27f43b0508a8d8aa336d542a15d30"},{"name":"Moments/09 I Dance On The Wings Of Patience.mp3","source":"original","mtime":"1588188794","size":"6283249","md5":"16757d94b4f17a5a09a4679718867b44","crc32":"9df58fdd","sha1":"41c480646e603ba5625e19a457bfd4481a7d5e36","format":"VBR MP3","length":"392.43","height":"0","width":"0","title":"I Dance On The Wings Of Patience","creator":"Douglas Clay","album":"Moments","track":"9","genre":"Contemporary Jazz","artist":"Douglas Clay"},{"name":"Moments/09 I Dance On The Wings Of Patience.png","source":"derivative","format":"PNG","original":"Moments/09 I Dance On The Wings Of Patience.mp3","mtime":"1588189150","size":"36194","md5":"72e3d2a968d96c0dd5a0a8fc35993b9b","crc32":"e98233cd","sha1":"f58b71ceccf00db4bf80500c5deeecfc4d5005aa"},{"name":"Moments/09 I Dance On The Wings Of Patience_spectrogram.png","source":"derivative","format":"Spectrogram","original":"Moments/09 I Dance On The Wings Of Patience.mp3","mtime":"1588189184","size":"235970","md5":"b3b45c26a665fb2541f3f1acf5ca5d4c","crc32":"9b478313","sha1":"f81c5f7eaf1b139b87a16a079346cfd537ee80bd"},{"name":"Moments/10 Reflections Of Love.afpk","source":"derivative","format":"Columbia Peaks","original":"Moments/10 Reflections Of Love.mp3","mtime":"1588189274","size":"47672","md5":"e439ab039509b5aa4f270656ac84101a","crc32":"bfc7dc0c","sha1":"0680909cfc53d248ee05c500d621676bd7dee23e"},{"name":"Moments/10 Reflections Of Love.mp3","source":"original","mtime":"1588188818","size":"4841680","md5":"d2984aace95b18409b46a7b266a7f258","crc32":"5ff305a9","sha1":"0c0aa13e7abaab1f3aaf7e86ae239ca40ec5d7ab","format":"VBR MP3","length":"302.33","height":"0","width":"0","title":"Reflections Of Love","creator":"Douglas Clay","album":"Moments","track":"10","genre":"Contemporary Jazz","artist":"Douglas Clay"},{"name":"Moments/10 Reflections Of Love.png","source":"derivative","format":"PNG","original":"Moments/10 Reflections Of Love.mp3","mtime":"1588189154","size":"33972","md5":"cb26e9758e48dbe0d6d9f07bbb889be5","crc32":"8f162566","sha1":"f897468fc26375affdc5d176ef8728d16b9332fe"},{"name":"Moments/10 Reflections Of Love_spectrogram.png","source":"derivative","format":"Spectrogram","original":"Moments/10 Reflections Of Love.mp3","mtime":"1588189201","size":"248436","md5":"a76b5098e7e677db0337c795e7994491","crc32":"ec793df6","sha1":"55df085855a68c4b69eb695ada622f43925f8dd5"},{"name":"Moments/AlbumArtSmall.jpg","source":"original","mtime":"1588188822","size":"17081","md5":"32f79ff0da8c7a2793ff5fb5bbaf45e8","crc32":"35d26e83","sha1":"1c3058525e8ebaaa783965229a20b82c715aa43d","format":"JPEG","rotation":"0"},{"name":"Moments/AlbumArt_{B5020207-474E-4720-F6A4-122C3C57EB00}_Large.jpg","source":"original","mtime":"1588188829","size":"17081","md5":"32f79ff0da8c7a2793ff5fb5bbaf45e8","crc32":"35d26e83","sha1":"1c3058525e8ebaaa783965229a20b82c715aa43d","format":"JPEG","rotation":"0"},{"name":"Moments/AlbumArt_{B5020207-474E-4720-F6A4-122C3C57EB00}_Small.jpg","source":"original","mtime":"1588188833","size":"17081","md5":"32f79ff0da8c7a2793ff5fb5bbaf45e8","crc32":"35d26e83","sha1":"1c3058525e8ebaaa783965229a20b82c715aa43d","format":"JPEG","rotation":"0"},{"name":"Moments/Folder.jpg","source":"original","mtime":"1588188837","size":"17081","md5":"32f79ff0da8c7a2793ff5fb5bbaf45e8","crc32":"35d26e83","sha1":"1c3058525e8ebaaa783965229a20b82c715aa43d","format":"JPEG","rotation":"0"},{"name":"__ia_thumb.jpg","source":"original","mtime":"1613079465","size":"14460","md5":"fce6d1e8de04dce3816195bf23c92eb2","crc32":"2df5ea49","sha1":"a08a95f9e1c08a98b12f1b9a8369573f11379952","format":"Item Tile","rotation":"0"}],"files_count":49,"item_last_updated":1637429929,"item_size":54483409,"metadata":{"identifier":"02-i-feel-this-love-for-you","mediatype":"audio","collection":["vaporwave","audio_music"],"creator":"Douglas Clay, Vu Thanh Anh, Sean Pham","date":"1990","description":"Here's a rare and out of print CD called Moments.<div><br /></div><div>It consists of numerous of Vietnamese songs translated in English for your listening pleasure.</div><div><br /></div><div>Released in 1990 by Giana Music Publishing.</div><div><br /></div><div>For Non Profit Listening Purpose only.</div>","language":"eng","scanner":"Internet Archive HTML5 Uploader 1.6.4","subject":["vaporwave","rare","aesthetic","1990","nineties","music","pop","ballad","jazz","aesthetic","easylistening","cool","vietnamese","english","instrumental"],"title":"Moments by Douglas Clay and Sean Pham","uploader":"videoclub2020@gmail.com","publicdate":"2020-04-29 19:30:25","addeddate":"2020-04-29 19:30:25","curation":"[curator]validator@archive.org[/curator][date]20200429193242[/date][comment]checked for malware[/comment]"},"server":"ia601705.us.archive.org","uniq":1788116384,"workable_servers":["ia601705.us.archive.org","ia801705.us.archive.org"]}