{"alternate_locations":{"servers":[{"server":"dn721509.ca.archive.org","dir":"/0/items/02-i-want-to-talk-to-you-russian"}],"workable":[{"server":"dn721509.ca.archive.org","dir":"/0/items/02-i-want-to-talk-to-you-russian"}]},"created":1767567203,"d1":"ia601707.us.archive.org","d2":"ia801707.us.archive.org","dir":"/5/items/02-i-want-to-talk-to-you-russian","files":[{"name":"01-Believe It Like It Is.mp3","source":"original","mtime":"1759120361","size":"4382827","md5":"3b3efd086bffb57612685224bfc02bbd","crc32":"4be51ded","sha1":"0e7fa9031b23822e2515c7521e3527ff37cdab80","format":"VBR MP3","length":"182.57","title":"Believe It Like It Is","creator":"The Russians","album":"The Russians","track":"1","artist":"The Russians","genre":"Pop"},{"name":"01-Believe It Like It Is.png","source":"derivative","format":"PNG","original":"01-Believe It Like It Is.mp3","mtime":"1759120519","size":"43594","md5":"c5ca630d29bb7e2fdb564219fff2ef2a","crc32":"cafb74aa","sha1":"a243c31f7321d3d6dcae05c7d0eccf66c5e8bb01"},{"name":"01-Believe It Like It Is_spectrogram.png","source":"derivative","format":"Spectrogram","original":"01-Believe It Like It Is.mp3","mtime":"1759120841","size":"291590","md5":"98f3cee46b6f11e7349ffa1afb681b90","crc32":"83974918","sha1":"2a3d4ab817a4daea325458efcde71e88f66b30e7"},{"name":"02-I Want To Talk To You(Russian).mp3","source":"original","mtime":"1759120378","size":"5574011","md5":"507e4bc635693e85ecf0a41a2b72d515","crc32":"fa6d9c78","sha1":"9d1ba8ba7be2a35aaf88404bce0d7950b82f9b60","format":"VBR MP3","length":"232.2","title":"I Want To Talk To You(russian)","creator":"The Russians","album":"The Russians","track":"2","artist":"The Russians","genre":"Pop"},{"name":"02-I Want To Talk To You(Russian).png","source":"derivative","format":"PNG","original":"02-I Want To Talk To You(Russian).mp3","mtime":"1759120683","size":"40566","md5":"aaa37fb2f235971617d289874b70c387","crc32":"ac368d3e","sha1":"1a37cf3379860b2f865adb4557c34616c9b8e86f"},{"name":"02-I Want To Talk To You(Russian)_spectrogram.png","source":"derivative","format":"Spectrogram","original":"02-I Want To Talk To You(Russian).mp3","mtime":"1759120827","size":"282811","md5":"81b325b99ff136145fc02c16594de6d8","crc32":"784104b8","sha1":"ab4ade86bcf93035ec7e6c90322507b25599bdb9"},{"name":"02-i-want-to-talk-to-you-russian_archive.torrent","source":"metadata","btih":"5adffae298ccc73d180930d65017947f7a615714","mtime":"1759120869","size":"9139","md5":"c4247fd9d24fa39d46546e59fb69a5d1","crc32":"d14ae6f5","sha1":"3570992663b4c14ec1adc7b36c0cfd012b26f220","format":"Archive BitTorrent"},{"name":"02-i-want-to-talk-to-you-russian_files.xml","source":"original","format":"Metadata","md5":"da90de8b33c156d6bbe01651622988d2","summation":"md5"},{"name":"02-i-want-to-talk-to-you-russian_meta.sqlite","source":"original","mtime":"1759120427","size":"45056","md5":"2a943bb0ff971f27baeb13a7d56d3756","crc32":"fe019d43","sha1":"0aa6914554c7da33ddb0d5dbab444c85a2816513","format":"Metadata"},{"name":"02-i-want-to-talk-to-you-russian_meta.xml","source":"original","mtime":"1759120854","size":"792","md5":"6a688306e58750321faad00a9b9d5305","crc32":"bbad2199","sha1":"f013e9dd87ef4507e4664a1fb75d896d77377336","format":"Metadata"},{"name":"03-Born Again.mp3","source":"original","mtime":"1759120387","size":"3954001","md5":"796bfaf9bac0c49c23839229450fb3f7","crc32":"2c0e75c7","sha1":"8d27d0350d42405878b0cfafd69c219d0ecbf6c7","format":"VBR MP3","length":"164.7","title":"Born Again","creator":"The Russians","album":"The Russians","track":"3","artist":"The Russians","genre":"Pop"},{"name":"03-Born Again.png","source":"derivative","format":"PNG","original":"03-Born Again.mp3","mtime":"1759120662","size":"38330","md5":"6e361b5ed3fa61f5d40d5ef0c5c3c787","crc32":"5ac34514","sha1":"e994639e787c455cac91b888a3d6066d7ca3759d"},{"name":"03-Born Again_spectrogram.png","source":"derivative","format":"Spectrogram","original":"03-Born Again.mp3","mtime":"1759120815","size":"288960","md5":"a47c3a1714518459a126d58d45c7442f","crc32":"f45ce35e","sha1":"615d0c503ee5340e0217a8b7c7036fceac9f7b95"},{"name":"04-A Happy Life.mp3","source":"original","mtime":"1759120390","size":"3443046","md5":"6adac4f29151c7954a633b585592695f","crc32":"e7bdf5b3","sha1":"e5fb849f84264cf39f44a4786ef8831cdbb2d6df","format":"VBR MP3","length":"143.41","title":"A Happy Life","creator":"The Russians","album":"The Russians","track":"4","artist":"The Russians","genre":"Pop"},{"name":"04-A Happy Life.png","source":"derivative","format":"PNG","original":"04-A Happy Life.mp3","mtime":"1759120628","size":"37722","md5":"4884905537e0a9d5ae3eb1aca029443c","crc32":"312bf8da","sha1":"fd97459b5158746e6526eef49d1eef6cb82bb034"},{"name":"04-A Happy Life_spectrogram.png","source":"derivative","format":"Spectrogram","original":"04-A Happy Life.mp3","mtime":"1759120802","size":"288487","md5":"4b4693d9512cd82356062b027c7cd497","crc32":"95c3e9e3","sha1":"cc3580ccc227a7c4eded64a08724921af18c1275"},{"name":"05-I'll Stand For Jesus.mp3","source":"original","mtime":"1759120396","size":"5147065","md5":"da5887f2ab0a4d20fbed7eaa084ecf52","crc32":"2f974448","sha1":"4d8cecd03308548f9c9b5d51f8b66712b4e26a8c","format":"VBR MP3","length":"214.41","title":"I'll Stand For Jesus","creator":"The Russians","album":"The Russians","track":"5","artist":"The Russians","genre":"Pop"},{"name":"05-I'll Stand For Jesus.png","source":"derivative","format":"PNG","original":"05-I'll Stand For Jesus.mp3","mtime":"1759120609","size":"37377","md5":"176e3c4bb0e2d013381fc3c74f1d732a","crc32":"7f77b2c5","sha1":"c61a33b670c015da26bb56499c39a06435bc09b1"},{"name":"05-I'll Stand For Jesus_spectrogram.png","source":"derivative","format":"Spectrogram","original":"05-I'll Stand For Jesus.mp3","mtime":"1759120785","size":"282501","md5":"4822f79574b930ccbd0ce0b743525aed","crc32":"0f37a4fa","sha1":"aebc18f25ef309d1ae64769145896c007cc46fe8"},{"name":"06-Praise The Lord.mp3","source":"original","mtime":"1759120401","size":"3284430","md5":"570b1bec22d904f217e6720ba46ad429","crc32":"730f4dcd","sha1":"3adaefd16821eac21ad14ccff83d6e0901d53781","format":"VBR MP3","length":"136.8","title":"Praise The Lord","creator":"The Russians","album":"The Russians","track":"6","artist":"The Russians","genre":"Pop"},{"name":"06-Praise The Lord.png","source":"derivative","format":"PNG","original":"06-Praise The Lord.mp3","mtime":"1759120577","size":"37919","md5":"5568305eda1ff02afe6af30567061210","crc32":"e281de8a","sha1":"b1355624754f7c56e281655e5e64f0af9f303b5f"},{"name":"06-Praise The Lord_spectrogram.png","source":"derivative","format":"Spectrogram","original":"06-Praise The Lord.mp3","mtime":"1759120738","size":"291527","md5":"cd82f213d69860a0c3932242ca3febe6","crc32":"6d2df9d7","sha1":"700a25268bf7c31e452cd35a000c1d5e35b22294"},{"name":"07-A New Day With Jesus.mp3","source":"original","mtime":"1759120405","size":"5387810","md5":"fce8c572176936b3cfa6f14bd5fe466e","crc32":"4d3fe22d","sha1":"e563bf6fdc2024c6aa74c4743a577ca5d5e26db7","format":"VBR MP3","length":"224.44","title":"A New Day With Jesus","creator":"The Russians","album":"The Russians","track":"7","artist":"The Russians","genre":"Pop"},{"name":"07-A New Day With Jesus.png","source":"derivative","format":"PNG","original":"07-A New Day With Jesus.mp3","mtime":"1759120593","size":"39389","md5":"3af63e621ac3dbfcf2974f69140d750c","crc32":"37ae1f15","sha1":"2fce10bd0939b7799b79f9bb2d14355f8b03e070"},{"name":"07-A New Day With Jesus_spectrogram.png","source":"derivative","format":"Spectrogram","original":"07-A New Day With Jesus.mp3","mtime":"1759120769","size":"289927","md5":"841ab930c25abb5a45859222114c2c4a","crc32":"56c16bb2","sha1":"042c68aea7f418cf583ef624dcf0a60b0b57e0c7"},{"name":"08-On A Different Way.mp3","source":"original","mtime":"1759120412","size":"4989077","md5":"394a307b48ef787286c395be9fa75eed","crc32":"33fc8ee9","sha1":"67a647764827ac1a641945eece4ea1bc2cde6368","format":"VBR MP3","length":"207.83","title":"On A Different Way","creator":"The Russians","album":"The Russians","track":"8","artist":"The Russians","genre":"Pop"},{"name":"08-On A Different Way.png","source":"derivative","format":"PNG","original":"08-On A Different Way.mp3","mtime":"1759120558","size":"42375","md5":"de028d594d7a831acc7aa9908512c17f","crc32":"fce0554b","sha1":"3a8c94cc5bdf421fbf528fd4d90fa6c2c8044374"},{"name":"08-On A Different Way_spectrogram.png","source":"derivative","format":"Spectrogram","original":"08-On A Different Way.mp3","mtime":"1759120751","size":"286033","md5":"f718a08d49786d5904a5bca82ee0d539","crc32":"08e78db7","sha1":"fde12c57957e6fa2459c176339f3c9fe8dbe70de"},{"name":"09-What A Day That Will Be.mp3","source":"original","mtime":"1759120415","size":"4481883","md5":"2ff2beb046d7663cb807ac2c39997ab9","crc32":"e56b679e","sha1":"4b1597c0585f26f3fd09868925b17aa327837455","format":"VBR MP3","length":"186.7","title":"What A Day That Will Be","creator":"The Russians","album":"The Russians","track":"9","artist":"The Russians","genre":"Pop"},{"name":"09-What A Day That Will Be.png","source":"derivative","format":"PNG","original":"09-What A Day That Will Be.mp3","mtime":"1759120643","size":"41096","md5":"1a09ff8a96d033ff884c3b8159e2c8f5","crc32":"1a793af7","sha1":"16c8b6cb5e1a051b3354aa9f786c56bc5864c237"},{"name":"09-What A Day That Will Be_spectrogram.png","source":"derivative","format":"Spectrogram","original":"09-What A Day That Will Be.mp3","mtime":"1759120724","size":"287587","md5":"f3f5e4e1879ca3df99c6ec7dffcc0a4a","crc32":"56590bbc","sha1":"367ec52456ba76509fe223bf7ee83270514b0d89"},{"name":"10-Prayer.mp3","source":"original","mtime":"1759120420","size":"4634230","md5":"932881cdd2db6b56f45fe02f1854fb16","crc32":"b6ed100c","sha1":"ba76fad3800f92828bbe4eb084386eaa52e03398","format":"VBR MP3","length":"193.04","title":"Prayer","creator":"The Russians","album":"The Russians","track":"10","artist":"The Russians","genre":"Pop"},{"name":"10-Prayer.png","source":"derivative","format":"PNG","original":"10-Prayer.mp3","mtime":"1759120536","size":"38716","md5":"962b107fcd04eecb98584e0b61f91dab","crc32":"c9d74a39","sha1":"6a79dd78021bb921ead240abecac1d9821daf686"},{"name":"10-Prayer_spectrogram.png","source":"derivative","format":"Spectrogram","original":"10-Prayer.mp3","mtime":"1759120707","size":"286187","md5":"1e0eda0b893681c5df4f1bbc06556397","crc32":"604bf8f8","sha1":"f62ac2e45b3b0e38cefcc59951cc5ad8be0683ba"},{"name":"The Russians.jpg","source":"original","mtime":"1759120423","size":"42242","md5":"1bab10770f0284a4df71c50bd279a428","crc32":"11a9bd23","sha1":"a5e1a1d70e02d3ee860bb0651c345be920434ba4","format":"JPEG"},{"name":"The Russians_thumb.jpg","source":"derivative","format":"JPEG Thumb","original":"The Russians.jpg","mtime":"1759120504","size":"9587","md5":"f8ce58e0850e9e59d149822e0401f6d6","crc32":"ffec7601","sha1":"fa9477ce4bd7ead3ae18365d6102fdfdb9bab30a"},{"name":"__ia_thumb.jpg","source":"original","mtime":"1759120463","size":"13472","md5":"d49aae80e03cb4ed27a46e4f843e67f3","crc32":"38bfaf0e","sha1":"cfe7a0edeafef176fcf19122e50e4412f209bdb1","format":"Item Tile"}],"files_count":37,"item_last_updated":1759120869,"item_size":48671362,"metadata":{"identifier":"02-i-want-to-talk-to-you-russian","mediatype":"audio","collection":"opensource_audio","creator":"The Russians","date":"1981","description":"The Russians 1991 debut ","scanner":"Internet Archive HTML5 Uploader 1.7.0","subject":["Ruscha","The Russians","debut","Soft Rock"],"title":"The Russians st 1981","uploader":"poiemajeremiah@yahoo.com","publicdate":"2025-09-29 04:32:57","addeddate":"2025-09-29 04:32:57","curation":"[curator]validator@archive.org[/curator][date]20250929043449[/date][comment]checked for malware[/comment]"},"server":"ia601707.us.archive.org","uniq":162720231,"workable_servers":["ia601707.us.archive.org","ia801707.us.archive.org"]}