{"alternate_locations":{"servers":[{"server":"dn710106.ca.archive.org","dir":"/0/items/02-just-5-gdy-sliczna-panna"}],"workable":[{"server":"dn710106.ca.archive.org","dir":"/0/items/02-just-5-gdy-sliczna-panna"}]},"created":1767564521,"d1":"ia601804.us.archive.org","d2":"ia801804.us.archive.org","dir":"/8/items/02-just-5-gdy-sliczna-panna","files":[{"name":"02-just-5-gdy-sliczna-panna_archive.torrent","source":"metadata","btih":"eb154d8afd9216c21ab12608d042a2716c630790","mtime":"1757883278","size":"7769","md5":"c302172d57366424fd97bba76a620ef7","crc32":"4d3c1805","sha1":"8b2ae15da7059823e2529cb37baf92d8b230daf0","format":"Archive BitTorrent"},{"name":"02-just-5-gdy-sliczna-panna_files.xml","source":"original","format":"Metadata","md5":"aded58a913a4e681c6a4b3b976066c29","summation":"md5"},{"name":"02-just-5-gdy-sliczna-panna_meta.sqlite","source":"original","mtime":"1740592243","size":"45056","md5":"a011f5c6a7367611357ce5895b4955c7","crc32":"973795cc","sha1":"383c3c058ab5d964f4ed57746e2f24aa68729391","format":"Metadata"},{"name":"02-just-5-gdy-sliczna-panna_meta.xml","source":"original","mtime":"1757883276","size":"944","md5":"6931467ab7d3c80301d00002f23c8023","crc32":"01fcdf05","sha1":"2d242f73bd92c59d3fb00f9dbc80257e1f681772","format":"Metadata"},{"name":"__ia_thumb.jpg","source":"original","mtime":"1740598382","size":"3739","md5":"401959df8853b3807ba87131976140b1","crc32":"ded6f220","sha1":"9cc9d184bdd0cf7ca928f7881155e307ef375c30","format":"Item Tile"},{"name":"just 5 - najpiękniejsze polskie kolędy i remiksy z płyty kolorowe sny (MC)/01 - just 5 - jezus malusieńki.mp3","source":"original","mtime":"1740592011","size":"3600718","md5":"aaa47ca87ee9b57a67029cf0e4796d94","crc32":"5b38c9ac","sha1":"ff2e5b4d6e0c306279a123280cc961be231488a5","format":"VBR MP3","length":"225.04","track":"01"},{"name":"just 5 - najpiękniejsze polskie kolędy i remiksy z płyty kolorowe sny (MC)/01 - just 5 - jezus malusieńki.png","source":"derivative","format":"PNG","original":"just 5 - najpiękniejsze polskie kolędy i remiksy z płyty kolorowe sny (MC)/01 - just 5 - jezus malusieńki.mp3","mtime":"1740592615","size":"39090","md5":"d8e82aaf1cc180fb10ea7936609506f4","crc32":"057976aa","sha1":"3a54ff19201d4f69adcb602bc00c67418c2c2990"},{"name":"just 5 - najpiękniejsze polskie kolędy i remiksy z płyty kolorowe sny (MC)/01 - just 5 - jezus malusieńki_spectrogram.png","source":"derivative","format":"Spectrogram","original":"just 5 - najpiękniejsze polskie kolędy i remiksy z płyty kolorowe sny (MC)/01 - just 5 - jezus malusieńki.mp3","mtime":"1740595455","size":"259124","md5":"51204316934e471687bafb1d46caad64","crc32":"d945bd06","sha1":"61d0bb0b9a4b3c12fd487d5b4b65c75361fa6b80"},{"name":"just 5 - najpiękniejsze polskie kolędy i remiksy z płyty kolorowe sny (MC)/02 - just 5 - gdy śliczna panna.mp3","source":"original","mtime":"1740592075","size":"4032888","md5":"fd7872e74b89c4263e7a4e4e8e623bcf","crc32":"0ff10dad","sha1":"87118b8aa6e9c0d954da971a97b85c74fc07cbbe","format":"VBR MP3","length":"252.06","track":"02"},{"name":"just 5 - najpiękniejsze polskie kolędy i remiksy z płyty kolorowe sny (MC)/02 - just 5 - gdy śliczna panna.png","source":"derivative","format":"PNG","original":"just 5 - najpiękniejsze polskie kolędy i remiksy z płyty kolorowe sny (MC)/02 - just 5 - gdy śliczna panna.mp3","mtime":"1740593383","size":"41691","md5":"86fa2cda893c12a611c4fb7ca7bcc6ed","crc32":"97a54276","sha1":"105ef47ad0ac432d43ce42d1b5674ab9de55cf76"},{"name":"just 5 - najpiękniejsze polskie kolędy i remiksy z płyty kolorowe sny (MC)/02 - just 5 - gdy śliczna panna_spectrogram.png","source":"derivative","format":"Spectrogram","original":"just 5 - najpiękniejsze polskie kolędy i remiksy z płyty kolorowe sny (MC)/02 - just 5 - gdy śliczna panna.mp3","mtime":"1740596780","size":"261350","md5":"814a0de22d730288419132dc96f6ede9","crc32":"aa00f5df","sha1":"902313d2dd39938601cd56a0022c41f2c477acfd"},{"name":"just 5 - najpiękniejsze polskie kolędy i remiksy z płyty kolorowe sny (MC)/03 - just 5 - lulajże jezuniu.mp3","source":"original","mtime":"1740592119","size":"3360810","md5":"6ab694ce5448c5acc6922f24cfdd66b6","crc32":"095d35a9","sha1":"9df33a9faca488a607b25a52799675906ac707a1","format":"VBR MP3","length":"210.05","track":"03"},{"name":"just 5 - najpiękniejsze polskie kolędy i remiksy z płyty kolorowe sny (MC)/03 - just 5 - lulajże jezuniu.png","source":"derivative","format":"PNG","original":"just 5 - najpiękniejsze polskie kolędy i remiksy z płyty kolorowe sny (MC)/03 - just 5 - lulajże jezuniu.mp3","mtime":"1740593919","size":"37520","md5":"8fced1b15d3ae289bdaf37afd7fe96dc","crc32":"233510d1","sha1":"2304aa17af7794e08f4562f80443bdb3806d2b6c"},{"name":"just 5 - najpiękniejsze polskie kolędy i remiksy z płyty kolorowe sny (MC)/03 - just 5 - lulajże jezuniu_spectrogram.png","source":"derivative","format":"Spectrogram","original":"just 5 - najpiękniejsze polskie kolędy i remiksy z płyty kolorowe sny (MC)/03 - just 5 - lulajże jezuniu.mp3","mtime":"1740597197","size":"262642","md5":"1a927d52d4b5801761c873928e77fd66","crc32":"8b383cd2","sha1":"4ad2495b9ee1e9af7dcf7b61d486a16c1b601baf"},{"name":"just 5 - najpiękniejsze polskie kolędy i remiksy z płyty kolorowe sny (MC)/04 - just 5 - sugar baby love (acapella version).mp3","source":"original","mtime":"1740592161","size":"3616601","md5":"e346e7784d81e47ba6501161e608c0d6","crc32":"27eb13ff","sha1":"4331000b1057224ddde93493041c83d2e811326e","format":"VBR MP3","length":"226.04","track":"04"},{"name":"just 5 - najpiękniejsze polskie kolędy i remiksy z płyty kolorowe sny (MC)/04 - just 5 - sugar baby love (acapella version).png","source":"derivative","format":"PNG","original":"just 5 - najpiękniejsze polskie kolędy i remiksy z płyty kolorowe sny (MC)/04 - just 5 - sugar baby love (acapella version).mp3","mtime":"1740594081","size":"36220","md5":"28a00c8e123f040e0dd178d8ff6ddfcd","crc32":"4b322ea0","sha1":"8dedbb2ea15e62259441e2ccb900d8f9f59c0d82"},{"name":"just 5 - najpiękniejsze polskie kolędy i remiksy z płyty kolorowe sny (MC)/04 - just 5 - sugar baby love (acapella version)_spectrogram.png","source":"derivative","format":"Spectrogram","original":"just 5 - najpiękniejsze polskie kolędy i remiksy z płyty kolorowe sny (MC)/04 - just 5 - sugar baby love (acapella version).mp3","mtime":"1740597826","size":"274103","md5":"a6f902dc4efcef2b70a9f6ee55f439bb","crc32":"fe3584fb","sha1":"8fb0cd2ab03e338008aa247bae6b05ccba3bdff2"},{"name":"just 5 - najpiękniejsze polskie kolędy i remiksy z płyty kolorowe sny (MC)/05 - just 5 - rozpalmy miłość (more guitar version).mp3","source":"original","mtime":"1740592208","size":"3553071","md5":"7fc4925c28d7c53004508be87ef3c52e","crc32":"21d803db","sha1":"cc56cbf909b3b08923ab60cf511426ca47fd3504","format":"VBR MP3","length":"222.07","track":"05"},{"name":"just 5 - najpiękniejsze polskie kolędy i remiksy z płyty kolorowe sny (MC)/05 - just 5 - rozpalmy miłość (more guitar version).png","source":"derivative","format":"PNG","original":"just 5 - najpiękniejsze polskie kolędy i remiksy z płyty kolorowe sny (MC)/05 - just 5 - rozpalmy miłość (more guitar version).mp3","mtime":"1740594472","size":"38177","md5":"0c572699a7a7d134e4688f46425e6262","crc32":"cc43c6f9","sha1":"a397ff468247d06976ca0188038d769e6fc0557f"},{"name":"just 5 - najpiękniejsze polskie kolędy i remiksy z płyty kolorowe sny (MC)/05 - just 5 - rozpalmy miłość (more guitar version)_spectrogram.png","source":"derivative","format":"Spectrogram","original":"just 5 - najpiękniejsze polskie kolędy i remiksy z płyty kolorowe sny (MC)/05 - just 5 - rozpalmy miłość (more guitar version).mp3","mtime":"1740598113","size":"270853","md5":"0938fd27ac6ba57ed0213264459e0b42","crc32":"2385eae6","sha1":"ad492fc8fc21cf14ea571e3f0447c25a66e14fc7"},{"name":"just 5 - najpiękniejsze polskie kolędy i remiksy z płyty kolorowe sny (MC)/06 - just 5 - kolorowe sny (club mix instrumental).mp3","source":"original","mtime":"1740592240","size":"3504588","md5":"b49d6445979cb1a2e5dacceb1cccf532","crc32":"cad416b3","sha1":"5bdda68c1a0f029ffcfabf1b795a7926f815e987","format":"VBR MP3","length":"219.04","track":"06"},{"name":"just 5 - najpiękniejsze polskie kolędy i remiksy z płyty kolorowe sny (MC)/06 - just 5 - kolorowe sny (club mix instrumental).png","source":"derivative","format":"PNG","original":"just 5 - najpiękniejsze polskie kolędy i remiksy z płyty kolorowe sny (MC)/06 - just 5 - kolorowe sny (club mix instrumental).mp3","mtime":"1740594795","size":"43056","md5":"98abe21468b60cc23eaf8d081f11dbe0","crc32":"33b5aace","sha1":"f8f24e003c5f5d38cca95e353020445fb60c2abd"},{"name":"just 5 - najpiękniejsze polskie kolędy i remiksy z płyty kolorowe sny (MC)/06 - just 5 - kolorowe sny (club mix instrumental)_spectrogram.png","source":"derivative","format":"Spectrogram","original":"just 5 - najpiękniejsze polskie kolędy i remiksy z płyty kolorowe sny (MC)/06 - just 5 - kolorowe sny (club mix instrumental).mp3","mtime":"1740598349","size":"264733","md5":"d4e97801f6c8df68b994bbfba04da22f","crc32":"ef2951d2","sha1":"4c6f6842a52d2436afd10984e241747bfe52ad5a"}],"files_count":23,"item_last_updated":1757883278,"item_size":23554743,"metadata":{"identifier":"02-just-5-gdy-sliczna-panna","mediatype":"audio","collection":["folksoundomy_bargainbin","folksoundomy"],"date":"1997","description":"druga kaseta zespołu just 5","language":"pol","licenseurl":"https://creativecommons.org/publicdomain/mark/1.0/","scanner":"Internet Archive HTML5 Uploader 1.7.0","subject":"pop","title":"Just 5 - najpiękniesze polskie kolędy i remiksy z płyty kolorowe sny (MC)","uploader":"rjonczak523@interia.pl","publicdate":"2025-02-26 17:47:09","addeddate":"2025-02-26 17:47:09","curation":"[curator]validator@archive.org[/curator][date]20250226174801[/date][comment]checked for malware[/comment]","creator":"BMG","collection_added":"folksoundomy"},"server":"ia601804.us.archive.org","uniq":1519760656,"workable_servers":["ia601804.us.archive.org","ia801804.us.archive.org"]}