{"alternate_locations":{"servers":[{"server":"dn720701.ca.archive.org","dir":"/0/items/02-out-of-the-wild-wood"}],"workable":[{"server":"dn720701.ca.archive.org","dir":"/0/items/02-out-of-the-wild-wood"}]},"created":1767567209,"d1":"ia600300.us.archive.org","d2":"ia800300.us.archive.org","dir":"/9/items/02-out-of-the-wild-wood","files":[{"name":"01 Dancing on Light.flac","source":"derivative","format":"Flac","original":"01 Dancing on Light.wav","mtime":"1758907951","size":"37554944","md5":"c2eb2e81b779f408f87ec9112caa6cdd","crc32":"4714a4e4","sha1":"7625197fcbc546c107094fd94267daa514463867","length":"292.69"},{"name":"01 Dancing on Light.mp3","source":"derivative","bitrate":"195","length":"04:53","format":"VBR MP3","original":"01 Dancing on Light.wav","mtime":"1758907292","size":"7125412","md5":"10a9cbe06180852a5cdf4fac73391898","crc32":"f0e5f7ff","sha1":"976ab60d0a77a9fb6e314dfd4a94c380919f4f7a"},{"name":"01 Dancing on Light.png","source":"derivative","format":"PNG","original":"01 Dancing on Light.wav","mtime":"1758908293","size":"39766","md5":"40f995cbeb0662c380d248503c8c136b","crc32":"8cdc8538","sha1":"62886a8279797434ab206c1a71ebe7401c98887a"},{"name":"01 Dancing on Light.wav","source":"original","mtime":"1758906276","size":"56197164","md5":"2e1f80b7ba647475f8141195d06dd2f3","crc32":"88413536","sha1":"35343eba19664772c24a2f56f53a9aa6269f5da0","format":"WAVE","length":"292.69","track":"01"},{"name":"01 Dancing on Light_spectrogram.png","source":"derivative","format":"Spectrogram","original":"01 Dancing on Light.wav","mtime":"1758908405","size":"284826","md5":"1dc6a974593834ab107a50ac925f773c","crc32":"9894c962","sha1":"50eafe72bb18a14efbd1e5afc7461c5766100ffc"},{"name":"02 (out of) The Wild Wood.flac","source":"derivative","format":"Flac","original":"02 (out of) The Wild Wood.wav","mtime":"1758908026","size":"38325826","md5":"cbaa2bf76cc45f459fae4c7052935d4b","crc32":"4cd6bf1d","sha1":"4c09d76c2577ac4219f36774df85bff38911bb33","length":"350.07"},{"name":"02 (out of) The Wild Wood.mp3","source":"derivative","bitrate":"185","length":"05:50","format":"VBR MP3","original":"02 (out of) The Wild Wood.wav","mtime":"1758907544","size":"8083993","md5":"1278de296b86403c64c2308d4a31a61f","crc32":"ccc62d08","sha1":"7999b43ddcc2724db91b1012450f0722c4b11b35"},{"name":"02 (out of) The Wild Wood.png","source":"derivative","format":"PNG","original":"02 (out of) The Wild Wood.wav","mtime":"1758908141","size":"33494","md5":"6452a3db9ab3e96fdb43bb8a1cda99bb","crc32":"3a0354dd","sha1":"c9a069e61b4e3cc4c8f2e7790abd6341cc51f511"},{"name":"02 (out of) The Wild Wood.wav","source":"original","mtime":"1758906409","size":"67212844","md5":"171afbee4051512cb1506bb3b547556c","crc32":"87f0431a","sha1":"515d22302d6292332221c8a79e5ca2591ded240c","format":"WAVE","length":"350.07","track":"02"},{"name":"02 (out of) The Wild Wood_spectrogram.png","source":"derivative","format":"Spectrogram","original":"02 (out of) The Wild Wood.wav","mtime":"1758908456","size":"305262","md5":"45848a2f05a435e42d6f9127cdc702ee","crc32":"2a037887","sha1":"70abb9d88ef266445ac3d1d6ff2c315d2379a2bc"},{"name":"02-out-of-the-wild-wood_archive.torrent","source":"metadata","btih":"b429ee131c640602116a1b03eb25c4430c3a397a","mtime":"1758908519","size":"46992","md5":"38c72a52174199befef094e484c76ccf","crc32":"d969fd24","sha1":"37d0c02abf5de21357b4798a218fbafb431669cb","format":"Archive BitTorrent"},{"name":"02-out-of-the-wild-wood_files.xml","source":"original","format":"Metadata","md5":"b84eb0c195a16246a01f024bd983aecf","summation":"md5"},{"name":"02-out-of-the-wild-wood_meta.sqlite","source":"original","mtime":"1758906989","size":"49152","md5":"24ea663a01d7e67e7e60adbc781b3387","crc32":"4e86c1bd","sha1":"6d11bf023393736ee3f68dc5375463d9aeed7e80","format":"Metadata"},{"name":"02-out-of-the-wild-wood_meta.xml","source":"original","mtime":"1758908493","size":"903","md5":"124f713fca8b769a7825617b349dc7bf","crc32":"d750c490","sha1":"b3ae7ab3c09fcd2954a96e301424761f1931a9b5","format":"Metadata"},{"name":"03 Waiting.flac","source":"derivative","format":"Flac","original":"03 Waiting.wav","mtime":"1758907821","size":"19462909","md5":"3c66562dee38cbfd10f03ecaef213a32","crc32":"47f9aa27","sha1":"62430c99c8316a0a240a732903e23b786d517ccd","length":"186.6"},{"name":"03 Waiting.mp3","source":"derivative","bitrate":"180","length":"03:07","format":"VBR MP3","original":"03 Waiting.wav","mtime":"1758907568","size":"4196501","md5":"7a564dc74eeae4743f72de0c5ff93d6b","crc32":"69cf1283","sha1":"c745c3732f4efc330057c6813efca29c04dc3b7b"},{"name":"03 Waiting.png","source":"derivative","format":"PNG","original":"03 Waiting.wav","mtime":"1758908229","size":"32637","md5":"deac049b8c436dedb324ed181fa1b64d","crc32":"a747b264","sha1":"833158ab686869ac2d011111bbc882847f65f3ca"},{"name":"03 Waiting.wav","source":"original","mtime":"1758906470","size":"35827244","md5":"81e802a8048378acdf7c75902fa4ee19","crc32":"7354e5d9","sha1":"9d4ba4cc24e334203fd1e0403fad9182346add8a","format":"WAVE","length":"186.6","track":"03"},{"name":"03 Waiting_spectrogram.png","source":"derivative","format":"Spectrogram","original":"03 Waiting.wav","mtime":"1758908442","size":"299321","md5":"63dea25d16ea29050648c99402ef3a2d","crc32":"e52f102b","sha1":"a797c6057985394533ac7885245b75c2aca47a56"},{"name":"04 Here He Comes, Second Time.flac","source":"derivative","format":"Flac","original":"04 Here He Comes, Second Time.wav","mtime":"1758908043","size":"24416091","md5":"c03b6ec213d3b16a5310804b0158434f","crc32":"4994f9a6","sha1":"14610bd905264ebd9133c7d12ecb9b63d1ef200a","length":"190.47"},{"name":"04 Here He Comes, Second Time.mp3","source":"derivative","bitrate":"194","length":"03:11","format":"VBR MP3","original":"04 Here He Comes, Second Time.wav","mtime":"1758907518","size":"4616705","md5":"391580d6406537910066379226072450","crc32":"e798584f","sha1":"87ccf0e5d9b6e2dcae15d41b7915546ac9572553"},{"name":"04 Here He Comes, Second Time.png","source":"derivative","format":"PNG","original":"04 Here He Comes, Second Time.wav","mtime":"1758908158","size":"41768","md5":"e563dd1f52f37c00b490d8089594ec21","crc32":"f96b52d9","sha1":"7b5e85374f0b8144427bf9f8e7e543ea000795da"},{"name":"04 Here He Comes, Second Time.wav","source":"original","mtime":"1758906529","size":"36569644","md5":"ed1d88e379003d311ee3e1c3d5330685","crc32":"f0cb9c39","sha1":"40b117175c64530455c60d02d1873685987f5c78","format":"WAVE","length":"190.47","track":"04"},{"name":"04 Here He Comes, Second Time_spectrogram.png","source":"derivative","format":"Spectrogram","original":"04 Here He Comes, Second Time.wav","mtime":"1758908469","size":"285801","md5":"72c2773a69502f571990d785d90573df","crc32":"3410e53b","sha1":"7c809b5337f9d04187ac5145fccad46bb7140daf"},{"name":"05 Picture of You.flac","source":"derivative","format":"Flac","original":"05 Picture of You.wav","mtime":"1758907788","size":"26747662","md5":"85e1ec15da3f50a6790517dbb35cb85a","crc32":"c7fb3cfa","sha1":"d8eca3d238c7d9f05b4de20021360c1033559174","length":"243.04"},{"name":"05 Picture of You.mp3","source":"derivative","bitrate":"190","length":"04:03","format":"VBR MP3","original":"05 Picture of You.wav","mtime":"1758907635","size":"5794194","md5":"38676d91b5a2a01b4810b071f9026a73","crc32":"5290bf69","sha1":"c2ac2f3d4aea858ba0b10f105a52fde5bae54dc0"},{"name":"05 Picture of You.png","source":"derivative","format":"PNG","original":"05 Picture of You.wav","mtime":"1758908124","size":"43061","md5":"e37c44618e6693c01393f7c10d11ee5a","crc32":"67e3081e","sha1":"f8716b1a54c8f80e8481bd5743d9cfcaa53205d7"},{"name":"05 Picture of You.wav","source":"original","mtime":"1758906603","size":"46663724","md5":"00a44a71e13ccd2290f23a72080ed5e9","crc32":"5d42e911","sha1":"3efebb91e987c358746dacaad5e444ec3cf50734","format":"WAVE","length":"243.04","track":"05"},{"name":"05 Picture of You_spectrogram.png","source":"derivative","format":"Spectrogram","original":"05 Picture of You.wav","mtime":"1758908419","size":"287058","md5":"40a709a4427a67a949a034e25685d6a5","crc32":"7709290b","sha1":"816848ca3549ca99dd479fd2f76b12f1379caedd"},{"name":"06 Song of Innocence.flac","source":"derivative","format":"Flac","original":"06 Song of Innocence.wav","mtime":"1758907854","size":"27623064","md5":"49793ccd6d4e4f90b7ff954917613135","crc32":"a73c09fc","sha1":"449f99050e0945219cb64e560a569f0cb35e20ae","length":"236.87"},{"name":"06 Song of Innocence.mp3","source":"derivative","bitrate":"188","length":"03:57","format":"VBR MP3","original":"06 Song of Innocence.wav","mtime":"1758907611","size":"5570819","md5":"dc8ee73534630a80ea470ff482047aef","crc32":"c35728f3","sha1":"26590912952f0abd3702b5ca87889d3ac024cad0"},{"name":"06 Song of Innocence.png","source":"derivative","format":"PNG","original":"06 Song of Innocence.wav","mtime":"1758908090","size":"39413","md5":"777bb925add0f8c0e8a0a0fcb069f7c6","crc32":"c58800f6","sha1":"fad4cdc607748a47e753c4ca98717aff33f5fe0e"},{"name":"06 Song of Innocence.wav","source":"original","mtime":"1758906675","size":"45478444","md5":"83a53ade3141c88fe24a75a0e00f648b","crc32":"6eb09dc6","sha1":"a6296c77e932b4ba1a6aa7a1c4de0cab9907edf0","format":"WAVE","length":"236.87","track":"06"},{"name":"06 Song of Innocence_spectrogram.png","source":"derivative","format":"Spectrogram","original":"06 Song of Innocence.wav","mtime":"1758908390","size":"290934","md5":"e6ddb9aef97d80750ac7cb1562142cc1","crc32":"838da4df","sha1":"54c2cf451251ea84b8526b2f8c2b9f170fe2f0f8"},{"name":"07 Old Time Gospel Camp Meeting Hour.flac","source":"derivative","format":"Flac","original":"07 Old Time Gospel Camp Meeting Hour.wav","mtime":"1758907773","size":"14404768","md5":"b0dac4204f0b006cabf45357c2710a0e","crc32":"3f674a7b","sha1":"fceb6e8d9df862286425317fb804b342dbe48d18","length":"236.2"},{"name":"07 Old Time Gospel Camp Meeting Hour.mp3","source":"derivative","bitrate":"144","length":"03:56","format":"VBR MP3","original":"07 Old Time Gospel Camp Meeting Hour.wav","mtime":"1758907496","size":"4268453","md5":"1c7f83cdb8039c4412a6c652271e9d19","crc32":"77975bee","sha1":"c19d2823f9cbaa4c67b234215374e7c0fcbc6399"},{"name":"07 Old Time Gospel Camp Meeting Hour.png","source":"derivative","format":"PNG","original":"07 Old Time Gospel Camp Meeting Hour.wav","mtime":"1758908073","size":"40690","md5":"95607711355f6ab2dbdd016203ddc40e","crc32":"a01db56a","sha1":"0e12b7eccdb5656111539182197b314a850638d0"},{"name":"07 Old Time Gospel Camp Meeting Hour.wav","source":"original","mtime":"1758906730","size":"45350444","md5":"4d9256007a705e997402f31d60a8c047","crc32":"d0162e29","sha1":"4e6cba7b5608ace342436e8c88587090e1f0da0c","format":"WAVE","length":"236.2","track":"07"},{"name":"07 Old Time Gospel Camp Meeting Hour_spectrogram.png","source":"derivative","format":"Spectrogram","original":"07 Old Time Gospel Camp Meeting Hour.wav","mtime":"1758908344","size":"259395","md5":"639b0b7159c8b112b3a2a404c1395ec9","crc32":"3b3bf0d8","sha1":"f760cfcad375b880301b1a7b72b42c89024a68cd"},{"name":"08 Picture of You (reprise).flac","source":"derivative","format":"Flac","original":"08 Picture of You (reprise).wav","mtime":"1758907891","size":"8542037","md5":"97277b3057089399156c8be7e45eecec","crc32":"f8da60af","sha1":"d689c63b9c8b08a52f57f308b514a3db2672e1e0","length":"98.96"},{"name":"08 Picture of You (reprise).mp3","source":"derivative","bitrate":"166","length":"01:39","format":"VBR MP3","original":"08 Picture of You (reprise).wav","mtime":"1758907587","size":"2061428","md5":"fd0f43fdc7f69d12b96b5574a8765fa4","crc32":"a081f312","sha1":"a3cd806242b373341199f4500f56993ec89b3805"},{"name":"08 Picture of You (reprise).png","source":"derivative","format":"PNG","original":"08 Picture of You (reprise).wav","mtime":"1758908108","size":"30262","md5":"4ee70f5fd98cf02f5941ef5c384d6f72","crc32":"b9dd0842","sha1":"514fe932b9e5d8a12ef41d9e9149d26f5808b232"},{"name":"08 Picture of You (reprise).wav","source":"original","mtime":"1758906750","size":"19000364","md5":"109121a3b87b39a2840f83325ecc7fb1","crc32":"70bf0826","sha1":"628c0563f30a41dbb9a5ae49d1944d864baefbe4","format":"WAVE","length":"98.96","track":"08"},{"name":"08 Picture of You (reprise)_spectrogram.png","source":"derivative","format":"Spectrogram","original":"08 Picture of You (reprise).wav","mtime":"1758908320","size":"288106","md5":"b051446f5e366ee2e84eac9052ac8300","crc32":"ef579bb0","sha1":"91afc840978bacb8b6f714ca8df87835219a9b24"},{"name":"09 Ever After.flac","source":"derivative","format":"Flac","original":"09 Ever After.wav","mtime":"1758907874","size":"25394338","md5":"a9850bd4459a8e6e2dbdc4ea0cb62347","crc32":"3df47dbc","sha1":"b5866302deadc11e1fec81b418bd88157baa69e8","length":"216.17"},{"name":"09 Ever After.mp3","source":"derivative","bitrate":"189","length":"03:36","format":"VBR MP3","original":"09 Ever After.wav","mtime":"1758907657","size":"5122927","md5":"70c5269f6961c45cd9591957499c11c4","crc32":"3f700dd4","sha1":"183daee0aa2004f16c51fbce0b93be6640f816b9"},{"name":"09 Ever After.png","source":"derivative","format":"PNG","original":"09 Ever After.wav","mtime":"1758908211","size":"40016","md5":"4d7f3498295227f22678f88da5f2f3e3","crc32":"447083c9","sha1":"5815c0d00fef3e11631ecb451dfa6cbf60334cf9"},{"name":"09 Ever After.wav","source":"original","mtime":"1758906792","size":"41505324","md5":"5ba8f237ea4006c263037a999b327b1d","crc32":"e7e6d3d0","sha1":"e3ffe3cbe13ce982b82e21801c29c7650aa4d70b","format":"WAVE","length":"216.17","track":"09"},{"name":"09 Ever After_spectrogram.png","source":"derivative","format":"Spectrogram","original":"09 Ever After.wav","mtime":"1758908361","size":"307796","md5":"8bb1bdb8fc01b5009b5e4f4f52589308","crc32":"9a3a4415","sha1":"4161e2b014329500b1599a58acb7cc59988e49f6"},{"name":"10 Home Movies (a. Christmas 1980) (.flac","source":"derivative","format":"Flac","original":"10 Home Movies (a. Christmas 1980) (.wav","mtime":"1758908057","size":"3659965","md5":"b55fcd6f7a5d7c26c6eacd813aff0d58","crc32":"1fec9953","sha1":"994f1a0dd7d8fc09051ba46c16ccabc0fadff03c","length":"79.76"},{"name":"10 Home Movies (a. Christmas 1980) (.mp3","source":"derivative","bitrate":"134","length":"01:20","format":"VBR MP3","original":"10 Home Movies (a. Christmas 1980) (.wav","mtime":"1758907676","size":"1341657","md5":"b3c73c1e1d847fa74a9923863b188c6f","crc32":"983cc78b","sha1":"39cf2f32e7a5b0d9704ff94cd7aeb87206665f0c"},{"name":"10 Home Movies (a. Christmas 1980) (.png","source":"derivative","format":"PNG","original":"10 Home Movies (a. Christmas 1980) (.wav","mtime":"1758908244","size":"58956","md5":"ec62508628770d0fb157521e0c1aa1f5","crc32":"a3adcde5","sha1":"223698efd967cd2fbc587d22ae4b0259cc5b3763"},{"name":"10 Home Movies (a. Christmas 1980) (.wav","source":"original","mtime":"1758906825","size":"15313964","md5":"8d8cccf90d8316d5202d5abd5d9bdd7e","crc32":"58dcb269","sha1":"af36b6cf0f4221ec25afc76b5d5ff96a208ff3cd","format":"WAVE","length":"79.76","track":"10"},{"name":"10 Home Movies (a. Christmas 1980) (_spectrogram.png","source":"derivative","format":"Spectrogram","original":"10 Home Movies (a. Christmas 1980) (.wav","mtime":"1758908305","size":"250824","md5":"c660bccbb75f198b2085c9d72ed4b674","crc32":"15f189a1","sha1":"f46d965370eb0e36d6a57bdb4028f9eaea73bd4e"},{"name":"11 One More Time.flac","source":"derivative","format":"Flac","original":"11 One More Time.wav","mtime":"1758908012","size":"23761160","md5":"6b4f88df084141b1cc1c5d9b639ea924","crc32":"cb8ffc28","sha1":"306a3584b4f1b00d7da8a5e166947bba1eda0e6a","length":"222.44"},{"name":"11 One More Time.mp3","source":"derivative","bitrate":"191","length":"03:42","format":"VBR MP3","original":"11 One More Time.wav","mtime":"1758907696","size":"5304921","md5":"4386d8011f163084d421f8d8164b3823","crc32":"198077a3","sha1":"045423e275e35f8c2b1808bffc72cfdc1b25e3cc"},{"name":"11 One More Time.png","source":"derivative","format":"PNG","original":"11 One More Time.wav","mtime":"1758908259","size":"40009","md5":"c1fbe0410833a9e5247e635cca477751","crc32":"e9135457","sha1":"e5ac3e4332a0dda7044880b73efd3c5311eb3a9a"},{"name":"11 One More Time.wav","source":"original","mtime":"1758906904","size":"42708524","md5":"8ce42da15c2d471c318ff5adf34d1ca7","crc32":"f56db7d9","sha1":"8a1d5e3c36524dd534b30759c95eb060f356d87a","format":"WAVE","length":"222.44","track":"11"},{"name":"11 One More Time_spectrogram.png","source":"derivative","format":"Spectrogram","original":"11 One More Time.wav","mtime":"1758908332","size":"289841","md5":"8bdf2782e29efdc38d6c74806b7ad53f","crc32":"a3a4cb7a","sha1":"ef7ad84cce961be27bc7fbb10f7e4cd19f629aa2"},{"name":"12 Baby's Heartbeat (6 Months).flac","source":"derivative","format":"Flac","original":"12 Baby's Heartbeat (6 Months).wav","mtime":"1758907903","size":"430669","md5":"17719ba9c48999b1c398a721b3193768","crc32":"6b48db55","sha1":"0085e0f65305ee21a8d14e6aa4a0f3a01c54718c","length":"14.07"},{"name":"12 Baby's Heartbeat (6 Months).mp3","source":"derivative","bitrate":"120","length":"00:14","format":"VBR MP3","original":"12 Baby's Heartbeat (6 Months).wav","mtime":"1758907713","size":"212769","md5":"188959eca2fb26a2c4733a3ff5a53c3d","crc32":"2187a8ad","sha1":"b3d9c42c81f36082c653d4e1dcbaabf8f5bd1511"},{"name":"12 Baby's Heartbeat (6 Months).png","source":"derivative","format":"PNG","original":"12 Baby's Heartbeat (6 Months).wav","mtime":"1758908195","size":"37449","md5":"f607f4939234e517ac2153ac393388f0","crc32":"04015f68","sha1":"b2349e29d3a8ebe2a5adee9928628f6eaf6551f0"},{"name":"12 Baby's Heartbeat (6 Months).wav","source":"original","mtime":"1758906911","size":"2700844","md5":"e595c0df0a1624f3dc6c5429906a7fa8","crc32":"fccc0adb","sha1":"73e1dfafea687267cea2eb4c4e38e9356422d7f2","format":"WAVE","length":"14.07","track":"12"},{"name":"12 Baby's Heartbeat (6 Months)_spectrogram.png","source":"derivative","format":"Spectrogram","original":"12 Baby's Heartbeat (6 Months).wav","mtime":"1758908376","size":"230149","md5":"3b9873b69dfd7c7eb1fb2104e81b7d5f","crc32":"a601c749","sha1":"497071a9949391c957e84acebce4b722b818b12e"},{"name":"13 Light Princess.flac","source":"derivative","format":"Flac","original":"13 Light Princess.wav","mtime":"1758907838","size":"25081340","md5":"50500139ad61718d319d617bcdf68c7c","crc32":"64b6d63d","sha1":"f5e69d620256e60d14f498e3cf756618c952e776","length":"249.49"},{"name":"13 Light Princess.mp3","source":"derivative","bitrate":"195","length":"04:10","format":"VBR MP3","original":"13 Light Princess.wav","mtime":"1758907738","size":"6096440","md5":"b9941dc275dfee619fbd1181d2903e9d","crc32":"84ca3c9c","sha1":"3c9af7ea3a1931fa1d91a704606d27de065b499b"},{"name":"13 Light Princess.png","source":"derivative","format":"PNG","original":"13 Light Princess.wav","mtime":"1758908275","size":"38907","md5":"978691e3687e51496885609fb104abe8","crc32":"583d17fd","sha1":"c65fded85095b580883cf6a258dd70d9f88287a3"},{"name":"13 Light Princess.wav","source":"original","mtime":"1758906956","size":"47902764","md5":"3db9415cfff0f1a6707096f92f7a0374","crc32":"ea16a508","sha1":"1593b9d3d727765eedaf47d40519aec95c0d7437","format":"WAVE","length":"249.49","track":"13"},{"name":"13 Light Princess_spectrogram.png","source":"derivative","format":"Spectrogram","original":"13 Light Princess.wav","mtime":"1758908480","size":"296673","md5":"b2f9ab6e8efeabcd07bbeca02cd6a4ca","crc32":"9fa35e5c","sha1":"35fc59c7f21bd19ff20114712f20a03bf1ec9483"},{"name":"14 Waiting (reprise).flac","source":"derivative","format":"Flac","original":"14 Waiting (reprise).wav","mtime":"1758907805","size":"4500474","md5":"d39264e2ae75c4883d5833e5b3d22b20","crc32":"4530f056","sha1":"67cf9facaf4d12d18a66d2c3e999795e1424a876","length":"80.27"},{"name":"14 Waiting (reprise).mp3","source":"derivative","bitrate":"143","length":"01:20","format":"VBR MP3","original":"14 Waiting (reprise).wav","mtime":"1758907756","size":"1435302","md5":"8becec2dbb6e532d53f4f7ca378e6b9e","crc32":"24511d10","sha1":"e13a9a5c4ce64b37ee169ef6bf80cb912e76fed8"},{"name":"14 Waiting (reprise).png","source":"derivative","format":"PNG","original":"14 Waiting (reprise).wav","mtime":"1758908178","size":"32031","md5":"5385ba01db225b1ebe2c25c5dfffd2e9","crc32":"773a1b29","sha1":"0c26d69c73a5b5aa185ddef211ec06e4bcd1ce69"},{"name":"14 Waiting (reprise).wav","source":"original","mtime":"1758906973","size":"15411244","md5":"b1af16aac6aaf71e0e007f3a91784b9e","crc32":"fdbf9d2f","sha1":"0ce05920bd8491dc2d8ddfd9da09940d65639af7","format":"WAVE","length":"80.27","track":"14"},{"name":"14 Waiting (reprise)_spectrogram.png","source":"derivative","format":"Spectrogram","original":"14 Waiting (reprise).wav","mtime":"1758908430","size":"260460","md5":"6d4f68e255d168b9d73ce0dda8755622","crc32":"77a3f3ca","sha1":"9c079b961e6f55820bb235539eda90378165e7d9"},{"name":"__ia_thumb.jpg","source":"original","mtime":"1758908517","size":"3557","md5":"0957db5b6f958d07d77783ef4a5b4951","crc32":"591f1c8a","sha1":"79e2eaff55a15ef3f810ba43039f14643c00da21","format":"Item Tile"}],"files_count":75,"item_last_updated":1758908519,"item_size":863564813,"metadata":{"identifier":"02-out-of-the-wild-wood","mediatype":"audio","collection":"opensource_audio","creator":"Terry Scott Taylor","date":"1986","description":"Terry Scott Taylor Knowledge and Innocence 1986","scanner":"Internet Archive HTML5 Uploader 1.7.0","subject":["Terry Scott Taylor","Daniel Amos","Randy Stone Hill","Alternative Rock","Refuge Records"],"title":"Terry Scott Taylor Knowledge and Innocence 1986","uploader":"poiemajeremiah@yahoo.com","publicdate":"2025-09-26 17:05:14","addeddate":"2025-09-26 17:05:14","curation":"[curator]validator@archive.org[/curator][date]20250926170622[/date][comment]checked for malware[/comment]"},"server":"ia600300.us.archive.org","uniq":388039333,"workable_servers":["ia600300.us.archive.org","ia800300.us.archive.org"]}