{"alternate_locations":{"servers":[{"server":"dn721602.ca.archive.org","dir":"/0/items/02-the-boy-is-mine-club-mix"}],"workable":[{"server":"dn721602.ca.archive.org","dir":"/0/items/02-the-boy-is-mine-club-mix"}]},"created":1767567373,"d1":"ia601408.us.archive.org","d2":"ia801408.us.archive.org","dir":"/8/items/02-the-boy-is-mine-club-mix","files":[{"name":"01 The Boy Is Mine (Album Version).flac","source":"derivative","format":"Flac","original":"01 The Boy Is Mine (Album Version).wav","mtime":"1694906835","size":"35942579","md5":"f22248c67ca91d2b2d821494b30e15e2","crc32":"bba3298b","sha1":"0e7a0a2f5ae280b7d8b49bb596d0c606e9285e5b","length":"294.44"},{"name":"01 The Boy Is Mine (Album Version).mp3","source":"derivative","creator":"Brandy & Monica","title":"The Boy Is Mine (Album Version)","genre":"R&B","bitrate":"198","length":"04:54","format":"VBR MP3","original":"01 The Boy Is Mine (Album Version).wav","mtime":"1694906475","size":"7418612","md5":"0bc811777428e504bf8f128f25b73488","crc32":"c6fefc96","sha1":"de8a2b2af8966d457e14b8037bab7d0ba18b0778"},{"name":"01 The Boy Is Mine (Album Version).png","source":"derivative","format":"PNG","original":"01 The Boy Is Mine (Album Version).wav","mtime":"1694907310","size":"44527","md5":"62a9b678aa68e129cd11d661e0fffdf5","crc32":"1be949a7","sha1":"ea1d5125a8dc82ba968166ab34687295a7112ea3"},{"name":"01 The Boy Is Mine (Album Version).wav","source":"original","mtime":"1694905797","size":"51939436","md5":"e88b500790891c590d390a297d7c237b","crc32":"801e6279","sha1":"75854ddb8b7c76a71519403a7e0653fefc3e3f68","format":"WAVE","length":"294.44","track":"01","title":"The Boy Is Mine (Album Version)","artist":"Brandy & Monica","genre":"R&B"},{"name":"01 The Boy Is Mine (Album Version)_spectrogram.png","source":"derivative","format":"Spectrogram","original":"01 The Boy Is Mine (Album Version).wav","mtime":"1694907466","size":"323192","md5":"1252523b4e2f11957eae978a79e9e97e","crc32":"4c4d4554","sha1":"cf4f79c666e1117f3e9904dfb993786c0b2d6450"},{"name":"02 The Boy Is Mine (Club Mix).flac","source":"derivative","format":"Flac","original":"02 The Boy Is Mine (Club Mix).wav","mtime":"1694907250","size":"56624049","md5":"b786ffe27cbf6979893908ca3f4e834f","crc32":"2355e758","sha1":"1edb4b4b6599b6229fe47d42b32a57a288f68cad","length":"462.49"},{"name":"02 The Boy Is Mine (Club Mix).mp3","source":"derivative","creator":"Brandy & Monica","title":"The Boy Is Mine (Club Mix)","genre":"R&B","bitrate":"210","length":"07:43","format":"VBR MP3","original":"02 The Boy Is Mine (Club Mix).wav","mtime":"1694906513","size":"12271916","md5":"ed000530eac39077c5961f65ba735507","crc32":"be2cd332","sha1":"900e5897adfce0566c9c8400d2e6b0a71a4dba12"},{"name":"02 The Boy Is Mine (Club Mix).png","source":"derivative","format":"PNG","original":"02 The Boy Is Mine (Club Mix).wav","mtime":"1694907332","size":"49083","md5":"9b1e7cf9d6bb6472789fc923c389396c","crc32":"da2e138f","sha1":"d68608d80c6c9682a7a8b8e58c134971ce43b9b5"},{"name":"02 The Boy Is Mine (Club Mix).wav","source":"original","mtime":"1694906039","size":"81584040","md5":"d9a32c454964bf1c2394ad3d76e24843","crc32":"1ac7a214","sha1":"80095ae50e2cd4d416d35b518554401650c06940","format":"WAVE","length":"462.49","track":"02","title":"The Boy Is Mine (Club Mix)","artist":"Brandy & Monica","genre":"R&B"},{"name":"02 The Boy Is Mine (Club Mix)_spectrogram.png","source":"derivative","format":"Spectrogram","original":"02 The Boy Is Mine (Club Mix).wav","mtime":"1694907429","size":"316389","md5":"fc526dfea3a3f85e3d15c7bd79232d33","crc32":"3c1e076a","sha1":"ea12571000d5bb620fc99f46756b9d79a4180cc3"},{"name":"02-the-boy-is-mine-club-mix_archive.torrent","source":"metadata","btih":"0e2678a6279f6de62996d7d22a41d5da6cb2c823","mtime":"1694907505","size":"26181","md5":"ad068ce1700015b0514bbe2a2df6f6b3","crc32":"c45330f5","sha1":"7fc71a565542cf93ac98cf14424df0237da1f669","format":"Archive BitTorrent"},{"name":"02-the-boy-is-mine-club-mix_files.xml","source":"original","format":"Metadata","md5":"90ca205460891dae53d15bcad69f9da0","summation":"md5"},{"name":"02-the-boy-is-mine-club-mix_meta.sqlite","source":"original","mtime":"1694906403","size":"45056","md5":"d2921f213434603c7560d77b39d1b038","crc32":"285db455","sha1":"5420463f881e0f4d137fafc8783920108f772e05","format":"Metadata"},{"name":"02-the-boy-is-mine-club-mix_meta.xml","source":"original","mtime":"1694907496","size":"1083","md5":"38d749c458085869589c18339ca489d8","crc32":"fc65a8de","sha1":"126122ede7cbe45ca95154aa7a6ba9699794c6a2","format":"Metadata"},{"name":"03 The Boy Is Mine [Radio With Intro].flac","source":"derivative","format":"Flac","original":"03 The Boy Is Mine [Radio With Intro].wav","mtime":"1694907289","size":"29676627","md5":"4a2420d92f1a8a78623b51632de168a8","crc32":"6abc649d","sha1":"b72b64e1556c91b80d40218cd9482f0d03f908de","length":"242"},{"name":"03 The Boy Is Mine [Radio With Intro].mp3","source":"derivative","creator":"Brandy & Monica","title":"The Boy Is Mine [Radio With Intro]","genre":"R&B","bitrate":"198","length":"04:02","format":"VBR MP3","original":"03 The Boy Is Mine [Radio With Intro].wav","mtime":"1694906612","size":"6107208","md5":"45e071693256e695663b961063418260","crc32":"8fb8ab80","sha1":"5a0874de55013377eab8606fa9212ed4717e3b52"},{"name":"03 The Boy Is Mine [Radio With Intro].png","source":"derivative","format":"PNG","original":"03 The Boy Is Mine [Radio With Intro].wav","mtime":"1694907375","size":"44308","md5":"f0bb28973ad6bf96701a682d1bb35595","crc32":"f4284100","sha1":"831fb88a51190f518a8a19763babd290e7c24a35"},{"name":"03 The Boy Is Mine [Radio With Intro].wav","source":"original","mtime":"1694906140","size":"42689024","md5":"397187bb0617bf0386c6f586564b39ad","crc32":"f2ce6d45","sha1":"e6f4304082001dbc87897802c0f17eae1fda1fdd","format":"WAVE","length":"242","track":"03","title":"The Boy Is Mine [Radio With Intro]","artist":"Brandy & Monica","genre":"R&B"},{"name":"03 The Boy Is Mine [Radio With Intro]_spectrogram.png","source":"derivative","format":"Spectrogram","original":"03 The Boy Is Mine [Radio With Intro].wav","mtime":"1694907487","size":"325288","md5":"3f4ef063a8593bacd234e23c25832c40","crc32":"332b1d7e","sha1":"341bcb6027764bf82096e7902f88b068c3860f25"},{"name":"04 The Boy Is Mine [Instrumental].flac","source":"derivative","format":"Flac","original":"04 The Boy Is Mine [Instrumental].wav","mtime":"1694907271","size":"33843068","md5":"9fd34fc9d5e8869bac4ec4b3581b9af9","crc32":"ca4b3e53","sha1":"97cdd24454f11b4a6911c5d3fa3c23ab8d610f26","length":"294.11"},{"name":"04 The Boy Is Mine [Instrumental].mp3","source":"derivative","creator":"Brandy & Monica","title":"The Boy Is Mine [Instrumental]","genre":"R&B","bitrate":"210","length":"04:54","format":"VBR MP3","original":"04 The Boy Is Mine [Instrumental].wav","mtime":"1694906792","size":"7859822","md5":"6a7e5f90766829445fc7ab39d765ad8d","crc32":"1462c01b","sha1":"aa1020089605db2d657114b4d1b90044fc142ec1"},{"name":"04 The Boy Is Mine [Instrumental].png","source":"derivative","format":"PNG","original":"04 The Boy Is Mine [Instrumental].wav","mtime":"1694907400","size":"44929","md5":"8a62040f91a022dfe29c8fcca735e640","crc32":"e23b45b0","sha1":"6d8d65ced37cec2e0ae4ea67965ad5b353566d4a"},{"name":"04 The Boy Is Mine [Instrumental].wav","source":"original","mtime":"1694906273","size":"51880636","md5":"1351082125a6892cc4a58838df92aa9e","crc32":"7c7499b5","sha1":"d5d83830df12a7d26a26c7af1f79bd9241e7d262","format":"WAVE","length":"294.11","track":"04","title":"The Boy Is Mine [Instrumental]","artist":"Brandy & Monica","genre":"R&B"},{"name":"04 The Boy Is Mine [Instrumental]_spectrogram.png","source":"derivative","format":"Spectrogram","original":"04 The Boy Is Mine [Instrumental].wav","mtime":"1694907413","size":"336422","md5":"8f6e66c13c388cdd5e8fec4cb8a7f9a7","crc32":"d0d7ac0b","sha1":"3be51a9127d7fb0e1e69173675911b7fcfaff315"},{"name":"05 The Boy Is Mine (Accappella).flac","source":"derivative","format":"Flac","original":"05 The Boy Is Mine (Accappella).wav","mtime":"1694906935","size":"31232357","md5":"304e61661f6df73c6bca3dbe8f28dbd0","crc32":"eaf422c0","sha1":"0d8e31daf56fdb21ef14562aa5fd4b1b576d4abc","length":"270.32"},{"name":"05 The Boy Is Mine (Accappella).mp3","source":"derivative","creator":"Brandy & Monica","title":"The Boy Is Mine (Accappella)","genre":"R&B","bitrate":"186","length":"04:30","format":"VBR MP3","original":"05 The Boy Is Mine (Accappella).wav","mtime":"1694906539","size":"6423487","md5":"f82526f04d3666991c037b0bc24ac287","crc32":"89e6f013","sha1":"6dd1e7597ba5f9d3e75ccfaed453784d3495f600"},{"name":"05 The Boy Is Mine (Accappella).png","source":"derivative","format":"PNG","original":"05 The Boy Is Mine (Accappella).wav","mtime":"1694907352","size":"42056","md5":"7f914768eb1b23d1c534119fe301268a","crc32":"a311ad2c","sha1":"d9c26fbab8070655e8ca1953f0a48687d70aab13"},{"name":"05 The Boy Is Mine (Accappella).wav","source":"original","mtime":"1694906398","size":"47684666","md5":"9cdfbee7c7affae82d4aaa0beb68d041","crc32":"1df7f64f","sha1":"48df537d0b9eda2bcff85912c81045eb95774836","format":"WAVE","length":"270.32","track":"05","title":"The Boy Is Mine (Accappella)","artist":"Brandy & Monica","genre":"R&B"},{"name":"05 The Boy Is Mine (Accappella)_spectrogram.png","source":"derivative","format":"Spectrogram","original":"05 The Boy Is Mine (Accappella).wav","mtime":"1694907450","size":"324096","md5":"0b0f63e3861da212ae6515c62934a37b","crc32":"1d9d1304","sha1":"06aac6d9a77654d4c9b3dd86be1fa6f87bb5040c"},{"name":"__ia_thumb.jpg","source":"original","mtime":"1694906409","size":"13460","md5":"577813e12052390fa22119c963adb418","crc32":"708b3b1b","sha1":"128561481fd1e0103af85af12fa552dd8bf69fe3","format":"Item Tile","rotation":"0"},{"name":"cover_itemimage.jpeg","source":"original","mtime":"1694906400","size":"1953158","md5":"568e026a91d24f2764d3fc1912d10ccc","crc32":"6e1b07db","sha1":"36303c420bdbc78957b27ab9d27c90e11487114c","format":"Item Image","rotation":"0"}],"files_count":31,"item_last_updated":1694907505,"item_size":507066755,"metadata":{"identifier":"02-the-boy-is-mine-club-mix","mediatype":"audio","collection":"opensource_audio","creator":"Brandy & Monica","date":"1998","description":"<div>Label: Atlantic – 7567-84110-9</div><div>Format: CD, Single</div><div>Country: Europe</div><div>Released: 1998</div><div>Genre: Hip Hop</div><div>Style: RnB/Swing</div>","scanner":"Internet Archive HTML5 Uploader 1.7.0","subject":["Hip Hop","RNB","Swing","CD","WAV","FLAC","MP3"],"title":"The Boy Is Mine (CD Single)","uploader":"landonadams1@icloud.com","publicdate":"2023-09-16 23:10:21","addeddate":"2023-09-16 23:10:21","curation":"[curator]validator@archive.org[/curator][date]20230916231039[/date][comment]checked for malware[/comment]"},"server":"ia801408.us.archive.org","uniq":1847830302,"workable_servers":["ia801408.us.archive.org","ia601408.us.archive.org"]}