{"alternate_locations":{"servers":[{"server":"dn721902.ca.archive.org","dir":"/0/items/02-the-pain-that-plagues-creation"}],"workable":[{"server":"dn721902.ca.archive.org","dir":"/0/items/02-the-pain-that-plagues-creation"}]},"created":1767567218,"d1":"ia600305.us.archive.org","d2":"ia800305.us.archive.org","dir":"/8/items/02-the-pain-that-plagues-creation","files":[{"name":"01 Eye of the Storm.flac","source":"derivative","format":"Flac","original":"01 Eye of the Storm.wav","mtime":"1759258447","size":"19575215","md5":"d7d2a0aace36d15a983b0fa7c5a0ffe1","crc32":"fab9233c","sha1":"0957528191f02bd4fd9e800dc279830fffd6f650","length":"181.45"},{"name":"01 Eye of the Storm.mp3","source":"derivative","bitrate":"201","length":"03:01","format":"VBR MP3","original":"01 Eye of the Storm.wav","mtime":"1759257894","size":"4562950","md5":"fad30c5330f216e9622d161d120b77e3","crc32":"5f8ee59d","sha1":"855260dec41c4348ae06ec965a08301cf3098316"},{"name":"01 Eye of the Storm.png","source":"derivative","format":"PNG","original":"01 Eye of the Storm.wav","mtime":"1759258907","size":"40000","md5":"beaeaf2a641813e16f2ac058fc759962","crc32":"e75dcda3","sha1":"66b427d582601c3aa8effcc77b4ddd125cd06d46"},{"name":"01 Eye of the Storm.wav","source":"original","mtime":"1759257631","size":"34839084","md5":"4eeca8a0847f4cc7f967ab86b6a0057f","crc32":"c7a7afe1","sha1":"fec2e70f6b87a847384ea9a76181a7bb085e34fd","format":"WAVE","length":"181.45","track":"01"},{"name":"01 Eye of the Storm_spectrogram.png","source":"derivative","format":"Spectrogram","original":"01 Eye of the Storm.wav","mtime":"1759258987","size":"302687","md5":"02f99a76ae0776ac0e04f38d4dddba22","crc32":"b4150254","sha1":"f0fd7e58bdc9ee6c7f4afdf9a64242e651fdb068"},{"name":"02 The Pain That Plagues Creation.flac","source":"derivative","format":"Flac","original":"02 The Pain That Plagues Creation.wav","mtime":"1759258483","size":"22769987","md5":"8c2747cea3aacdb906b6944dacc8887b","crc32":"f1a9b0c5","sha1":"443227dca9994e4660431fbf6d793b2b01348e15","length":"238.56"},{"name":"02 The Pain That Plagues Creation.mp3","source":"derivative","bitrate":"195","length":"03:59","format":"VBR MP3","original":"02 The Pain That Plagues Creation.wav","mtime":"1759258284","size":"5819093","md5":"51b9aed2fe297e21c65971bff18ae041","crc32":"852db5f6","sha1":"624c6f167ba3651357a3a21802a35128c0f7eb8e"},{"name":"02 The Pain That Plagues Creation.png","source":"derivative","format":"PNG","original":"02 The Pain That Plagues Creation.wav","mtime":"1759258852","size":"40038","md5":"e20f4a32944ac5f6ce057f604346b191","crc32":"cc500b8e","sha1":"5ae8100134daa3c17813b07b44cc88fcef4b15a7"},{"name":"02 The Pain That Plagues Creation.wav","source":"original","mtime":"1759257666","size":"45803564","md5":"caed478704f25db788821e444bea6934","crc32":"4858024d","sha1":"f48dcc4427625428b368bcbda7cb2b14609659d5","format":"WAVE","length":"238.56","track":"02"},{"name":"02 The Pain That Plagues Creation_spectrogram.png","source":"derivative","format":"Spectrogram","original":"02 The Pain That Plagues Creation.wav","mtime":"1759259028","size":"299908","md5":"4adfae3dac3a13d01eb44d10a1fc2404","crc32":"28fe8200","sha1":"d38ed29c5600641679486bcb4d635dcecb837b4d"},{"name":"02-the-pain-that-plagues-creation_archive.torrent","source":"metadata","btih":"783886637a2e06c135cd75480bb187dcaae5abce","mtime":"1759259226","size":"33016","md5":"69e82389794e2cba4bbb661206c8fba3","crc32":"8251278f","sha1":"d9bd3e1e5bd7b179a4f2db9b4bf6dede7eb04fa0","format":"Archive BitTorrent"},{"name":"02-the-pain-that-plagues-creation_files.xml","source":"original","format":"Metadata","md5":"8f17925fa06efa2955b7742a77296ada","summation":"md5"},{"name":"02-the-pain-that-plagues-creation_meta.sqlite","source":"original","mtime":"1759257783","size":"40960","md5":"8f21b5ad954a1a5e3b7b1ea2e8bfd7a6","crc32":"946af7a3","sha1":"f22fd3f749d3426cf78f9e326ac1f29a65cc87dd","format":"Metadata"},{"name":"02-the-pain-that-plagues-creation_meta.xml","source":"original","mtime":"1759259204","size":"868","md5":"4615a0b68ef4bada0cfa48efbe18be1c","crc32":"5fa942e6","sha1":"509f8d11a31e1d95a2d3e161e5753c3f2d7ed91b","format":"Metadata"},{"name":"03 Castaway.flac","source":"derivative","format":"Flac","original":"03 Castaway.wav","mtime":"1759258471","size":"20509370","md5":"c7a6397ceaa03ded9ebf42e47622d103","crc32":"8fc093a8","sha1":"d8e4488afef08a1a1fe050d5bca3458e0d176a8e","length":"197.48"},{"name":"03 Castaway.mp3","source":"derivative","bitrate":"196","length":"03:18","format":"VBR MP3","original":"03 Castaway.wav","mtime":"1759258316","size":"4836511","md5":"e8a3af67f9ddb20f3d49d07ae621a1db","crc32":"f354fb2c","sha1":"6ec8e9d377f785eb1c2b6544e3ae4ae4c79d0a67"},{"name":"03 Castaway.png","source":"derivative","format":"PNG","original":"03 Castaway.wav","mtime":"1759258635","size":"40413","md5":"456247e97e3d263b10f605c05337efd1","crc32":"5cd2998e","sha1":"ad1e145eb797f7f8eba25ed28e18d4cf4176401f"},{"name":"03 Castaway.wav","source":"original","mtime":"1759257684","size":"37916204","md5":"428f4d190e21e309dbf2e6990c662b29","crc32":"ec28f9d5","sha1":"6b64e985097843b6157f929cd6fc44ac9250a054","format":"WAVE","length":"197.48","track":"03"},{"name":"03 Castaway_spectrogram.png","source":"derivative","format":"Spectrogram","original":"03 Castaway.wav","mtime":"1759259183","size":"294899","md5":"4a25a2c3dca0585921cd323d01376af4","crc32":"acf8ae1b","sha1":"367255df36200424feebc97a1ec2e336aa3bece7"},{"name":"04 Well Worn Pages.flac","source":"derivative","format":"Flac","original":"04 Well Worn Pages.wav","mtime":"1759258424","size":"16416359","md5":"885b5ec21c215ed84b8ba60d14833f0c","crc32":"1934377d","sha1":"81245311f7b6174fce2b564b39443dc8948e52e2","length":"164.95"},{"name":"04 Well Worn Pages.mp3","source":"derivative","bitrate":"197","length":"02:45","format":"VBR MP3","original":"04 Well Worn Pages.wav","mtime":"1759257918","size":"4072139","md5":"934e35090f0ac381acc75569cb287395","crc32":"429b652a","sha1":"9b3cdfe3c219abefb743156bcb3aa50570bde1d3"},{"name":"04 Well Worn Pages.png","source":"derivative","format":"PNG","original":"04 Well Worn Pages.wav","mtime":"1759258870","size":"37627","md5":"9d7567154dca37ce70720e1e6f8fcde3","crc32":"067a63ca","sha1":"f692afab1b091d61149ae3f9d1f032a839dd496c"},{"name":"04 Well Worn Pages.wav","source":"original","mtime":"1759257699","size":"31669804","md5":"3ceafdc80476c8cd99ba38634709464f","crc32":"9c9d8c55","sha1":"1d08cf7a5fea992ed0828eea48e569f044c68a91","format":"WAVE","length":"164.95","track":"04"},{"name":"04 Well Worn Pages_spectrogram.png","source":"derivative","format":"Spectrogram","original":"04 Well Worn Pages.wav","mtime":"1759259113","size":"299037","md5":"57b21db349f5f15fe06147254c158287","crc32":"ec27a489","sha1":"5551c583da63f47ee98d0b92e0baa0ff57d3cc34"},{"name":"05 He Will Listen To You.flac","source":"derivative","format":"Flac","original":"05 He Will Listen To You.wav","mtime":"1759258435","size":"15107649","md5":"6f26d56a29c7f6e52aaacef26985f14f","crc32":"06975ee0","sha1":"5d395543e4267fcef589c1bec10d71a9e28fd0f6","length":"179.56"},{"name":"05 He Will Listen To You.mp3","source":"derivative","bitrate":"188","length":"03:00","format":"VBR MP3","original":"05 He Will Listen To You.wav","mtime":"1759258144","size":"4233509","md5":"87da9eb8a464f2d06d7654837c8239b6","crc32":"58821e3b","sha1":"0762b72836476fa4c14b7969e7263ada8ef5a824"},{"name":"05 He Will Listen To You.png","source":"derivative","format":"PNG","original":"05 He Will Listen To You.wav","mtime":"1759258890","size":"35894","md5":"371ef685f1e6cc6986dada0ee481200a","crc32":"83b32945","sha1":"788fd594332ddbf586f030cdce1c5ac89ad98279"},{"name":"05 He Will Listen To You.wav","source":"original","mtime":"1759257714","size":"34475564","md5":"fc6c856254918730acbf8bc6c196228b","crc32":"d06adfc0","sha1":"df0b99d5a15a27ce4fca9875865d036f149258d6","format":"WAVE","length":"179.56","track":"05"},{"name":"05 He Will Listen To You_spectrogram.png","source":"derivative","format":"Spectrogram","original":"05 He Will Listen To You.wav","mtime":"1759258997","size":"292812","md5":"b1df515f6386d4af30d7831a4df32d98","crc32":"b30971ae","sha1":"53f248f57865bd3b46cc173fb1b60beced36cbb5"},{"name":"06 In The Gaze of the Spotlight's Ey.flac","source":"derivative","format":"Flac","original":"06 In The Gaze of the Spotlight's Ey.wav","mtime":"1759258460","size":"22373797","md5":"cf393587121efa0b09cf97c4832235e1","crc32":"f61c9c80","sha1":"4c6aed47e335a31d6a253c4171486ef4f285284c","length":"238.49"},{"name":"06 In The Gaze of the Spotlight's Ey.mp3","source":"derivative","bitrate":"197","length":"03:59","format":"VBR MP3","original":"06 In The Gaze of the Spotlight's Ey.wav","mtime":"1759258164","size":"5888186","md5":"2801b943a329c4f938c3afee7f16cd92","crc32":"557b9e26","sha1":"bd9a5bf6103a0913f23e91491bd99cdeea634e69"},{"name":"06 In The Gaze of the Spotlight's Ey.png","source":"derivative","format":"PNG","original":"06 In The Gaze of the Spotlight's Ey.wav","mtime":"1759258922","size":"39439","md5":"4bfd5229a59d6c4c58d70b8919fc6006","crc32":"c5b457e5","sha1":"987c8be99b04462627569fa2e8e47be7b6d62107"},{"name":"06 In The Gaze of the Spotlight's Ey.wav","source":"original","mtime":"1759257727","size":"45790764","md5":"6910cfa4d02146bfc7f2304cfff0da73","crc32":"e29038f2","sha1":"32c655d11f6e0a6a082720778e759ea33b92aed7","format":"WAVE","length":"238.49","track":"06"},{"name":"06 In The Gaze of the Spotlight's Ey_spectrogram.png","source":"derivative","format":"Spectrogram","original":"06 In The Gaze of the Spotlight's Ey.wav","mtime":"1759258977","size":"286871","md5":"7be8d87477b80356061bc6ab72411614","crc32":"1b3b14fd","sha1":"4c4100fc75316397224c267cf6c8d4932842cc80"},{"name":"07 Gimme Mine.flac","source":"derivative","format":"Flac","original":"07 Gimme Mine.wav","mtime":"1759258588","size":"20978981","md5":"e9975bcd36806d5e9a650fa5860599a2","crc32":"4e241e96","sha1":"893eeb3158949e02a3dfb6aa36e5ec65eaa88458","length":"211.95"},{"name":"07 Gimme Mine.mp3","source":"derivative","bitrate":"202","length":"03:32","format":"VBR MP3","original":"07 Gimme Mine.wav","mtime":"1759258114","size":"5358889","md5":"ad07acf2e4b9ee0c48c2c87f421757d3","crc32":"ea63f8c6","sha1":"d2cb1f521f22fb055b64f0a0e74ef3073693bb3f"},{"name":"07 Gimme Mine.png","source":"derivative","format":"PNG","original":"07 Gimme Mine.wav","mtime":"1759258950","size":"41562","md5":"0557c0c64d1c5357415ab12fde720f33","crc32":"a48f7db3","sha1":"602227cde5a6f9680dc51c773122321fd18a9e7e"},{"name":"07 Gimme Mine.wav","source":"original","mtime":"1759257738","size":"40693804","md5":"de5f497e12776b5da09096688850c527","crc32":"fc1bb8a9","sha1":"4848012bc5a8a71c48ea580307d4b2e132b66b4c","format":"WAVE","length":"211.95","track":"07"},{"name":"07 Gimme Mine_spectrogram.png","source":"derivative","format":"Spectrogram","original":"07 Gimme Mine.wav","mtime":"1759259139","size":"287957","md5":"80fa702ec999f606dec2875560e44a1a","crc32":"7a7b57d0","sha1":"1d44ab88cdc86c97f498bebf275937028609686e"},{"name":"08 These Plastic Halos.flac","source":"derivative","format":"Flac","original":"08 These Plastic Halos.wav","mtime":"1759258495","size":"16858580","md5":"e33ce88ab6d71839aec8e210f9cf6180","crc32":"2a8c9281","sha1":"a6b39caaabeee835d5a3e0a0c31ba979e8132e14","length":"183"},{"name":"08 These Plastic Halos.mp3","source":"derivative","bitrate":"194","length":"03:03","format":"VBR MP3","original":"08 These Plastic Halos.wav","mtime":"1759258089","size":"4436725","md5":"699d65db27df409746862f422ca91747","crc32":"85ecf023","sha1":"1ee2a784895b23b4eced4e4b8a3aac812c0246fb"},{"name":"08 These Plastic Halos.png","source":"derivative","format":"PNG","original":"08 These Plastic Halos.wav","mtime":"1759258615","size":"38471","md5":"f5f4e7366c4574899396f95636b3cb58","crc32":"090050a8","sha1":"ad5c23e23e66c128b53b1206deee51b119e8033e"},{"name":"08 These Plastic Halos.wav","source":"original","mtime":"1759257750","size":"35136044","md5":"7c73f0ffdf0789ae54de23c7e353477c","crc32":"72fb8824","sha1":"2f734b289ffb82b110efdd75fcb0cabb4e53aed9","format":"WAVE","length":"183","track":"08"},{"name":"08 These Plastic Halos_spectrogram.png","source":"derivative","format":"Spectrogram","original":"08 These Plastic Halos.wav","mtime":"1759259156","size":"284672","md5":"d0fa139de41330a431a96c2b3bca033c","crc32":"73f3a4f4","sha1":"c0d4d4c56386002399e57a39fea99908f3520159"},{"name":"09 No One But You.flac","source":"derivative","format":"Flac","original":"09 No One But You.wav","mtime":"1759258569","size":"13474033","md5":"b977f4cdcb1ba406dc65de0606b9e6e1","crc32":"991d50cd","sha1":"b25f0ca9cb489e3d8b45de8c0eb308d6aeaf8ae3","length":"148.57"},{"name":"09 No One But You.mp3","source":"derivative","bitrate":"191","length":"02:29","format":"VBR MP3","original":"09 No One But You.wav","mtime":"1759258065","size":"3552644","md5":"741ad360783acad6763f2de541a27782","crc32":"0655b045","sha1":"3a141d9bec772504ada03c18dccc3f0cc8cc0dc4"},{"name":"09 No One But You.png","source":"derivative","format":"PNG","original":"09 No One But You.wav","mtime":"1759258937","size":"35878","md5":"707c08e49522e3a08d99bf01a05a064d","crc32":"76d94791","sha1":"32dff2fc57d25e25fb6b65bef53d6a1a527acd2d"},{"name":"09 No One But You.wav","source":"original","mtime":"1759257768","size":"28526124","md5":"a02835c58f55c5180ec18024f87129f3","crc32":"096a25d5","sha1":"32c64bfbc1fc99f86d021a060b9becb5a4ed8e31","format":"WAVE","length":"148.57","track":"09"},{"name":"09 No One But You_spectrogram.png","source":"derivative","format":"Spectrogram","original":"09 No One But You.wav","mtime":"1759259071","size":"279671","md5":"8c8b4c9d04ab5a1f3e47bc364610f2dc","crc32":"00765e8c","sha1":"838e8850f9346185102a9f2b321d041ce8d7df04"},{"name":"10 Moonflower.flac","source":"derivative","format":"Flac","original":"10 Moonflower.wav","mtime":"1759258551","size":"13573079","md5":"319dea80570caf7bd6355bc03d3dce00","crc32":"b46c385c","sha1":"4020ccb786d7c12e1294fdadfa715c0bd94997df","length":"146"},{"name":"10 Moonflower.mp3","source":"derivative","bitrate":"194","length":"02:26","format":"VBR MP3","original":"10 Moonflower.wav","mtime":"1759257936","size":"3539717","md5":"dbbbff89999f5535f0d74a5c4c378d2e","crc32":"f9dd763e","sha1":"4bc793bd7cf9802218bf787e4f7664c79922ff51"},{"name":"10 Moonflower.png","source":"derivative","format":"PNG","original":"10 Moonflower.wav","mtime":"1759258965","size":"35397","md5":"db0030ebc196fcca471fcca34a90ac28","crc32":"4893a417","sha1":"76be053a1b4b3541a52464739051d8d416f04b39"},{"name":"10 Moonflower.wav","source":"original","mtime":"1759257780","size":"28032044","md5":"e2da809837a84c6a196bfd09c0f86449","crc32":"a92b5378","sha1":"e9820abf00468cacb05610c2a739cf371a80701b","format":"WAVE","length":"146","track":"10"},{"name":"10 Moonflower_spectrogram.png","source":"derivative","format":"Spectrogram","original":"10 Moonflower.wav","mtime":"1759259008","size":"291381","md5":"0f28a91b5f5f34a26bc4aa3f8c734c7f","crc32":"1abcfc44","sha1":"c7b22f81fd4f5a7ed81ca11f1f13462b4475d58f"},{"name":"__ia_thumb.jpg","source":"original","mtime":"1759259224","size":"3846","md5":"95a7e613a33b71987a2e86381b27baa7","crc32":"ca110932","sha1":"fd9818f38163d7f0ac15997f9a5bcaa558624c82","format":"Item Tile"}],"files_count":55,"item_last_updated":1759259226,"item_size":594203717,"metadata":{"identifier":"02-the-pain-that-plagues-creation","mediatype":"audio","collection":"opensource_audio","creator":"Mark Heard","date":"1983","description":"Mark Heard 1983 acoustic cd Eye Of the Storm ","scanner":"Internet Archive HTML5 Uploader 1.7.0","subject":["Acoustic","1983","Home Sweet Home Records","Mark Heard","Soft Rock"],"title":"Mark Heard Eye Of the Storm 1983","uploader":"poiemajeremiah@yahoo.com","publicdate":"2025-09-30 18:40:55","addeddate":"2025-09-30 18:40:55","curation":"[curator]validator@archive.org[/curator][date]20250930184419[/date][comment]checked for malware[/comment]"},"server":"ia800305.us.archive.org","uniq":1414687730,"workable_servers":["ia800305.us.archive.org","ia600305.us.archive.org"]}