{"alternate_locations":{"servers":[{"server":"dn720301.ca.archive.org","dir":"/0/items/02-track-02_202311"}],"workable":[{"server":"dn720301.ca.archive.org","dir":"/0/items/02-track-02_202311"}]},"created":1767567221,"d1":"ia600800.us.archive.org","d2":"ia800800.us.archive.org","dir":"/31/items/02-track-02_202311","files":[{"name":"01 Track 01.flac","source":"derivative","format":"Flac","original":"01 Track 01.wav","mtime":"1698935026","size":"43174823","md5":"e09331335ebef81ff50fba508fb950e1","crc32":"18a3b365","sha1":"c1a3722af51c5adbea30121656a56e7cee0d461b","length":"464.59"},{"name":"01 Track 01.mp3","source":"derivative","bitrate":"174","length":"07:45","format":"VBR MP3","original":"01 Track 01.wav","mtime":"1698934671","size":"10121250","md5":"e5129cea2e9a5863dde1a6db6b28a288","crc32":"e015e7a1","sha1":"ef236094a86d32b9ad90d67c7a7734fba809584d"},{"name":"01 Track 01.png","source":"derivative","format":"PNG","original":"01 Track 01.wav","mtime":"1698935335","size":"37791","md5":"fdc2407fd02aa1238009df7dd83a7b16","crc32":"5fdd90cb","sha1":"fb77d7f33e2c01b33b22557b126e9d87c7d3357c"},{"name":"01 Track 01.wav","source":"original","mtime":"1698934257","size":"81953132","md5":"ac0ef615685253e5274f1d8ad80320b3","crc32":"b6d2cf1a","sha1":"9d56501eeef85f7f0635fb7f4dd7e00f05812399","format":"WAVE","length":"464.59","track":"01"},{"name":"01 Track 01_spectrogram.png","source":"derivative","format":"Spectrogram","original":"01 Track 01.wav","mtime":"1698936341","size":"230110","md5":"f500d2cc2d22535ffd1b6c75019fb30b","crc32":"76976899","sha1":"7189a24ced3032029f1e68d3c6c12f17296a9348"},{"name":"02 Track 02.flac","source":"derivative","format":"Flac","original":"02 Track 02.wav","mtime":"1698935137","size":"67077718","md5":"8845b3f149c83e6fb3097351900aa1af","crc32":"e185456c","sha1":"e9056ab9a1d6e030a020e328687d7b74e495c649","length":"700.13"},{"name":"02 Track 02.mp3","source":"derivative","bitrate":"177","length":"11:40","format":"VBR MP3","original":"02 Track 02.wav","mtime":"1698934757","size":"15511859","md5":"255dc556b6345dff241f1b0e3b0361b1","crc32":"1c5cb381","sha1":"b28fe64fbe4fbcb1070962bff96e425326b6ab0e"},{"name":"02 Track 02.png","source":"derivative","format":"PNG","original":"02 Track 02.wav","mtime":"1698935388","size":"32229","md5":"1e8d98113bc7ad39a569dc372c453243","crc32":"3e5f6d49","sha1":"9c1498a3d5e3b766ff23cbb0e657ac76e231e3bd"},{"name":"02 Track 02.wav","source":"original","mtime":"1698934359","size":"123503564","md5":"c0ef44707f09509f311248809ce4bf0c","crc32":"32f58e59","sha1":"c80fdf4e3b4d65eabb451f55c841da4b7854444e","format":"WAVE","length":"700.13","track":"02"},{"name":"02 Track 02_spectrogram.png","source":"derivative","format":"Spectrogram","original":"02 Track 02.wav","mtime":"1698936208","size":"227985","md5":"b27a21df9b644f77b42a21033bad3ccd","crc32":"119d3bb1","sha1":"7add4f479cacb61c6a5b3928bf709905d74b9519"},{"name":"02-track-02_202311_archive.torrent","source":"metadata","btih":"481498424baf7c056c33a991acf31f3ce6b601f3","mtime":"1698937710","size":"34043","md5":"b144c9e5615f166317aded072c06af6a","crc32":"15173cb0","sha1":"56222f49bb73442addfc413df718dc1b6571001d","format":"Archive BitTorrent"},{"name":"02-track-02_202311_files.xml","source":"original","format":"Metadata","md5":"b58c92a8b13f6a86e60327f936fa46bc","summation":"md5"},{"name":"02-track-02_202311_meta.sqlite","source":"original","mtime":"1698934534","size":"36864","md5":"5bbed1c4fa600ee209e2cbb3bd112bdd","crc32":"616f9253","sha1":"6d9aeb49f08cc4b092746356e69c451b79e0fae2","format":"Metadata"},{"name":"02-track-02_202311_meta.xml","source":"original","mtime":"1698937704","size":"989","md5":"97b97a92683c808e5db763cdb20cdf30","crc32":"c82e44d8","sha1":"30b2c3189606c0995a0f882e1699c37b5d7be30c","format":"Metadata"},{"name":"03 Track 03.flac","source":"derivative","format":"Flac","original":"03 Track 03.wav","mtime":"1698935281","size":"32501005","md5":"ec87d33a81fbfdf23954a8921af52234","crc32":"f258e598","sha1":"61f8110ab390f652fc337952b895d4001e54b059","length":"340.6"},{"name":"03 Track 03.mp3","source":"derivative","bitrate":"170","length":"05:41","format":"VBR MP3","original":"03 Track 03.wav","mtime":"1698934898","size":"7234484","md5":"c3dc5125b189efb1ee6efb5e574715c6","crc32":"b87722e7","sha1":"80cbfd102948733c9b004e76065443517d8942d6"},{"name":"03 Track 03.png","source":"derivative","format":"PNG","original":"03 Track 03.wav","mtime":"1698935489","size":"38936","md5":"5a9df9c9d15be79da4f970afc9f5c805","crc32":"cf1285c6","sha1":"0acfebeaacbbb9bc8aad6df11f29d102bc94e6d2"},{"name":"03 Track 03.wav","source":"original","mtime":"1698934402","size":"60081884","md5":"94e2ce92702ff72b186e7fa5410475c8","crc32":"7a78b05d","sha1":"d480906cb1af4c2e9a03ce0b3b1f47a7798948dd","format":"WAVE","length":"340.6","track":"03"},{"name":"03 Track 03_spectrogram.png","source":"derivative","format":"Spectrogram","original":"03 Track 03.wav","mtime":"1698936394","size":"240468","md5":"8f8475a10e406d0c07aa0e6d52b38c9f","crc32":"1473a5cb","sha1":"c217ed5facfbbe6acae15c3ccab59b0428cdf871"},{"name":"04 Track 04.flac","source":"derivative","format":"Flac","original":"04 Track 04.wav","mtime":"1698935187","size":"35665086","md5":"ee54c4908d89cd22ea6eac024be40b05","crc32":"9b3f49e2","sha1":"261d74299096535d133281451931759e648d40d9","length":"361.68"},{"name":"04 Track 04.mp3","source":"derivative","bitrate":"178","length":"06:02","format":"VBR MP3","original":"04 Track 04.wav","mtime":"1698934967","size":"8060407","md5":"263d4652829c9699c559adfa18949600","crc32":"65931169","sha1":"86037b13e197583076a25cfc80e9e2757055d2b7"},{"name":"04 Track 04.png","source":"derivative","format":"PNG","original":"04 Track 04.wav","mtime":"1698935768","size":"34111","md5":"380d2406d39e4486f893ed4ab014f53c","crc32":"efc462d8","sha1":"53960131fc46145423a23e71de2ac38fd575270d"},{"name":"04 Track 04.wav","source":"original","mtime":"1698934450","size":"63800396","md5":"df644fc4005fb387cf96e49d8556d3ed","crc32":"31229bbc","sha1":"a1037fb47487181c934d26bf793f49c46173d40e","format":"WAVE","length":"361.68","track":"04"},{"name":"04 Track 04_spectrogram.png","source":"derivative","format":"Spectrogram","original":"04 Track 04.wav","mtime":"1698935812","size":"229420","md5":"5c135887e28317c14d6498a6f7d713ab","crc32":"76d2165b","sha1":"7bee3ec445ce575ed9eebc072770a63db0d16723"},{"name":"05 Track 05.flac","source":"derivative","format":"Flac","original":"05 Track 05.wav","mtime":"1698935066","size":"60400773","md5":"a0b5d5bcb75bfa98f29e65c9af67a28d","crc32":"3f013ec3","sha1":"68eb6bbd9a7060fa6238e83d737ca9fca3d22fb4","length":"624.09"},{"name":"05 Track 05.mp3","source":"derivative","bitrate":"172","length":"10:24","format":"VBR MP3","original":"05 Track 05.wav","mtime":"1698934827","size":"13470075","md5":"35220e2211440caa20f9de74ddb096a0","crc32":"438a4815","sha1":"dca54cf6b6b42db35cb4a3ec2bb2de241f59c3bf"},{"name":"05 Track 05.png","source":"derivative","format":"PNG","original":"05 Track 05.wav","mtime":"1698935445","size":"34305","md5":"de4c5a91ffa16ffae487804988a15a9a","crc32":"4536236e","sha1":"d8461d803979a5c5f79332958a1aabf7ea77d1e7"},{"name":"05 Track 05.wav","source":"original","mtime":"1698934531","size":"110090108","md5":"ac0e23541c6d35e4bee5285490281408","crc32":"94b2c3a8","sha1":"cc60caf6c7f233f9c9012de767cc71071110b656","format":"WAVE","length":"624.09","track":"05"},{"name":"05 Track 05_spectrogram.png","source":"derivative","format":"Spectrogram","original":"05 Track 05.wav","mtime":"1698936291","size":"235457","md5":"3247284c4ee7dcd83c01f9121a57d055","crc32":"691b3418","sha1":"7141fad9120dae205c9c877b8bcaa93af5e53e11"},{"name":"__ia_thumb.jpg","source":"original","mtime":"1698936465","size":"3109","md5":"b08303f8036a5342d63cddc30f53e5bc","crc32":"13cec217","sha1":"7ccd78148551d91ae3cee715c0a42f7c14f09c4b","format":"Item Tile","rotation":"0"}],"files_count":30,"item_last_updated":1698937710,"item_size":734062381,"metadata":{"identifier":"02-track-02_202311","mediatype":"audio","collection":"opensource_audio","creator":"unknown","date":"1986","description":"This is a recording I made at home of a WLFM radio broadcast.  Several of my friends had shows on Lawrence University's radio station.  This series is dedicated to CAF.  Enjoy!","language":"eng","licenseurl":"https://creativecommons.org/publicdomain/mark/1.0/","scanner":"Internet Archive HTML5 Uploader 1.7.0","subject":"1980s punk rock show WLFM","title":"1980s WLFM Punk Rock Show Tape 1","uploader":"jason42olson@gmail.com","publicdate":"2023-11-02 14:11:14","addeddate":"2023-11-02 14:11:14","curation":"[curator]validator@archive.org[/curator][date]20231102141129[/date][comment]checked for malware[/comment]","year":"1986"},"server":"ia600800.us.archive.org","uniq":2001240390,"workable_servers":["ia600800.us.archive.org","ia800800.us.archive.org"]}