{"alternate_locations":{"servers":[{"server":"dn710101.ca.archive.org","dir":"/0/items/02-whats-your-hurry-darlin"}],"workable":[{"server":"dn710101.ca.archive.org","dir":"/0/items/02-whats-your-hurry-darlin"}]},"created":1767567223,"d1":"ia600902.us.archive.org","d2":"ia800902.us.archive.org","dir":"/16/items/02-whats-your-hurry-darlin","files":[{"name":"01 - Everything Is Grey.flac","source":"original","mtime":"1754748894","size":"47288271","md5":"950d3f80c52f535f6931faee9df6d9cf","crc32":"abff419f","sha1":"a028b92f16dd7673cb7de514bbdefe2fbcba2eeb","format":"24bit Flac","length":"244.75","title":"Everything Is Grey","creator":"Ironhorse","album":"Everything Is Grey","track":"1","artist":"Ironhorse","genre":"Rock"},{"name":"01 - Everything Is Grey.mp3","source":"derivative","creator":"Ironhorse","title":"Everything Is Grey","track":"1","album":"Everything Is Grey","genre":"Rock","bitrate":"193","length":"04:05","format":"VBR MP3","original":"01 - Everything Is Grey.flac","mtime":"1754749112","size":"6030035","md5":"a15109f56da1ff343c7d9708091dca6b","crc32":"31874da9","sha1":"d4f97d1722a75ad1bb105e0886b22520844affed"},{"name":"01 - Everything Is Grey.png","source":"derivative","format":"PNG","original":"01 - Everything Is Grey.flac","mtime":"1754749984","size":"39922","md5":"160504678aa42508f6cff873902f1d11","crc32":"838335d5","sha1":"7cd502f842b6b84500a7eb76edaf62a1983da9ef"},{"name":"01 - Everything Is Grey_spectrogram.png","source":"derivative","format":"Spectrogram","original":"01 - Everything Is Grey.flac","mtime":"1754750404","size":"334421","md5":"e64eaadf1d21bb80e2b97e5cd7b22968","crc32":"a9258b1c","sha1":"3235e5047069af2e903dfb2b0934f6d27a0b0389"},{"name":"02 - What's Your Hurry Darlin'.flac","source":"original","mtime":"1754748917","size":"56316553","md5":"6a94334f8d6b7e363bd9ec54b5b7c6ec","crc32":"a4a66606","sha1":"24060e6f550d737f5599630daaa0bcb50024f22e","format":"24bit Flac","length":"262.23","title":"What's Your Hurry Darlin'","creator":"Ironhorse","album":"Everything Is Grey","track":"2","artist":"Ironhorse","genre":"Rock"},{"name":"02 - What's Your Hurry Darlin'.mp3","source":"derivative","creator":"Ironhorse","title":"What's Your Hurry Darlin'","track":"2","album":"Everything Is Grey","genre":"Rock","bitrate":"191","length":"04:22","format":"VBR MP3","original":"02 - What's Your Hurry Darlin'.flac","mtime":"1754749303","size":"6379399","md5":"91c359fcfeb528d0a799b0c4f9f63ce8","crc32":"fea872a7","sha1":"8b4fc2a9938797b0bdb05e04cc4acaa53c626a2d"},{"name":"02 - What's Your Hurry Darlin'.png","source":"derivative","format":"PNG","original":"02 - What's Your Hurry Darlin'.flac","mtime":"1754749953","size":"39014","md5":"8aec50316a5033c28c5e8b05d9f24951","crc32":"85c2ca57","sha1":"4e03656194d93d0244a2c1f0d0db68275c7434e5"},{"name":"02 - What's Your Hurry Darlin'_spectrogram.png","source":"derivative","format":"Spectrogram","original":"02 - What's Your Hurry Darlin'.flac","mtime":"1754750376","size":"308413","md5":"05d949b865ff811ec17df19d6758e412","crc32":"486e0867","sha1":"50e0d62c18b9bbe12c25848b9bbf48e0e3c84fe1"},{"name":"02-whats-your-hurry-darlin_archive.torrent","source":"metadata","btih":"356b2c1af453243bc4f78b227cf86181bea63e84","mtime":"1754750612","size":"32719","md5":"1648cdc8e2d786de3eed27a80a0a10ed","crc32":"ea6b0d98","sha1":"a78cb3e8591a61eef310f09981afb394bae54ce0","format":"Archive BitTorrent"},{"name":"02-whats-your-hurry-darlin_files.xml","source":"original","format":"Metadata","md5":"3e97f35707c9e0288cd650224f6d383f","summation":"md5"},{"name":"02-whats-your-hurry-darlin_meta.sqlite","source":"original","mtime":"1754749481","size":"90112","md5":"715e455eac8b1d3230e18dae3dad6fb7","crc32":"1575a00c","sha1":"d00290613a6fbbc627d14214a874e00cfc789d99","format":"Metadata"},{"name":"02-whats-your-hurry-darlin_meta.xml","source":"original","mtime":"1754750597","size":"3394","md5":"010f07968624ae400eaf7e8b85b8d8f4","crc32":"e17047f7","sha1":"b0e98b3a9a69c9508d9a8b076ad8c6c53f1885b2","format":"Metadata"},{"name":"03 - Symphony.flac","source":"original","mtime":"1754748922","size":"41641881","md5":"352fc0dd6ce68c9ada2bbe2712d4940e","crc32":"5fc7d49b","sha1":"c6b2e9d744d0d5a80079b18830d99b0b9fca3ac8","format":"24bit Flac","length":"200.72","title":"Symphony","creator":"Ironhorse","album":"Everything Is Grey","track":"3","artist":"Ironhorse","genre":"Rock"},{"name":"03 - Symphony.mp3","source":"derivative","creator":"Ironhorse","title":"Symphony","track":"3","album":"Everything Is Grey","genre":"Rock","bitrate":"192","length":"03:21","format":"VBR MP3","original":"03 - Symphony.flac","mtime":"1754749275","size":"4946083","md5":"0884db217ad51c9f54806ffa60038955","crc32":"ca3680d5","sha1":"fb0141f84b508b9123d010bea4b5e9d3022a73cf"},{"name":"03 - Symphony.png","source":"derivative","format":"PNG","original":"03 - Symphony.flac","mtime":"1754749910","size":"40234","md5":"7d9b6ee2bd27404346833c37392f6f78","crc32":"5d307954","sha1":"a778e723dc28c66923fc5b427c0cad3c98aa7830"},{"name":"03 - Symphony_spectrogram.png","source":"derivative","format":"Spectrogram","original":"03 - Symphony.flac","mtime":"1754750356","size":"333152","md5":"f195dd18e8b3008536416097ffd08f11","crc32":"9244f0c2","sha1":"19707134b3e24603fe8e67a5ebddcd60d1b2a478"},{"name":"04 - Only Way To Fly.flac","source":"original","mtime":"1754748927","size":"49123166","md5":"8227323166b40e00fa82679db6152074","crc32":"ae30b602","sha1":"0748725341ea6393453b36f6ea391b12807a42ad","format":"24bit Flac","length":"233.04","title":"Only Way To Fly","creator":"Ironhorse","album":"Everything Is Grey","track":"4","artist":"Ironhorse","genre":"Rock"},{"name":"04 - Only Way To Fly.mp3","source":"derivative","creator":"Ironhorse","title":"Only Way To Fly","track":"4","album":"Everything Is Grey","genre":"Rock","bitrate":"192","length":"03:53","format":"VBR MP3","original":"04 - Only Way To Fly.flac","mtime":"1754749250","size":"5722979","md5":"204de65fc156cd3f7170c6e66f2c3965","crc32":"cbbce763","sha1":"b2c55e16cf16a15a5f3012ebd5e94b0a7f2c6c43"},{"name":"04 - Only Way To Fly.png","source":"derivative","format":"PNG","original":"04 - Only Way To Fly.flac","mtime":"1754749882","size":"42128","md5":"8d9ef45c52401d73cdce7b53cc01827e","crc32":"c57d0ca6","sha1":"0e45f31e13706e423411dd7f2d0d2a47eca73f4f"},{"name":"04 - Only Way To Fly_spectrogram.png","source":"derivative","format":"Spectrogram","original":"04 - Only Way To Fly.flac","mtime":"1754750065","size":"301064","md5":"e68c26665bc8b36cedcd5e9f12cf7ee6","crc32":"5d519b75","sha1":"eac1c568e3a6d1d9224f0bb89e11443f0d4c4bd4"},{"name":"05 - Try A Little Harder.flac","source":"original","mtime":"1754748931","size":"43190514","md5":"b7044b7dc8d62bf8c03ee9adc7fd2fd5","crc32":"62597d5d","sha1":"a2eb42dc1f5502d0b87e76e191b17060c07202b6","format":"24bit Flac","length":"204.59","title":"Try A Little Harder","creator":"Ironhorse","album":"Everything Is Grey","track":"5","artist":"Ironhorse","genre":"Rock"},{"name":"05 - Try A Little Harder.mp3","source":"derivative","creator":"Ironhorse","title":"Try A Little Harder","track":"5","album":"Everything Is Grey","genre":"Rock","bitrate":"186","length":"03:25","format":"VBR MP3","original":"05 - Try A Little Harder.flac","mtime":"1754749196","size":"4894374","md5":"176c05fb43098e97c53b3aacb239084a","crc32":"b99058db","sha1":"d5ccc2da51758bcba5beaa4c6a7a546479b35ff4"},{"name":"05 - Try A Little Harder.png","source":"derivative","format":"PNG","original":"05 - Try A Little Harder.flac","mtime":"1754749868","size":"41273","md5":"721418f9bc080eae589e9520b9eefdc6","crc32":"240e8a1d","sha1":"24e5edbf693018b66db226ed4a4e60a52ac3db34"},{"name":"05 - Try A Little Harder_spectrogram.png","source":"derivative","format":"Spectrogram","original":"05 - Try A Little Harder.flac","mtime":"1754750039","size":"310710","md5":"a52e8e7cfa4a58c05240994cab132ee1","crc32":"19bc8a89","sha1":"eb8c86fe99668ea06f156df3ff958625c3aa58a3"},{"name":"06 - I`m Hurting Inside.flac","source":"original","mtime":"1754748936","size":"50677375","md5":"56a05bf6a5b2f05b73dbf92bdd55ad35","crc32":"19447ad7","sha1":"e9919bf1498e309a4dfd9cee9f8eb07ba709c7e0","format":"24bit Flac","length":"234.4","title":"I`m Hurting Inside","creator":"Ironhorse","album":"Everything Is Grey","track":"6","artist":"Ironhorse","genre":"Rock"},{"name":"06 - I`m Hurting Inside.mp3","source":"derivative","creator":"Ironhorse","title":"I`m Hurting Inside","track":"6","album":"Everything Is Grey","genre":"Rock","bitrate":"197","length":"03:54","format":"VBR MP3","original":"06 - I`m Hurting Inside.flac","mtime":"1754749142","size":"5902467","md5":"965a0e4146050a13eecbdfa3470a36d8","crc32":"6ae61c62","sha1":"daae1976c0d912c2de27c216cda93c3bd60802c3"},{"name":"06 - I`m Hurting Inside.png","source":"derivative","format":"PNG","original":"06 - I`m Hurting Inside.flac","mtime":"1754749998","size":"38990","md5":"37b65e61a0e12c1e06b22bf5f4232459","crc32":"2d764a98","sha1":"5502a432f8afb46aa8e2274435943333d3dcd12a"},{"name":"06 - I`m Hurting Inside_spectrogram.png","source":"derivative","format":"Spectrogram","original":"06 - I`m Hurting Inside.flac","mtime":"1754750016","size":"312493","md5":"0599f6f2831ab2172161b6f49285b89d","crc32":"ba120e1e","sha1":"d5522f091425b5431de877b0fc0bf655a53d59de"},{"name":"07 - Playin' That Same Old Song.flac","source":"original","mtime":"1754748941","size":"48768676","md5":"cea6378dc030d45f8a2be2ae49233af4","crc32":"2f7d1eb0","sha1":"ad0db59b790ae92b10d1ed3a278aa3531097f80b","format":"24bit Flac","length":"226.2","title":"Playin' That Same Old Song","creator":"Ironhorse","album":"Everything Is Grey","track":"7","artist":"Ironhorse","genre":"Rock"},{"name":"07 - Playin' That Same Old Song.mp3","source":"derivative","creator":"Ironhorse","title":"Playin' That Same Old Song","track":"7","album":"Everything Is Grey","genre":"Rock","bitrate":"184","length":"03:46","format":"VBR MP3","original":"07 - Playin' That Same Old Song.flac","mtime":"1754749333","size":"5340698","md5":"814e4b1f00c89ce4b7be90c680aa050f","crc32":"d6260399","sha1":"63a12ed2dd72564a8b09f87c0a6152ed3ec2e407"},{"name":"07 - Playin' That Same Old Song.png","source":"derivative","format":"PNG","original":"07 - Playin' That Same Old Song.flac","mtime":"1754749926","size":"41425","md5":"e6a22378581abd66a794dc3868d7ac0b","crc32":"31f08521","sha1":"98367d52fdcb0998ac3d518da9ffe1c6ed3c425a"},{"name":"07 - Playin' That Same Old Song_spectrogram.png","source":"derivative","format":"Spectrogram","original":"07 - Playin' That Same Old Song.flac","mtime":"1754750415","size":"311802","md5":"e9175fd5301dd8645e2abcbff6520b88","crc32":"485ee6d7","sha1":"28fa3037a7b736d0cf216d70ea80ffb6fc2414fa"},{"name":"08 - Railroad Love.flac","source":"original","mtime":"1754748949","size":"45104673","md5":"39c5473400eedaf2e4aff27ddab5f2e6","crc32":"4917816d","sha1":"d312d864c3599b6710638dd87f4d5eaae81140f3","format":"24bit Flac","length":"219.08","title":"Railroad Love","creator":"Ironhorse","album":"Everything Is Grey","track":"8","artist":"Ironhorse","genre":"Rock"},{"name":"08 - Railroad Love.mp3","source":"derivative","creator":"Ironhorse","title":"Railroad Love","track":"8","album":"Everything Is Grey","genre":"Rock","bitrate":"197","length":"03:39","format":"VBR MP3","original":"08 - Railroad Love.flac","mtime":"1754749358","size":"5522388","md5":"60ba07809546cdef08221907bd95413d","crc32":"79629531","sha1":"b32af9c9f43cbd1ebbfbe6234f2a22e092d48a69"},{"name":"08 - Railroad Love.png","source":"derivative","format":"PNG","original":"08 - Railroad Love.flac","mtime":"1754749940","size":"36456","md5":"88e1065255e43cf3879fe4fec7d5b301","crc32":"3522f053","sha1":"992c9c8658f60afcfd56dbd215ca988a909c8f4e"},{"name":"08 - Railroad Love_spectrogram.png","source":"derivative","format":"Spectrogram","original":"08 - Railroad Love.flac","mtime":"1754750027","size":"322838","md5":"33ef3cccc0caf4ab2a298b8fd390d272","crc32":"591274bb","sha1":"8681d98f7e7ea1d69100dbb99bce844657be02e3"},{"name":"09 - Somewhere, Sometime.flac","source":"original","mtime":"1754748953","size":"49891909","md5":"ca0af15b9e9f968decab7e652b8fb426","crc32":"3a6bd20c","sha1":"0d6dd6af11effb68457a09c8e1171943117ce051","format":"24bit Flac","length":"232.08","title":"Somewhere, Sometime","creator":"Ironhorse","album":"Everything Is Grey","track":"9","artist":"Ironhorse","genre":"Rock"},{"name":"09 - Somewhere, Sometime.mp3","source":"derivative","creator":"Ironhorse","title":"Somewhere, Sometime","track":"9","album":"Everything Is Grey","genre":"Rock","bitrate":"195","length":"03:52","format":"VBR MP3","original":"09 - Somewhere, Sometime.flac","mtime":"1754749170","size":"5782814","md5":"aaa85c987c45fd311689e9ecf17357f9","crc32":"679768e2","sha1":"0de2efbfbb4a0c10bf79ca7ea63a1c9b01588bdc"},{"name":"09 - Somewhere, Sometime.png","source":"derivative","format":"PNG","original":"09 - Somewhere, Sometime.flac","mtime":"1754749897","size":"41003","md5":"4848be0800bbf1e425f945c139ab5d81","crc32":"612e2a8f","sha1":"5c9ab655d686c91fe8a4a775acf198639d80c9b9"},{"name":"09 - Somewhere, Sometime_spectrogram.png","source":"derivative","format":"Spectrogram","original":"09 - Somewhere, Sometime.flac","mtime":"1754750051","size":"317715","md5":"84ca2c6dedc600bb8917f854e38bc274","crc32":"107d1917","sha1":"6237faa363ca53731f590be888a374d16c835a2f"},{"name":"10 - Keep Your Motor Running.flac","source":"original","mtime":"1754748962","size":"46291021","md5":"4682958870fa9e77959b019dbf2b1f0c","crc32":"7c2bf342","sha1":"c70ef2b0a5f137c23775921df851244f88039ee7","format":"24bit Flac","length":"223.48","title":"Keep Your Motor Running","creator":"Ironhorse","album":"Everything Is Grey","track":"10","artist":"Ironhorse","genre":"Rock"},{"name":"10 - Keep Your Motor Running.mp3","source":"derivative","creator":"Ironhorse","title":"Keep Your Motor Running","track":"10","album":"Everything Is Grey","genre":"Rock","bitrate":"189","length":"03:44","format":"VBR MP3","original":"10 - Keep Your Motor Running.flac","mtime":"1754749224","size":"5413153","md5":"e9630c0c5e8e0661341d107e84918246","crc32":"49f40845","sha1":"5ee12d18245165dd4af58cc930f254326cac78d3"},{"name":"10 - Keep Your Motor Running.png","source":"derivative","format":"PNG","original":"10 - Keep Your Motor Running.flac","mtime":"1754749969","size":"44540","md5":"b39fed4b773ceab27b61fef9c78cb145","crc32":"246e5e45","sha1":"59835ad305c03c90ab486b178ef4454e644d8b0b"},{"name":"10 - Keep Your Motor Running_spectrogram.png","source":"derivative","format":"Spectrogram","original":"10 - Keep Your Motor Running.flac","mtime":"1754750392","size":"316747","md5":"4006fb4949c8a4214d64084475b7a094","crc32":"bd237b6a","sha1":"8919686d0fa79286cd7e133a9bc6f73e57dc84d7"},{"name":"Album Art.pdf","source":"original","mtime":"1754749240","size":"31379580","md5":"756d13b964f61f3af1ca11f90bfd28c7","crc32":"eaebe330","sha1":"cb652556493936ed7230cc84b8182ce4b9a1ecc6","format":"Image Container PDF","viruscheck":"1754749813"},{"name":"Album Art_chocr.html.gz","source":"derivative","ocr":"tesseract 5.3.0-6-g76ae","ocr_parameters":"lang-eng;two-pass-disabled;pass-dpi-disabled;autonomous-mode-disabled;binarisation-method-otsu","ocr_module_version":"0.0.21","ocr_detected_script":"Arabic","ocr_detected_script_conf":"0.4461","ocr_detected_lang":"en","ocr_detected_lang_conf":"0.9907","format":"chOCR","original":"Album Art_jp2.zip","mtime":"1754750455","size":"29451","md5":"6f854c39f2ef31b28dd62edad6e2f650","crc32":"fe513a2d","sha1":"af94408f03b0d436063db48409788344aa8c435d"},{"name":"Album Art_djvu.txt","source":"derivative","format":"DjVuTXT","original":"Album Art_djvu.xml","mtime":"1754750522","size":"1961","md5":"67a41d12b8556a9f6936074a72003be1","crc32":"e59f426f","sha1":"6aeb7076b7c1d57b11a028223d4d40da57bca24c"},{"name":"Album Art_djvu.xml","source":"derivative","format":"Djvu XML","original":"Album Art_hocr.html","mtime":"1754750491","size":"29326","md5":"18cf452f10712723ceed542ae35508c3","crc32":"1f677429","sha1":"b1391897e051b14c55f028dcaf2633b6562d8d7a"},{"name":"Album Art_hocr.html","source":"derivative","hocr_char_to_word_module_version":"1.3.0","hocr_char_to_word_hocr_version":"1.1.56","ocr_parameters":"lang-eng;two-pass-disabled;pass-dpi-disabled;autonomous-mode-disabled;binarisation-method-otsu","ocr_module_version":"0.0.21","ocr_detected_script":"Arabic","ocr_detected_script_conf":"0.4461","ocr_detected_lang":"en","ocr_detected_lang_conf":"0.9907","format":"hOCR","original":"Album Art_chocr.html.gz","mtime":"1754750480","size":"57707","md5":"e65f5bf25733619fc5a97ffaa170bc66","crc32":"bbddb768","sha1":"63f62eacb3c1e0dc42ad53461f1ae1e217b7d850"},{"name":"Album Art_hocr_pageindex.json.gz","source":"derivative","hocr_pageindex_module_version":"1.1.0","hocr_pageindex_hocr_version":"1.1.56","format":"OCR Page Index","original":"Album Art_hocr.html","mtime":"1754750497","size":"83","md5":"7859e36e35f7ece6f8e72a07cecc36b7","crc32":"ec2049c5","sha1":"9823d8e87c1f65728b51af94509680d6fb3c5f97"},{"name":"Album Art_hocr_searchtext.txt.gz","source":"derivative","hocr_fts_text_module_version":"1.2.0","hocr_fts_text_hocr_version":"1.1.56","word_conf_0_10":"16","word_conf_11_20":"7","word_conf_21_30":"9","word_conf_31_40":"4","word_conf_41_50":"16","word_conf_51_60":"13","word_conf_61_70":"13","word_conf_71_80":"22","word_conf_81_90":"18","word_conf_91_100":"190","format":"OCR Search Text","original":"Album Art_hocr.html","mtime":"1754750513","size":"990","md5":"f323fc008fe3b56fc42f44e6d9f3a73f","crc32":"654883cf","sha1":"2bb89b23d3798cf6f43f9a9c4661eb23ca21756e"},{"name":"Album Art_jp2.zip","source":"derivative","format":"Single Page Processed JP2 ZIP","original":"Album Art.pdf","mtime":"1754749859","size":"3985981","md5":"6f3991dc96bd6a6d4be2335ec2ad66a1","crc32":"96d6c4f5","sha1":"af7cb87f03136c0d8bfba5d3272667d8195a29ec","filecount":"4"},{"name":"Album Art_page_numbers.json","source":"derivative","hocr_pagenumber_module_version":"1.0.5","hocr_pagenumber_hocr_version":"1.1.54","hocr_pagenumber_confidence":"0","format":"Page Numbers JSON","original":"Album Art_hocr.html","mtime":"1754750545","size":"835","md5":"19f7ba6869630b82f25a7ebecc52af2a","crc32":"ed8acbec","sha1":"ce41062d8c2ae796910ab207312138bc7c599fe9"},{"name":"Album Art_scandata.xml","source":"derivative","format":"Scandata","original":"Album Art_djvu.xml","mtime":"1754750545","size":"1554","md5":"fda8297fdbc468bf48d6182279a7d968","crc32":"90e84f9d","sha1":"5e1909a6ee4c606a31f5cd5b4071f92e3f0c8846"},{"name":"Album Art_text.pdf","source":"derivative","pdf_module_version":"0.0.25","pdf_degraded":"invalid-jp2-headers","format":"Additional Text PDF","original":"Album Art_page_numbers.json","mtime":"1754750583","size":"2450791","md5":"56a6cfc3acd8d3aed3688cd10a1c7892","crc32":"7bb3c853","sha1":"5e0a41e27eb4e324d316792330225084e409b96f"},{"name":"Cover.jpg","source":"original","mtime":"1754748972","size":"7384636","md5":"09dac20fbfb1fa8f6edc49bab419c7e8","crc32":"21f3f43e","sha1":"4be61b93640e626c4f1ba0de751a3991fd11b38f","format":"JPEG"},{"name":"Cover_thumb.jpg","source":"derivative","format":"JPEG Thumb","original":"Cover.jpg","mtime":"1754749371","size":"37217","md5":"940f65653bbd879ed903e1012e0a3185","crc32":"405e2435","sha1":"a26d62dbbd416a88c291380117a2b74dfa3426ab"},{"name":"__ia_thumb.jpg","source":"original","mtime":"1754749418","size":"11274","md5":"bc279fd5321df7fd1986fde9a8d5c654","crc32":"3c7104cd","sha1":"ec83cd4db16b1685f23ba3cf5b230f682a5f1a4e","format":"Item Tile"}],"files_count":58,"item_last_updated":1754750612,"item_size":583300380,"metadata":{"identifier":"02-whats-your-hurry-darlin","mediatype":"audio","collection":"opensource_audio","creator":"Ironhorse","date":"1980-05-05","description":"<div><b>Ironhorse Everything Is Grey</b></div><div><b><br /></b></div><div>\"Everything Is Grey\" is the second and final studio album by the Canadian rock band Ironhorse, released in 1980 on Scotti Bros. Records.</div><div> The album was recorded and mixed at Legend Studios in Lynden, Washington. It features Randy Bachman (formerly of The Guess Who and Bachman-Turner Overdrive) on vocals and guitar, along  with Frank Ludwig on lead vocals and keyboards, Ron Foos on bass, and Chris Leighton on drums. The album showcases a blend of hard rock, pop, and country influences, with themes centered on love, heartbreak, and life on the road.</div><div><br /></div><div>The track listing includes songs such as \"Everything Is Grey,\" \"What's Your Hurry Darlin',\" \"Symphony,\" \"Only Way To Fly,\" and \"Keep Your Motor Running\". One of its singles, \"What's Your Hurry Darlin',\" written by Randy Bachman and Carl Wilson of the Beach Boys, achieved minor success, peaking at #84 on the Canadian charts and #89 on the US Billboard Hot 100 in May 1980. Despite receiving critical acclaim, the album failed to achieve significant commercial success.</div><div><br /></div><div>The album was released in various formats and regions, including a US pressing with the catalog number SB 7108, a German pressing with the catalog number 26 14 006, and a UK pressing with the catalog number K50730. A remastered CD edition was released in 2016 by Great Barrier Records. <br /><br /><b>Equipment used to rip:</b><br />Pioneer PL-514x with a Sure M75s stylus</div><div>Fosi Audio box tube pre amp</div><div>Tascam DR05 audio recorder</div><div>Vinyl studio for track separation and initial cleanup</div><div>Adobe Audition for final cleanup and export.</div>","language":"eng","scanner":"Internet Archive HTML5 Uploader 1.7.0","subject":["vinyl rip","ironhorse","rock","pop","1980","flac"],"title":"Ironhorse - Everything is Grey 1980 Vinyl Rip","uploader":"zlibrary768@gmail.com","publicdate":"2025-08-09 14:15:16","addeddate":"2025-08-09 14:15:16","curation":"[curator]validator@archive.org[/curator][date]20250809141750[/date][comment]checked for malware[/comment]","ppi":"100","ocr":"tesseract 5.3.0-6-g76ae","ocr_parameters":"-l eng","ocr_module_version":"0.0.21","ocr_detected_script":"Arabic","ocr_detected_script_conf":"0.4461","ocr_detected_lang":"en","ocr_detected_lang_conf":"0.9907","page_number_confidence":"0","page_number_module_version":"1.0.5","pdf_degraded":"invalid-jp2-headers","pdf_module_version":"0.0.25"},"server":"ia800902.us.archive.org","uniq":1048073148,"workable_servers":["ia800902.us.archive.org","ia600902.us.archive.org"]}