{"created":1767564690,"d1":"ia600706.us.archive.org","d2":"ia800706.us.archive.org","dir":"/1/items/02.-claustrophobia","files":[{"name":"01. BELIEVE.mp3","source":"original","mtime":"1749984787","size":"10287104","md5":"8abaf7ba0eea0a5522fde46d8b5f0cbe","crc32":"9c1afa08","sha1":"9dfca0f073e2fe3a2cb1c5bba269caeb25f1f0fc","format":"VBR MP3","length":"257.15","title":"BELIEVE","creator":"LUNA SEA","album":"BELIEVE -Single-","track":"1","artist":"LUNA SEA","genre":"Visual-kei","comment":"http://jp-rock.blogspot.com"},{"name":"01. BELIEVE.png","source":"derivative","format":"PNG","original":"01. BELIEVE.mp3","mtime":"1749984939","size":"35428","md5":"6c6d13a9c35ead8203184c705327447a","crc32":"b5d2905e","sha1":"c5dadd3cead943e732fc2ccf6f637ff990c1524b"},{"name":"01. BELIEVE_spectrogram.png","source":"derivative","format":"Spectrogram","original":"01. BELIEVE.mp3","mtime":"1749984991","size":"303053","md5":"77e7456c3c0d8021fd83ece57068dfce","crc32":"ea3de1d9","sha1":"b2f5fdc751ccf6ee1c21e2071fcb26fb628f1557"},{"name":"02. Claustrophobia.mp3","source":"original","mtime":"1749984833","size":"13427025","md5":"32c497556bb205d342347e8ee6411a5d","crc32":"c832a8bc","sha1":"865fc544ee363ad26f6078b2edcac135ebd9c97a","format":"VBR MP3","length":"335.62","title":"Claustrophobia","creator":"LUNA SEA","album":"BELIEVE -Single-","track":"2","artist":"LUNA SEA","genre":"J-Rock","comment":"http://jp-rock.blogspot.com/"},{"name":"02. Claustrophobia.png","source":"derivative","format":"PNG","original":"02. Claustrophobia.mp3","mtime":"1749984972","size":"39201","md5":"42e2980ab46b88660669081a8b214cc4","crc32":"95c7921e","sha1":"855bfb946f0b9b5e8d20f57036498e4b30d89dc3"},{"name":"02. Claustrophobia_spectrogram.png","source":"derivative","format":"Spectrogram","original":"02. Claustrophobia.mp3","mtime":"1749985006","size":"319602","md5":"99fb998de8436181151fe6c0f9348101","crc32":"d86b595a","sha1":"93dbc2c9ad1bcb7f0d0cce419c12a81de2e3708a"},{"name":"02.-claustrophobia_archive.torrent","source":"metadata","btih":"47033c544d2d8b15ef07662a753103d935e48fb5","mtime":"1757864674","size":"4017","md5":"ccfafa2cb5874cf28ae16aa9569699de","crc32":"7cd0f6ad","sha1":"a61b862157cf81255210ea4e9736ffc3e03cfa9a","format":"Archive BitTorrent"},{"name":"02.-claustrophobia_files.xml","source":"original","format":"Metadata","md5":"cffc69ef7a5c9a0d855887acf01efc3b","summation":"md5"},{"name":"02.-claustrophobia_meta.sqlite","source":"original","mtime":"1749984840","size":"32768","md5":"de5d0395e13833ced1187acd131bb408","crc32":"f84f97ba","sha1":"1e30b1ddd7a3ec037807b2e5e44adcd263f62e1e","format":"Metadata"},{"name":"02.-claustrophobia_meta.xml","source":"original","mtime":"1757864673","size":"1477","md5":"e689a113d3511a0b13b766dba1e7ba44","crc32":"c3700ce6","sha1":"153ec84efc68b01c57851d2a61aa1050edbcb352","format":"Metadata"},{"name":"__ia_thumb.jpg","source":"original","mtime":"1749984874","size":"6369","md5":"e6b77186bbe0b06c1559710208f51b27","crc32":"253a9a89","sha1":"6b2b71b50703a1abf57b5d68601c336082f73aeb","format":"Item Tile"},{"name":"cover.jpg","source":"original","mtime":"1749984836","size":"36141","md5":"742de324f6f33abed3a542546ad1343a","crc32":"33b20054","sha1":"00d6cc78286b69108368c637afe0a227c3792c48","format":"JPEG"},{"name":"cover_thumb.jpg","source":"derivative","format":"JPEG Thumb","original":"cover.jpg","mtime":"1749984925","size":"6527","md5":"f9b04fddf79fc5bbdee71b7eadcfbeb8","crc32":"40972733","sha1":"b4c20b7b7302f946a24ef96562c5225b59c48b63"}],"files_count":13,"item_last_updated":1757864674,"item_size":24498712,"metadata":{"identifier":"02.-claustrophobia","mediatype":"audio","collection":["folksoundomy_japaneserock","folksoundomy"],"creator":"LUNA SEA","date":"1993-02-24","description":"<div>01. BELIEVE</div><div>02. Claustrophobia</div><div><br /></div><div>https://vk.gy/artists/luna-sea/</div><div><br /></div><div>http://jp-rock.blogspot.com/</div>","language":"jpn","scanner":"Internet Archive HTML5 Uploader 1.7.0","subject":["visual kei","vkei","visual rock","vrock","rock","japanese rock","jrock","j-rock","LUNA SEA","kote kei","kurofuku kei","soft visual","glam","gothic","gothic rock","pop"],"title":"LUNA SEA - BELIEVE","uploader":"denjinhal@mail.ru","publicdate":"2025-06-15 10:53:23","addeddate":"2025-06-15 10:53:23","curation":"[curator]validator@archive.org[/curator][date]20250615105448[/date][comment]checked for malware[/comment]","collection_added":"folksoundomy"},"server":"ia800706.us.archive.org","uniq":2113228655,"workable_servers":["ia800706.us.archive.org","ia600706.us.archive.org"]}