{"alternate_locations":{"servers":[{"server":"dn721503.ca.archive.org","dir":"/0/items/02.-sayonarayori-eien-no-naka-de"}],"workable":[{"server":"dn721503.ca.archive.org","dir":"/0/items/02.-sayonarayori-eien-no-naka-de"}]},"created":1767564725,"d1":"ia601902.us.archive.org","d2":"ia801902.us.archive.org","dir":"/7/items/02.-sayonarayori-eien-no-naka-de","files":[{"name":"01. Sleepless Love.mp3","source":"original","mtime":"1747844517","size":"3989632","md5":"ebe1ce989a1996e2ee5d0da01284e1b2","crc32":"09132361","sha1":"c1adce974ef37da8945dd25f86dfe63500bffafd","format":"VBR MP3","length":"249.31","title":"Sleepless Love","creator":"Favorite Blue","album":"Missing place","track":"1","artist":"Favorite Blue","genre":"JPop","comment":"http://jp-rock.blogspot.com.ar/ http://jp-rock-lyrics.blogspot.com.ar/"},{"name":"01. Sleepless Love.png","source":"derivative","format":"PNG","original":"01. Sleepless Love.mp3","mtime":"1747845149","size":"40184","md5":"6f1040957262a5f49265b05786ba8c88","crc32":"590a4d3a","sha1":"cc9e68c48873c8da8d020ef26144bd7f05c8ae2d"},{"name":"01. Sleepless Love_spectrogram.png","source":"derivative","format":"Spectrogram","original":"01. Sleepless Love.mp3","mtime":"1747845748","size":"307884","md5":"d443c7d6a2b610a267d021ca746fbf35","crc32":"3375b5c4","sha1":"c232c8d0c8f058999bd0ae1218e1088e41f8b38b"},{"name":"02. sayonarayori eien no naka de.mp3","source":"original","mtime":"1747844598","size":"4976768","md5":"90ea30c15c885b10dbd2e85ebbcff0a9","crc32":"36f3f220","sha1":"b00e9841ea98ca799b085f58b928192b7db01c56","format":"VBR MP3","length":"310.99","title":"sayonarayori eien no naka","creator":"Favorite Blue","album":"Missing place","track":"2","artist":"Favorite Blue","genre":"JPop","comment":"http://jp-rock.blogspot.com.ar/ http://jp-rock-lyrics.blogspot.com.ar/"},{"name":"02. sayonarayori eien no naka de.png","source":"derivative","format":"PNG","original":"02. sayonarayori eien no naka de.mp3","mtime":"1747845539","size":"39463","md5":"cd61cec0f43bae8d0f9cdfdb98a09214","crc32":"d1d3c41e","sha1":"069a4a0c5f9f9bed0d783790ff923d4e7e0b2bcf"},{"name":"02. sayonarayori eien no naka de_spectrogram.png","source":"derivative","format":"Spectrogram","original":"02. sayonarayori eien no naka de.mp3","mtime":"1747845730","size":"311875","md5":"d6c70a4ba5fb9d182cb2eda6add5ff7d","crc32":"9c8f4dbe","sha1":"b897c4b7a1ad765ee1d7f11fb8ec9fe619d32862"},{"name":"02.-sayonarayori-eien-no-naka-de_archive.torrent","source":"metadata","btih":"10a35336c83c55ea133a01bf2d6ba5fc7c682fbd","mtime":"1757864961","size":"9071","md5":"974b2b2bb44350a8310aa73b5f7be8a3","crc32":"fe7c6f82","sha1":"89e9618f001ff536518849bd91c4bd34e65a47b4","format":"Archive BitTorrent"},{"name":"02.-sayonarayori-eien-no-naka-de_files.xml","source":"original","format":"Metadata","md5":"b08f91ce4bada20e7399c3edd21da9b0","summation":"md5"},{"name":"02.-sayonarayori-eien-no-naka-de_meta.sqlite","source":"original","mtime":"1747845002","size":"65536","md5":"197c8f494f4b2130f641b5d0f376c301","crc32":"a2c98582","sha1":"f32cc998d0667d609b5e1995db13c103d092c35e","format":"Metadata"},{"name":"02.-sayonarayori-eien-no-naka-de_meta.xml","source":"original","mtime":"1757864959","size":"2026","md5":"efc6ac76b8d49355b9fec8304318f942","crc32":"1afe9fec","sha1":"a613debfa57fb17c6e3d62cddb921256dc8730b3","format":"Metadata"},{"name":"03. Step By Step!!.mp3","source":"original","mtime":"1747844653","size":"4681856","md5":"56297ee1fa52e9cb04e194b366089ff2","crc32":"52744cd4","sha1":"a5748edc97423ab210f709fc68ed213884c41768","format":"VBR MP3","length":"292.55","title":"Step By Step!!","creator":"Favorite Blue","album":"Missing place","track":"3","artist":"Favorite Blue","genre":"JPop","comment":"http://jp-rock.blogspot.com.ar/ http://jp-rock-lyrics.blogspot.com.ar/"},{"name":"03. Step By Step!!.png","source":"derivative","format":"PNG","original":"03. Step By Step!!.mp3","mtime":"1747845517","size":"43814","md5":"111e627f8e51609769c11c6d565cc7e9","crc32":"d9e34673","sha1":"26b1723b61376938b687c73db69e80ef3e19a070"},{"name":"03. Step By Step!!_spectrogram.png","source":"derivative","format":"Spectrogram","original":"03. Step By Step!!.mp3","mtime":"1747845717","size":"304425","md5":"da1ba59393e44f799cbe10d56566f5ab","crc32":"8e15e5a8","sha1":"7d23d91d21dca7d8bb714b16a76d7cc801e15a95"},{"name":"04. Movin' on.mp3","source":"original","mtime":"1747844711","size":"4573813","md5":"0fe23fcf476cb30825f0a15e9f3555b0","crc32":"b5c46902","sha1":"e909f496bdd4e19afe2ea9f3ffae1f92cd946b7d","format":"VBR MP3","length":"285.73","title":"Movin' on","creator":"Favorite Blue","album":"Missing place","track":"4","artist":"Favorite Blue","genre":"JPop","comment":"http://jp-rock.blogspot.com.ar/ http://jp-rock-lyrics.blogspot.com.ar/"},{"name":"04. Movin' on.png","source":"derivative","format":"PNG","original":"04. Movin' on.mp3","mtime":"1747845486","size":"41982","md5":"21cb50366ee6e467ffaad10f5e6f7787","crc32":"7a0a9b7e","sha1":"493801115f4b5426d014e9d7505bfbefd1c20aff"},{"name":"04. Movin' on_spectrogram.png","source":"derivative","format":"Spectrogram","original":"04. Movin' on.mp3","mtime":"1747845692","size":"314219","md5":"6e6ff8d2ff7d0a107efe488a1b938609","crc32":"e2159a5b","sha1":"977a146d771caaaf43f77d15d0a8a6d7c9e484e5"},{"name":"05. Change By Me.mp3","source":"original","mtime":"1747844773","size":"4452480","md5":"b4720ca7cd3b7cd24921053a2aaf1fe0","crc32":"4e09548f","sha1":"9282ba31ecd832240cb9365accc27a7ff59ce0b1","format":"VBR MP3","length":"278.23","title":"Change By Me","creator":"Favorite Blue","album":"Missing place","track":"5","artist":"Favorite Blue","genre":"JPop","comment":"http://jp-rock.blogspot.com.ar/ http://jp-rock-lyrics.blogspot.com.ar/"},{"name":"05. Change By Me.png","source":"derivative","format":"PNG","original":"05. Change By Me.mp3","mtime":"1747845470","size":"41338","md5":"ec6c260988cfe19470aaace7e9e70b1a","crc32":"5c431d0c","sha1":"e1d11487f1d9e924d6c8c6f96643fc18d8381540"},{"name":"05. Change By Me_spectrogram.png","source":"derivative","format":"Spectrogram","original":"05. Change By Me.mp3","mtime":"1747845671","size":"310866","md5":"b061b2f138946c7cedccbe978b361d3c","crc32":"24d1e7ab","sha1":"74d10b728c8ab19e36c80071feb67e4693a192ff"},{"name":"06. Season & Sun.mp3","source":"original","mtime":"1747844777","size":"4186240","md5":"691208086729ab9c9f682ab5219215f3","crc32":"0e37ba21","sha1":"f9597ce7e057ef8ea6e8cc945ba0a6b70ed031ae","format":"VBR MP3","length":"261.51","title":"Season & Sun","creator":"Favorite Blue","album":"Missing place","track":"6","artist":"Favorite Blue","genre":"JPop","comment":"http://jp-rock.blogspot.com.ar/ http://jp-rock-lyrics.blogspot.com.ar/"},{"name":"06. Season & Sun.png","source":"derivative","format":"PNG","original":"06. Season & Sun.mp3","mtime":"1747845372","size":"39338","md5":"f382634d9f48a20410e41a9a5d485068","crc32":"df057bd8","sha1":"52656a8173cea9855fec68145ca17ecf0585a525"},{"name":"06. Season & Sun_spectrogram.png","source":"derivative","format":"Spectrogram","original":"06. Season & Sun.mp3","mtime":"1747845599","size":"321395","md5":"7e3ec565971fb6d1b4c38dcfd6c41646","crc32":"823bd685","sha1":"9f59229343207b00f21462c2824219b3fc5755de"},{"name":"07. kimi ga ita ano natsu.mp3","source":"original","mtime":"1747844812","size":"4601984","md5":"88938a3573be80c3dce61ec3c52027d1","crc32":"d2fc722e","sha1":"ab16f49ae50b6e83de509862b1cf92f7832d0173","format":"VBR MP3","length":"287.58","title":"kimi ga ita ano natsu","creator":"Favorite Blue","album":"Missing place","track":"7","artist":"Favorite Blue","genre":"JPop","comment":"http://jp-rock.blogspot.com.ar/ http://jp-rock-lyrics.blogspot.com.ar/"},{"name":"07. kimi ga ita ano natsu.png","source":"derivative","format":"PNG","original":"07. kimi ga ita ano natsu.mp3","mtime":"1747845444","size":"40601","md5":"0116fdf7b80ec32ecd5973d470a10a9f","crc32":"4eef3558","sha1":"9fe09027c9e803df2c679468287c8bcb6ae8314d"},{"name":"07. kimi ga ita ano natsu_spectrogram.png","source":"derivative","format":"Spectrogram","original":"07. kimi ga ita ano natsu.mp3","mtime":"1747845637","size":"318792","md5":"bd692fbd48e09e95d0f1eff430955fd6","crc32":"b58fe38d","sha1":"6f5462bba4e2b9fd253702a842800b4b177dcc27"},{"name":"08. True Gate.mp3","source":"original","mtime":"1747844879","size":"4734727","md5":"9ec1973a59af6ab93b644584b50851e1","crc32":"19450c22","sha1":"f65bdf33af7cfdfbf0a7d9697e39417150b549d1","format":"VBR MP3","length":"295.78","title":"True Gate","creator":"Favorite Blue","album":"Missing place","track":"8","artist":"Favorite Blue","genre":"JPop","comment":"http://jp-rock.blogspot.com.ar/ http://jp-rock-lyrics.blogspot.com.ar/"},{"name":"08. True Gate.png","source":"derivative","format":"PNG","original":"08. True Gate.mp3","mtime":"1747845253","size":"40484","md5":"0ae1806bd96425c36386825711b69304","crc32":"6a11c466","sha1":"11dea282ea7f0cf28a67962d9151271fe3aa2569"},{"name":"08. True Gate_spectrogram.png","source":"derivative","format":"Spectrogram","original":"08. True Gate.mp3","mtime":"1747845619","size":"311428","md5":"80d64afa8d827c1ffe1c49b5786e8108","crc32":"d78ad7ce","sha1":"c7399676175bb28b7b8d75f33d3d13dcff7dd730"},{"name":"09. I Still Believe.mp3","source":"original","mtime":"1747844902","size":"3946624","md5":"9657ff3aea780ce594b76084a8d82acf","crc32":"5898d367","sha1":"71c655ba3970cf27375bcedec900693b973cf513","format":"VBR MP3","length":"246.6","title":"I Still Believe","creator":"Favorite Blue","album":"Missing place","track":"9","artist":"Favorite Blue","genre":"JPop","comment":"http://jp-rock.blogspot.com.ar/ http://jp-rock-lyrics.blogspot.com.ar/"},{"name":"09. I Still Believe.png","source":"derivative","format":"PNG","original":"09. I Still Believe.mp3","mtime":"1747845502","size":"39486","md5":"de06f6473bb2809e048eb39c8842ae6e","crc32":"6f662a8b","sha1":"951826ce6844d2da32ebe7448952aa3b0c2e43b3"},{"name":"09. I Still Believe_spectrogram.png","source":"derivative","format":"Spectrogram","original":"09. I Still Believe.mp3","mtime":"1747845576","size":"315061","md5":"86d72cc3eac4c97153135be11e5c852c","crc32":"d42d0976","sha1":"ccba96f7a76cbf3d4b3dc614bcaa581900999fd0"},{"name":"10. Missing Place.mp3","source":"original","mtime":"1747844971","size":"4518016","md5":"ff0523d3327798676f9a308fe37f1439","crc32":"06e88e63","sha1":"4899826f35d4ee1aa4ac7a982fbb3678973d4d18","format":"VBR MP3","length":"282.28","title":"Missing Place","creator":"Favorite Blue","album":"Missing place","track":"10","artist":"Favorite Blue","genre":"JPop","comment":"http://jp-rock.blogspot.com.ar/ http://jp-rock-lyrics.blogspot.com.ar/"},{"name":"10. Missing Place.png","source":"derivative","format":"PNG","original":"10. Missing Place.mp3","mtime":"1747845170","size":"38325","md5":"2c43268aa83141bd8e43e15f5d2a8ddf","crc32":"bacd0968","sha1":"47b033bf96596b4f620cb4bab3128425ecdbeb48"},{"name":"10. Missing Place_spectrogram.png","source":"derivative","format":"Spectrogram","original":"10. Missing Place.mp3","mtime":"1747845551","size":"315823","md5":"ceff9f592e2c238b8d26c9568b18bb3c","crc32":"e87708ab","sha1":"59656ffee4aec9b443823081a44176687e4b5919"},{"name":"__ia_thumb.jpg","source":"original","mtime":"1747845036","size":"11597","md5":"13276a4b1ec0ddd97a196c79325ce74e","crc32":"afdf885c","sha1":"f3ffce8ec21187b7c251bee0f9fca2a8a8d523c7","format":"Item Tile"},{"name":"cover.jpg","source":"original","mtime":"1747844974","size":"15364","md5":"abc0b0e451d8d204a1831b10ced3dfeb","crc32":"ba8dc798","sha1":"fb7f48928e489f99e72408ca41cc0a816a041371","format":"JPEG"},{"name":"cover_thumb.jpg","source":"derivative","format":"JPEG Thumb","original":"cover.jpg","mtime":"1747845124","size":"9022","md5":"6530b771620ed7dbd512c32dbdff6908","crc32":"a144bf32","sha1":"febec6574e778efc0596deb80aee034b4a5ec0a1"}],"files_count":37,"item_last_updated":1757864961,"item_size":48311539,"metadata":{"identifier":"02.-sayonarayori-eien-no-naka-de","mediatype":"audio","collection":["folksoundomy_japaneserock","folksoundomy"],"creator":"Favorite Blue - Missing place","date":"1998-02-18","description":"<div>01. Sleepless Love</div><div>02. sayonarayori eien no naka de</div><div>03. Step By Step!!</div><div>04. Movin' on</div><div>05. Change By Me</div><div>06. Season &amp; Sun</div><div>07. kimi ga ita ano natsu</div><div>08. True Gate</div><div>09. I Still Believe</div><div>10. Missing Place</div><div><br /></div><div>Segundo álbum de Favorite Blue. En este se puede apreciar el gran parecido de la banda con ZARD.</div><div><br /></div><div>https://vk.gy/artists/favorite-blue/</div><div><br /></div><div>http://jp-rock.blogspot.com/</div><div><br /></div><div>http://jp-rock-lyrics.blogspot.com.ar/</div><div><br /></div>","language":"jpn","scanner":"Internet Archive HTML5 Uploader 1.7.0","subject":["rock","japanese rock","jrock","j-rock","Favorite Blue","Maya Matsuzaki","Takashi Kimura","pop","jpop","j-pop","japanese pop"],"title":"Favorite Blue - Missing place","uploader":"denjinhal@mail.ru","publicdate":"2025-05-21 16:22:22","addeddate":"2025-05-21 16:22:22","curation":"[curator]validator@archive.org[/curator][date]20250521162419[/date][comment]checked for malware[/comment]","collection_added":"folksoundomy"},"server":"ia601902.us.archive.org","uniq":1865945664,"workable_servers":["ia601902.us.archive.org","ia801902.us.archive.org"]}