{"alternate_locations":{"servers":[{"server":"dn721901.ca.archive.org","dir":"/0/items/02.-morning-whisper"}],"workable":[{"server":"dn721901.ca.archive.org","dir":"/0/items/02.-morning-whisper"}]},"created":1767564716,"d1":"ia601207.us.archive.org","d2":"ia801207.us.archive.org","dir":"/4/items/02.-morning-whisper","files":[{"name":"01. nangoku.mp3","source":"original","mtime":"1749570183","size":"3988640","md5":"77d46ebae27c49d929799585425d2b56","crc32":"3ea2f2a1","sha1":"4d8a6b391e21dd924ee98b59752d14003d1d31e2","format":"VBR MP3","length":"249.13","title":"nangoku","creator":"La'cryma Christi","album":"nangoku -Single-","track":"1","artist":"La'cryma Christi","genre":"J-Rock","comment":"http://jp-rock.blogspot.com/"},{"name":"01. nangoku.png","source":"derivative","format":"PNG","original":"01. nangoku.mp3","mtime":"1749570303","size":"39868","md5":"dbfc5d30bbdb80b3d5ede3952cd7cb9c","crc32":"268ec5ac","sha1":"cdba313db02a7e5ae712e022945b8ce38d1a7f73"},{"name":"01. nangoku_spectrogram.png","source":"derivative","format":"Spectrogram","original":"01. nangoku.mp3","mtime":"1749570337","size":"306068","md5":"64a536c26efc3ff049ef9d4e1c68822e","crc32":"a7c4691c","sha1":"4b3503f33fb87ef06ae0b9d16205f77b1809d226"},{"name":"02. Morning Whisper.mp3","source":"original","mtime":"1749570203","size":"5218307","md5":"bc6bbd69bd6f91587a50d287f6f82ff9","crc32":"aee0153f","sha1":"7d00f653e29d68f0eea51555ea4cc3fa074c98f8","format":"VBR MP3","length":"326.01","title":"Morning Whisper","creator":"La'cryma Christi","album":"nangoku -Single-","track":"2","artist":"La'cryma Christi","genre":"J-Rock","comment":"http://jp-rock.blogspot.com/"},{"name":"02. Morning Whisper.png","source":"derivative","format":"PNG","original":"02. Morning Whisper.mp3","mtime":"1749570321","size":"39556","md5":"9c3139bbf5e3ad46f33c1119d11d728a","crc32":"38e98c99","sha1":"1211111d1ef8d5d50c7021f18b5151c23f093412"},{"name":"02. Morning Whisper_spectrogram.png","source":"derivative","format":"Spectrogram","original":"02. Morning Whisper.mp3","mtime":"1749570354","size":"315970","md5":"d6e30ff8af880d9e7fc67ae0260a50f5","crc32":"8c34579a","sha1":"cb54008ca26478424fb7825d8e8e98f9828ecb1d"},{"name":"02.-morning-whisper_archive.torrent","source":"metadata","btih":"afdc2677799ca0b6e1403ef0fb5e0ac9289ead2c","mtime":"1757864878","size":"3490","md5":"277749ea786c787950f1515652f9b76b","crc32":"f88239d9","sha1":"7da08cc05725563769fa134bcd3991dc33040447","format":"Archive BitTorrent"},{"name":"02.-morning-whisper_files.xml","source":"original","format":"Metadata","md5":"844b872137ae61752893b0b511390afe","summation":"md5"},{"name":"02.-morning-whisper_meta.sqlite","source":"original","mtime":"1749570218","size":"32768","md5":"f68b0b7f8e4dfd41a45419a78c1fc2da","crc32":"bc5551fc","sha1":"c113a6e493bde3945417af660a74bcb62ce7ecf2","format":"Metadata"},{"name":"02.-morning-whisper_meta.xml","source":"original","mtime":"1757864877","size":"1524","md5":"45756fadad4805c3a2455f69a81baf36","crc32":"4ee44032","sha1":"8428688b0b1b4927fdcd29c44fdc3226b44dee94","format":"Metadata"},{"name":"Cover.jpg","source":"original","mtime":"1749570213","size":"161614","md5":"3f1c39e280b93a6558c5fae0a45be9cc","crc32":"fa4e204f","sha1":"44e346675f9e945daddf527e470ce76f61a6a6ff","format":"JPEG"},{"name":"Cover_thumb.jpg","source":"derivative","format":"JPEG Thumb","original":"Cover.jpg","mtime":"1749570290","size":"15387","md5":"fb4413c0a0d110d814767363a4f706f2","crc32":"fbd65e9c","sha1":"1913d2b865512f423021128cf08637d945116fe4"},{"name":"__ia_thumb.jpg","source":"original","mtime":"1749570253","size":"20101","md5":"51b68bc4e56d9361ceac16d1fec3e75e","crc32":"b492c2ba","sha1":"ff9ba489f17a5e4334ee80ef668ce1537b75fce5","format":"Item Tile"}],"files_count":13,"item_last_updated":1757864878,"item_size":10143293,"metadata":{"identifier":"02.-morning-whisper","mediatype":"audio","collection":["folksoundomy_japaneserock","folksoundomy"],"creator":"La'cryma Christi","date":"1997-10-29","description":"<div>01. nangoku</div><div>02. Morning Whisper</div><div><br /></div><div>Quinto single.</div><div><br /></div><div>https://vk.gy/artists/la-cryma-christi/</div><div><br /></div><div>http://jp-rock.blogspot.com/</div>","language":"jpn","scanner":"Internet Archive HTML5 Uploader 1.7.0","subject":["visual kei","vkei","visual rock","vrock","rock","japanese rock","jrock","j-rock","La'cryma Christi","shiro kei","soft visual","glam","jazz","pop"],"title":"La'cryma Christi - nangoku (南国)","uploader":"denjinhal@mail.ru","publicdate":"2025-06-10 15:43:17","addeddate":"2025-06-10 15:43:17","curation":"[curator]validator@archive.org[/curator][date]20250610154430[/date][comment]checked for malware[/comment]","collection_added":"folksoundomy"},"server":"ia601207.us.archive.org","uniq":983470857,"workable_servers":["ia601207.us.archive.org","ia801207.us.archive.org"]}