{"alternate_locations":{"servers":[{"server":"dn710007.ca.archive.org","dir":"/0/items/02.-bench-allowance"}],"workable":[{"server":"dn710007.ca.archive.org","dir":"/0/items/02.-bench-allowance"}]},"created":1767567226,"d1":"ia601405.us.archive.org","d2":"ia801405.us.archive.org","dir":"/4/items/02.-bench-allowance","files":[{"name":"01. Bench - Fall, Fall, Fall.mp3","source":"original","mtime":"1662483412","size":"4342576","md5":"890f124c616b600124ddfcdacfd10bb0","crc32":"2ae6f0d8","sha1":"dc79a6bec31981bbb1626820f0ccaa8a90cd1081","format":"VBR MP3","length":"112.12","title":"Fall, Fall, Fall","creator":"Bench","album":"Anxious Bench","track":"1/7","artist":"Bench"},{"name":"01. Bench - Fall, Fall, Fall.png","source":"derivative","format":"PNG","original":"01. Bench - Fall, Fall, Fall.mp3","mtime":"1662483579","size":"37523","md5":"03c6676a2de0e21d808e84fded46b4b3","crc32":"8cde5247","sha1":"eb311eba4096239a1c16f7b7bcb662e43cf0c26e"},{"name":"01. Bench - Fall, Fall, Fall_spectrogram.png","source":"derivative","format":"Spectrogram","original":"01. Bench - Fall, Fall, Fall.mp3","mtime":"1662483675","size":"282148","md5":"b86386ca855c1bcd8c7b6cc05fb8c650","crc32":"ad01e15f","sha1":"5bc19a0cec10941974bb7eb674273a9a467bdcbc"},{"name":"02. Bench - Allowance.mp3","source":"original","mtime":"1662483475","size":"15042567","md5":"20353ee5e89de4c52671683607bacbb6","crc32":"a8f774d6","sha1":"0566fe6230106dc65a5c82d8dab9068fe34ca4fd","format":"VBR MP3","length":"381.23","title":"Allowance","creator":"Bench","album":"Anxious Bench","track":"2/7","artist":"Bench"},{"name":"02. Bench - Allowance.png","source":"derivative","format":"PNG","original":"02. Bench - Allowance.mp3","mtime":"1662483596","size":"36913","md5":"302d596c4c4121354eed65cded0123d7","crc32":"f5bcd8e2","sha1":"a89e93535da789193fc7e91b212b86c9e3cf7527"},{"name":"02. Bench - Allowance_spectrogram.png","source":"derivative","format":"Spectrogram","original":"02. Bench - Allowance.mp3","mtime":"1662483688","size":"271839","md5":"3cf7a30d258526409b7b727a4da74e0f","crc32":"e6258bf2","sha1":"a41410b79d460605750c46fba1d461ffee8f9b10"},{"name":"02.-bench-allowance_archive.torrent","source":"metadata","btih":"1070e5ee8befc3a980a8030e11ce2d36ae1df961","mtime":"1662483747","size":"7722","md5":"2ddaf05ada1c889e33ac1cdfc7e7e6dc","crc32":"0e776527","sha1":"ce8a85ad8d56daf63c8101915c9ef81b88c88fe6","format":"Archive BitTorrent"},{"name":"02.-bench-allowance_files.xml","source":"original","format":"Metadata","md5":"cc471af3dfe2e7673bbfcda608674715","summation":"md5"},{"name":"02.-bench-allowance_meta.sqlite","source":"original","mtime":"1662483543","size":"36864","md5":"3b05c72b3ebec0aa26c52162b0e35099","crc32":"3bde4596","sha1":"584dbead919604bd0553646e059fdb5d6303bc11","format":"Metadata"},{"name":"02.-bench-allowance_meta.xml","source":"original","mtime":"1662483742","size":"980","md5":"846c1805c23254f3164ed95c8f553bf1","crc32":"22ac7cf1","sha1":"8f84cf34ede59278365bf34812d8b51586f3a467","format":"Metadata"},{"name":"03. Bench - F-E-E-L.mp3","source":"original","mtime":"1662483495","size":"7914668","md5":"c78a0ffd7d24a33ef0b4d435fa6367cc","crc32":"c10332e2","sha1":"31098b95d06be105a414bb9074e893978330e26b","format":"VBR MP3","length":"210.13","title":"F-E-E-L","creator":"Bench","album":"Anxious Bench","track":"3/7","artist":"Bench"},{"name":"03. Bench - F-E-E-L.png","source":"derivative","format":"PNG","original":"03. Bench - F-E-E-L.mp3","mtime":"1662483614","size":"31030","md5":"35e1eee7ffa8e247ed2ccbc091a1587a","crc32":"92bf4252","sha1":"54b62da398410de010ec83dc08494e7bac9d733e"},{"name":"03. Bench - F-E-E-L_spectrogram.png","source":"derivative","format":"Spectrogram","original":"03. Bench - F-E-E-L.mp3","mtime":"1662483699","size":"295260","md5":"b39c381e8cdb12d5ddf167bcc8ff6aa5","crc32":"51d133d6","sha1":"b6abd3500ef09ef6bbf3ac6baf29b423470bfb16"},{"name":"04. Bench - Boneriver.mp3","source":"original","mtime":"1662483503","size":"10659192","md5":"fc43a1fbcfb273bfd4c4f2dc26c2da16","crc32":"13d9127c","sha1":"ae992dde065da75b7a4d63a353fa1c1e26f53a57","format":"VBR MP3","length":"296.59","title":"Boneriver","creator":"Bench","album":"Anxious Bench","track":"4/7","artist":"Bench"},{"name":"04. Bench - Boneriver.png","source":"derivative","format":"PNG","original":"04. Bench - Boneriver.mp3","mtime":"1662483631","size":"31041","md5":"651cddc1c37f1496bd8b9e098012f81b","crc32":"0a3bd687","sha1":"5089e6b290a45b027f5650955e99bdaba8c0022f"},{"name":"04. Bench - Boneriver_spectrogram.png","source":"derivative","format":"Spectrogram","original":"04. Bench - Boneriver.mp3","mtime":"1662483711","size":"288724","md5":"c88f0151f91b289e26e8d047e1b24692","crc32":"00aa4659","sha1":"c6fd81e00eef1a537fb0656dbe0b2f8215e293f8"},{"name":"05. Bench - Louseal.mp3","source":"original","mtime":"1662483511","size":"10322857","md5":"88d9ad023adc1b4ad81b20c79d152cf5","crc32":"845d4a21","sha1":"61800828044b8d5ad4797371976abce0701a4923","format":"VBR MP3","length":"301.4","title":"Louseal","creator":"Bench","album":"Anxious Bench","track":"5/7","artist":"Bench"},{"name":"05. Bench - Louseal.png","source":"derivative","format":"PNG","original":"05. Bench - Louseal.mp3","mtime":"1662483647","size":"40611","md5":"68b8d64dd9300bc77dd29443a08d37b2","crc32":"6d30bd9d","sha1":"f65f7822cb07cebf2e3b9f068433ad4b5e387a98"},{"name":"05. Bench - Louseal_spectrogram.png","source":"derivative","format":"Spectrogram","original":"05. Bench - Louseal.mp3","mtime":"1662483722","size":"288649","md5":"fd6e33a5382282a7674ae922597c750c","crc32":"fe29a628","sha1":"37f8232be8e033e51f7b13fbbe9cbff7d631e2d4"},{"name":"06. Bench - Fannywright.mp3","source":"original","mtime":"1662483539","size":"12404009","md5":"17f4ee7696462eca3c70a37fd7305f32","crc32":"d60e7722","sha1":"af1e87fc748daa66201ce8f194123037652ea5e0","format":"VBR MP3","length":"340.77","title":"Fannywright","creator":"Bench","album":"Anxious Bench","track":"6/7","artist":"Bench"},{"name":"06. Bench - Fannywright.png","source":"derivative","format":"PNG","original":"06. Bench - Fannywright.mp3","mtime":"1662483665","size":"38455","md5":"04a6982d36af92f49a2148cbb9241334","crc32":"1933d0c1","sha1":"4636227c1aacb9c102e776585fc247f93642d7ac"},{"name":"06. Bench - Fannywright_spectrogram.png","source":"derivative","format":"Spectrogram","original":"06. Bench - Fannywright.mp3","mtime":"1662483734","size":"271660","md5":"918d2153783d4918a9496d4c865221dd","crc32":"ea56f77b","sha1":"0a44d91efbf9268554df3f019c21a85e70f914b2"},{"name":"__ia_thumb.jpg","source":"original","mtime":"1662483549","size":"16961","md5":"ba87c223a030c80b8edb95ef22a946ae","crc32":"8822bbad","sha1":"b0a06c549604708b919298fe684de4e8831e1b70","format":"Item Tile","rotation":"0"},{"name":"cover.jpg","source":"original","mtime":"1662483541","size":"148444","md5":"32de8ce6809b11aefa4807ded8d9c15c","crc32":"1fd5a14d","sha1":"86b078949bf5f468d151a9f0952b04d1ad752a2d","format":"JPEG","rotation":"0"},{"name":"cover_thumb.jpg","source":"derivative","format":"JPEG Thumb","original":"cover.jpg","mtime":"1662483568","size":"28030","md5":"f1001a0fe93ddd054b790ffb8c5b59a2","crc32":"20076ae9","sha1":"7b9ad7e462b6207907a0395c85defc16544607a0"}],"files_count":25,"item_last_updated":1662483747,"item_size":62838723,"metadata":{"identifier":"02.-bench-allowance","mediatype":"audio","collection":["opensource_audio","community"],"creator":"Bench","date":"1987","description":"1987 demo tape from Bench<br />","language":"eng","licenseurl":"https://creativecommons.org/licenses/by-nd/4.0/","scanner":"Internet Archive HTML5 Uploader 1.7.0","subject":["Bench","Anxious Bench","Noiseville","NYC","Noise Rock","demo tape"],"title":"Bench - Anxious Bench","uploader":"ss418737@gmail.com","publicdate":"2022-09-06 16:57:13","addeddate":"2022-09-06 16:57:13","curation":"[curator]validator@archive.org[/curator][date]20220906165738[/date][comment]checked for malware[/comment]"},"server":"ia801405.us.archive.org","uniq":596367140,"workable_servers":["ia801405.us.archive.org","ia601405.us.archive.org"]}