{"alternate_locations":{"servers":[{"server":"dn721607.ca.archive.org","dir":"/0/items/02.-solitude"}],"workable":[{"server":"dn721607.ca.archive.org","dir":"/0/items/02.-solitude"}]},"created":1767564731,"d1":"ia600101.us.archive.org","d2":"ia800101.us.archive.org","dir":"/18/items/02.-solitude","files":[{"name":"01. Urban blue ~hibi no shikisai~.mp3","source":"original","mtime":"1748803845","size":"4034560","md5":"aefdc828183c52955f7d8e5eb39dbf3c","crc32":"6aecc65e","sha1":"eabca230d5b96039de15e3479c682722de06f7fd","format":"VBR MP3","length":"100.85","title":"Urban blue~日々の色彩~","creator":"Kill=slayd","album":"HEAT","track":"1","artist":"Kill=slayd","genre":"J-Rock","comment":"http://jp-rock.blogspot.com/"},{"name":"01. Urban blue ~hibi no shikisai~.png","source":"derivative","format":"PNG","original":"01. Urban blue ~hibi no shikisai~.mp3","mtime":"1748806684","size":"27659","md5":"6ffd8320db5be616e8ef206cb775e771","crc32":"49736372","sha1":"0c2067ab1d78a8b4f908169d0abb498e176eeb45"},{"name":"01. Urban blue ~hibi no shikisai~_spectrogram.png","source":"derivative","format":"Spectrogram","original":"01. Urban blue ~hibi no shikisai~.mp3","mtime":"1748809665","size":"303455","md5":"4a15108e2596a7a174f8356f5523a025","crc32":"96f16b53","sha1":"afe59df36ae57b1fdbd1fff60b82c9df8ae7e441"},{"name":"02. Solitude.mp3","source":"original","mtime":"1748803943","size":"16607232","md5":"48c035d799737ddc43ea9e64df1bdd9f","crc32":"dcffbbc1","sha1":"3478938a80c7f780b8588ecfc15e46bf52334799","format":"VBR MP3","length":"415.15","title":"Solitude","creator":"Kill=slayd","album":"HEAT","track":"2","artist":"Kill=slayd","genre":"J-Rock","comment":"http://jp-rock.blogspot.com/"},{"name":"02. Solitude.png","source":"derivative","format":"PNG","original":"02. Solitude.mp3","mtime":"1748809165","size":"36680","md5":"718eeb4b9aa6148b49a9f3d82d5ec23d","crc32":"6701d351","sha1":"048fc6e8addbd7853213c4a683108d292d7cc659"},{"name":"02. Solitude_spectrogram.png","source":"derivative","format":"Spectrogram","original":"02. Solitude.mp3","mtime":"1748810917","size":"308160","md5":"0fb4828c117e302f8888d3701f81d269","crc32":"ac373ab7","sha1":"a3c53dc13364a3056b0bdc75591a88705e295fc2"},{"name":"02.-solitude_archive.torrent","source":"metadata","btih":"d04fc8b6553207b2098754e85f42c8794ae5d407","mtime":"1757864996","size":"12712","md5":"f0177dc7b175b2b8fd620acc90a5d898","crc32":"1887f54d","sha1":"1a5ecd8e5be31d4678e80fb3e2e4c20a75832cc8","format":"Archive BitTorrent"},{"name":"02.-solitude_files.xml","source":"original","format":"Metadata","md5":"f7163a117f109497509963e409195729","summation":"md5"},{"name":"02.-solitude_meta.sqlite","source":"original","mtime":"1748804245","size":"69632","md5":"a48e929e2c7832ed82ad6cea9e64a429","crc32":"6476d964","sha1":"13c6dccee5c8d6cecc31cf37b335116ab51ad398","format":"Metadata"},{"name":"02.-solitude_meta.xml","source":"original","mtime":"1757864994","size":"1929","md5":"7389ad4fa563aba15c087d0714c5c53e","crc32":"7a734be3","sha1":"65c87d27e5b8ebcca6a7da4f3449a2d43e7f2b12","format":"Metadata"},{"name":"03. Phirosophia.mp3","source":"original","mtime":"1748804001","size":"13363200","md5":"f401c51c3adaa6656b18a1a89d90ec62","crc32":"7e18865d","sha1":"dae394107f630b3f66c9b2e14730c9ce2ca94e55","format":"VBR MP3","length":"334.03","title":"Phirosophia","creator":"Kill=slayd","album":"HEAT","track":"3","artist":"Kill=slayd","genre":"J-Rock","comment":"http://jp-rock.blogspot.com/"},{"name":"03. Phirosophia.png","source":"derivative","format":"PNG","original":"03. Phirosophia.mp3","mtime":"1748808951","size":"40047","md5":"a4f9f885de1bfe0a3aaa692ac248823c","crc32":"29484aef","sha1":"7c2a6b5fd947d2f4dc77c1c6314bcbecdc4900e2"},{"name":"03. Phirosophia_spectrogram.png","source":"derivative","format":"Spectrogram","original":"03. Phirosophia.mp3","mtime":"1748810895","size":"296420","md5":"2b56dfb5d7524b3e9d66e75a80b8e6c1","crc32":"2e13ebd6","sha1":"906bdd8319c26812b364fcb7dcd134647a83d569"},{"name":"04. Ironix.mp3","source":"original","mtime":"1748804020","size":"8394752","md5":"4a1cf67d9d8bbfd8f2ef468b242e74c2","crc32":"afa5fa3e","sha1":"3f12161ab1bb11333ef16fa991cbaba6ce50751d","format":"VBR MP3","length":"209.84","title":"Ironix","creator":"Kill=slayd","album":"HEAT","track":"4","artist":"Kill=slayd","genre":"J-Rock","comment":"http://jp-rock.blogspot.com/"},{"name":"04. Ironix.png","source":"derivative","format":"PNG","original":"04. Ironix.mp3","mtime":"1748807009","size":"41603","md5":"a0a59c389a5c652a1a412f8cf7ef4e74","crc32":"756ff855","sha1":"9cd93a173711785baf7a34e1d98f5a645eeff0e6"},{"name":"04. Ironix_spectrogram.png","source":"derivative","format":"Spectrogram","original":"04. Ironix.mp3","mtime":"1748810858","size":"298408","md5":"120e0d555f8630257220b4f0ad35b423","crc32":"40272786","sha1":"6836ee4f24f4020b678ff3c2f2904daf5da12439"},{"name":"05. Sympathy.mp3","source":"original","mtime":"1748804052","size":"12189696","md5":"6838b829243e8f5d110ad55f83e56c42","crc32":"ae3ee022","sha1":"91a20319c27cf9e7660562c9373c21055f309a10","format":"VBR MP3","length":"304.69","title":"Sympathy","creator":"Kill=slayd","album":"HEAT","track":"5","artist":"Kill=slayd","genre":"J-Rock","comment":"http://jp-rock.blogspot.com/"},{"name":"05. Sympathy.png","source":"derivative","format":"PNG","original":"05. Sympathy.mp3","mtime":"1748805275","size":"37375","md5":"c0c73bb425f6076bbc5b6eb80cc17ae6","crc32":"5e926b25","sha1":"f03b967d8013988e988ef9415c18dcca820c09f1"},{"name":"05. Sympathy_spectrogram.png","source":"derivative","format":"Spectrogram","original":"05. Sympathy.mp3","mtime":"1748810834","size":"313994","md5":"2bc7be6f935d25f6193a9bbfadf7f07c","crc32":"73666bb8","sha1":"f1fbb6355aa04652d089b119f287454b4d0d86ea"},{"name":"06. TESU.mp3","source":"original","mtime":"1748804099","size":"14776320","md5":"e63a9a01be43c977b92620266b8b84d4","crc32":"69027736","sha1":"17af2e6cafb0645c898313305f570a901de28e66","format":"VBR MP3","length":"369.39","title":"テス","creator":"Kill=slayd","album":"HEAT","track":"6","artist":"Kill=slayd","genre":"J-Rock","comment":"http://jp-rock.blogspot.com/"},{"name":"06. TESU.png","source":"derivative","format":"PNG","original":"06. TESU.mp3","mtime":"1748806838","size":"38994","md5":"d5643c070e19c3fabae3895e09864e0b","crc32":"e09de0f3","sha1":"72f09cd05d902ad5613b07bad93aee1e50b8ad2f"},{"name":"06. TESU_spectrogram.png","source":"derivative","format":"Spectrogram","original":"06. TESU.mp3","mtime":"1748810806","size":"329550","md5":"2ef377f4942b4aef6dc54d958440e0be","crc32":"af705b35","sha1":"bf88c30d1577a1ed7491cf0cb40291393532ff33"},{"name":"07. Autumn Wind.mp3","source":"original","mtime":"1748804110","size":"10991616","md5":"3df27da90532c0aea551d300def7a17e","crc32":"eb871ab0","sha1":"d7615f7b40bea77c20670b7d30bf69f4c2c07a9b","format":"VBR MP3","length":"274.75","title":"オータムウインド","creator":"Kill=slayd","album":"HEAT","track":"7","artist":"Kill=slayd","genre":"J-Rock","comment":"http://jp-rock.blogspot.com/"},{"name":"07. Autumn Wind.png","source":"derivative","format":"PNG","original":"07. Autumn Wind.mp3","mtime":"1748805960","size":"39573","md5":"b645aeb97616d6ddd7bc705b087690aa","crc32":"6ddbd5f8","sha1":"0058a380ade55846a30a595eb395f5f248da4ce8"},{"name":"07. Autumn Wind_spectrogram.png","source":"derivative","format":"Spectrogram","original":"07. Autumn Wind.mp3","mtime":"1748810785","size":"304401","md5":"8407828c36b969bd9d214006e9d864c9","crc32":"189d6e37","sha1":"c0b5edecc5180c53c08f494df830d8aa0b22b2db"},{"name":"08. HEAT.mp3","source":"original","mtime":"1748804141","size":"10432512","md5":"bf1c594edfde65f551e6d995f1de9d56","crc32":"54e503b7","sha1":"834eee66f7b8f885015f45dfdfc4b8b54a4caeb1","format":"VBR MP3","length":"260.79","title":"HEAT","creator":"Kill=slayd","album":"HEAT","track":"8","artist":"Kill=slayd","genre":"J-Rock","comment":"http://jp-rock.blogspot.com/"},{"name":"08. HEAT.png","source":"derivative","format":"PNG","original":"08. HEAT.mp3","mtime":"1748805742","size":"38491","md5":"27eaf22d969a99aaeb1f314ce62667c5","crc32":"d5339384","sha1":"723cf8de97196440ec45ccb69f695d876b0c5722"},{"name":"08. HEAT_spectrogram.png","source":"derivative","format":"Spectrogram","original":"08. HEAT.mp3","mtime":"1748810749","size":"302388","md5":"d9a67d14faffaeed6f5ec3d2ef7a3c94","crc32":"1e267fd1","sha1":"e3a07ddd5b213b69081b7c85734efe584680ce08"},{"name":"09. Lasting.mp3","source":"original","mtime":"1748804147","size":"11495424","md5":"609784b85cd0dd0e498d14f8a1a3319b","crc32":"e3cfd1e0","sha1":"483a6fb3de62bc67fa612980b841f6925f5e14b6","format":"VBR MP3","length":"287.33","title":"Lasting","creator":"Kill=slayd","album":"HEAT","track":"9","artist":"Kill=slayd","genre":"J-Rock","comment":"http://jp-rock.blogspot.com/"},{"name":"09. Lasting.png","source":"derivative","format":"PNG","original":"09. Lasting.mp3","mtime":"1748806767","size":"42197","md5":"de0553f7904dfddb7a4c15033d0fcc31","crc32":"c1e53012","sha1":"0c1cc9ddcefb1edbbe9f8288d4c338f5d2ec2a48"},{"name":"09. Lasting_spectrogram.png","source":"derivative","format":"Spectrogram","original":"09. Lasting.mp3","mtime":"1748809477","size":"287428","md5":"958fd7faf66ab7ab8c6c8da7f37fc1c7","crc32":"3ab2be8d","sha1":"5ac558d2126651d79cbf46a9ee26842f0c4df315"},{"name":"10. Libido.mp3","source":"original","mtime":"1748804197","size":"12734464","md5":"4cdab1e591b0c10d7a07878f3d8f186d","crc32":"7d6ef04e","sha1":"9fba988025ae6b15edd34079bfbefac96ae81454","format":"VBR MP3","length":"318.34","title":"Libido","creator":"Kill=slayd","album":"HEAT","track":"10","artist":"Kill=slayd","genre":"J-Rock","comment":"http://jp-rock.blogspot.com/"},{"name":"10. Libido.png","source":"derivative","format":"PNG","original":"10. Libido.mp3","mtime":"1748808539","size":"40265","md5":"dba867613e216fd593cb819a6fd6c3a3","crc32":"f9c7e95c","sha1":"0ba869da92643385595cab729dfd18f20fa85632"},{"name":"10. Libido_spectrogram.png","source":"derivative","format":"Spectrogram","original":"10. Libido.mp3","mtime":"1748809388","size":"300616","md5":"7b6092c36e82416a2e83fa57ae844e91","crc32":"33fa8db4","sha1":"7e26221ebc5457dc05eb5e610cecd81eb30df12b"},{"name":"11. Experience.mp3","source":"original","mtime":"1748804240","size":"9605120","md5":"e8a5ff92359e9e9a2b52dd8730b3e1e7","crc32":"008515dd","sha1":"d1da62db0854bf0972c690a3619afcbc0c7ba040","format":"VBR MP3","length":"240.07","title":"エクスペリエンス","creator":"Kill=slayd","album":"HEAT","track":"11","artist":"Kill=slayd","genre":"J-Rock","comment":"http://jp-rock.blogspot.com/"},{"name":"11. Experience.png","source":"derivative","format":"PNG","original":"11. Experience.mp3","mtime":"1748809285","size":"41085","md5":"f020b1fb0eefa424b7dbdc38ce0d0cb1","crc32":"d3c3ae17","sha1":"0048d900ba8f25580a5dd6dab06323bb9adaafa8"},{"name":"11. Experience_spectrogram.png","source":"derivative","format":"Spectrogram","original":"11. Experience.mp3","mtime":"1748810987","size":"288836","md5":"083d0da26d5b471e03d7ec60b7fce9c1","crc32":"f9774573","sha1":"683bc783d689e6378a0bfa583c731c547ff29aca"},{"name":"__ia_thumb.jpg","source":"original","mtime":"1748804282","size":"14934","md5":"5892cf4749f4668abdb0b0ec6fa0db3b","crc32":"12f3d298","sha1":"923dcd1c0b8e355b4cc602c96ff6d4827664c9ec","format":"Item Tile"},{"name":"cover.jpg","source":"original","mtime":"1748804242","size":"32941","md5":"8e212a14048874e241de5a1b8464bade","crc32":"349e3e8d","sha1":"7560ce0b3cf2fceed0da081dbb03e4e0a6cb93bd","format":"JPEG"},{"name":"cover_thumb.jpg","source":"derivative","format":"JPEG Thumb","original":"cover.jpg","mtime":"1748805200","size":"14688","md5":"40ceb6c2facdc2515aa9f8ba78d82556","crc32":"b67b61d2","sha1":"237d1413580d7ea9c95960ae226784694f951eb9"}],"files_count":40,"item_last_updated":1757864996,"item_size":128529357,"metadata":{"identifier":"02.-solitude","mediatype":"audio","collection":["folksoundomy_japaneserock","folksoundomy"],"creator":"Kill=slayd","date":"1997-06-25","description":"<div>01. Urban blue ~hibi no shikisai~</div><div>02. Solitude</div><div>03. Phirosophia</div><div>04. Ironix</div><div>05. Sympathy</div><div>06. TESU</div><div>07. Autumn Wind</div><div>08. HEAT</div><div>09. Lasting</div><div>10. Libido</div><div>11. Experience</div><div><br /></div><div>Segundo álbum de Kill=slayd.</div><div><br /></div><div>https://vk.gy/artists/kill-slayd/</div><div><br /></div><div>http://jp-rock.blogspot.com/</div><div><br /></div><div>http://jp-rock-lyrics.blogspot.com.ar/</div>","language":"jpn","scanner":"Internet Archive HTML5 Uploader 1.7.0","subject":["visual kei","vkei","visual rock","vrock","rock","japanese rock","jrock","j-rock","Kill=slayd","kurofuku kei","soft visual","gothic","pop","gothic rock"],"title":"Kill=slayd - HEAT","uploader":"denjinhal@mail.ru","publicdate":"2025-06-01 18:51:04","addeddate":"2025-06-01 18:51:04","curation":"[curator]validator@archive.org[/curator][date]20250601185202[/date][comment]checked for malware[/comment]","collection_added":"folksoundomy"},"server":"ia800101.us.archive.org","uniq":1994621465,"workable_servers":["ia800101.us.archive.org","ia600101.us.archive.org"]}