{"alternate_locations":{"servers":[{"server":"dn721601.ca.archive.org","dir":"/0/items/02.-twice"}],"workable":[{"server":"dn721601.ca.archive.org","dir":"/0/items/02.-twice"}]},"created":1767564735,"d1":"ia601202.us.archive.org","d2":"ia801202.us.archive.org","dir":"/2/items/02.-twice","files":[{"name":"01. END OF SORROW.mp3","source":"original","mtime":"1749930645","size":"10598528","md5":"fa582d262c08f4d622a09243cf830db9","crc32":"3106b91b","sha1":"de23f74d22fbb79686ab69ef52a995ba1fccb656","format":"VBR MP3","length":"264.88","title":"END OF SORROW","creator":"LUNA SEA","album":"END OF SORROW -Single-","track":"1","artist":"LUNA SEA","genre":"Visual-kei","comment":"http://jp-rock.blogspot.com/"},{"name":"01. END OF SORROW.png","source":"derivative","format":"PNG","original":"01. END OF SORROW.mp3","mtime":"1749930901","size":"34490","md5":"f84bf061150bcc01914685b4a88d5538","crc32":"8ba5f681","sha1":"525fa260ffc1dba478cdf379708c4acfa5cb38b7"},{"name":"01. END OF SORROW_spectrogram.png","source":"derivative","format":"Spectrogram","original":"01. END OF SORROW.mp3","mtime":"1749930935","size":"302961","md5":"2335f30cea473828a885e9c0eb56e426","crc32":"4a64ac33","sha1":"b69bfc41f6e6f25335d409d3d79e1ec018d8b217"},{"name":"02. TWICE.mp3","source":"original","mtime":"1749930695","size":"15085696","md5":"7992130516195d52e29a3f496af5b65c","crc32":"944fabe2","sha1":"ca7e2ec8455272d6a2275fe749c4d284d36d2cac","format":"VBR MP3","length":"377.05","title":"TWICE","creator":"LUNA SEA","album":"END OF SORROW -Single-","track":"2","artist":"LUNA SEA","genre":"Visual-kei","comment":"http://jp-rock.blogspot.com/"},{"name":"02. TWICE.png","source":"derivative","format":"PNG","original":"02. TWICE.mp3","mtime":"1749930918","size":"33635","md5":"c4d52bf1cbbbafadb408a5c08f97844c","crc32":"1a7e8561","sha1":"490fb8be15599f9ce18173936025aa6b160c2e0c"},{"name":"02. TWICE_spectrogram.png","source":"derivative","format":"Spectrogram","original":"02. TWICE.mp3","mtime":"1749930954","size":"314351","md5":"b5e9a5e7d16ee6aa4e7f4a6b0b3db2ed","crc32":"bec82315","sha1":"d7a5ab360124bd6077ebcc37cbd42a55a49a9957"},{"name":"02.-twice_archive.torrent","source":"metadata","btih":"30110175aca51307defbb45de6cb1dc5f6a8a1b1","mtime":"1757865045","size":"4007","md5":"4ced9ab8a2915a5377bd84dcbf2973bb","crc32":"bc642b42","sha1":"356851a8d8b1cd000629b0e0a69941bb969c690c","format":"Archive BitTorrent"},{"name":"02.-twice_files.xml","source":"original","format":"Metadata","md5":"bc2c29521d471c8e7f3d5dd649d8119a","summation":"md5"},{"name":"02.-twice_meta.sqlite","source":"original","mtime":"1749930704","size":"32768","md5":"28017ab01f134bcd39e7b0a79514bc6c","crc32":"508507dd","sha1":"3149a3a667d3b6151327982445e073f840913aed","format":"Metadata"},{"name":"02.-twice_meta.xml","source":"original","mtime":"1757865043","size":"1545","md5":"703460a8aa891f392b11e5672ef76257","crc32":"8fc7879f","sha1":"bbf1b0e8e1f712b18b6e150455c5259de29ce9e5","format":"Metadata"},{"name":"__ia_thumb.jpg","source":"original","mtime":"1749930740","size":"16391","md5":"ca6b34377cb39454f1a1010ca1b49d80","crc32":"06554a13","sha1":"a9189b2ded17c902dc2f6395317ce1be5a6b9162","format":"Item Tile"},{"name":"cover.jpg","source":"original","mtime":"1749930699","size":"17571","md5":"039dfbd434cbeb14dc65da481cd442cc","crc32":"8282bd43","sha1":"060964461daaa342e5467e0cc65bba36f5ffa76c","format":"JPEG"},{"name":"cover_thumb.jpg","source":"derivative","format":"JPEG Thumb","original":"cover.jpg","mtime":"1749930779","size":"6390","md5":"6b2bdf8c3b9fe543d8ed4ce8ad83ecd6","crc32":"e859802a","sha1":"56b3ff6f90a7e4697643755877b81f4027ee065f"}],"files_count":13,"item_last_updated":1757865045,"item_size":26448333,"metadata":{"identifier":"02.-twice","mediatype":"audio","collection":["folksoundomy_japaneserock","folksoundomy"],"creator":"LUNA SEA","date":"1996-03-25","description":"<div>01. END OF SORROW</div><div>02. TWICE</div><div><br /></div><div>Séptimo single.</div><div><br /></div><div>https://vk.gy/artists/luna-sea/</div><div><br /></div><div>http://jp-rock.blogspot.com/</div>","language":"jpn","scanner":"Internet Archive HTML5 Uploader 1.7.0","subject":["visual kei","vkei","visual rock","vrock","rock","japanese rock","jrock","j-rock","LUNA SEA","kote kei","kurofuku kei","soft visual","glam","gothic","gothic rock","pop"],"title":"LUNA SEA - END OF SORROW","uploader":"denjinhal@mail.ru","publicdate":"2025-06-14 19:51:10","addeddate":"2025-06-14 19:51:10","curation":"[curator]validator@archive.org[/curator][date]20250614195237[/date][comment]checked for malware[/comment]","collection_added":"folksoundomy"},"server":"ia601202.us.archive.org","uniq":930272946,"workable_servers":["ia601202.us.archive.org","ia801202.us.archive.org"]}