{"alternate_locations":{"servers":[{"server":"dn721206.ca.archive.org","dir":"/0/items/02.-re-build-nervous"}],"workable":[{"server":"dn721206.ca.archive.org","dir":"/0/items/02.-re-build-nervous"}]},"created":1767564724,"d1":"ia601705.us.archive.org","d2":"ia801705.us.archive.org","dir":"/23/items/02.-re-build-nervous","files":[{"name":"01. tane ~Single Version~.mp3","source":"original","mtime":"1746373347","size":"10557735","md5":"a54b4de02e78f5541fde247a4f81d1bd","crc32":"2ad46423","sha1":"9364ca17e929082512b512f3c2bf363f7468c49e","format":"VBR MP3","length":"263.89","title":"「tane」 ~Single Version~","creator":"DIE IN CRIES","album":"tane -Single-","track":"1","artist":"DIE IN CRIES","genre":"J-Rock","comment":"http://jp-rock.blogspot.com.ar/"},{"name":"01. tane ~Single Version~.png","source":"derivative","format":"PNG","original":"01. tane ~Single Version~.mp3","mtime":"1746374751","size":"42280","md5":"5e6e3a2aa3728c59b78b34d3bbd80989","crc32":"6a128dcd","sha1":"4ecfa310a216268344c4ffc56b0c70965658a27b"},{"name":"01. tane ~Single Version~_spectrogram.png","source":"derivative","format":"Spectrogram","original":"01. tane ~Single Version~.mp3","mtime":"1746375788","size":"307437","md5":"6504ffd50ec9c7b488c5554ea7199a9c","crc32":"4fad4c05","sha1":"3a7f89370a9ca24e16b8a3b826078f4723a0cc19"},{"name":"02. re-build NERVOUS.mp3","source":"original","mtime":"1746373741","size":"15248282","md5":"a8a13eaa1739508cab727fd3c6400dd5","crc32":"2a039d6c","sha1":"015f9259590626dc120267921340f5656345adec","format":"VBR MP3","length":"381.15","title":"re-build NERVOUS","creator":"DIE IN CRIES","album":"tane -Single-","track":"2","artist":"DIE IN CRIES","genre":"J-Rock","comment":"http://jp-rock.blogspot.com.ar/"},{"name":"02. re-build NERVOUS.png","source":"derivative","format":"PNG","original":"02. re-build NERVOUS.mp3","mtime":"1746375478","size":"34466","md5":"c4fbc5607f579fe388c4acec22ef7a8b","crc32":"110a3dc0","sha1":"5c74f6f80929e7eb10c217dff0294e669d0b25da"},{"name":"02. re-build NERVOUS_spectrogram.png","source":"derivative","format":"Spectrogram","original":"02. re-build NERVOUS.mp3","mtime":"1746376429","size":"293662","md5":"855a620a9c2fb440b555805e6231db98","crc32":"d08acdb5","sha1":"e346949c44be0d1b1236177dd4471ad5664563cc"},{"name":"02.-re-build-nervous_archive.torrent","source":"metadata","btih":"c5f976eff3def0e5c41ee9879ca2d841fdba26aa","mtime":"1757864939","size":"5375","md5":"ee88aeab8a3e0cd3020e5e66942e3635","crc32":"56ff4285","sha1":"ecd671ce3a85dd83b959fc3ee49c00889afbb459","format":"Archive BitTorrent"},{"name":"02.-re-build-nervous_files.xml","source":"original","format":"Metadata","md5":"725e19a2b5b5a0198f7eea1f837d2fe4","summation":"md5"},{"name":"02.-re-build-nervous_meta.sqlite","source":"original","mtime":"1746373877","size":"45056","md5":"ddf7bab1d1966855f4fd06e1e6f15787","crc32":"ca2a81c6","sha1":"3f22027cfef72cff32637789a8060b9a7117e695","format":"Metadata"},{"name":"02.-re-build-nervous_meta.xml","source":"original","mtime":"1757864937","size":"1569","md5":"163fb30f4651ad7f71cbe058551d8b65","crc32":"f5b507b6","sha1":"fd3d46a1432409faf148970bc2c19d1358725de7","format":"Metadata"},{"name":"__ia_thumb.jpg","source":"original","mtime":"1746373826","size":"18310","md5":"26d2278626902760c7f29a93f982e8a4","crc32":"5675d75f","sha1":"1519757d6f901faf82b7ee57d97f948f3ce2b529","format":"Item Tile"},{"name":"img056.jpg","source":"original","mtime":"1746373785","size":"1582988","md5":"a38b7ed813116715d29cace71888a02e","crc32":"cbc741f6","sha1":"69b9fd7a3f6485d7b193f2ea381ec687dc55f5f3","format":"JPEG"},{"name":"img056_thumb.jpg","source":"derivative","format":"JPEG Thumb","original":"img056.jpg","mtime":"1746374254","size":"6762","md5":"7ac9ab415a698a06a77049fa07128486","crc32":"3168491a","sha1":"8d841e8ea6e449c461c8bd562ade8fd0db14bdb4"},{"name":"img057.jpg","source":"original","mtime":"1746373849","size":"2121159","md5":"3e01378f4275006c7c599a659eed6fba","crc32":"8a0544e6","sha1":"1c84bd23f4650710796298a2d5cc0c4aac4697ef","format":"JPEG"},{"name":"img057_thumb.jpg","source":"derivative","format":"JPEG Thumb","original":"img057.jpg","mtime":"1746374265","size":"7121","md5":"78b6c24eb42d09ace8244e1b25e5f4b0","crc32":"8ddd20bb","sha1":"105d9b16674d770fd1776f63acef153dce061f14"},{"name":"img058.jpg","source":"original","mtime":"1746373861","size":"833364","md5":"56e6d8e378a8cd6a3841a414e0c2145d","crc32":"c9d88c93","sha1":"f1021f4a715bcb1ea76c8eb4d1c6ccf76c2cb71d","format":"JPEG"},{"name":"img058_thumb.jpg","source":"derivative","format":"JPEG Thumb","original":"img058.jpg","mtime":"1746374274","size":"7925","md5":"2c2ae0dc7bab07c7ade53e9cd67d3811","crc32":"9b7948e8","sha1":"c97b9dbc87bfa8976f33026b70a52ea7f9cb1233"},{"name":"img059.jpg","source":"original","mtime":"1746373874","size":"807931","md5":"e07f451fd9e1794a796dd63efa28519d","crc32":"96b1456e","sha1":"25baa500e9cee6c56cb54cdf5875f883ea735e3f","format":"JPEG"},{"name":"img059_thumb.jpg","source":"derivative","format":"JPEG Thumb","original":"img059.jpg","mtime":"1746374286","size":"6408","md5":"65b25299823c8a64f3e40175be1579ba","crc32":"46e73c07","sha1":"bd3d881a3cf80548a5796b5ed0d9964f9e1da7df"}],"files_count":19,"item_last_updated":1757864939,"item_size":31927830,"metadata":{"identifier":"02.-re-build-nervous","mediatype":"audio","collection":["folksoundomy_japaneserock","folksoundomy"],"creator":"DIE IN CRIES","date":"1995-05-24","description":"<div>01. \"tane\" ~Single Version~ </div><div>02. re-build NERVOUS</div><div><br /></div><div>Último single de DIE IN CRIES.</div><div><br /></div><div>https://vk.gy/artists/die-in-cries/</div><div><br /></div><div>http://jp-rock.blogspot.com/</div><div><br /></div><div>http://jp-rock-lyrics.blogspot.com.ar/</div>","language":"jpn","scanner":"Internet Archive HTML5 Uploader 1.7.0","subject":["visual kei","vkei","visual rock","vrock","rock","japanese rock","DIE IN CRIES","beat rock","gothic rock","gothic","pop rock"],"title":"DIE IN CRIES - \"tane\" (「種」)","uploader":"denjinhal@mail.ru","publicdate":"2025-05-04 15:42:46","addeddate":"2025-05-04 15:42:46","curation":"[curator]validator@archive.org[/curator][date]20250504154345[/date][comment]checked for malware[/comment]","collection_added":"folksoundomy"},"server":"ia801705.us.archive.org","uniq":1816545989,"workable_servers":["ia801705.us.archive.org","ia601705.us.archive.org"]}