{"alternate_locations":{"servers":[{"server":"dn721505.ca.archive.org","dir":"/0/items/02.-kitto-hanarete-itemo"}],"workable":[{"server":"dn721505.ca.archive.org","dir":"/0/items/02.-kitto-hanarete-itemo"}]},"created":1767564705,"d1":"ia601300.us.archive.org","d2":"ia801300.us.archive.org","dir":"/7/items/02.-kitto-hanarete-itemo","files":[{"name":"01. totsuzen.mp3","source":"original","mtime":"1746726751","size":"4372480","md5":"f66a877e090dfb1c52462b7df203ec28","crc32":"3fa1428c","sha1":"f4f7b9e39f34244ab47016f8febc213bb991deae","format":"VBR MP3","length":"273.14","title":"totsuzen","creator":"the FIELD OF VIEW","album":"totsuzen -Single-","track":"1","artist":"the FIELD OF VIEW","genre":"JPop","comment":"http://jp-rock.blogspot.com/"},{"name":"01. totsuzen.png","source":"derivative","format":"PNG","original":"01. totsuzen.mp3","mtime":"1746727508","size":"38871","md5":"e1727bc1d609654687bdd9fd53701e15","crc32":"19d6f2b3","sha1":"ea15330c42966ca5c5d4e987de35916888edbd13"},{"name":"01. totsuzen_spectrogram.png","source":"derivative","format":"Spectrogram","original":"01. totsuzen.mp3","mtime":"1746728200","size":"301376","md5":"a54c1ffe3db932ad515fb79024cf6001","crc32":"b9534abc","sha1":"2c7fb851da318394e19ca6b4b190a1e8c988755a"},{"name":"02. kitto hanarete itemo.mp3","source":"original","mtime":"1746726907","size":"4775936","md5":"8928eaf2a35219b8ddb6a3f5777cba13","crc32":"b38c4e91","sha1":"4178133556d44ee7698d2abf4f9f83a768353569","format":"VBR MP3","length":"298.4","title":"kitto hanarete itemo","creator":"the FIELD OF VIEW","album":"totsuzen -Single-","track":"2","artist":"the FIELD OF VIEW","genre":"JPop","comment":"http://jp-rock.blogspot.com/"},{"name":"02. kitto hanarete itemo.png","source":"derivative","format":"PNG","original":"02. kitto hanarete itemo.mp3","mtime":"1746727725","size":"37831","md5":"b85df28ff51a044a9e3c32fe5fbb6cab","crc32":"e390c618","sha1":"8bcc71fed14fd018c434321bdecfc9fe6c0ad1e1"},{"name":"02. kitto hanarete itemo_spectrogram.png","source":"derivative","format":"Spectrogram","original":"02. kitto hanarete itemo.mp3","mtime":"1746728447","size":"321001","md5":"6f82cf2b7fb93746ef2452dda6591f41","crc32":"4db212e7","sha1":"563915d4ba9bf392e4542014ae249104161f70b8"},{"name":"02.-kitto-hanarete-itemo_archive.torrent","source":"metadata","btih":"740a6bf51b7565974867a307cbb8f51d670623c5","mtime":"1757864802","size":"4293","md5":"ff44995b4faa9137ef6277bb884536a7","crc32":"c8bac381","sha1":"3b7d07e10376c3d6786f7a880766c12fc44ba3b7","format":"Archive BitTorrent"},{"name":"02.-kitto-hanarete-itemo_files.xml","source":"original","format":"Metadata","md5":"94f9ec61bf9214135b49bce6fdeebf94","summation":"md5"},{"name":"02.-kitto-hanarete-itemo_meta.sqlite","source":"original","mtime":"1746727017","size":"36864","md5":"5f858aeb48396344909f758c6bdd8a57","crc32":"1a2aaedf","sha1":"98591efd8a9aea696f65a9cc4e1f7b6b86d631ac","format":"Metadata"},{"name":"02.-kitto-hanarete-itemo_meta.xml","source":"original","mtime":"1757864801","size":"1596","md5":"2143160193c29c2318065d51882513b5","crc32":"4dd19d1d","sha1":"cf016c54dad6bd251dfd4a8441b3c63b9de659f8","format":"Metadata"},{"name":"03. totsuzen (Original Karaoke).mp3","source":"original","mtime":"1746727009","size":"4357178","md5":"0e68313417109be059a74a8bfbfc505f","crc32":"2bee5203","sha1":"29e02aa0ca95c462a4e8069fdd07587d9d8c739e","format":"VBR MP3","length":"272.3","title":"totsuzen (Original Karaoke)","creator":"the FIELD OF VIEW","album":"totsuzen -Single-","track":"3","artist":"the FIELD OF VIEW","genre":"JPop","comment":"http://jp-rock.blogspot.com/"},{"name":"03. totsuzen (Original Karaoke).png","source":"derivative","format":"PNG","original":"03. totsuzen (Original Karaoke).mp3","mtime":"1746727924","size":"38272","md5":"79483990619adda3c34ec06406c5d8e5","crc32":"1d04eafe","sha1":"61138ec64318cda982c49cd544e88efb1bf18a78"},{"name":"03. totsuzen (Original Karaoke)_spectrogram.png","source":"derivative","format":"Spectrogram","original":"03. totsuzen (Original Karaoke).mp3","mtime":"1746728910","size":"316446","md5":"f626aad8588eb69da6229464110065e7","crc32":"87c2f66c","sha1":"2c264f6ec1761cc3f2ce7d71d7e3f8d5fbd8caa3"},{"name":"__ia_thumb.jpg","source":"original","mtime":"1746727051","size":"21892","md5":"b060b9fdfbd14925705177403c9eb927","crc32":"7473de18","sha1":"68484be218a611efd25b7382628d85a3fc0e2901","format":"Item Tile"},{"name":"cover.jpg","source":"original","mtime":"1746727014","size":"34775","md5":"9a55895cb8c555f4854e0959ee339420","crc32":"5847da92","sha1":"4838ea301ad5bed58a127315a3ecc626c19a3c7c","format":"JPEG"},{"name":"cover_thumb.jpg","source":"derivative","format":"JPEG Thumb","original":"cover.jpg","mtime":"1746727232","size":"7835","md5":"b5b68a83016a581e5c8d80b8101e845d","crc32":"95ceebaa","sha1":"b09a8f6b284b3232fd782c930ed6cf062f78f683"}],"files_count":16,"item_last_updated":1757864802,"item_size":14666646,"metadata":{"identifier":"02.-kitto-hanarete-itemo","mediatype":"audio","collection":["folksoundomy_japaneserock","folksoundomy"],"creator":"the FIELD OF VIEW","date":"1995-07-24","description":"<div>01. totsuzen</div><div>02. kitto hanarete itemo</div><div>03. totsuzen (Original Karaoke)</div><div><br /></div><div>Cuarto single de FIELD OF VIEW.</div><div><br /></div><div>https://vk.gy/artists/field-of-view/</div><div><br /></div><div>http://jp-rock.blogspot.com/</div><div><br /></div><div>http://jp-rock-lyrics.blogspot.com.ar/</div>","language":"jpn","scanner":"Internet Archive HTML5 Uploader 1.7.0","subject":["rock","japanese rock","jrock","j-rock","the FIELD OF VIEW","FIELD OF VIEW","pop rock","j-pop","japanese pop","jpop"],"title":"the FIELD OF VIEW - totsuzen (突然)","uploader":"denjinhal@mail.ru","publicdate":"2025-05-08 17:52:55","addeddate":"2025-05-08 17:52:55","curation":"[curator]validator@archive.org[/curator][date]20250508175403[/date][comment]checked for malware[/comment]","collection_added":"folksoundomy"},"server":"ia801300.us.archive.org","uniq":1183119795,"workable_servers":["ia801300.us.archive.org","ia601300.us.archive.org"]}