{"alternate_locations":{"servers":[{"server":"dn720702.ca.archive.org","dir":"/0/items/02.-ano-hi-no-futari-wa-mou-inai"}],"workable":[{"server":"dn720702.ca.archive.org","dir":"/0/items/02.-ano-hi-no-futari-wa-mou-inai"}]},"created":1767564686,"d1":"ia601401.us.archive.org","d2":"ia801401.us.archive.org","dir":"/5/items/02.-ano-hi-no-futari-wa-mou-inai","files":[{"name":"01. yuzurenai negai.mp3","source":"original","mtime":"1752328643","size":"5576080","md5":"1af11bb7bb86f948f66d57c66563ed6e","crc32":"f293bfd2","sha1":"4d82a7935dbbdbe26712cc24ded6d587bc9cf3f9","format":"VBR MP3","length":"232.25","title":"ゆずれない願い","creator":"田村直美","album":"ゆずれない願い -Single-","track":"1","artist":"田村直美","genre":"JPop","comment":"http://jp-rock.blogspot.com/"},{"name":"01. yuzurenai negai.png","source":"derivative","format":"PNG","original":"01. yuzurenai negai.mp3","mtime":"1752328776","size":"41826","md5":"cb1ec86bf82c6b8e6f343101d54aa1a9","crc32":"aa14af2d","sha1":"19563cbd8333b54b617cbbf8adb3a79e03bc9b87"},{"name":"01. yuzurenai negai_spectrogram.png","source":"derivative","format":"Spectrogram","original":"01. yuzurenai negai.mp3","mtime":"1752328832","size":"316344","md5":"455300007f92cdb8cc5678b10a032380","crc32":"af30b4d9","sha1":"2870854eb6cc4b5b0da8b556ed482269a60981ae"},{"name":"02. ano hi no futari wa mou inai.mp3","source":"original","mtime":"1752328671","size":"6805544","md5":"07f84ee440aeb3dd1f49d07b1dfbc3be","crc32":"923c0e00","sha1":"1a6d9da54ef72f7340aca50a5def16060e9f5358","format":"VBR MP3","length":"283.47","title":"あの日の二人はもういない","creator":"田村直美","album":"ゆずれない願い -Single-","track":"2","artist":"田村直美","genre":"JPop","comment":"http://jp-rock.blogspot.com/"},{"name":"02. ano hi no futari wa mou inai.png","source":"derivative","format":"PNG","original":"02. ano hi no futari wa mou inai.mp3","mtime":"1752328797","size":"37995","md5":"6978198198023dac38c186378f2faee1","crc32":"3376609d","sha1":"21c6888b1a1cd2a8373acc4c518ca6b0ed63b3d6"},{"name":"02. ano hi no futari wa mou inai_spectrogram.png","source":"derivative","format":"Spectrogram","original":"02. ano hi no futari wa mou inai.mp3","mtime":"1752328851","size":"325643","md5":"6cb18d7aa1dfb4198d1871a548d93bd8","crc32":"06d2e181","sha1":"872f22337e233be28e574e6bdcf8e170c6c65154"},{"name":"02.-ano-hi-no-futari-wa-mou-inai_archive.torrent","source":"metadata","btih":"403100b0ad7734fd76c2859dd3a1cd92e21cf0ae","mtime":"1757864705","size":"4531","md5":"f5f11d9c8a4a56de9692f4fc93e01ffa","crc32":"9e714598","sha1":"9ea37ef18c3224fbac3048d9816f3a5f587edfbc","format":"Archive BitTorrent"},{"name":"02.-ano-hi-no-futari-wa-mou-inai_files.xml","source":"original","format":"Metadata","md5":"67e87f45d1bfff7646ce4fd5bb5f25e8","summation":"md5"},{"name":"02.-ano-hi-no-futari-wa-mou-inai_meta.sqlite","source":"original","mtime":"1752328688","size":"36864","md5":"bb28f10bd34b6d745e9120aef0d3c116","crc32":"cabe2772","sha1":"8763a86ebd9bfaa487857c31dd45ae53ba3ec68c","format":"Metadata"},{"name":"02.-ano-hi-no-futari-wa-mou-inai_meta.xml","source":"original","mtime":"1757864693","size":"1590","md5":"7db2829246680c6dfed3e06d826b996c","crc32":"cb6b7085","sha1":"b1f913dd1cfdb428c807358fef5c2c24dac2c3a0","format":"Metadata"},{"name":"03. yuzurenai negai (Original Karaoke).mp3","source":"original","mtime":"1752328680","size":"3718251","md5":"17a6097f646294c1c81c5398bbf64839","crc32":"f3fcf7e0","sha1":"25a45310471e48a8a2cbdc2136de01e0b0e56cf8","format":"VBR MP3","length":"232.25","title":"ゆずれない願い（オリジナル・カラオケ）","creator":"田村直美","album":"ゆずれない願い -Single-","track":"3","artist":"田村直美","genre":"JPop","comment":"http://jp-rock.blogspot.com/"},{"name":"03. yuzurenai negai (Original Karaoke).png","source":"derivative","format":"PNG","original":"03. yuzurenai negai (Original Karaoke).mp3","mtime":"1752328815","size":"39993","md5":"a45980dae28e297cb32b3c77d382c673","crc32":"f813be4b","sha1":"177457fa9041a9f8fec3086f9f8d1c565c7cabba"},{"name":"03. yuzurenai negai (Original Karaoke)_spectrogram.png","source":"derivative","format":"Spectrogram","original":"03. yuzurenai negai (Original Karaoke).mp3","mtime":"1752328869","size":"314801","md5":"1886da532219d4cb82a6223684818633","crc32":"f7295725","sha1":"55ec43ff158f81a416fcae48906baae7d00cda43"},{"name":"Cover.jpg","source":"original","mtime":"1752328684","size":"24706","md5":"9b2fe2416c6f31f83130101e187ca29e","crc32":"088fb8e4","sha1":"624229db0967a04abfc8ddeb09044cd14b78a709","format":"JPEG"},{"name":"Cover_thumb.jpg","source":"derivative","format":"JPEG Thumb","original":"Cover.jpg","mtime":"1752328765","size":"7583","md5":"b0d864ec41fd08b5ab3d7e39b8f1187a","crc32":"a299a7f2","sha1":"dc90a51509a441c661c3c91c178d32492d065f72"},{"name":"__ia_thumb.jpg","source":"original","mtime":"1752328725","size":"26550","md5":"8a0d4a32d83d29fead430d3a2ac554a6","crc32":"4c4f7c58","sha1":"25719d74cc03ad0b5ce7e00ec29783733f50746b","format":"Item Tile"}],"files_count":16,"item_last_updated":1757864705,"item_size":17278301,"metadata":{"identifier":"02.-ano-hi-no-futari-wa-mou-inai","mediatype":"audio","collection":["folksoundomy_japaneserock","folksoundomy"],"creator":"Naomi Tamura","date":"1994-11-09","description":"<div>01. yuzurenai negai</div><div>02. ano hi no futari wa mou inai</div><div>03. yuzurenai negai (Original Karaoke)</div><div><br /></div><div>Cuarto single de Naomi Tamura (田村 直美), cuya canción principal perteneció al anime Magic Knight Rayearth.</div><div>Lo subimos a pedido.</div><div><br /></div><div>http://jp-rock.blogspot.com/</div><div><br /></div><div>http://jp-rock-lyrics.blogspot.com.ar/</div>","language":"jpn","scanner":"Internet Archive HTML5 Uploader 1.7.0","subject":["j-pop","japanese pop","jpop","pop","japanese","Naomi Tamura","田村 直美"],"title":"Naomi Tamura (田村 直美) - yuzurenai negai (ゆずれない願い)","uploader":"denjinhal@mail.ru","publicdate":"2025-07-12 13:57:43","addeddate":"2025-07-12 13:57:43","curation":"[curator]validator@archive.org[/curator][date]20250712135907[/date][comment]checked for malware[/comment]","collection_added":"folksoundomy"},"server":"ia601401.us.archive.org","uniq":571748416,"workable_servers":["ia601401.us.archive.org","ia801401.us.archive.org"]}