{"alternate_locations":{"servers":[{"server":"dn720700.ca.archive.org","dir":"/0/items/02.-beardsley-no-puzzle"}],"workable":[{"server":"dn720700.ca.archive.org","dir":"/0/items/02.-beardsley-no-puzzle"}]},"created":1767564687,"d1":"ia600704.us.archive.org","d2":"ia800704.us.archive.org","dir":"/14/items/02.-beardsley-no-puzzle","files":[{"name":"01. NOCTURNE.mp3","source":"original","mtime":"1746369728","size":"10643416","md5":"eaff9d9cca5a85c8609ab19fee0234be","crc32":"99e500e2","sha1":"100517c7a2115929621a5d33f5c5609667fae79a","format":"VBR MP3","length":"266.03","title":"NOCTURNE","creator":"DIE IN CRIES","album":"NOCTURNE -Single-","track":"1","artist":"DIE IN CRIES","genre":"J-Rock","comment":"http://jp-rock.blogspot.com.ar/"},{"name":"01. NOCTURNE.png","source":"derivative","format":"PNG","original":"01. NOCTURNE.mp3","mtime":"1746370827","size":"41803","md5":"b8ce0777256d1421dd25348ae1b6ec7d","crc32":"d744c4e6","sha1":"2e581fac92dd078118d672ae876b8795953476a9"},{"name":"01. NOCTURNE_spectrogram.png","source":"derivative","format":"Spectrogram","original":"01. NOCTURNE.mp3","mtime":"1746371995","size":"301694","md5":"9a41c43595172af6c71178283b8b5d9d","crc32":"91681276","sha1":"e320e8bb35bbbac8656d9ed1b20e14b232a552c6"},{"name":"02. BEARDSLEY no PUZZLE.mp3","source":"original","mtime":"1746370023","size":"14113523","md5":"eb9a3136a71789ebd63478ea65739b56","crc32":"76a11b04","sha1":"de2a52484837ed15d8722b72e57cc4280694ba46","format":"VBR MP3","length":"352.78","title":"BEARDSLEY no PUZZLE","creator":"DIE IN CRIES","album":"NOCTURNE -Single-","track":"2","artist":"DIE IN CRIES","genre":"J-Rock","comment":"http://jp-rock.blogspot.com.ar/"},{"name":"02. BEARDSLEY no PUZZLE.png","source":"derivative","format":"PNG","original":"02. BEARDSLEY no PUZZLE.mp3","mtime":"1746371394","size":"40691","md5":"a1845741cdcb9259af785bac37260516","crc32":"472bfcad","sha1":"1f0d702414cb1a04d1abdb789eed4f65de51593a"},{"name":"02. BEARDSLEY no PUZZLE_spectrogram.png","source":"derivative","format":"Spectrogram","original":"02. BEARDSLEY no PUZZLE.mp3","mtime":"1746372558","size":"326154","md5":"6e0a216e2b79628dca5527c18436cdcc","crc32":"985e0044","sha1":"2ff4d99085b88a00854495eb6d6688e609af0c5b"},{"name":"02.-beardsley-no-puzzle_archive.torrent","source":"metadata","btih":"0ae0c5b70cf4c65b147f8c90e886fedd129bac3f","mtime":"1757864642","size":"5472","md5":"5221f36f0c6331d18ef11e7b852ef0ea","crc32":"06869434","sha1":"c89e87286b575200690b8fa8420a43c623a9fb12","format":"Archive BitTorrent"},{"name":"02.-beardsley-no-puzzle_files.xml","source":"original","format":"Metadata","md5":"682fa094caf350d7e5036bf64a1e0685","summation":"md5"},{"name":"02.-beardsley-no-puzzle_meta.sqlite","source":"original","mtime":"1746370194","size":"45056","md5":"dfad2afd27ba32602c08e72a7cf1647d","crc32":"ca326645","sha1":"10a34fb61351a03a33a4be362dc1becc902ca0f1","format":"Metadata"},{"name":"02.-beardsley-no-puzzle_meta.xml","source":"original","mtime":"1757864639","size":"1459","md5":"2d8e80b772a71676b8455354cd19f813","crc32":"aa0738ac","sha1":"a6ec69d8765f11dcac472cbb1a624273b97dddf3","format":"Metadata"},{"name":"__ia_thumb.jpg","source":"original","mtime":"1746370114","size":"8004","md5":"132c20235e02e24a2cf5d1a22b7fd27d","crc32":"4ad9157a","sha1":"670af2182aeb0069736d2c456919dee22716e2cb","format":"Item Tile"},{"name":"img048.jpg","source":"original","mtime":"1746370077","size":"2729173","md5":"7097ee3011b301b8e296a186882f708f","crc32":"90c5a2c9","sha1":"6d2a2e5dddfb74c33b81a744984e7b772ae017a4","format":"JPEG"},{"name":"img048_thumb.jpg","source":"derivative","format":"JPEG Thumb","original":"img048.jpg","mtime":"1746370435","size":"7295","md5":"ea2caef21dd01cfb7b14b86e3f9e7f9e","crc32":"5e922e97","sha1":"c03e1b545129716bb12527fb731e47e76693fe4b"},{"name":"img049.jpg","source":"original","mtime":"1746370120","size":"2277261","md5":"bb2f594645712609fae57bdcba38d082","crc32":"ba16037e","sha1":"ad082e563c7592f9ed624089c894c62bb93afe9a","format":"JPEG"},{"name":"img049_thumb.jpg","source":"derivative","format":"JPEG Thumb","original":"img049.jpg","mtime":"1746370446","size":"7564","md5":"87bea316ab2144fcd45cec37bad39db3","crc32":"7b39390e","sha1":"132d8d3c400e56b8309400313ce6be7a28bc8e7e"},{"name":"img050.jpg","source":"original","mtime":"1746370126","size":"842441","md5":"0e409b229516f8a6beb6bed4efa88dc5","crc32":"dd1878ba","sha1":"6ef39d12924493d472c3b6213c885338489d62f9","format":"JPEG"},{"name":"img050_thumb.jpg","source":"derivative","format":"JPEG Thumb","original":"img050.jpg","mtime":"1746370453","size":"7930","md5":"8c306b99d66bfbf3cfc905a5ebcbab56","crc32":"e9ed0672","sha1":"8f970a802ab0457dca3fef4a8ccb8f3fb638f2e2"},{"name":"img051.jpg","source":"original","mtime":"1746370180","size":"3041108","md5":"37519cb858587d04606c6317abbad845","crc32":"92ddf058","sha1":"89ab4fe6f2b56e0c7d1667fbbd570ebd9220690a","format":"JPEG"},{"name":"img051_thumb.jpg","source":"derivative","format":"JPEG Thumb","original":"img051.jpg","mtime":"1746370462","size":"8361","md5":"fcbf0c3ed0498aee90f74481228f83d7","crc32":"9341f5c0","sha1":"397b72682d2327a2363d422516d97db2c5cc66cf"}],"files_count":19,"item_last_updated":1757864642,"item_size":34448405,"metadata":{"identifier":"02.-beardsley-no-puzzle","mediatype":"audio","collection":["folksoundomy_japaneserock","folksoundomy"],"creator":"DIE IN CRIES","date":"1993-06-02","description":"<div>01. NOCTURNE</div><div>02. BEARDSLEY no PUZZLE</div><div><br /></div><div>https://vk.gy/artists/die-in-cries/</div><div><br /></div><div>http://jp-rock.blogspot.com/</div><div><br /></div><div>http://jp-rock-lyrics.blogspot.com.ar/</div>","language":"jpn","scanner":"Internet Archive HTML5 Uploader 1.7.0","subject":["visual kei","vkei","visual rock","vrock","rock","japanese rock","DIE IN CRIES","beat rock","gothic rock","gothic","pop rock"],"title":"DIE IN CRIES - NOCTURNE","uploader":"denjinhal@mail.ru","publicdate":"2025-05-04 14:42:28","addeddate":"2025-05-04 14:42:28","curation":"[curator]validator@archive.org[/curator][date]20250504144316[/date][comment]checked for malware[/comment]","collection_added":"folksoundomy"},"server":"ia800704.us.archive.org","uniq":1313713856,"workable_servers":["ia800704.us.archive.org","ia600704.us.archive.org"]}