{"alternate_locations":{"servers":[{"server":"dn721309.ca.archive.org","dir":"/0/items/02.-eternal-colors"}],"workable":[{"server":"dn721309.ca.archive.org","dir":"/0/items/02.-eternal-colors"}]},"created":1767564694,"d1":"ia600102.us.archive.org","d2":"ia800102.us.archive.org","dir":"/27/items/02.-eternal-colors","files":[{"name":"01. THE SCENT.mp3","source":"original","mtime":"1749566836","size":"4381397","md5":"356ea56f54a2d2d5baf320686e7ff551","crc32":"c42b612e","sha1":"979422e9e415c62bc27c6c8d28c6a1e2014a8604","format":"VBR MP3","length":"273.19","title":"THE SCENT","creator":"La'cryma Christi","album":"THE SCENT -Single-","track":"1","artist":"La'cryma Christi","genre":"J-Rock","comment":"http://jp-rock.blogspot.com/"},{"name":"01. THE SCENT.png","source":"derivative","format":"PNG","original":"01. THE SCENT.mp3","mtime":"1749566967","size":"37766","md5":"f63a679dbb3e0d12801057b6dcdccff3","crc32":"d75ec038","sha1":"59c39bba7020bce1d5ac313ac4a37c270565b173"},{"name":"01. THE SCENT_spectrogram.png","source":"derivative","format":"Spectrogram","original":"01. THE SCENT.mp3","mtime":"1749567017","size":"305195","md5":"d24bcfedbf6d2a303201315e40888996","crc32":"0b25e4b7","sha1":"a65ad5a5a98a2715d87ad20230c9714caad9d0df"},{"name":"02. Eternal Colors.mp3","source":"original","mtime":"1749566853","size":"4450007","md5":"619a0b8ba83727a1790442886387c8e1","crc32":"a9ee13b6","sha1":"4f21960b2cad3c136d4c817a63563cfe065590b0","format":"VBR MP3","length":"277.97","title":"Eternal Colors","creator":"La'cryma Christi","album":"THE SCENT -Single-","track":"2","artist":"La'cryma Christi","genre":"J-Rock","comment":"http://jp-rock.blogspot.com/"},{"name":"02. Eternal Colors.png","source":"derivative","format":"PNG","original":"02. Eternal Colors.mp3","mtime":"1749566998","size":"40093","md5":"050e5849d00eab029ed75c27b40b692c","crc32":"776b3baf","sha1":"5367c45554ca76b2206ae129a8489a24975e9b32"},{"name":"02. Eternal Colors_spectrogram.png","source":"derivative","format":"Spectrogram","original":"02. Eternal Colors.mp3","mtime":"1749567037","size":"327627","md5":"787db7e29b607ac510eb7b93f9133df7","crc32":"f525cf79","sha1":"7674d44b1011b1332140e8cfa1eeb421ef4d3277"},{"name":"02.-eternal-colors_archive.torrent","source":"metadata","btih":"cc67e56436f0466a8759d8761cbe43a8d10e2b95","mtime":"1757864706","size":"3466","md5":"d92e9fca7eb4eaa3144917c24e0806a0","crc32":"3fc01f5b","sha1":"dcafefe1d1389325f7a89ee023c0bcb33b52da51","format":"Archive BitTorrent"},{"name":"02.-eternal-colors_files.xml","source":"original","format":"Metadata","md5":"6b8b2ab70169454cb0c57c9517f24b87","summation":"md5"},{"name":"02.-eternal-colors_meta.sqlite","source":"original","mtime":"1749566867","size":"32768","md5":"b72d3dff094c117f88116ad0c694d5a8","crc32":"13fd6ade","sha1":"60e26be92d9fb15319c4819cf0d4ba8063e25787","format":"Metadata"},{"name":"02.-eternal-colors_meta.xml","source":"original","mtime":"1757864705","size":"1517","md5":"225f8f6ac1c98c6f2c2ab4c9435f17e2","crc32":"f902ece6","sha1":"d4151c5328925a2b55bf7577fafe35985b8fe403","format":"Metadata"},{"name":"__ia_thumb.jpg","source":"original","mtime":"1749566903","size":"17319","md5":"38591d5518a1f01d1a8165b6fb4ec242","crc32":"3a219baf","sha1":"7381879380ba247b0c5aaebee14aba5d97ccfb1e","format":"Item Tile"},{"name":"images.jpg","source":"original","mtime":"1749566857","size":"6950","md5":"a53145f3b7cb52e603f4afad6ffa5620","crc32":"380c888c","sha1":"857af110fed303fe80189dfb5f266ee5782f35aa","format":"JPEG"},{"name":"images_thumb.jpg","source":"derivative","format":"JPEG Thumb","original":"images.jpg","mtime":"1749566946","size":"6453","md5":"00204e4907cfab6c861c9e04f21e5667","crc32":"966032f1","sha1":"1945f38e527020a0ea9a2a3115cd015156a076b0"}],"files_count":13,"item_last_updated":1757864706,"item_size":9610558,"metadata":{"identifier":"02.-eternal-colors","mediatype":"audio","collection":["folksoundomy_japaneserock","folksoundomy"],"creator":"La'cryma Christi","date":"1997-07-30","description":"<div>01. THE SCENT</div><div>02. Eternal Colors</div><div><br /></div><div>Cuarto single.</div><div><br /></div><div>https://vk.gy/artists/la-cryma-christi/</div><div><br /></div><div>http://jp-rock.blogspot.com/</div>","language":"jpn","scanner":"Internet Archive HTML5 Uploader 1.7.0","subject":["visual kei","vkei","visual rock","vrock","rock","japanese rock","jrock","j-rock","La'cryma Christi","shiro kei","soft visual","glam","jazz","pop"],"title":"La'cryma Christi - THE SCENT","uploader":"denjinhal@mail.ru","publicdate":"2025-06-10 14:47:32","addeddate":"2025-06-10 14:47:32","curation":"[curator]validator@archive.org[/curator][date]20250610144845[/date][comment]checked for malware[/comment]","collection_added":"folksoundomy"},"server":"ia800102.us.archive.org","uniq":906117476,"workable_servers":["ia800102.us.archive.org","ia600102.us.archive.org"]}