{"alternate_locations":{"servers":[{"server":"dn721506.ca.archive.org","dir":"/0/items/02.-sepia"}],"workable":[{"server":"dn721506.ca.archive.org","dir":"/0/items/02.-sepia"}]},"created":1767564726,"d1":"ia600303.us.archive.org","d2":"ia800303.us.archive.org","dir":"/19/items/02.-sepia","files":[{"name":"01. kimi ga ita kara.mp3","source":"original","mtime":"1746725248","size":"9981607","md5":"a07574c85ef6161e4d852e2da74d8d11","crc32":"b8594786","sha1":"781b8ea9db85d45f373b2c8e89e76107cd9fd951","format":"VBR MP3","length":"248.79","title":"君がいたから","creator":"the FIELD OF VIEW","album":"君がいたから -Single-","track":"1","artist":"the FIELD OF VIEW","genre":"JPop","comment":"http://jp-rock.blogspot.com/"},{"name":"01. kimi ga ita kara.png","source":"derivative","format":"PNG","original":"01. kimi ga ita kara.mp3","mtime":"1746726318","size":"38568","md5":"1f8cbe22406464eb81b82d7638ae0111","crc32":"0e502394","sha1":"4cee94e597ea746667e54dd917360fca2f604d52"},{"name":"01. kimi ga ita kara_spectrogram.png","source":"derivative","format":"Spectrogram","original":"01. kimi ga ita kara.mp3","mtime":"1746726868","size":"307850","md5":"10b76708e6cf450035b1647c992d5148","crc32":"f4fb67ea","sha1":"bb59b6bbe12f2d07a2c89ac7993869c402919a74"},{"name":"02. Sepia.mp3","source":"original","mtime":"1746725541","size":"10217748","md5":"644d366e3811cba26be6d0cc7311726a","crc32":"3235dad2","sha1":"48ce1fb801683721072edfa0c4bb4df1d796d2e5","format":"VBR MP3","length":"254.69","title":"セピア","creator":"the FIELD OF VIEW","album":"君がいたから -Single-","track":"2","artist":"the FIELD OF VIEW","genre":"JPop","comment":"http://jp-rock.blogspot.com/"},{"name":"02. Sepia.png","source":"derivative","format":"PNG","original":"02. Sepia.mp3","mtime":"1746726515","size":"41253","md5":"a71ff8a1f0a2cb073e0dbd9b93e6002f","crc32":"6832858d","sha1":"78bb626e737ff32b35b51ef9cbdb8e030f8b8cf5"},{"name":"02. Sepia_spectrogram.png","source":"derivative","format":"Spectrogram","original":"02. Sepia.mp3","mtime":"1746727149","size":"313754","md5":"4a320778f0d7c621360c439cef0d2546","crc32":"ac22ed3f","sha1":"4566836bff74294dc43582be849c5774195ca29a"},{"name":"02.-sepia_archive.torrent","source":"metadata","btih":"a6d6568af8f3e21d6a4cb34b23c6ffa9ed77d1b7","mtime":"1757864970","size":"4802","md5":"549760ec89ad483249c81693d61e3c28","crc32":"497a5960","sha1":"7c97b1a575c495a6990e8be738ec603210653c7e","format":"Archive BitTorrent"},{"name":"02.-sepia_files.xml","source":"original","format":"Metadata","md5":"c55a9c23f1407d5ce1b691c326eb72c7","summation":"md5"},{"name":"02.-sepia_meta.sqlite","source":"original","mtime":"1746725819","size":"36864","md5":"6ffd0e27e9911b4fba6dfb093b4a8911","crc32":"38ce3dae","sha1":"6e01fdcfef49c2d2838865d0ba96b6115b519561","format":"Metadata"},{"name":"02.-sepia_meta.xml","source":"original","mtime":"1757864969","size":"1602","md5":"31e0422f9a324fad93e5b054dd713ce5","crc32":"d0c87b7b","sha1":"723a8180ba9fa78195adb41f04f5b05a982474ae","format":"Metadata"},{"name":"03. kimi ga ita kara (Original Karaoke).mp3","source":"original","mtime":"1746725812","size":"9994144","md5":"5f342e5ec16cb15ee59dd761861dc702","crc32":"aa453dae","sha1":"cc3f5a301301fe5e6fac5c90d0fffb10908c2cb1","format":"VBR MP3","length":"249.1","title":"君がいたから(オリジナル・カラオケ)","creator":"the FIELD OF VIEW","album":"君がいたから -Single-","track":"3","artist":"the FIELD OF VIEW","genre":"JPop","comment":"http://jp-rock.blogspot.com/"},{"name":"03. kimi ga ita kara (Original Karaoke).png","source":"derivative","format":"PNG","original":"03. kimi ga ita kara (Original Karaoke).mp3","mtime":"1746726660","size":"38888","md5":"7b35def2bf5f88028e39de5b7f07ca65","crc32":"d0ba3de6","sha1":"d569111b5b8c0466b2fc27900a67ac212f9f3692"},{"name":"03. kimi ga ita kara (Original Karaoke)_spectrogram.png","source":"derivative","format":"Spectrogram","original":"03. kimi ga ita kara (Original Karaoke).mp3","mtime":"1746727207","size":"324968","md5":"9c5f0b1d1a7477ef4c107142e65a9aba","crc32":"e5d1669a","sha1":"9ea4a1bba1e6d85c17e1478d6a136a6c34a647e7"},{"name":"__ia_thumb.jpg","source":"original","mtime":"1746725853","size":"6082","md5":"eb2756ac629d724bc6cc91744807172e","crc32":"4a59d42a","sha1":"1fb72d18426c63bb625093826b8293188df48d06","format":"Item Tile"},{"name":"cover.jpg","source":"original","mtime":"1746725816","size":"33126","md5":"abebfffb8da7f3a34a56d18d0b51e4c1","crc32":"66efd599","sha1":"52ed0c7b423e28662a26b31edcbf9f3e42e93534","format":"JPEG"},{"name":"cover_thumb.jpg","source":"derivative","format":"JPEG Thumb","original":"cover.jpg","mtime":"1746726053","size":"6816","md5":"d4b6d3eee101601fd8a4c6205c18f380","crc32":"dae619bc","sha1":"87320151e30328dd43808629adecd5efc72f953d"}],"files_count":16,"item_last_updated":1757864970,"item_size":31348072,"metadata":{"identifier":"02.-sepia","mediatype":"audio","collection":["folksoundomy_japaneserock","folksoundomy"],"creator":"the FIELD OF VIEW","date":"1995-05-15","description":"<div>01. kimi ga ita kara</div><div>02. Sepia</div><div>03. kimi ga ita kara (Original Karaoke)</div><div><br /></div><div>Tercer single de FIELD OF VIEW.</div><div><br /></div><div>https://vk.gy/artists/field-of-view/</div><div><br /></div><div>http://jp-rock.blogspot.com/</div><div><br /></div><div>http://jp-rock-lyrics.blogspot.com.ar/</div>","language":"jpn","scanner":"Internet Archive HTML5 Uploader 1.7.0","subject":["rock","japanese rock","jrock","j-rock","the FIELD OF VIEW","FIELD OF VIEW","pop rock","j-pop","japanese pop","jpop"],"title":"the FIELD OF VIEW - kimi ga ita kara (君がいたから)","uploader":"denjinhal@mail.ru","publicdate":"2025-05-08 17:27:46","addeddate":"2025-05-08 17:27:46","curation":"[curator]validator@archive.org[/curator][date]20250508172840[/date][comment]checked for malware[/comment]","collection_added":"folksoundomy"},"server":"ia800303.us.archive.org","uniq":50508882,"workable_servers":["ia800303.us.archive.org","ia600303.us.archive.org"]}