{"created":1767564719,"d1":"ia601505.us.archive.org","d2":"ia801505.us.archive.org","dir":"/14/items/02.-pureness-natural-edit","files":[{"name":"01. PURENESS (Radio Edit).mp3","source":"original","mtime":"1750703128","size":"13180428","md5":"0e80d081d5ebea032d88ba3aba2c6203","crc32":"bc935d54","sha1":"f9a3e122130d75aba7f1324b211392b39ac71d77","format":"VBR MP3","length":"329.43","title":"PURENESS (Radio Edit)","creator":"SHAZNA","album":"PURENESS -Single-","track":"1","artist":"SHAZNA","genre":"Visual-kei","comment":"http://jp-rock.blogspot.com/"},{"name":"01. PURENESS (Radio Edit).png","source":"derivative","format":"PNG","original":"01. PURENESS (Radio Edit).mp3","mtime":"1750708010","size":"38361","md5":"99a0d2489bf6f37414e7987524ba2514","crc32":"a43993a2","sha1":"b59f7705812d29951e5dda018ecef2cd49358477"},{"name":"01. PURENESS (Radio Edit)_spectrogram.png","source":"derivative","format":"Spectrogram","original":"01. PURENESS (Radio Edit).mp3","mtime":"1750709553","size":"300223","md5":"91839360e9746fd1bc117cbdfaba240a","crc32":"4da29a0e","sha1":"ebb060a1adb27a4778bcbb8846fb19235f210382"},{"name":"01.jpg","source":"original","mtime":"1750703151","size":"285649","md5":"5304d559ec499b4ec4819432ba4d33a4","crc32":"ee31fc68","sha1":"94f1476a2d326cb321c77990fcdfb1121b8acfa9","format":"JPEG"},{"name":"01_thumb.jpg","source":"derivative","format":"JPEG Thumb","original":"01.jpg","mtime":"1750707215","size":"7602","md5":"2a07aee1a75f65af6bf71842990c0ab2","crc32":"b721d0fd","sha1":"29aefd58d0468880bb8aca135c5a5639e2baaab4"},{"name":"02. PURENESS (Natural Edit).mp3","source":"original","mtime":"1750703159","size":"13538828","md5":"732fb31563be86a98cb3ed5f768013ce","crc32":"3435ff60","sha1":"13b70291793555a61d2762da64d0f4f0978c0bbf","format":"VBR MP3","length":"338.39","title":"PURENESS (Natural Edit)","creator":"SHAZNA","album":"PURENESS -Single-","track":"2","artist":"SHAZNA","genre":"Visual-kei","comment":"http://jp-rock.blogspot.com/"},{"name":"02. PURENESS (Natural Edit).png","source":"derivative","format":"PNG","original":"02. PURENESS (Natural Edit).mp3","mtime":"1750708538","size":"37837","md5":"ffbc9e35427fd517f7e7b48f4763580a","crc32":"8da6c159","sha1":"1a7fa8ec5b9617afb79223ac8d13aac45b845e16"},{"name":"02. PURENESS (Natural Edit)_spectrogram.png","source":"derivative","format":"Spectrogram","original":"02. PURENESS (Natural Edit).mp3","mtime":"1750710538","size":"292519","md5":"163428f76f72aa852bd2e3d35933f352","crc32":"1dc0ff7e","sha1":"825007bb51b4e26898e78f4fee3bfdb6c0c93d53"},{"name":"02.-pureness-natural-edit_archive.torrent","source":"metadata","btih":"a09909084742f7064323a559109570dd42822b56","mtime":"1757864926","size":"7654","md5":"964c861d5f634de1afd0b1c9191c7d5e","crc32":"f5822142","sha1":"114f6aa480b8e34bbf4d1a87cd3b42006b2ba5a4","format":"Archive BitTorrent"},{"name":"02.-pureness-natural-edit_files.xml","source":"original","format":"Metadata","md5":"b8213417a314a627dfaec6df02b4afae","summation":"md5"},{"name":"02.-pureness-natural-edit_meta.sqlite","source":"original","mtime":"1750703198","size":"65536","md5":"959c477e69318e3ffceb582d03124106","crc32":"16becab9","sha1":"547424ff7aa90dffb7575911cb74a6d7694ba284","format":"Metadata"},{"name":"02.-pureness-natural-edit_meta.xml","source":"original","mtime":"1757864925","size":"1520","md5":"db700bfca39bf9676d2a046ac29c0cf1","crc32":"0f6143ca","sha1":"cdb3fed8eecfc0f5c3da3c002a59a3897bf5b2ef","format":"Metadata"},{"name":"02.jpg","source":"original","mtime":"1750703163","size":"87228","md5":"1746fd2ec7acece014adcb9e58533a10","crc32":"d945ebb6","sha1":"c8dc2d600929e7fa8f2ce6f003d45683bd60508c","format":"JPEG"},{"name":"02_thumb.jpg","source":"derivative","format":"JPEG Thumb","original":"02.jpg","mtime":"1750707221","size":"9470","md5":"f7cc6fec9086f7b8dc3b385d5e9a30de","crc32":"7939cfae","sha1":"b425278aa66b1576c40729c8ea02f2c69143d9aa"},{"name":"03. PURENESS (Non Vocal Edit).mp3","source":"original","mtime":"1750703175","size":"13134452","md5":"70cd010fe9099cf7b602094765c53fa5","crc32":"cd4b48fa","sha1":"abd662c73adf6e91607b8c735cd07fadbe1afe83","format":"VBR MP3","length":"328.28","title":"PURENESS (Non Vocal Edit)","creator":"SHAZNA","album":"PURENESS -Single-","track":"3","artist":"SHAZNA","genre":"Visual-kei","comment":"http://jp-rock.blogspot.com/"},{"name":"03. PURENESS (Non Vocal Edit).png","source":"derivative","format":"PNG","original":"03. PURENESS (Non Vocal Edit).mp3","mtime":"1750709284","size":"37444","md5":"d09da1198c11ec2a9a7657e43d6e3017","crc32":"872e0325","sha1":"0fd284c73ab14bb23edcaba0458e7857467f9ecf"},{"name":"03. PURENESS (Non Vocal Edit)_spectrogram.png","source":"derivative","format":"Spectrogram","original":"03. PURENESS (Non Vocal Edit).mp3","mtime":"1750711685","size":"300629","md5":"c00e377df17f1e85e37382433dd1e99d","crc32":"60562d41","sha1":"a4abc421727033f3d04e1f16ce6357cb8124f40d"},{"name":"03.jpg","source":"original","mtime":"1750703178","size":"45961","md5":"eab3379dac482f732348b27d113d7172","crc32":"55285888","sha1":"799b6fa84e3095d90a19b61560c7b326f5747d3f","format":"JPEG"},{"name":"03_thumb.jpg","source":"derivative","format":"JPEG Thumb","original":"03.jpg","mtime":"1750707230","size":"6686","md5":"f6bf662a7f87fe3e675fc771a7d0f9b8","crc32":"b932671c","sha1":"2cf52f5c0d151a3413529432b6c3e6964d17d66d"},{"name":"04.jpg","source":"original","mtime":"1750703182","size":"86718","md5":"70fb7b8d8c58a3b6028d2e2debc5ca31","crc32":"898fdbd4","sha1":"36f297c0c4a605d218cdfe0360b961ab1911b962","format":"JPEG"},{"name":"04_thumb.jpg","source":"derivative","format":"JPEG Thumb","original":"04.jpg","mtime":"1750707241","size":"8306","md5":"2de5701a3708c0704a3d684d349f9ae4","crc32":"bbd84910","sha1":"3d40b0eedc263e26e6911ab750607e60c8288426"},{"name":"05.jpg","source":"original","mtime":"1750703185","size":"84608","md5":"751512379fce6cda4d7d60728e652aec","crc32":"a164a6e0","sha1":"899ae8845f8ad305e2ba5af7a2790345d6278ae3","format":"JPEG"},{"name":"05_thumb.jpg","source":"derivative","format":"JPEG Thumb","original":"05.jpg","mtime":"1750707253","size":"8488","md5":"94e58747ca1de6b8c1ea998f9415ee12","crc32":"f5c586cd","sha1":"16a04ee81dccc9b339a8a488ee1e86b3841d1129"},{"name":"06.jpg","source":"original","mtime":"1750703188","size":"93397","md5":"918d08d5616a8985bf4fee6f6e1c1b3b","crc32":"adc0f8b2","sha1":"85398225b719ccc4e8b9e460609274f4bf305558","format":"JPEG"},{"name":"06_thumb.jpg","source":"derivative","format":"JPEG Thumb","original":"06.jpg","mtime":"1750707261","size":"9962","md5":"cab343d41c0ed3cfcabdb3fde56a66ef","crc32":"2d995d97","sha1":"67aa5bb30550581c7d00efda48028dceb306200b"},{"name":"07.jpg","source":"original","mtime":"1750703192","size":"96064","md5":"6cad0328512163c43b8481aaef81c503","crc32":"5b358277","sha1":"3f751c381d54f0c9cb40104116db775c40340b95","format":"JPEG"},{"name":"07_thumb.jpg","source":"derivative","format":"JPEG Thumb","original":"07.jpg","mtime":"1750707273","size":"10265","md5":"2bc19919ced2df031a7079d582161a1d","crc32":"35195d53","sha1":"d4e542915b66790a58cd8a5fd983f520e2155860"},{"name":"08.jpg","source":"original","mtime":"1750703195","size":"67499","md5":"d1315a903c0b0588b8140758b5f26be6","crc32":"8cccd7ea","sha1":"32739b9132a8c77a14754ea39382583da643c1d8","format":"JPEG"},{"name":"08_thumb.jpg","source":"derivative","format":"JPEG Thumb","original":"08.jpg","mtime":"1750707282","size":"8018","md5":"29850eaff72d61b1a75266adde117879","crc32":"d29f3734","sha1":"a46f1f7f9d9f0fb665db0bd42794baf0c4cb24c4"},{"name":"__ia_thumb.jpg","source":"original","mtime":"1750703235","size":"37112","md5":"361000ad77581d6bb66f0258d875bf1b","crc32":"b0292160","sha1":"b92312a9bf40bf223987c264ac6218bb6d921379","format":"Item Tile"}],"files_count":30,"item_last_updated":1757864926,"item_size":41888464,"metadata":{"identifier":"02.-pureness-natural-edit","mediatype":"audio","collection":["folksoundomy_japaneserock","folksoundomy"],"creator":"SHAZNA","date":"1998-04-22","description":"<div>01. PURENESS</div><div>02. PURENESS (Natural Edit)</div><div>03. PURENESS (Non Vocal Version)</div><div><br /></div><div>https://vk.gy/artists/shazna/</div><div><br /></div><div>http://jp-rock.blogspot.com/</div><div><br /></div><div>http://jp-rock-lyrics.blogspot.com.ar/</div>","language":"jpn","scanner":"Internet Archive HTML5 Uploader 1.7.0","subject":["visual kei","vkei","visual rock","vrock","rock","japanese rock","jrock","j-rock","SHAZNA","okeshou kei","soft visual","pop"],"title":"SHAZNA - PURENESS","uploader":"denjinhal@mail.ru","publicdate":"2025-06-23 18:25:53","addeddate":"2025-06-23 18:25:53","curation":"[curator]validator@archive.org[/curator][date]20250623182735[/date][comment]checked for malware[/comment]","collection_added":"folksoundomy"},"server":"ia801505.us.archive.org","uniq":1723504944,"workable_servers":["ia801505.us.archive.org","ia601505.us.archive.org"]}