{"created":1767564736,"d1":"ia600304.us.archive.org","d2":"ia800304.us.archive.org","dir":"/31/items/02.-voice","files":[{"name":"01. SWEET HEART MEMORY.mp3","source":"original","mtime":"1750702587","size":"11664281","md5":"116cc085b149e27d1b4b50e8b950f04e","crc32":"574ee930","sha1":"58675606ac83e5bfa93bacbab02b4d5681909a40","format":"VBR MP3","length":"291.53","title":"SWEET HEART MEMORY","creator":"SHAZNA","album":"SWEET HEART MEMORY -Single-","track":"1","artist":"SHAZNA","genre":"J-Rock","comment":"http://jp-rock.blogspot.com/"},{"name":"01. SWEET HEART MEMORY.png","source":"derivative","format":"PNG","original":"01. SWEET HEART MEMORY.mp3","mtime":"1750704767","size":"43358","md5":"a31ed6ba5c47318df97ac5b8b5a9356a","crc32":"975e53f8","sha1":"c47256c80dbbb2f4dfd1af5f5642daf1950922e5"},{"name":"01. SWEET HEART MEMORY_spectrogram.png","source":"derivative","format":"Spectrogram","original":"01. SWEET HEART MEMORY.mp3","mtime":"1750705082","size":"307089","md5":"8d746bb928b4aca08c326f9ff48f9358","crc32":"c904537c","sha1":"17dd1881f5fd1f353687ee78c13fae1350bfb76a"},{"name":"02. VOICE.mp3","source":"original","mtime":"1750702655","size":"15362175","md5":"498accdd8abd293612fda1f73c254491","crc32":"d0c11794","sha1":"e59e724779f783c6c082956c74c4ba80222c3335","format":"VBR MP3","length":"383.97","title":"VOICE","creator":"SHAZNA","album":"SWEET HEART MEMORY -Single-","track":"2","artist":"SHAZNA","genre":"J-Rock","comment":"http://jp-rock.blogspot.com/"},{"name":"02. VOICE.png","source":"derivative","format":"PNG","original":"02. VOICE.mp3","mtime":"1750704859","size":"40526","md5":"04e589d25894c74877fe8ad1865a0f17","crc32":"3ed9fc9e","sha1":"47d2c46285ff6bf3c8fd24c1be4d293758c85edc"},{"name":"02. VOICE_spectrogram.png","source":"derivative","format":"Spectrogram","original":"02. VOICE.mp3","mtime":"1750705137","size":"315656","md5":"071086dda28cfcdbb897d89a96a2c971","crc32":"45af3207","sha1":"454641c33ec14ce392b1bbba63d16a9624b766cb"},{"name":"02.-voice_archive.torrent","source":"metadata","btih":"c30b959dd8a9685154acbf2916f238dd398847b5","mtime":"1757865058","size":"6317","md5":"0bd2e46d1a618dfee4d0808e35d11b25","crc32":"abf08200","sha1":"594b67b6f43e7deaad9b5bcbc612b5cf7563670a","format":"Archive BitTorrent"},{"name":"02.-voice_files.xml","source":"original","format":"Metadata","md5":"f749ea85ae6c8528aa352ec8e8229348","summation":"md5"},{"name":"02.-voice_meta.sqlite","source":"original","mtime":"1750702688","size":"40960","md5":"c8a6b2a7d04ab240c937b8f7d4dab8f2","crc32":"5e4dc129","sha1":"9c72015a331aca24dce4049587fd9eacfd1ee2dc","format":"Metadata"},{"name":"02.-voice_meta.xml","source":"original","mtime":"1757865057","size":"1568","md5":"b34ecf8e5a1743ae747d691e186aec57","crc32":"54f7631a","sha1":"118732736e9f988ef9623f15a004405ec01b102b","format":"Metadata"},{"name":"03. SWEET HEART MEMORY (Non Vocal Version).mp3","source":"original","mtime":"1750702662","size":"11639203","md5":"18f37ff15a8ccd789768cfa6395f71c0","crc32":"4ba94aed","sha1":"fcf0bc387c6bba5751265e3b5a0047b6c448f573","format":"VBR MP3","length":"290.9","title":"SWEET HEART MEMORY (Non Vocal Version)","creator":"SHAZNA","album":"SWEET HEART MEMORY -Single-","track":"3","artist":"SHAZNA","genre":"J-Rock","comment":"http://jp-rock.blogspot.com/"},{"name":"03. SWEET HEART MEMORY (Non Vocal Version).png","source":"derivative","format":"PNG","original":"03. SWEET HEART MEMORY (Non Vocal Version).mp3","mtime":"1750704908","size":"43549","md5":"b31141d40d050628ff5ea94f652c7ad4","crc32":"c6c5542f","sha1":"1fd872a43bc6bbf6a1cbd96440dfd31e9cfdb1c3"},{"name":"03. SWEET HEART MEMORY (Non Vocal Version)_spectrogram.png","source":"derivative","format":"Spectrogram","original":"03. SWEET HEART MEMORY (Non Vocal Version).mp3","mtime":"1750705162","size":"304717","md5":"a9256bb816e51949bdc5c1c298769c15","crc32":"d7854b1d","sha1":"462ddfcf0ebb9378df9822ad28fe2e94960c6fc2"},{"name":"04. VOICE (Non Vocal Version).mp3","source":"original","mtime":"1750702679","size":"15214844","md5":"93939cc5cef75091f8eff04009efea6c","crc32":"571398b9","sha1":"fee79f5057cb40f12750c463e685f15d78cf3596","format":"VBR MP3","length":"380.29","title":"VOICE (Non Vocal Version)","creator":"SHAZNA","album":"SWEET HEART MEMORY -Single-","track":"4","artist":"SHAZNA","genre":"J-Rock","comment":"http://jp-rock.blogspot.com/"},{"name":"04. VOICE (Non Vocal Version).png","source":"derivative","format":"PNG","original":"04. VOICE (Non Vocal Version).mp3","mtime":"1750705050","size":"38972","md5":"b5be65ede669f2f3cceb8acf07f907d1","crc32":"b4246b3e","sha1":"4d4c08cdeac11b497dbcccb700b9a33b70c099b1"},{"name":"04. VOICE (Non Vocal Version)_spectrogram.png","source":"derivative","format":"Spectrogram","original":"04. VOICE (Non Vocal Version).mp3","mtime":"1750705201","size":"314305","md5":"b391b876d28deba5fe6a83c907140280","crc32":"bfdbff11","sha1":"0184efee21f0cc9185d4210d77490bb49aeff7fb"},{"name":"__ia_thumb.jpg","source":"original","mtime":"1750702723","size":"25966","md5":"2a466717ca9beaa76f84ead63b79746d","crc32":"d8675bc5","sha1":"48cae84afa79ce839701a2709d30ed146677542b","format":"Item Tile"},{"name":"cover.jpg","source":"original","mtime":"1750702683","size":"68772","md5":"4ee74eeb949cde2d9c86d4696df6bbc6","crc32":"13b03f87","sha1":"0cd16869e26feb4ceffc83122efdcdc4602c8e21","format":"JPEG"},{"name":"cover_thumb.jpg","source":"derivative","format":"JPEG Thumb","original":"cover.jpg","mtime":"1750704696","size":"7711","md5":"bbb80d9b0df92a970c328e700a70c6e0","crc32":"f1ad7be5","sha1":"c409042b95a2afaea0b3d6f0646c7c280fb655e1"}],"files_count":19,"item_last_updated":1757865058,"item_size":55439969,"metadata":{"identifier":"02.-voice","mediatype":"audio","collection":["folksoundomy_japaneserock","folksoundomy"],"creator":"SHAZNA","date":"1998-01-07","description":"<div>01. SWEET HEART MEMORY</div><div>02. VOICE</div><div>03. SWEET HEART MEMORY (Non Vocal Version)</div><div>04. VOICE (Non Vocal Version)</div><div><br /></div><div>https://vk.gy/artists/shazna/</div><div><br /></div><div>http://jp-rock.blogspot.com/</div><div><br /></div><div>http://jp-rock-lyrics.blogspot.com.ar/</div>","language":"jpn","scanner":"Internet Archive HTML5 Uploader 1.7.0","subject":["visual kei","vkei","visual rock","vrock","rock","japanese rock","jrock","j-rock","SHAZNA","okeshou kei","soft visual","pop"],"title":"SHAZNA - SWEET HEART MEMORY","uploader":"denjinhal@mail.ru","publicdate":"2025-06-23 18:16:49","addeddate":"2025-06-23 18:16:49","curation":"[curator]validator@archive.org[/curator][date]20250623181744[/date][comment]checked for malware[/comment]","collection_added":"folksoundomy"},"server":"ia800304.us.archive.org","uniq":972251685,"workable_servers":["ia800304.us.archive.org","ia600304.us.archive.org"]}