{"alternate_locations":{"servers":[{"server":"dn720301.ca.archive.org","dir":"/0/items/02_20220222_20220222_1049"}],"workable":[{"server":"dn720301.ca.archive.org","dir":"/0/items/02_20220222_20220222_1049"}]},"created":1767564742,"d1":"ia600407.us.archive.org","d2":"ia800407.us.archive.org","dir":"/28/items/02_20220222_20220222_1049","files":[{"name":"01 恋のミラクル サマー.flac","source":"derivative","format":"Flac","original":"01 恋のミラクル サマー.wav","mtime":"1645527172","size":"32130098","md5":"cd42d9cee54e87256d8fed7b532650dd","crc32":"09d98cd0","sha1":"2807ae393efc9bb3b5c1eb5040aeb5e0a00603ed","length":"255.13"},{"name":"01 恋のミラクル サマー.mp3","source":"derivative","creator":"????","title":"?????? ???","genre":"Indie / Alternative","bitrate":"185","format":"VBR MP3","original":"01 恋のミラクル サマー.wav","mtime":"1645527134","size":"5904947","md5":"6828d171c1f52d34d0651c1e28864856","crc32":"1487f5ae","sha1":"6c65be7391fb458cdf5fb9ecb3352e0fdcb8c038","length":"255.17"},{"name":"01 恋のミラクル サマー.png","source":"derivative","format":"PNG","original":"01 恋のミラクル サマー.wav","mtime":"1645527205","size":"39520","md5":"b3a101f65f08b27be5f287fab254872e","crc32":"1fb33baf","sha1":"4f3b3d5e4ee520942bb1d9f3389436021e155fab"},{"name":"01 恋のミラクル サマー.wav","source":"original","mtime":"1645527040","size":"45005694","md5":"924faba3a6b1fa6b68898c8d4b29ae8c","crc32":"4dda66a2","sha1":"77b83c8ef4aba82d907d8145dcddb3993cbd9155","format":"WAVE","length":"255.13","track":"01","title":"?????? ???","artist":"????","genre":"Indie / Alternative"},{"name":"01 恋のミラクル サマー_spectrogram.png","source":"derivative","format":"Spectrogram","original":"01 恋のミラクル サマー.wav","mtime":"1645527233","size":"299913","md5":"dbd53b894ddbfbd19c1a3149df3fe43b","crc32":"4228a501","sha1":"e935320a5125f933b39a4885e7a8ec8d9ee8ff50"},{"name":"02 フローラ.flac","source":"derivative","format":"Flac","original":"02 フローラ.wav","mtime":"1645527184","size":"43504819","md5":"474aa5a7254c39cfd93caceba6dbf68e","crc32":"9184dbb5","sha1":"951285f695efc74cfe01dfb41e58061d291d3c3e","length":"376.81"},{"name":"02 フローラ.mp3","source":"derivative","creator":"????","title":"????","genre":"Indie / Alternative","bitrate":"195","format":"VBR MP3","original":"02 フローラ.wav","mtime":"1645527160","size":"9197295","md5":"4ef35bf81570de3301d5561fcda99c31","crc32":"0cd43906","sha1":"6885f131ac179b925379a25eeb3ba4a4df26852d","length":"376.84"},{"name":"02 フローラ.png","source":"derivative","format":"PNG","original":"02 フローラ.wav","mtime":"1645527223","size":"40322","md5":"c71791a5abf656ae44625d7966215e46","crc32":"1c984d62","sha1":"6566114398b74efc6285ff33bb9c0288347fa7f7"},{"name":"02 フローラ.wav","source":"original","mtime":"1645527096","size":"66470040","md5":"3aecc99c5d7f5617e1c199008024e2df","crc32":"87da789e","sha1":"d1fd619a10cef2a6f055bd9cbe42013b407822c1","format":"WAVE","length":"376.81","track":"02","title":"????","artist":"????","genre":"Indie / Alternative"},{"name":"02 フローラ_spectrogram.png","source":"derivative","format":"Spectrogram","original":"02 フローラ.wav","mtime":"1645527244","size":"326365","md5":"694ad5bfacbe6494581ab645e764cf22","crc32":"8deebc83","sha1":"6712bd0c4f661bd318fecfef57025e227bb49780"},{"name":"02_20220222_20220222_1049_archive.torrent","source":"metadata","btih":"53faa589c45122e1dcc9a7b1c168f89aeff74bc3","mtime":"1645527258","size":"10066","md5":"dd68f04033901482eda61a935774b8e8","crc32":"ff7da03c","sha1":"ca986d5fddccbf6259a5a92bf29f06ec57330da1","format":"Archive BitTorrent"},{"name":"02_20220222_20220222_1049_files.xml","source":"original","format":"Metadata","md5":"262ee08062161deccf413b1f52716b9c","summation":"md5"},{"name":"02_20220222_20220222_1049_meta.sqlite","source":"original","mtime":"1645527107","size":"20480","md5":"42cb4efce4f65f13203e26847ef7dc44","crc32":"8758c484","sha1":"b927c4d0ce5dd1c8d8f01f1c2fcd3f18db0581f5","format":"Metadata"},{"name":"02_20220222_20220222_1049_meta.xml","source":"original","mtime":"1645527251","size":"780","md5":"8ef442412cd3593b99a256a592a4b5c5","crc32":"7d7ee811","sha1":"62f13ddf20379790703912c3502bc46bb22adea0","format":"Metadata"},{"name":"__ia_thumb.jpg","source":"original","mtime":"1645527256","size":"3251","md5":"a18797844b42847d85cc4b1e5e1c2eaa","crc32":"b35a9358","sha1":"9cbd2e8d5508e33caff9f494fa39e3136ce2a0da","format":"Item Tile","rotation":"0"}],"files_count":15,"item_last_updated":1645527258,"item_size":202953590,"metadata":{"identifier":"02_20220222_20220222_1049","mediatype":"audio","collection":["opensource_audio","community"],"creator":"すかんち","date":"1992-06-21","description":"J-pop","language":"jpn","scanner":"Internet Archive HTML5 Uploader 1.6.4","subject":["music","Japanese pop"],"title":"恋のミラクル サマー","uploader":"shockfleet@gmail.com","publicdate":"2022-02-22 10:51:09","addeddate":"2022-02-22 10:51:09","curation":"[curator]validator@archive.org[/curator][date]20220222105130[/date][comment]checked for malware[/comment]"},"server":"ia600407.us.archive.org","uniq":364438254,"workable_servers":["ia600407.us.archive.org","ia800407.us.archive.org"]}