{"alternate_locations":{"servers":[{"server":"dn720307.ca.archive.org","dir":"/0/items/02_20220222_20220222_1018"}],"workable":[{"server":"dn720307.ca.archive.org","dir":"/0/items/02_20220222_20220222_1018"}]},"created":1767564741,"d1":"ia600709.us.archive.org","d2":"ia800709.us.archive.org","dir":"/1/items/02_20220222_20220222_1018","files":[{"name":"01 パトロン.flac","source":"derivative","format":"Flac","original":"01 パトロン.wav","mtime":"1645525443","size":"31871989","md5":"eb40bd11b69af3f1e53af1f3333b2ed2","crc32":"b4e3ff63","sha1":"63f7dd1304ffa52ba8b349763b4b9419ae347fdc","length":"251.53"},{"name":"01 パトロン.mp3","source":"derivative","creator":"????","title":"????","genre":"World Pop","bitrate":"202","format":"VBR MP3","original":"01 パトロン.wav","mtime":"1645525348","size":"6346632","md5":"906f37ef33c67e0cfa9dd13f063943fb","crc32":"252d77ca","sha1":"ff5eac17e578d488c11f4f07d5fd16ee0e242953","length":"251.59"},{"name":"01 パトロン.png","source":"derivative","format":"PNG","original":"01 パトロン.wav","mtime":"1645525539","size":"43407","md5":"7784ae65c058a109556cc33d98d714a2","crc32":"583adefd","sha1":"f2d25e978eef0c3d5af18f898fa62b6c2e1c531e"},{"name":"01 パトロン.wav","source":"original","mtime":"1645525236","size":"44370656","md5":"25609e4cfeb47117eca1572c7f66a9fa","crc32":"0886395c","sha1":"39144ffa9b409334a5974f29cb112267a633c68e","format":"WAVE","length":"251.53","track":"01","title":"????","artist":"????","genre":"World Pop"},{"name":"01 パトロン_spectrogram.png","source":"derivative","format":"Spectrogram","original":"01 パトロン.wav","mtime":"1645525632","size":"298218","md5":"a0515b765c0395fe8c84c2ccbb086f82","crc32":"e8245667","sha1":"4d2dcef07154188a26a03d79ca56c1d34bbc8dd7"},{"name":"02 女は強くなる.flac","source":"derivative","format":"Flac","original":"02 女は強くなる.wav","mtime":"1645525472","size":"36122288","md5":"f7b719c22a1c7b82c4b4be9990d6539f","crc32":"47fd8c4d","sha1":"48bc21fde8239643860fffb994fb0b228e2a3da8","length":"291.53"},{"name":"02 女は強くなる.mp3","source":"derivative","creator":"????","title":"??????","genre":"World Pop","bitrate":"200","format":"VBR MP3","original":"02 女は強くなる.wav","mtime":"1645525377","size":"7301423","md5":"06b880265f6fe338cd2cf43ad9186a9b","crc32":"810d7f16","sha1":"1d96afcc099b689e41d602a6a181c328dde4f555","length":"291.58"},{"name":"02 女は強くなる.png","source":"derivative","format":"PNG","original":"02 女は強くなる.wav","mtime":"1645525569","size":"42110","md5":"bf29ac89d2fb9fa13dd0947124bdb44e","crc32":"d1a5191b","sha1":"7e755034e66085d4e75dea280eddc16504dedd54"},{"name":"02 女は強くなる.wav","source":"original","mtime":"1645525282","size":"51426658","md5":"dcfa836d2e1a2d94a5659b68d9a7acd1","crc32":"58766f7f","sha1":"7d548185d80214b557ec4aa8a8d396255058d5c5","format":"WAVE","length":"291.53","track":"02","title":"??????","artist":"????","genre":"World Pop"},{"name":"02 女は強くなる_spectrogram.png","source":"derivative","format":"Spectrogram","original":"02 女は強くなる.wav","mtime":"1645525655","size":"305392","md5":"7990a5b717948ec3bc90a7c01f550fa6","crc32":"6508bc57","sha1":"d16df911f37d9c16d1d1183b965ac26dd1c9b6fb"},{"name":"02_20220222_20220222_1018_archive.torrent","source":"metadata","btih":"3cfec9af0087da6995fe5233637ebd8787ac01d7","mtime":"1645525738","size":"12641","md5":"a34a7f8c9a069b4f691f8ecf87f20692","crc32":"7f17e72a","sha1":"84bf819a272cdd9ded2948767fcfe47c47444d10","format":"Archive BitTorrent"},{"name":"02_20220222_20220222_1018_files.xml","source":"original","format":"Metadata","md5":"5c77fbad33af311004c5fd2de6256570","summation":"md5"},{"name":"02_20220222_20220222_1018_meta.sqlite","source":"original","mtime":"1645525307","size":"28672","md5":"8bdc3004ceeb66f7a8211764a4436d75","crc32":"3df415a9","sha1":"693a6fa2ab981e58216e9aafe6389d894404dc09","format":"Metadata"},{"name":"02_20220222_20220222_1018_meta.xml","source":"original","mtime":"1645525689","size":"765","md5":"06e4b2f89c8affa174633f6f04c7db71","crc32":"56e90d4e","sha1":"92268dd5d3b0374e94bc7faf67422c4519392ce4","format":"Metadata"},{"name":"03 パトロン(オリジナル・カラオケ).flac","source":"derivative","format":"Flac","original":"03 パトロン(オリジナル・カラオケ).wav","mtime":"1645525500","size":"31231005","md5":"fc3358a213cfdf7e9e9fbf3929e730f0","crc32":"07d77764","sha1":"abe4cc317db978f99ac166b32527d5c4668c4f8d","length":"248.55"},{"name":"03 パトロン(オリジナル・カラオケ).mp3","source":"derivative","creator":"????","title":"????(?????·????)","genre":"World Pop","bitrate":"201","format":"VBR MP3","original":"03 パトロン(オリジナル・カラオケ).wav","mtime":"1645525415","size":"6265727","md5":"76a6a453d0671322418efe35364d51a2","crc32":"4bb8f4a1","sha1":"426c2a0585edaa5d479f3d3ba46504aaa93146d5","length":"248.58"},{"name":"03 パトロン(オリジナル・カラオケ).png","source":"derivative","format":"PNG","original":"03 パトロン(オリジナル・カラオケ).wav","mtime":"1645525604","size":"41022","md5":"c0aa907468a5b17d6095978273e89099","crc32":"23770bd9","sha1":"36cf0c25a26d020d5064746dc0b14d4560d13ef6"},{"name":"03 パトロン(オリジナル・カラオケ).wav","source":"original","mtime":"1645525304","size":"43843820","md5":"d9fa3e82fdf4edb11bae0f43a6f926aa","crc32":"73f7b3c3","sha1":"6e6fcf70f9acc5cd8e137ac4c2fdb9a858ad2245","format":"WAVE","length":"248.55","track":"03","title":"????(?????·????)","artist":"????","genre":"World Pop"},{"name":"03 パトロン(オリジナル・カラオケ)_spectrogram.png","source":"derivative","format":"Spectrogram","original":"03 パトロン(オリジナル・カラオケ).wav","mtime":"1645525676","size":"302304","md5":"8bb85cb50a98cee013e70b30cd9094ce","crc32":"be3507a1","sha1":"8c917c62fdd032bc2ead93f511120f0c84402d0f"},{"name":"__ia_thumb.jpg","source":"original","mtime":"1645525729","size":"3652","md5":"7eff2cc26b6eed919e956eee2430d82b","crc32":"6ef2e361","sha1":"53483bfb301aa05adf79d38932d8f1517a082ec8","format":"Item Tile","rotation":"0"}],"files_count":20,"item_last_updated":1645525738,"item_size":259858381,"metadata":{"identifier":"02_20220222_20220222_1018","mediatype":"audio","collection":["opensource_audio","community"],"creator":"Taeko Nishino","date":"1996-11-29","description":"J-pop","language":"jpn","scanner":"Internet Archive HTML5 Uploader 1.6.4","subject":["music","Japanese pop"],"title":"パトロン","uploader":"shockfleet@gmail.com","publicdate":"2022-02-22 10:21:03","addeddate":"2022-02-22 10:21:03","curation":"[curator]validator@archive.org[/curator][date]20220222102115[/date][comment]checked for malware[/comment]"},"server":"ia800709.us.archive.org","uniq":812987431,"workable_servers":["ia800709.us.archive.org","ia600709.us.archive.org"]}