{"alternate_locations":{"servers":[{"server":"dn721909.ca.archive.org","dir":"/0/items/02_20240920"}],"workable":[{"server":"dn721909.ca.archive.org","dir":"/0/items/02_20240920"}]},"created":1767567248,"d1":"ia600408.us.archive.org","d2":"ia800408.us.archive.org","dir":"/34/items/02_20240920","files":[{"name":"01 Так же как раньше.m4a","source":"original","mtime":"1726819375","size":"714197","md5":"bdf91a24315c20020eaf439eda2204ea","crc32":"73f3edbd","sha1":"21662e121d578e1762c1b92880914240bf4a85b2","format":"MPEG-4 Audio","length":"13.84","viruscheck":"1726819922","title":"Так же как раньше","creator":"Гражданская оборона","album":"Мышеловка","track":"1 of 15"},{"name":"01 Так же как раньше.png","source":"derivative","format":"PNG","original":"01 Так же как раньше.m4a","mtime":"1726820080","size":"35230","md5":"8ebdb0dc4efa15203343ec5457bf37dd","crc32":"b27ed19e","sha1":"5916c13275e734a5309dd8f02cd0828ca921c014"},{"name":"02 Он увидел солнце.m4a","source":"original","mtime":"1726819394","size":"8437397","md5":"9951f09da3477b9ba43d10b4a00ed478","crc32":"c6ed88ff","sha1":"b185db17be1f6663b7445c4bf2696a75ac3ecc75","format":"MPEG-4 Audio","length":"218.9","viruscheck":"1726819922","title":"Он увидел солнце","creator":"Гражданская оборона","album":"Мышеловка","track":"2 of 15"},{"name":"02 Он увидел солнце.png","source":"derivative","format":"PNG","original":"02 Он увидел солнце.m4a","mtime":"1726820220","size":"31623","md5":"5f2717baacb2aeb6da81ca39fe64078e","crc32":"dbcdabbe","sha1":"1224c73fb0e34122d242c036863dc2ffbec46293"},{"name":"02_20240920_archive.torrent","source":"metadata","btih":"664f8eef425b5b111c2cf280f837f0b90313e638","mtime":"1726822261","size":"10341","md5":"d5056c0ea1ba05827d948786ff5f0b54","crc32":"2e415326","sha1":"709507bbfdbd43e92740ca85cdcb3fa10159a1c4","format":"Archive BitTorrent"},{"name":"02_20240920_files.xml","source":"original","format":"Metadata","md5":"06501aa39671ad0aa66395e042be8cad","summation":"md5"},{"name":"02_20240920_meta.sqlite","source":"original","mtime":"1726819510","size":"102400","md5":"ead9bafa4836348d8c99620b99614419","crc32":"1c90a811","sha1":"91457233f9169fbae158a84dfa1b4f7d72745ef4","format":"Metadata"},{"name":"02_20240920_meta.xml","source":"original","mtime":"1726822251","size":"2398","md5":"4635745186dc8bd7a595aac324c37f7b","crc32":"55e1cc32","sha1":"c859e444d629eab1fcc823da36acce47352be0b5","format":"Metadata"},{"name":"03 Пластилин.m4a","source":"original","mtime":"1726819403","size":"5848220","md5":"e4ef0825cded1d246576c80846d75c5b","crc32":"f51df3b8","sha1":"79a351cbf9c049b8413babcbe464194504d7b4c9","format":"MPEG-4 Audio","length":"149.86","viruscheck":"1726819922","title":"Пластилин","creator":"Гражданская оборона","album":"Мышеловка","track":"3 of 15"},{"name":"03 Пластилин.png","source":"derivative","format":"PNG","original":"03 Пластилин.m4a","mtime":"1726820360","size":"35747","md5":"d106e46f480a0a59e7261732fcba6b74","crc32":"80c0dfaa","sha1":"471fc693516f966f77fd9ffc81e01417e147bb6c"},{"name":"04 Следы на снегу.m4a","source":"original","mtime":"1726819411","size":"5382281","md5":"3fbac3fef29b59b0e5bc67a9e04efb9f","crc32":"a7acbfec","sha1":"b129411a97b7c3f2fe09aa3d6a9a71f54ed9213e","format":"MPEG-4 Audio","length":"138.37","viruscheck":"1726819922","title":"Следы на снегу","creator":"Гражданская оборона","album":"Мышеловка","track":"4 of 15"},{"name":"04 Следы на снегу.png","source":"derivative","format":"PNG","original":"04 Следы на снегу.m4a","mtime":"1726820458","size":"37534","md5":"c3c3a5d80a81bc94af736db7403df74a","crc32":"12678118","sha1":"69b04519c17a2149a7b6034ea8004d306d88fda2"},{"name":"05 Умереть молодым.m4a","source":"original","mtime":"1726819418","size":"4203641","md5":"58109a372d4472cc51b68f3fe026cd71","crc32":"7028b39a","sha1":"b8bd5b98a930116ec16553493468879760aa3493","format":"MPEG-4 Audio","length":"106.6","viruscheck":"1726819922","title":"Умереть молодым","creator":"Гражданская оборона","album":"Мышеловка","track":"5 of 15"},{"name":"05 Умереть молодым.png","source":"derivative","format":"PNG","original":"05 Умереть молодым.m4a","mtime":"1726820608","size":"37258","md5":"713bf4aeddefe8ba42068b6321c044ef","crc32":"7604427d","sha1":"d463326807097121a0429e0e530d61a8651cf60b"},{"name":"06 Дитё.m4a","source":"original","mtime":"1726819426","size":"6475365","md5":"580988e91d582008036e881a69013855","crc32":"fbe640f5","sha1":"f9841e873ca7b7880f25b8939d8ace110188c19b","format":"MPEG-4 Audio","length":"165.51","viruscheck":"1726819922","title":"Дитё","creator":"Гражданская оборона","album":"Мышеловка","track":"6 of 15"},{"name":"06 Дитё.png","source":"derivative","format":"PNG","original":"06 Дитё.m4a","mtime":"1726820744","size":"42294","md5":"a5cabbf82b2eb0b8a1c19f36048d2b14","crc32":"0e8eff8c","sha1":"2a13209cec1332ccb060ca84c6b1e92e67ec1ebd"},{"name":"07 Жёлтая пресса.m4a","source":"original","mtime":"1726819433","size":"5380304","md5":"e75ef421df274b44273d8606a22446fa","crc32":"5a927b2b","sha1":"48ece606665b3e45542d24d82c72f1be6739c065","format":"MPEG-4 Audio","length":"137.93","viruscheck":"1726819922","title":"Жёлтая пресса","creator":"Гражданская оборона","album":"Мышеловка","track":"7 of 15"},{"name":"07 Жёлтая пресса.png","source":"derivative","format":"PNG","original":"07 Жёлтая пресса.m4a","mtime":"1726820896","size":"35809","md5":"d291b18216c821e0b5759b49c5b8fc48","crc32":"c9bbdd5a","sha1":"69a85d2d3d523e445308ae6894f880f2d981bd6e"},{"name":"08 Иван Говнов.m4a","source":"original","mtime":"1726819441","size":"4337584","md5":"2fdb2ffd4155aefe563e522392f20646","crc32":"eb243cd6","sha1":"54a8f81df83d7b47b3744d83efb77fb8de2e5755","format":"MPEG-4 Audio","length":"110.2","viruscheck":"1726819922","title":"Иван Говнов","creator":"Гражданская оборона","album":"Мышеловка","track":"8 of 15"},{"name":"08 Иван Говнов.png","source":"derivative","format":"PNG","original":"08 Иван Говнов.m4a","mtime":"1726821012","size":"33736","md5":"f5e725318d198061dde23daf246bf016","crc32":"8084073f","sha1":"8c02b35505eb64198583227df6c890cdd48403d4"},{"name":"09 Дезертир.m4a","source":"original","mtime":"1726819449","size":"6157265","md5":"07a063b0a46fb5bff221d2671b24cabb","crc32":"10203a70","sha1":"e2a175743f33981ebc17a356649f7cc5a936c045","format":"MPEG-4 Audio","length":"158.62","viruscheck":"1726819922","title":"Дезертир","creator":"Гражданская оборона","album":"Мышеловка","track":"9 of 15"},{"name":"09 Дезертир.png","source":"derivative","format":"PNG","original":"09 Дезертир.m4a","mtime":"1726821224","size":"31692","md5":"ce5f00201aa5ecae8f0af139b4e662ed","crc32":"ce86a942","sha1":"02be93cf4abf16853cea5feafeb9c7bd01a0120f"},{"name":"10 ЦК.m4a","source":"original","mtime":"1726819456","size":"4840214","md5":"be52dde9c2d3700d73fa72fc20afe797","crc32":"0cb47526","sha1":"94b67a2d2edf4d4355372adc93882f2543559e92","format":"MPEG-4 Audio","length":"123.67","viruscheck":"1726819922","title":"ЦК","creator":"Гражданская оборона","album":"Мышеловка","track":"10 of 15"},{"name":"10 ЦК.png","source":"derivative","format":"PNG","original":"10 ЦК.m4a","mtime":"1726821375","size":"37148","md5":"bcfb8d6ee39b7bea57ef3820610ad3b1","crc32":"6f73daca","sha1":"7ac190100f3f5585430600c61368efb28045a259"},{"name":"11 Бред.m4a","source":"original","mtime":"1726819463","size":"5400710","md5":"999b09948c1e07327d3e08d6cb99971a","crc32":"cb537c51","sha1":"e203d4aeff65e88bbda19573305b02ddaba5bed4","format":"MPEG-4 Audio","length":"138.88","viruscheck":"1726819922","title":"Бред","creator":"Гражданская оборона","album":"Мышеловка","track":"11 of 15"},{"name":"11 Бред.png","source":"derivative","format":"PNG","original":"11 Бред.m4a","mtime":"1726821496","size":"36279","md5":"4aa21bda9ba110ed7427b4cc8d7050b6","crc32":"39b37aab","sha1":"89137879446b2f5ad8fa97211772fd93b36b9d0d"},{"name":"12 Мимикрия.m4a","source":"original","mtime":"1726819469","size":"3762134","md5":"ef2ecfe329539f9fafd4894ad4c7404d","crc32":"7521fae5","sha1":"9e507bd748b38733a5bb3ce37b3bf096e5ef8533","format":"MPEG-4 Audio","length":"95.69","viruscheck":"1726819922","title":"Мимикрия","creator":"Гражданская оборона","album":"Мышеловка","track":"12 of 15"},{"name":"12 Мимикрия.png","source":"derivative","format":"PNG","original":"12 Мимикрия.m4a","mtime":"1726821568","size":"41645","md5":"1b94c5a938eb50fb40d026e18b55f51e","crc32":"0cf76006","sha1":"c6030a068a9547bf300140e21cd16417ac7616cc"},{"name":"13 Слепое бельмо.m4a","source":"original","mtime":"1726819476","size":"5529966","md5":"d61e665ceaf4f58cf09c37bd28a29ba3","crc32":"3901578d","sha1":"fbabdf7e760cca48a5567acaa0accc6879e77fd6","format":"MPEG-4 Audio","length":"141.8","viruscheck":"1726819922","title":"Слепое бельмо","creator":"Гражданская оборона","album":"Мышеловка","track":"13 of 15"},{"name":"13 Слепое бельмо.png","source":"derivative","format":"PNG","original":"13 Слепое бельмо.m4a","mtime":"1726821633","size":"41943","md5":"1040c7365559b9b4964df8be8b505834","crc32":"6e511e9d","sha1":"b70c8cc30e574a72ebe5c3edd9b98675b3994550"},{"name":"14 Пошли вы все на хуй.m4a","source":"original","mtime":"1726819484","size":"6461095","md5":"9994a87ff8fb1a379be1bd247b78f505","crc32":"e0102039","sha1":"f04b72aacd570b0dca3f0e4b3963b255f1accf41","format":"MPEG-4 Audio","length":"165.12","viruscheck":"1726819922","title":"Пошли вы все на хуй","creator":"Гражданская оборона","album":"Мышеловка","track":"14 of 15"},{"name":"14 Пошли вы все на хуй.png","source":"derivative","format":"PNG","original":"14 Пошли вы все на хуй.m4a","mtime":"1726821755","size":"35250","md5":"08c515d414df1e27b1daac93ed2f1f11","crc32":"29499489","sha1":"571c8c4a3cc0ca0538c8423c008f278a9be395f8"},{"name":"15 Мышеловка.m4a","source":"original","mtime":"1726819488","size":"2327729","md5":"b9411884f1c42b19050930a0ec26e304","crc32":"83f89e30","sha1":"efae597f77272bd3a388f7ae27b3d4692785f198","format":"MPEG-4 Audio","length":"58.47","viruscheck":"1726819922","title":"Мышеловка","creator":"Гражданская оборона","album":"Мышеловка","track":"15 of 15"},{"name":"15 Мышеловка.png","source":"derivative","format":"PNG","original":"15 Мышеловка.m4a","mtime":"1726822238","size":"22556","md5":"b753b249cbbed4810a0c00216678c514","crc32":"ce633f3d","sha1":"0f65fbe4b0fab68d99ddf8db63111e94a6298a18"},{"name":"Myshelovka.jpg","source":"original","mtime":"1726819492","size":"79597","md5":"4286e3ef5906a594640954d0d716406e","crc32":"77bae946","sha1":"c48bfb385121068c087884a8669b6f2449f23c96","format":"JPEG"},{"name":"Myshelovka_thumb.jpg","source":"derivative","format":"JPEG Thumb","original":"Myshelovka.jpg","mtime":"1726819980","size":"10991","md5":"02ec9608a211db62cd4fa160201a0abd","crc32":"ffcb6486","sha1":"3f4478d96eeb2d1eefab0b1e595f48b03ff2924d"},{"name":"__ia_thumb.jpg","source":"original","mtime":"1726819519","size":"16329","md5":"79be0ea87eabec8e6791c2d9f1280e68","crc32":"0d0874fb","sha1":"69834a42b0c6f0d74325679078fe2ac5999f6195","format":"Item Tile"}],"files_count":37,"item_last_updated":1726822261,"item_size":76015902,"metadata":{"identifier":"02_20240920","mediatype":"audio","collection":"opensource_audio","creator":"Гражданская Оборона","date":"1987","description":"<div>01<span style=\"white-space:pre;\">\t</span>Так Же Как Раньше</div><div>02<span style=\"white-space:pre;\">\t</span>Он Увидел Солнце</div><div>03<span style=\"white-space:pre;\">\t</span>Пластилин</div><div>04<span style=\"white-space:pre;\">\t</span>Следы На Снегу</div><div>05<span style=\"white-space:pre;\">\t</span>Умереть Молодым</div><div>06<span style=\"white-space:pre;\">\t</span>Дитё</div><div>07<span style=\"white-space:pre;\">\t</span>Жёлтая Пресса</div><div>08<span style=\"white-space:pre;\">\t</span>Иван Говнов</div><div>09<span style=\"white-space:pre;\">\t</span>Дезертир</div><div>10<span style=\"white-space:pre;\">\t</span>ЦК</div><div>11<span style=\"white-space:pre;\">\t</span>Бред</div><div>12<span style=\"white-space:pre;\">\t</span>Мимикрия</div><div>13<span style=\"white-space:pre;\">\t</span>Слепое Бельмо</div><div>14<span style=\"white-space:pre;\">\t</span>Пошли Вы Все На Хуй</div><div>15<span style=\"white-space:pre;\">\t</span>Мышеловка</div>","language":"rus","scanner":"Internet Archive HTML5 Uploader 1.7.0","subject":["Grazhdanskaya Oborona","Гражданская Оборона","Егор Летов","Punk","Rock","russian rock"],"title":"Гражданская Оборона — Мышеловка 1987","uploader":"markpapacek@gmail.com","publicdate":"2024-09-20 08:03:09","addeddate":"2024-09-20 08:03:09","curation":"[curator]validator@archive.org[/curator][date]20240920081203[/date][comment]checked for malware[/comment]"},"server":"ia600408.us.archive.org","uniq":1139862989,"workable_servers":["ia600408.us.archive.org","ia800408.us.archive.org"]}