{"alternate_locations":{"servers":[{"server":"dn721604.ca.archive.org","dir":"/0/items/02_20250803_20250803_1250"}],"workable":[{"server":"dn721604.ca.archive.org","dir":"/0/items/02_20250803_20250803_1250"}]},"created":1767564744,"d1":"ia601007.us.archive.org","d2":"ia801007.us.archive.org","dir":"/12/items/02_20250803_20250803_1250","files":[{"name":"01.rar","source":"original","mtime":"1754225999","size":"61284862","md5":"693c76267f439b8cbbeb35c9ad4efa37","crc32":"22b7ca89","sha1":"61a8982c7293a9604152f22a544ddbb060954114","format":"RAR","filecount":"7"},{"name":"02.rar","source":"original","mtime":"1754226795","size":"89030972","md5":"fd18e3ec0f2635d1044298abeb11fa4d","crc32":"2539627c","sha1":"280505f9455d7d5bdacd9e43a3fd25c75431eeda","format":"RAR","filecount":"8"},{"name":"02_20250803_20250803_1250_archive.torrent","source":"metadata","btih":"bcf19d8693137c8ac0e3d04cce6ebcf5466ed83e","mtime":"1757865169","size":"7643","md5":"f99d587b7948fa5d65a0cbd0a72bce2b","crc32":"c08b8676","sha1":"0b3601e20107c660fb273fe373fb6c624637c11a","format":"Archive BitTorrent"},{"name":"02_20250803_20250803_1250_files.xml","source":"original","format":"Metadata","md5":"8398065c3904b9d3e1dc1fb151392e06","summation":"md5"},{"name":"02_20250803_20250803_1250_meta.sqlite","source":"original","mtime":"1754226806","size":"28672","md5":"8f619a3fb0a3891047caa18906d85eab","crc32":"314936c5","sha1":"847fdba3f2af03aee17c604a1b474159ec9019ac","format":"Metadata"},{"name":"02_20250803_20250803_1250_meta.xml","source":"original","mtime":"1757865167","size":"1713","md5":"e9305cc0dbae3d3456f71bbb2d271f79","crc32":"2866991d","sha1":"6b3ce402ebabe0b9dbbb45436fc10c9c6c15175b","format":"Metadata"}],"files_count":6,"item_last_updated":1757865169,"item_size":150353862,"metadata":{"identifier":"02_20250803_20250803_1250","mediatype":"audio","collection":["folksoundomy_japaneserock","folksoundomy"],"creator":"Syoko","date":"1992-03-10","description":"<div>(album) Soil (1986.xx.xx)</div><div><br /></div><div>01. Erewhon</div><div>02. Criminal Shuffle</div><div>03. Sphinx In The Night</div><div>04. Magie</div><div>05. Sunday Never Comes</div><div>06. Sunset</div><div><br /></div><div>(album) Turbulence (1992.03.10)</div><div><br /></div><div>01. Bride Lunaire</div><div>02. Blue</div><div>03. Dance on the Brink</div><div>04. Heaven</div><div>05. 1-F</div><div>06. Ashanti</div><div>07. Milledi</div><div>08. Howling Wind</div><div><br /></div><div>https://chaotic-dix.blogspot.com/</div>","language":"jpn","scanner":"Internet Archive HTML5 Uploader 1.7.0","subject":["Syoko","pop","j-pop","japanese pop","jpop"],"title":"Syoko Discography","uploader":"denjinhal@mail.ru","publicdate":"2025-08-03 13:00:30","addeddate":"2025-08-03 13:00:30","curation":"[curator]validator@archive.org[/curator][date]20250803130138[/date][comment]checked for malware[/comment]","collection_added":"folksoundomy"},"server":"ia601007.us.archive.org","uniq":77854098,"workable_servers":["ia601007.us.archive.org","ia801007.us.archive.org"]}