{"created":1767564738,"d1":"ia601201.us.archive.org","d2":"ia801201.us.archive.org","dir":"/18/items/02NewBluesPart2","files":[{"name":"01 Syd's Mood.mp3","source":"original","mtime":"1450892051","size":"5642807","md5":"136e171c33f699298ac5b897d0993d38","crc32":"7e78c238","sha1":"1633b9d2a5ca19b1ee5878f86f2f2d3e3f9cfc3b","format":"VBR MP3","length":"141.07","height":"640","width":"640","album":"Soul Decision","artist":"F Word","genre":"Alternative / Low-Fi / Indie","title":"Syd's Mood","track":"1","external-identifier-match-date":"acoustid:2019-02-16T06:47:57Z","external-identifier":"urn:acoustid:28443af4-112a-4322-8140-bfea6b1c9849"},{"name":"01 Syd's Mood.ogg","source":"derivative","format":"Ogg Vorbis","original":"01 Syd's Mood.mp3","mtime":"1450892184","size":"1467814","md5":"d3c5bcc7ca9164e3045fce49a244665a","crc32":"587f9cf6","sha1":"b531889ca442906129017185bb29c86419c5ebf3","length":"139.15","height":"0","width":"0"},{"name":"01 Syd's Mood.png","source":"derivative","format":"PNG","original":"01 Syd's Mood.mp3","mtime":"1450892218","size":"10105","md5":"883cf3ecefebe2135cc1271abf75b0ed","crc32":"02449fd0","sha1":"fd63dcc6bfba74fcaeead5ddf3b637d164b8e33c"},{"name":"01 Syd's Mood_esshigh.json.gz","source":"derivative","format":"Essentia High GZ","original":"01 Syd's Mood_esslow.json.gz","mtime":"1450892548","size":"2043","md5":"aa99f0d25c4d5ebfc7fa5c4605a83614","crc32":"7891531e","sha1":"6a18c27f5cb533c39b9b534b708a88aadc93549d"},{"name":"01 Syd's Mood_esslow.json.gz","source":"derivative","format":"Essentia Low GZ","original":"01 Syd's Mood.mp3","mtime":"1450892282","size":"23190","md5":"25683d9d1ae301bef14e8a0c9b898121","crc32":"032fae2b","sha1":"72ac616846237be77d7a7b974b301983264cbc2e"},{"name":"01 Syd's Mood_spectrogram.png","source":"derivative","format":"Spectrogram","original":"01 Syd's Mood.mp3","mtime":"1450892243","size":"285523","md5":"354de2521d470be6caac5bf5baf3527a","crc32":"9e9ddda9","sha1":"6e422364736dce50653b99f1ea03e6b84fb188a9"},{"name":"02 New Blues Part 2.mp3","source":"original","mtime":"1450892082","size":"8947303","md5":"5c15d670af9a9ec141ce5cdb400f45ea","crc32":"904d9dbc","sha1":"92ad50b9c57a573c840feaae1c6c8ddb32d65f6e","format":"VBR MP3","length":"223.68","height":"640","width":"640","album":"Soul Decision","artist":"F Word","genre":"Alternative / Low-Fi / Indie","title":"New Blues Part 2","track":"2","external-identifier-match-date":"acoustid:2019-02-16T06:47:57Z","external-identifier":"urn:acoustid:49ce86db-836e-41b9-b8d4-9c69d4be4b49"},{"name":"02 New Blues Part 2.ogg","source":"derivative","format":"Ogg Vorbis","original":"02 New Blues Part 2.mp3","mtime":"1450892205","size":"2252059","md5":"1567463cc7272f10c6706cdf282a54e0","crc32":"03c99b7c","sha1":"ef33c873ed0bed60cc573b944100b9af5c684fb3","length":"221.83","height":"0","width":"0"},{"name":"02 New Blues Part 2.png","source":"derivative","format":"PNG","original":"02 New Blues Part 2.mp3","mtime":"1450892235","size":"10589","md5":"ec7034c1cf01c7f0f6919990302f68e1","crc32":"e2a6c21c","sha1":"cc109520e8eecfb799ecd5dd33e4424e04f50f4e"},{"name":"02 New Blues Part 2_esshigh.json.gz","source":"derivative","format":"Essentia High GZ","original":"02 New Blues Part 2_esslow.json.gz","mtime":"1450892560","size":"2038","md5":"ebc2e754278012fa11c584119f282cea","crc32":"465953c6","sha1":"7e85cf780dd4d497c1568ff4a4bbe6834098d6b3"},{"name":"02 New Blues Part 2_esslow.json.gz","source":"derivative","format":"Essentia Low GZ","original":"02 New Blues Part 2.mp3","mtime":"1450892312","size":"24676","md5":"25e858b48dd390d3ac3fc3d9d64dd2d1","crc32":"028dc877","sha1":"69e7f38604c7612582ed508149e58fb8647be53e"},{"name":"02 New Blues Part 2_spectrogram.png","source":"derivative","format":"Spectrogram","original":"02 New Blues Part 2.mp3","mtime":"1450892249","size":"269671","md5":"9264d530e550a5009283158d68a09004","crc32":"cc5a953c","sha1":"20cbc75ca979dd4a367c96b474c42c93c761bfa2"},{"name":"02NewBluesPart2_archive.torrent","source":"metadata","btih":"7395d3ba526704ee50a0ca126ba1180203e7e497","mtime":"1450892124","size":"3366","md5":"8693475e64b91107e305c8f40e5dc503","crc32":"a6dba2fb","sha1":"5743df1e0d599fe3edac957caee49906c824a547","format":"Archive BitTorrent"},{"name":"02NewBluesPart2_files.xml","source":"original","format":"Metadata","md5":"b173d8da4d2da31856fc9782c4f6c109","summation":"md5"},{"name":"02NewBluesPart2_meta.sqlite","source":"original","mtime":"1450892156","size":"19456","format":"Metadata","md5":"414a7c7fcb80fe76102ede19ca9af44c","crc32":"358caa8f","sha1":"52d53d46b13e49ed9624e3c8436840ed60f90865"},{"name":"02NewBluesPart2_meta.xml","source":"original","mtime":"1613080582","size":"954","format":"Metadata","md5":"0c28846032b0f780de16344456ff876b","crc32":"d07d2cea","sha1":"57cfedd204eab07f6812d4ac68809414aee9ac98"},{"name":"03 Soul Decision.mp3","source":"original","mtime":"1450892099","size":"7268980","md5":"af1c1ea4e21fdf9ab085af37345f09f6","crc32":"504c6719","sha1":"35e75f3d788f5db286d4f1518dadbf6c76516186","format":"VBR MP3","length":"181.72","height":"640","width":"640","album":"Soul Decision","artist":"F Word","genre":"Alternative / Low-Fi / Indie","title":"Soul Decision","track":"3","external-identifier-match-date":"acoustid:2019-02-16T06:47:57Z","external-identifier":"urn:acoustid:d8d16740-ba69-4605-97b1-e408e347111d"},{"name":"03 Soul Decision.ogg","source":"derivative","format":"Ogg Vorbis","original":"03 Soul Decision.mp3","mtime":"1450892191","size":"1920721","md5":"c54fd5c27df9e93b3e8cc449eb013e7f","crc32":"51029c61","sha1":"800f7703fca6483d48001b305443d4e763674887","length":"179.8","height":"0","width":"0"},{"name":"03 Soul Decision.png","source":"derivative","format":"PNG","original":"03 Soul Decision.mp3","mtime":"1450892231","size":"11135","md5":"da0db19dc24f8285e86cd43993f108b0","crc32":"b1e2c8b4","sha1":"26aa7010e5bde1828a2545d227c67c90ac975667"},{"name":"03 Soul Decision_esshigh.json.gz","source":"derivative","format":"Essentia High GZ","original":"03 Soul Decision_esslow.json.gz","mtime":"1450892564","size":"2026","md5":"a0c952108a081d5c601cfd76f7622990","crc32":"b8c1b337","sha1":"f5095dd3caa7edddbdc0f2149a827fbd28ce589a"},{"name":"03 Soul Decision_esslow.json.gz","source":"derivative","format":"Essentia Low GZ","original":"03 Soul Decision.mp3","mtime":"1450892270","size":"23985","md5":"62d8cd8b81df1b5d5d1edd230908dceb","crc32":"bbaff60c","sha1":"cf75a5fcc43f1e79e512182eb8b9e963f26b486f"},{"name":"03 Soul Decision_spectrogram.png","source":"derivative","format":"Spectrogram","original":"03 Soul Decision.mp3","mtime":"1450892241","size":"267633","md5":"ba8c1725c6c9ba007e56a1016e4b0fb4","crc32":"7b7c567c","sha1":"230ad7b435bd7b2a506e637576af025a62485e40"},{"name":"04 Success.mp3","source":"original","mtime":"1450892118","size":"8850539","md5":"610f465ecdab0cc2a0f5d2db3b48de7f","crc32":"4b28789c","sha1":"7b26a8bcea8b2c733cfaf06e8acaeea8736a58bf","format":"VBR MP3","length":"221.26","height":"640","width":"640","album":"Soul Decision","artist":"F Word","genre":"Alternative / Low-Fi / Indie","title":"Success","track":"4","external-identifier-match-date":"acoustid:2019-02-16T06:47:57Z","external-identifier":"urn:acoustid:23b2b4b0-42be-4f5b-bc6e-1cd1dac99a08"},{"name":"04 Success.ogg","source":"derivative","format":"Ogg Vorbis","original":"04 Success.mp3","mtime":"1450892171","size":"2425416","md5":"41d1d54bfcd52f8cd9d388e2a53ffee3","crc32":"96a284ba","sha1":"c667936be0afd033337e5003768a5010db8ad036","length":"219.27","height":"0","width":"0"},{"name":"04 Success.png","source":"derivative","format":"PNG","original":"04 Success.mp3","mtime":"1450892223","size":"10697","md5":"52622e95c6106deaee44fd7d505b85e3","crc32":"b7f04a29","sha1":"cf98ae8a9c238a287b67a2f84056b1c8b93e7aef"},{"name":"04 Success_esshigh.json.gz","source":"derivative","format":"Essentia High GZ","original":"04 Success_esslow.json.gz","mtime":"1450892556","size":"2027","md5":"9f400cbfee35cd08127c8f295ce159f2","crc32":"30b864fa","sha1":"32e301c50c1e48732edb3f62709cf69766a2f9d3"},{"name":"04 Success_esslow.json.gz","source":"derivative","format":"Essentia Low GZ","original":"04 Success.mp3","mtime":"1450892360","size":"24267","md5":"fc61b84a5c6e7173fb82b00646535d3c","crc32":"63d6d39a","sha1":"7851c3df38281ef4edc289e101b5c6b2b09198ae"},{"name":"04 Success_spectrogram.png","source":"derivative","format":"Spectrogram","original":"04 Success.mp3","mtime":"1450892254","size":"270904","md5":"a0df050364333ff7d06db5ef920b6a1e","crc32":"ab822a27","sha1":"1c7731b9d59cda70ae2bb392ec1e14dacca5345c"},{"name":"05 A 'Reggae' Song.mp3","source":"original","mtime":"1450892131","size":"7274419","md5":"b27308e3bb55eb08abd41e534703f7ce","crc32":"08d8ed08","sha1":"11914f4e8b9e7e632e06aae31365c6039fbe1602","format":"VBR MP3","length":"181.86","height":"640","width":"640","album":"Soul Decision","artist":"F Word","genre":"Alternative / Low-Fi / Indie","title":"A 'Reggae' Song","track":"5","external-identifier-match-date":"acoustid:2019-02-16T06:47:57Z","external-identifier":"urn:acoustid:d45f3194-f5e1-4bc4-b42c-1570be84b935"},{"name":"05 A 'Reggae' Song.ogg","source":"derivative","format":"Ogg Vorbis","original":"05 A 'Reggae' Song.mp3","mtime":"1450892212","size":"1891062","md5":"81ac192791fefb1a64fbdf54781a6ee9","crc32":"e773f779","sha1":"a28751561e3858089b7259ea045df32caaf90f8d","length":"180.01","height":"0","width":"0"},{"name":"05 A 'Reggae' Song.png","source":"derivative","format":"PNG","original":"05 A 'Reggae' Song.mp3","mtime":"1450892227","size":"11342","md5":"c7ed9cb8052f519fe8d185392079d401","crc32":"81965d9a","sha1":"f655395ed327c5c849321784e30756168d47a398"},{"name":"05 A 'Reggae' Song_esshigh.json.gz","source":"derivative","format":"Essentia High GZ","original":"05 A 'Reggae' Song_esslow.json.gz","mtime":"1450892552","size":"2021","md5":"80d6c7cbd79849f17101c797dfc0539f","crc32":"31d2165d","sha1":"ddc824b275a6ff9b0ae1b24594a3ecfc6c121174"},{"name":"05 A 'Reggae' Song_esslow.json.gz","source":"derivative","format":"Essentia Low GZ","original":"05 A 'Reggae' Song.mp3","mtime":"1450892341","size":"22911","md5":"4655db67676eb24c824812e0841a187e","crc32":"11614eef","sha1":"b8c8fe9c4d3a067866b32170e92894402deb9650"},{"name":"05 A 'Reggae' Song_spectrogram.png","source":"derivative","format":"Spectrogram","original":"05 A 'Reggae' Song.mp3","mtime":"1450892247","size":"279628","md5":"a1a7bd106e63d7ed01d894daebd58b35","crc32":"4bdcf59e","sha1":"e1601999e2f742ddb76e40ed2622e57f632b1f31"},{"name":"06 Storytelling.mp3","source":"original","mtime":"1450892143","size":"6197318","md5":"9fdf48ee8679d8aa07d5eca7378d4fb6","crc32":"2c8ad6d5","sha1":"5876decd6971444521e68766fa971682ed038fe5","format":"VBR MP3","length":"154.93","height":"640","width":"640","album":"Soul Decision","artist":"F Word","genre":"Alternative / Low-Fi / Indie","title":"Storytelling","track":"6","external-identifier-match-date":"acoustid:2019-02-16T06:47:57Z","external-identifier":"urn:acoustid:31c7ae5d-c4d7-4e7c-a191-c36bfdc3d980"},{"name":"06 Storytelling.ogg","source":"derivative","format":"Ogg Vorbis","original":"06 Storytelling.mp3","mtime":"1450892178","size":"1555872","md5":"f460873defecd3adbe2630cca99f1c66","crc32":"2ddbc008","sha1":"e546268f6e9927bdba3dc9e9ad87ca179b71613d","length":"153.05","height":"0","width":"0"},{"name":"06 Storytelling.png","source":"derivative","format":"PNG","original":"06 Storytelling.mp3","mtime":"1450892239","size":"11083","md5":"606f6eabd50f99be3d8527c77514d0f4","crc32":"67446320","sha1":"83a795d3c8707b828ff6a0a7b4e371151b461b73"},{"name":"06 Storytelling_esshigh.json.gz","source":"derivative","format":"Essentia High GZ","original":"06 Storytelling_esslow.json.gz","mtime":"1450892540","size":"2041","md5":"54b67435b1d3f371164dded8483a4b1c","crc32":"2d4953a3","sha1":"1ee878d8cb94bafcfe1af7721de6fa547a4e6e51"},{"name":"06 Storytelling_esslow.json.gz","source":"derivative","format":"Essentia Low GZ","original":"06 Storytelling.mp3","mtime":"1450892325","size":"23701","md5":"136bfaeaf6b7f0d71610d233b29369c7","crc32":"5e60f521","sha1":"d9e443cfd28da70a1ced183b2061bea5b100d770"},{"name":"06 Storytelling_spectrogram.png","source":"derivative","format":"Spectrogram","original":"06 Storytelling.mp3","mtime":"1450892245","size":"276474","md5":"43630583bec73bd33dc8fd4245253188","crc32":"c76514b0","sha1":"fd291729f87b7abea3ec535bdea6ba4960275772"},{"name":"07 Edge.mp3","source":"original","mtime":"1450892153","size":"4922753","md5":"56623cb92cfe1951af6a5d9f8369031f","crc32":"8cf747e2","sha1":"d471f4830988059dad47b287e3aae80e2afbc69c","format":"VBR MP3","length":"123.07","height":"640","width":"640","album":"Soul Decision","artist":"F Word","genre":"Alternative / Low-Fi / Indie","title":"Edge","track":"7","external-identifier-match-date":"acoustid:2019-02-16T06:47:57Z","external-identifier":"urn:acoustid:003cf340-9785-4e41-a3fa-9b6e9660bb1a"},{"name":"07 Edge.ogg","source":"derivative","format":"Ogg Vorbis","original":"07 Edge.mp3","mtime":"1450892196","size":"1108654","md5":"c160bc70cc940cbc4d63e54dce76e49b","crc32":"8403b639","sha1":"39d11dc6ab7a6db7b69ca8bfb42d82f3a9dcd32a","length":"121.18","height":"0","width":"0"},{"name":"07 Edge.png","source":"derivative","format":"PNG","original":"07 Edge.mp3","mtime":"1450892215","size":"11445","md5":"13fa5e371096ffa9abf89d220b96c1b8","crc32":"4aa8af95","sha1":"a4d2ff23248522a53ecdb61c2ab8914fca916ebf"},{"name":"07 Edge_esshigh.json.gz","source":"derivative","format":"Essentia High GZ","original":"07 Edge_esslow.json.gz","mtime":"1450892544","size":"2035","md5":"cc96792436c507cfede5a9958ca87533","crc32":"00dcf1ef","sha1":"535807b7dd9a23b2b5a6b91ad5141fdb12e61444"},{"name":"07 Edge_esslow.json.gz","source":"derivative","format":"Essentia Low GZ","original":"07 Edge.mp3","mtime":"1450892293","size":"22606","md5":"820969d8426a0f1ba0b8e6fdfbe51595","crc32":"12c9174c","sha1":"aabcd804bc3dae45aa741d03ef8aa950e8fd5c90"},{"name":"07 Edge_spectrogram.png","source":"derivative","format":"Spectrogram","original":"07 Edge.mp3","mtime":"1450892251","size":"241823","md5":"9f73c6d72229db796aed0eae54352691","crc32":"8d792353","sha1":"0a69c7f1eca8700827b1dc6d6fe6bfa0518e9a65"},{"name":"__ia_thumb.jpg","source":"original","mtime":"1613080583","size":"2990","md5":"e07b11e0b186441bdb504d131cfda42a","crc32":"1966a0af","sha1":"1944146f82ed7f210ce4a73eb958717e6e1a5e39","format":"Item Tile","rotation":"0"}],"files_count":47,"item_last_updated":1613080583,"item_size":63900102,"metadata":{"identifier":"02NewBluesPart2","mediatype":"audio","collection":["opensource_audio","community"],"creator":"F Word","date":"1990","description":"A mix of Talking Heads and Duran Duran inspired pop.<br />","language":"eng","scanner":"Internet Archive HTML5 Uploader 1.6.3","subject":["F Word","Richmond","Alternative"],"title":"F Word","publicdate":"2015-12-23 17:34:15","uploader":"dhanishattuck@hotmail.com","addeddate":"2015-12-23 17:34:15","curation":"[curator]validator@archive.org[/curator][date]20151223173435[/date][comment]checked for malware[/comment]","backup_location":"ia905507_9","external_metadata_update":"2019-02-16T06:47:57Z"},"server":"ia801201.us.archive.org","uniq":1310245574,"workable_servers":["ia801201.us.archive.org","ia601201.us.archive.org"]}