{"alternate_locations":{"servers":[{"server":"dn720301.ca.archive.org","dir":"/0/items/03-51-12"}],"workable":[{"server":"dn720301.ca.archive.org","dir":"/0/items/03-51-12"}]},"created":1767567254,"d1":"ia601701.us.archive.org","d2":"ia801701.us.archive.org","dir":"/17/items/03-51-12","files":[{"name":"03-51-12.ia.mp4","source":"derivative","format":"h.264 IA","original":"03-51-12.mp4","mtime":"1766483610","size":"6930082","md5":"452a3947d1cd3ba3391104eae7733a4e","crc32":"860c2bcc","sha1":"a09b2df5edf1a128f38a8b7c1bae1d7004792ffe","length":"87.04","width":"2560","height":"1080"},{"name":"03-51-12.mp4","source":"original","mtime":"1766480013","size":"6930082","md5":"2733bec39a160db2ca740c86b36f06b6","crc32":"adf3c2fe","sha1":"dbf514f883982acbcd20823788d32ae46e655e6d","format":"MPEG4","length":"87.04","width":"2560","height":"1080"},{"name":"03-51-12.thumbs/03-51-12_000001.jpg","source":"derivative","format":"Thumbnail","original":"03-51-12.mp4","mtime":"1766482894","size":"16781","md5":"224a4f0bec478a950b6d2ccce9438e16","crc32":"9a2071df","sha1":"5e0640cbd0170bfe88a59c987b992d18d0addd31"},{"name":"03-51-12.thumbs/03-51-12_000010.jpg","source":"derivative","format":"Thumbnail","original":"03-51-12.mp4","mtime":"1766482895","size":"19914","md5":"0229768729c8c0b2fb91ea0749445fa8","crc32":"804dd58c","sha1":"9e7545b0e7ee28bcbfbb61dda8aa24676c598bb1"},{"name":"03-51-12.thumbs/03-51-12_000015.jpg","source":"derivative","format":"Thumbnail","original":"03-51-12.mp4","mtime":"1766482896","size":"20017","md5":"8c4401aa09079fdf3294b6b3f419ceb7","crc32":"94283eb6","sha1":"d4c3edf95565afe643463b4ad294de5d95cb9fe4"},{"name":"03-51-12.thumbs/03-51-12_000020.jpg","source":"derivative","format":"Thumbnail","original":"03-51-12.mp4","mtime":"1766482896","size":"24335","md5":"ac746778a30cebbe921f60c9057ca4ed","crc32":"44f5fdf4","sha1":"440f437257afefb1dfbed90fb564ba5c52319b08"},{"name":"03-51-12.thumbs/03-51-12_000025.jpg","source":"derivative","format":"Thumbnail","original":"03-51-12.mp4","mtime":"1766482897","size":"24394","md5":"82a5fdc75c55c11f79e366acffc4c40f","crc32":"d61e0ebc","sha1":"7011ae5e483f190ef68922a9c4b3d65f5de0ff4d"},{"name":"03-51-12.thumbs/03-51-12_000030.jpg","source":"derivative","format":"Thumbnail","original":"03-51-12.mp4","mtime":"1766482897","size":"24607","md5":"321c701dc99ecaa5ea10a21fe8f60c20","crc32":"46b293d7","sha1":"e68e283c2c3fce1cab8f8c484abbf160fb7314da"},{"name":"03-51-12.thumbs/03-51-12_000035.jpg","source":"derivative","format":"Thumbnail","original":"03-51-12.mp4","mtime":"1766482898","size":"24697","md5":"75261d6567d37b7a180fc4b7dd0f110a","crc32":"9930a33d","sha1":"760e844dfcc3e8182e766fc989aa80f3953c389e"},{"name":"03-51-12.thumbs/03-51-12_000040.jpg","source":"derivative","format":"Thumbnail","original":"03-51-12.mp4","mtime":"1766482898","size":"24362","md5":"34ce61c1f38123e1c06d34d93d24d156","crc32":"060fbf83","sha1":"7d26c77857d2f483338d20a5a9d14161a0c8e4e6"},{"name":"03-51-12.thumbs/03-51-12_000045.jpg","source":"derivative","format":"Thumbnail","original":"03-51-12.mp4","mtime":"1766482899","size":"24323","md5":"a34e453ddd1ba9fd82c3ebed00ae1cee","crc32":"8af94199","sha1":"bb92fd9480f079605455976fa0d2d30ec61a7afa"},{"name":"03-51-12.thumbs/03-51-12_000050.jpg","source":"derivative","format":"Thumbnail","original":"03-51-12.mp4","mtime":"1766482900","size":"24393","md5":"e8783e539af254c75408ee961724b5d0","crc32":"61e868d8","sha1":"856ef5243c1616ad8380f943fdd699946dcf3c1c"},{"name":"03-51-12.thumbs/03-51-12_000055.jpg","source":"derivative","format":"Thumbnail","original":"03-51-12.mp4","mtime":"1766482900","size":"24382","md5":"d40d417cc996e03c46b14113b7abc152","crc32":"afd8cc08","sha1":"122002deb36d8fbe08ca16b1f10262000e7e0522"},{"name":"03-51-12.thumbs/03-51-12_000060.jpg","source":"derivative","format":"Thumbnail","original":"03-51-12.mp4","mtime":"1766482901","size":"24359","md5":"2fe8d752707ca10a12f6f143affa9c3b","crc32":"5914e8fd","sha1":"492fed617052f5fa6b73af1da5b137bf8421219d"},{"name":"03-51-12.thumbs/03-51-12_000065.jpg","source":"derivative","format":"Thumbnail","original":"03-51-12.mp4","mtime":"1766482902","size":"24296","md5":"edfb984372dfd4a2ed325155840c46f7","crc32":"e19b89c9","sha1":"d70f4dc7e5c086469e9aac064b57d832f5f8e417"},{"name":"03-51-12.thumbs/03-51-12_000070.jpg","source":"derivative","format":"Thumbnail","original":"03-51-12.mp4","mtime":"1766482904","size":"24270","md5":"7367c3e36aee73afece4235dc785b4b8","crc32":"d19dbcd2","sha1":"001f0040c383aed7387b72772c1da71795dcd974"},{"name":"03-51-12.thumbs/03-51-12_000075.jpg","source":"derivative","format":"Thumbnail","original":"03-51-12.mp4","mtime":"1766482905","size":"24313","md5":"e475323afe713ecd77f5ccc61082be8e","crc32":"d78ba4a1","sha1":"6790fbc53efd83a0a79072b760ce81760a7bed8e"},{"name":"03-51-12.thumbs/03-51-12_000080.jpg","source":"derivative","format":"Thumbnail","original":"03-51-12.mp4","mtime":"1766482906","size":"24286","md5":"69fcddc8c5db6bfcc06683aae7041bb4","crc32":"291f8006","sha1":"41f3afd0cf25ff277ac4da217c4a17eb2b5745be"},{"name":"03-51-12.thumbs/03-51-12_000085.jpg","source":"derivative","format":"Thumbnail","original":"03-51-12.mp4","mtime":"1766482906","size":"24196","md5":"b5feeda01d50dfa60af7667362f7d750","crc32":"c29f4359","sha1":"f545b7e53030def654e796dfc82895bd22f69727"},{"name":"03-51-12.thumbs/03-51-12_000087.jpg","source":"derivative","format":"Thumbnail","original":"03-51-12.mp4","mtime":"1766482906","size":"35630","md5":"cc32b89f3bbc30657f302c9a4c5864f9","crc32":"aeb43837","sha1":"dc2fd574e9c85b43c05e0ffd6c93ad117da8f8b0"},{"name":"03-51-12_archive.torrent","source":"metadata","btih":"ecddf211661327bdd85cef956eb925b72822cb5a","mtime":"1766484381","size":"2468","md5":"dc82444ce789d4ce67f550d9aa38bd60","crc32":"82304b5e","sha1":"6a319a6c60785f6924859aceeb4583cd45357531","format":"Archive BitTorrent"},{"name":"03-51-12_files.xml","source":"original","format":"Metadata","md5":"a403fb41b53aea206a8a662d6d7fc854","summation":"md5"},{"name":"03-51-12_meta.sqlite","source":"original","mtime":"1766480038","size":"20480","md5":"64e574b21bf6220a5011fca5af6da06b","crc32":"424ef6bc","sha1":"d4bf2bfaf10e6a6b95755579a59e3d322abd9757","format":"Metadata"},{"name":"03-51-12_meta.xml","source":"original","mtime":"1766484364","size":"649","md5":"838eefab7959710c7069d22f722d5ee1","crc32":"e43adb1d","sha1":"4686464d735c143aac16845a92c05300454e551a","format":"Metadata"},{"name":"__ia_thumb.jpg","source":"original","mtime":"1766484380","size":"3236","md5":"19f8bda6614493109736f1e95cc93fc8","crc32":"df0633bc","sha1":"9718aa4a780244ec0b4e5de050a37b7c2e92d67f","format":"Item Tile"}],"files_count":25,"item_last_updated":1766484381,"item_size":14320552,"metadata":{"identifier":"03-51-12","mediatype":"audio","collection":"opensource_audio","creator":"Guns N Roses","date":"1987","description":"GNR","scanner":"Internet Archive HTML5 Uploader 1.7.0","subject":"rock","title":"White Christmas","uploader":"ryannorwood41710@gmail.com","publicdate":"2025-12-23 08:53:48","addeddate":"2025-12-23 08:53:48","curation":"[curator]validator@archive.org[/curator][date]20251223085409[/date][comment]checked for malware[/comment]"},"server":"ia601701.us.archive.org","uniq":314915374,"workable_servers":["ia601701.us.archive.org","ia801701.us.archive.org"]}