{"alternate_locations":{"servers":[{"server":"dn720307.ca.archive.org","dir":"/0/items/03-absorb"}],"workable":[{"server":"dn720307.ca.archive.org","dir":"/0/items/03-absorb"}]},"created":1767564745,"d1":"ia601705.us.archive.org","d2":"ia801705.us.archive.org","dir":"/25/items/03-absorb","files":[{"name":"03-absorb_archive.torrent","source":"metadata","btih":"2e5eaf790932719790e5b47cfd73ad0a2e8f494e","mtime":"1705825098","size":"6168","md5":"4a8776e3d3e50dba97fb3314cf03bb21","crc32":"9bd1db85","sha1":"77690dab8ec931b0f1932372ba3b85525b271a34","format":"Archive BitTorrent"},{"name":"03-absorb_files.xml","source":"original","format":"Metadata","md5":"e47fad7f12e83655a12604ae9788b855","summation":"md5"},{"name":"03-absorb_meta.sqlite","source":"original","mtime":"1627227126","size":"49152","md5":"c3c4d97a2d83dd0483c89a7a53e03bc2","crc32":"a1549cd5","sha1":"a3e5f4dac42674cff3eb3a3f6223ca84e7946b42","format":"Metadata"},{"name":"03-absorb_meta.xml","source":"original","mtime":"1705825095","size":"1862","md5":"c19a903f5eb830d7cd51745420d7fbd0","crc32":"3db973cb","sha1":"4035eb5af50f1bfd0dd67975aeaf050da931a28a","format":"Metadata"},{"name":"Asbestos Death - Not a Demo/01 - Scourge.mp3","source":"original","mtime":"1627227021","size":"8837316","md5":"04b281bf8020a10f4d413cfd8ed1be80","crc32":"dd64ac17","sha1":"fa5ee3c08c8b1994caa60ba3cfd68cdfe6d6ada9","format":"VBR MP3","length":"278.81","height":"0","width":"0","track":"01"},{"name":"Asbestos Death - Not a Demo/01 - Scourge.png","source":"derivative","format":"PNG","original":"Asbestos Death - Not a Demo/01 - Scourge.mp3","mtime":"1627227184","size":"38226","md5":"b64f23ffd161086c8d7fdc4a5b945a06","crc32":"a2616414","sha1":"7209247cec077205763f4511f82d14ef3b2e5f7f"},{"name":"Asbestos Death - Not a Demo/01 - Scourge_spectrogram.png","source":"derivative","format":"Spectrogram","original":"Asbestos Death - Not a Demo/01 - Scourge.mp3","mtime":"1627227244","size":"268839","md5":"5e13af831db45a7ba7b743e7091d2dd2","crc32":"ef32c95d","sha1":"1321a4e8b7eefb2e6cd87a77ddbd5e9647765ae4"},{"name":"Asbestos Death - Not a Demo/02 - Anguish.mp3","source":"original","mtime":"1627227067","size":"8664612","md5":"c50c3323d995033f2b9c171b41b4315f","crc32":"ff80b961","sha1":"51da5c407b14fe9636165ec8e24a4381589e83f0","format":"VBR MP3","length":"270.65","height":"0","width":"0","track":"02"},{"name":"Asbestos Death - Not a Demo/02 - Anguish.png","source":"derivative","format":"PNG","original":"Asbestos Death - Not a Demo/02 - Anguish.mp3","mtime":"1627227199","size":"38211","md5":"165706911970ad08014ac26e8e0f0f67","crc32":"31ad7468","sha1":"a29a638cc15718c80324019ba51d1229d0fa7f79"},{"name":"Asbestos Death - Not a Demo/02 - Anguish_spectrogram.png","source":"derivative","format":"Spectrogram","original":"Asbestos Death - Not a Demo/02 - Anguish.mp3","mtime":"1627227257","size":"267520","md5":"d8beb94a917e47beb6453bc654e64284","crc32":"4b846cf6","sha1":"530941668cedb32edad4b5b1aae002a2e1d9229d"},{"name":"Asbestos Death - Not a Demo/03 - Absorb.mp3","source":"original","mtime":"1627227088","size":"9429828","md5":"cf2263b94e9a834d06926c1094c5c2c7","crc32":"f704dc22","sha1":"6b58eda94e39ade4b8267f5cb3ed11e0d992c828","format":"VBR MP3","length":"296.18","height":"0","width":"0","track":"03"},{"name":"Asbestos Death - Not a Demo/03 - Absorb.png","source":"derivative","format":"PNG","original":"Asbestos Death - Not a Demo/03 - Absorb.mp3","mtime":"1627227214","size":"37455","md5":"742d712141537cc41915a43730e8797a","crc32":"a8371320","sha1":"228f5cee68cca91c8e56c1eb6f95ec9b3b02b140"},{"name":"Asbestos Death - Not a Demo/03 - Absorb_spectrogram.png","source":"derivative","format":"Spectrogram","original":"Asbestos Death - Not a Demo/03 - Absorb.mp3","mtime":"1627227271","size":"263750","md5":"5165cf47720b386309976c5f1273d1a5","crc32":"522757ad","sha1":"3b03221da49e82bab8bcc41a0f9820ea73095889"},{"name":"Asbestos Death - Not a Demo/04 - Suffering Continures.mp3","source":"original","mtime":"1627227106","size":"8443284","md5":"61fad6469f77d3af576b70b167c2d34d","crc32":"c611d0ad","sha1":"bbed3f1e5a57ebd97e53d80b31c6cb725e76aa52","format":"VBR MP3","length":"259.73","height":"0","width":"0","track":"04","title":"04 - The Suffering"},{"name":"Asbestos Death - Not a Demo/04 - Suffering Continures.png","source":"derivative","format":"PNG","original":"Asbestos Death - Not a Demo/04 - Suffering Continures.mp3","mtime":"1627227233","size":"39575","md5":"fdf0784ed602bd808f22461d96dbb0d9","crc32":"02153c10","sha1":"bc5b6f183279dd14677aab88aed477145fa7e9b1"},{"name":"Asbestos Death - Not a Demo/04 - Suffering Continures_spectrogram.png","source":"derivative","format":"Spectrogram","original":"Asbestos Death - Not a Demo/04 - Suffering Continures.mp3","mtime":"1627227283","size":"264361","md5":"0267274b106f0de80cc5086f91227aa7","crc32":"ab07c603","sha1":"125e9404d93a6d13568fac22cf6beb69f0f7f749"},{"name":"Asbestos Death - Not a Demo/asbesot death cassette.jpg","source":"original","mtime":"1627227110","size":"354224","md5":"874ff8f6e937ff0a8f1ca621a4ad233a","crc32":"e5b19545","sha1":"efff92333213cb9519425534e659f4b5b438b01b","format":"JPEG","rotation":"0","title":"asbestos death cassette.jpg"},{"name":"Asbestos Death - Not a Demo/asbestos death inside.jpg","source":"original","mtime":"1627227112","size":"169521","md5":"1de04636852865b9371fa9ceb0eee315","crc32":"a0505416","sha1":"9e89195b8e0354547652ea939ea6976675e31447","format":"JPEG","rotation":"0"},{"name":"Asbestos Death - Not a Demo/asbestos death outside.jpg","source":"original","mtime":"1627227115","size":"157795","md5":"8d19dd90f5da595118db5be67c77afec","crc32":"88e5e181","sha1":"efe594b7fd8bb5506d747d2cc54bb611b3fe44d8","format":"JPEG","rotation":"0"},{"name":"__ia_thumb.jpg","source":"original","mtime":"1627227322","size":"8973","md5":"1c7d3aca39d1bdb494686460f7c71f64","crc32":"c85de105","sha1":"7b3706775898cf072103d4874c67c41cb0a97ee7","format":"Item Tile","rotation":"0"}],"files_count":20,"item_last_updated":1705825098,"item_size":37340672,"metadata":{"identifier":"03-absorb","mediatype":"audio","collection":["opensource_audio","community"],"creator":"Asbestos Death","date":"1990","description":"<span style=\"color:rgb(255,255,255);font-family:'Lucida Grande', Verdana, Helvetica, Arial, sans-serif;font-size:small;background-color:rgb(49,49,49);\">I don't really need to talk about this band....do I? Pre-SLEEP (and therefore pre-HIGH ON FIRE and pre-OM), ASBESTOSDEATH shoved weirdo prog rock right in the face of grungy metal dirges, and they did it in a metropolitan area that was, at the time, consumed by pop punk. Three of the songs here are on the band's two singles (re-issued by Southern Lord a few years ago), but there's a banger called \"Absorb\" that I have not been able to find elsewhere...it's probably out there, but I just don't know where to look. And while the tape clearly states that this is \"not a demo,\" these are not the versions that were eventually committed to wax. The final two tracks seen on the cover are live jammers of a decent caliber</span>","scanner":"Internet Archive HTML5 Uploader 1.6.4","subject":["Asbestosdeath","Asbestos Death","Sleep","Al Cisneros","Matt Pike","Chris Hakius","Tom Choi","Sleep Volume One"],"title":"Asbestos Death [Early SLEEP] - Not a Demo (1990)","uploader":"confoonit@hotmail.com","publicdate":"2021-07-25 15:30:59","addeddate":"2021-07-25 15:30:59","curation":"[curator]validator@archive.org[/curator][date]20210725153120[/date][comment]checked for malware[/comment]","year":"1990"},"server":"ia601705.us.archive.org","uniq":1197221617,"workable_servers":["ia601705.us.archive.org","ia801705.us.archive.org"]}