{"created":1767557730,"d1":"ia600409.us.archive.org","d2":"ia800409.us.archive.org","dir":"/28/items/03-from-this-moment-on","files":[{"name":"03-from-this-moment-on_archive.torrent","source":"metadata","btih":"d17564c49b7c249d0ca5d9dad865ec623f9d0a3c","mtime":"1757830191","size":"11752","md5":"3523681121a7541c5b7d599201e9ab56","crc32":"93ae3d9c","sha1":"a9ed021fbaece1cecf44001114c629ecb4a5681f","format":"Archive BitTorrent"},{"name":"03-from-this-moment-on_files.xml","source":"original","format":"Metadata","md5":"b9b9720defdff5dbd293e342c3cfc25a","summation":"md5"},{"name":"03-from-this-moment-on_meta.sqlite","source":"original","mtime":"1748018944","size":"106496","md5":"880c4eccd10cdc21421677dc8ef5791d","crc32":"c3688fc9","sha1":"8237b3e64d70998b5fd17abc0ceff20f11184f06","format":"Metadata"},{"name":"03-from-this-moment-on_meta.xml","source":"original","mtime":"1757830189","size":"2518","md5":"dc2679797a1adf30db414d6d2938915e","crc32":"ae99435a","sha1":"51668288e6b1a27c0c2570f53e208003b7f7df17","format":"Metadata"},{"name":"Come On Over/01 You're Still The One.mp3","source":"original","mtime":"1748018432","size":"3403135","md5":"09d5ab15b4aa9bbfca3a412bfaa0b19b","crc32":"70e838d1","sha1":"25c2aeca93f077102b250d2d119662b8a3276a11","format":"VBR MP3","length":"211.84","title":"You're Still The One","creator":"Shania Twain","album":"Come On Over","track":"1","artist":"Shania Twain","genre":"Miscellaneous"},{"name":"Come On Over/01 You're Still The One.png","source":"derivative","format":"PNG","original":"Come On Over/01 You're Still The One.mp3","mtime":"1748024830","size":"38909","md5":"2593b0d5a9cacf3bb6607b2cd82917ac","crc32":"ff28b8a7","sha1":"ed1dd1be90385ae4564e3e376014813920205d20"},{"name":"Come On Over/01 You're Still The One_spectrogram.png","source":"derivative","format":"Spectrogram","original":"Come On Over/01 You're Still The One.mp3","mtime":"1748030592","size":"310018","md5":"d39474f2345cbc4aab54a2e7e7984cb0","crc32":"062e2a6a","sha1":"5efeb3137aa9e4abbe8c0015478ae1a40a2b0fd3"},{"name":"Come On Over/02 When.mp3","source":"original","mtime":"1748018456","size":"3493608","md5":"ec26cd7d1b3c4a30c7813f9df36893f3","crc32":"a94df4ac","sha1":"7d3c7384978d413d1843aa6afbd089d20e04a25e","format":"VBR MP3","length":"217.49","title":"When","creator":"Shania Twain","album":"Come On Over","track":"2","artist":"Shania Twain","genre":"Miscellaneous"},{"name":"Come On Over/02 When.png","source":"derivative","format":"PNG","original":"Come On Over/02 When.mp3","mtime":"1748019930","size":"40800","md5":"0e90ef24513949a410f0d0f9ac22b938","crc32":"eda07e07","sha1":"979dc0acd79c90a501f894cfa9423955a02c4052"},{"name":"Come On Over/02 When_spectrogram.png","source":"derivative","format":"Spectrogram","original":"Come On Over/02 When.mp3","mtime":"1748026355","size":"304567","md5":"a812fc234a8aceb750419676ec2ca01d","crc32":"6a473357","sha1":"32968dc75d62a27bb272d051dcdca0dc66a7b193"},{"name":"Come On Over/03 From This Moment On.mp3","source":"original","mtime":"1748018491","size":"4667895","md5":"993d86261228fa9ff05cd45f48e42d13","crc32":"08a88876","sha1":"976730cc3dc557e6fa4e8149299ee26f19af168c","format":"VBR MP3","length":"290.88","title":"From This Moment On","creator":"Shania Twain","album":"Come On Over","track":"3","artist":"Shania Twain","genre":"Miscellaneous"},{"name":"Come On Over/03 From This Moment On.png","source":"derivative","format":"PNG","original":"Come On Over/03 From This Moment On.mp3","mtime":"1748020640","size":"38597","md5":"0b98410163d714adc4633e0a181bf657","crc32":"695282f1","sha1":"98639176c9b56de2cea7f0fc0994f4c919d54905"},{"name":"Come On Over/03 From This Moment On_spectrogram.png","source":"derivative","format":"Spectrogram","original":"Come On Over/03 From This Moment On.mp3","mtime":"1748026682","size":"320896","md5":"fd4ee557ad9d028ae4d0eeab83dfd8bb","crc32":"6c838766","sha1":"716107f423292b4252fa22f2be7cc9c35afa0013"},{"name":"Come On Over/04 Black Eyes, Blue Tears.mp3","source":"original","mtime":"1748018533","size":"3473196","md5":"5eaedc4478ec774db2c077ef3dd1aac1","crc32":"ab784386","sha1":"0c1fffce03409d8ec0d11e72ba75c02d0cd7cc59","format":"VBR MP3","length":"216.21","title":"Black Eyes, Blue Tears","creator":"Shania Twain","album":"Come On Over","track":"4","artist":"Shania Twain","genre":"Contemporary Pop"},{"name":"Come On Over/04 Black Eyes, Blue Tears.png","source":"derivative","format":"PNG","original":"Come On Over/04 Black Eyes, Blue Tears.mp3","mtime":"1748019138","size":"38926","md5":"b08dace4e6372daa4a49f2c6fb52a177","crc32":"5081cda1","sha1":"b5450d25ef9269e0c86cc9fbca098048373c054c"},{"name":"Come On Over/04 Black Eyes, Blue Tears_spectrogram.png","source":"derivative","format":"Spectrogram","original":"Come On Over/04 Black Eyes, Blue Tears.mp3","mtime":"1748027116","size":"306634","md5":"069b9a4cec27aa3b592946735c5c5aeb","crc32":"ad91c790","sha1":"4bb9c3071b80c2aea92bc13be9fd713425314eae"},{"name":"Come On Over/05 I Won't Leave You Lonely.mp3","source":"original","mtime":"1748018578","size":"3946076","md5":"44676b2d1fc374a717ce0ede576a6aa0","crc32":"e2e5b778","sha1":"ab0d10df35b765a4669f00d22dfd5725fa5fce70","format":"VBR MP3","length":"245.77","title":"I Won't Leave You Lonely","creator":"Shania Twain","album":"Come On Over","track":"5","artist":"Shania Twain","genre":"Contemporary Pop"},{"name":"Come On Over/05 I Won't Leave You Lonely.png","source":"derivative","format":"PNG","original":"Come On Over/05 I Won't Leave You Lonely.mp3","mtime":"1748022034","size":"43335","md5":"066399eee51921434491f632dfea3884","crc32":"8f21a9c0","sha1":"d05ab86df8dfdc034f60b87b1f98eedb845aca8e"},{"name":"Come On Over/05 I Won't Leave You Lonely_spectrogram.png","source":"derivative","format":"Spectrogram","original":"Come On Over/05 I Won't Leave You Lonely.mp3","mtime":"1748027241","size":"309410","md5":"b0336617d1dfd8950731023e1b899ffe","crc32":"37e29f63","sha1":"abed90540b4767ad440064284abfd0f9085f69d5"},{"name":"Come On Over/06 I'm Holdin' On To Love (To Save My Life).mp3","source":"original","mtime":"1748018606","size":"3305580","md5":"7b7a4af07b9924be316b401eb5ab5608","crc32":"db2c1d73","sha1":"805ca95f50a1562bc203585d7e12ef8c0201833b","format":"VBR MP3","length":"205.74","title":"I'm Holdin' On To Love (To Save My Life)","creator":"Shania Twain","album":"Come On Over","track":"6","artist":"Shania Twain","genre":"Contemporary Pop"},{"name":"Come On Over/06 I'm Holdin' On To Love (To Save My Life).png","source":"derivative","format":"PNG","original":"Come On Over/06 I'm Holdin' On To Love (To Save My Life).mp3","mtime":"1748022447","size":"44535","md5":"7ba7a3b35b4908eab6bf88299c083072","crc32":"e34ecf66","sha1":"df593ddb146111a3826fc1fa2e40a3cab76ed430"},{"name":"Come On Over/06 I'm Holdin' On To Love (To Save My Life)_spectrogram.png","source":"derivative","format":"Spectrogram","original":"Come On Over/06 I'm Holdin' On To Love (To Save My Life).mp3","mtime":"1748026145","size":"311399","md5":"fc4f9ecd0c34a0c08481146d72035bac","crc32":"3c6f1d0b","sha1":"00163f3ffe807e2ec2d99df5542aadab41a6a5a7"},{"name":"Come On Over/07 Come On Over (Title Song).mp3","source":"original","mtime":"1748018643","size":"2779728","md5":"a59a50d4f46dabeb71cd72408f0dd84b","crc32":"bdc2ed57","sha1":"74a2ff70216016a38bf1eada3ebc20c1c6a704ed","format":"VBR MP3","length":"172.87","title":"Come On Over (Title Song)","creator":"Shania Twain","album":"Come On Over","track":"7","artist":"Shania Twain","genre":"Contemporary Pop"},{"name":"Come On Over/07 Come On Over (Title Song).png","source":"derivative","format":"PNG","original":"Come On Over/07 Come On Over (Title Song).mp3","mtime":"1748022865","size":"42949","md5":"90b93ded64e99558e8b58a1bd383877c","crc32":"7e7b2480","sha1":"e7ed9efc8927544908817d992f2e833e33900a11"},{"name":"Come On Over/07 Come On Over (Title Song)_spectrogram.png","source":"derivative","format":"Spectrogram","original":"Come On Over/07 Come On Over (Title Song).mp3","mtime":"1748028274","size":"307730","md5":"00b3d4454b529470cf5029594896ba57","crc32":"877c2ae2","sha1":"d07228b5bceb860984dce0cd817256f0ef80176e"},{"name":"Come On Over/08 You've Got A Way.mp3","source":"original","mtime":"1748018683","size":"3193383","md5":"75aa801e74359adfa68ac500a1bf8ee4","crc32":"6ec7a5bc","sha1":"d649213363588323ff218795a354351b6f7c38e1","format":"VBR MP3","length":"198.73","title":"You've Got A Way","creator":"Shania Twain","album":"Come On Over","track":"8","artist":"Shania Twain","genre":"Contemporary Pop"},{"name":"Come On Over/08 You've Got A Way.png","source":"derivative","format":"PNG","original":"Come On Over/08 You've Got A Way.mp3","mtime":"1748025272","size":"40723","md5":"4131bdb98dbc119eadffc99141e92430","crc32":"d793b116","sha1":"c733637bd2c4c514d9987040f1f67977383a823c"},{"name":"Come On Over/08 You've Got A Way_spectrogram.png","source":"derivative","format":"Spectrogram","original":"Come On Over/08 You've Got A Way.mp3","mtime":"1748029150","size":"311308","md5":"068d0f13f6fbd044d34b2373c27a1fc2","crc32":"fdafd02b","sha1":"921a6c77902209c889df269330fc1cfb8b0d39f9"},{"name":"Come On Over/09 Whatever You Do, Don't...!.mp3","source":"original","mtime":"1748018720","size":"3658348","md5":"95bfaa33fc4cc8a2ee3028dfaa38c9e3","crc32":"dda0e0f0","sha1":"2634271c1ad363fca9c4162b6b444b555000f6fa","format":"VBR MP3","length":"227.79","title":"Whatever You Do, Don't...!","creator":"Shania Twain","album":"Come On Over","track":"9","artist":"Shania Twain","genre":"Contemporary Pop"},{"name":"Come On Over/09 Whatever You Do, Don't...!.png","source":"derivative","format":"PNG","original":"Come On Over/09 Whatever You Do, Don't...!.mp3","mtime":"1748025512","size":"40802","md5":"237ce40e828a655af97ece2b9ea5ac34","crc32":"a32d6ea2","sha1":"fe2e680c919c80746692f8f1025571896795e998"},{"name":"Come On Over/09 Whatever You Do, Don't...!_spectrogram.png","source":"derivative","format":"Spectrogram","original":"Come On Over/09 Whatever You Do, Don't...!.mp3","mtime":"1748029544","size":"317095","md5":"e9c1daf87aad992950f64bf10ba19638","crc32":"f9f4d33b","sha1":"49846419b03810aa267812be0e9ba86ad96a65a2"},{"name":"Come On Over/10 Man! I Feel Like A Woman!.mp3","source":"original","mtime":"1748018754","size":"3732157","md5":"0306096b102b36a96a2617f7bc84ce50","crc32":"20bb58b1","sha1":"df58991d56587b8ec6220887ac7df1d15440568c","format":"VBR MP3","length":"232.4","title":"Man! I Feel Like A Woman!","creator":"Shania Twain","album":"Come On Over","track":"10","artist":"Shania Twain","genre":"Contemporary Pop"},{"name":"Come On Over/10 Man! I Feel Like A Woman!.png","source":"derivative","format":"PNG","original":"Come On Over/10 Man! I Feel Like A Woman!.mp3","mtime":"1748024133","size":"42650","md5":"97f6ce242b2a47c8f6caa5ed813f71bf","crc32":"801c2788","sha1":"ecce2aee71702e493aa2ea169a6be88373c61ae1"},{"name":"Come On Over/10 Man! I Feel Like A Woman!_spectrogram.png","source":"derivative","format":"Spectrogram","original":"Come On Over/10 Man! I Feel Like A Woman!.mp3","mtime":"1748030279","size":"303291","md5":"2f9b1c65de22309fe05b8d8e5d09ccad","crc32":"4710b9c6","sha1":"92a54e7693ce0c38ad669873773d36fd88481c31"},{"name":"Come On Over/11 Love Gets Me Every Time.mp3","source":"original","mtime":"1748018759","size":"3409814","md5":"7411e8813851bce426053fd53ff10c07","crc32":"83bf67d1","sha1":"0cc78a23d10c6fbcad3d266fd9379f8cacd0972a","format":"VBR MP3","length":"212.25","title":"Love Gets Me Every Time","creator":"Shania Twain","album":"Come On Over","track":"11","artist":"Shania Twain","genre":"Contemporary Pop"},{"name":"Come On Over/11 Love Gets Me Every Time.png","source":"derivative","format":"PNG","original":"Come On Over/11 Love Gets Me Every Time.mp3","mtime":"1748019238","size":"43699","md5":"f0c40a09ff595f932a88a08e2ebf263c","crc32":"8088a7fa","sha1":"8ab7f0ec8859fc04ea8e88e6cce42413faa1e000"},{"name":"Come On Over/11 Love Gets Me Every Time_spectrogram.png","source":"derivative","format":"Spectrogram","original":"Come On Over/11 Love Gets Me Every Time.mp3","mtime":"1748027908","size":"314954","md5":"691bb43331be7e7ca703212ee4ec8695","crc32":"cfee0f2d","sha1":"354e5afbd8831f1d28de9b529ef86d200a820479"},{"name":"Come On Over/12 Don't Be Stupid! (You Know I Love You!).mp3","source":"original","mtime":"1748018795","size":"3424423","md5":"6103f278abff56cd2529d16f5e018122","crc32":"9b443ddb","sha1":"b46f81248c3ef31766f1bcb760d049cf45172d94","format":"VBR MP3","length":"213.17","title":"Don't Be Stupid (You Know I Love You)","creator":"Shania Twain","album":"Come On Over","track":"12","artist":"Shania Twain","genre":"Contemporary Pop"},{"name":"Come On Over/12 Don't Be Stupid! (You Know I Love You!).png","source":"derivative","format":"PNG","original":"Come On Over/12 Don't Be Stupid! (You Know I Love You!).mp3","mtime":"1748021639","size":"45665","md5":"3a394bf6588f172fa7251b37546590a4","crc32":"3b078e5e","sha1":"4e34b29a6216391e3e7cf9245403e20e7a6165f6"},{"name":"Come On Over/12 Don't Be Stupid! (You Know I Love You!)_spectrogram.png","source":"derivative","format":"Spectrogram","original":"Come On Over/12 Don't Be Stupid! (You Know I Love You!).mp3","mtime":"1748030127","size":"305378","md5":"fd477aec2e257cde9136875b4d7edb3f","crc32":"5ddaff6a","sha1":"c98c61dda3d7caf44e2712b2d40109f89cea62dd"},{"name":"Come On Over/13 That Don't Impress Me Much.mp3","source":"original","mtime":"1748018799","size":"3775109","md5":"8d9cbce91503a1713a67f299177face0","crc32":"4de8bbb9","sha1":"190f649479b0ca50e8c6ef7fdfef3c6948a2ff90","format":"VBR MP3","length":"235.08","title":"That Don't Impress Me Much","creator":"Shania Twain","album":"Come On Over","track":"13","artist":"Shania Twain","genre":"Contemporary Pop"},{"name":"Come On Over/13 That Don't Impress Me Much.png","source":"derivative","format":"PNG","original":"Come On Over/13 That Don't Impress Me Much.mp3","mtime":"1748023351","size":"44892","md5":"4336d07b1ba5f3b995abaafb514f8e5f","crc32":"f252e66f","sha1":"7d27bb26cf62518050c619506326483f53dc7057"},{"name":"Come On Over/13 That Don't Impress Me Much_spectrogram.png","source":"derivative","format":"Spectrogram","original":"Come On Over/13 That Don't Impress Me Much.mp3","mtime":"1748032653","size":"303268","md5":"07fd9a0bbd3c3a02cccb6f718220d479","crc32":"4333a423","sha1":"4f18b8a1455f7ed7d2c6edb75f607a0fc250e6b7"},{"name":"Come On Over/14 Honey, I'm Home!.mp3","source":"original","mtime":"1748018829","size":"3416895","md5":"2e3517ac8398771313d66f5ed8dbe301","crc32":"eb07398f","sha1":"38b430e3e7e5ce78dd68edfa765e90505b2f912e","format":"VBR MP3","length":"212.7","title":"Honey, I'm Home","creator":"Shania Twain","album":"Come On Over","track":"14","artist":"Shania Twain","genre":"Contemporary Pop"},{"name":"Come On Over/14 Honey, I'm Home!.png","source":"derivative","format":"PNG","original":"Come On Over/14 Honey, I'm Home!.mp3","mtime":"1748025759","size":"43574","md5":"22ec08ff3c159ba41eee0c0f1a2924bc","crc32":"5b03a07a","sha1":"6ca6db5de146513e2bb92ac2ef8dcacc77352052"},{"name":"Come On Over/14 Honey, I'm Home!_spectrogram.png","source":"derivative","format":"Spectrogram","original":"Come On Over/14 Honey, I'm Home!.mp3","mtime":"1748031375","size":"306282","md5":"2b923693ec70e6166cc2ffb5091ded94","crc32":"964bf4ec","sha1":"3bdd505f67e47356483229ff9bef318dd1049d60"},{"name":"Come On Over/15 If You Wanna Touch Her, Ask!.mp3","source":"original","mtime":"1748018861","size":"4059922","md5":"f0fda24596db22eaf1fe15cda7cbe393","crc32":"67aced25","sha1":"83acb74bafd229f2bd2c1971192c505734dc90e7","format":"VBR MP3","length":"252.88","title":"If You Wanna Touch Her, Ask!","creator":"Shania Twain","album":"Come On Over","track":"15","artist":"Shania Twain","genre":"Contemporary Pop"},{"name":"Come On Over/15 If You Wanna Touch Her, Ask!.png","source":"derivative","format":"PNG","original":"Come On Over/15 If You Wanna Touch Her, Ask!.mp3","mtime":"1748021115","size":"43258","md5":"960e31c17a088c27306c6e3e2c161265","crc32":"b7af5b1c","sha1":"d5964c13b1f1949f38bb66b6ba9688433247923c"},{"name":"Come On Over/15 If You Wanna Touch Her, Ask!_spectrogram.png","source":"derivative","format":"Spectrogram","original":"Come On Over/15 If You Wanna Touch Her, Ask!.mp3","mtime":"1748031799","size":"308413","md5":"b1fef9357d301fc64a42f3a3595fdc47","crc32":"689c8a1c","sha1":"7c30e50589f763f25b4f05d967f4d28f926f743d"},{"name":"Come On Over/16 Rock This Country!.mp3","source":"original","mtime":"1748018915","size":"4262991","md5":"5f8093607c8154aa3618b122038f0d9a","crc32":"2bb939db","sha1":"3da6a9494961b1693106e5cddfddc7a8d56a02a9","format":"VBR MP3","length":"265.58","title":"Rock This Country!","creator":"Shania Twain","album":"Come On Over","track":"16","artist":"Shania Twain","genre":"Contemporary Pop"},{"name":"Come On Over/16 Rock This Country!.png","source":"derivative","format":"PNG","original":"Come On Over/16 Rock This Country!.mp3","mtime":"1748019462","size":"39772","md5":"5c500608b992ae3937d8cda5fbf1c1af","crc32":"d63b5533","sha1":"abd48a351ffbb20408dfc79df6837a260c282f49"},{"name":"Come On Over/16 Rock This Country!_spectrogram.png","source":"derivative","format":"Spectrogram","original":"Come On Over/16 Rock This Country!.mp3","mtime":"1748031095","size":"303109","md5":"fdc2f61839697bb4c448ae69cff99e1f","crc32":"b45cbf1d","sha1":"4e63ae3a007c427fb2007f190deb782346309bcc"},{"name":"Come On Over/AlbumArtSmall.jpg","source":"original","mtime":"1748018917","size":"8091","md5":"fae885910b8061ba74a6e1fed1946e8c","crc32":"5959c8f0","sha1":"7a1b74d5613095a8932c433a22289560828d623c","format":"JPEG"},{"name":"Come On Over/AlbumArt_{B5020207-474E-4720-EA35-D32EF7D8BA00}_Large.jpg","source":"original","mtime":"1748018920","size":"24805","md5":"4f7ed760bef4a6b2fb5312aa62da3797","crc32":"0fc11036","sha1":"7b8056be349bb4b62e3c97501df01b5c5a462851","format":"JPEG"},{"name":"Come On Over/AlbumArt_{B5020207-474E-4720-EA35-D32EF7D8BA00}_Small.jpg","source":"original","mtime":"1748018926","size":"8091","md5":"fae885910b8061ba74a6e1fed1946e8c","crc32":"5959c8f0","sha1":"7a1b74d5613095a8932c433a22289560828d623c","format":"JPEG"},{"name":"Come On Over/Folder.jpg","source":"original","mtime":"1748018931","size":"24805","md5":"4f7ed760bef4a6b2fb5312aa62da3797","crc32":"0fc11036","sha1":"7b8056be349bb4b62e3c97501df01b5c5a462851","format":"JPEG"},{"name":"__ia_thumb.jpg","source":"original","mtime":"1748018979","size":"9846","md5":"8ce1f0a6cd7531eb16db08308ecc5dc9","crc32":"56af468e","sha1":"7b322314626779b2de2bb44acf96ef0ac3754098","format":"Item Tile"}],"files_count":57,"item_last_updated":1757830191,"item_size":63815502,"metadata":{"identifier":"03-from-this-moment-on","mediatype":"audio","collection":["hifidelity_potpourri","hifidelity"],"creator":"Universal Music on Demand","date":"1997-11-04","description":"Canadian female singer-songwriter <b>Shania Twain</b> stars as a solo singer in her British 1999 single-CD studio album, <b><i>Come On Over</i></b>. On the single-CD <i>Shania Twain - Come On Over</i> album, the title song is track no.7. There are 16 songs altogether on this feel-good album, including some songs which, (at the time of original release of the album) reached <b>no.1 on the UK singles chart</b>, \"You're Still The One\", \"Don't Be Stupid! You Know I Love You\", \"That Don't Impress Me Much\" and \"Honey I'm Home\" to name just a few. <div><br /></div><div>Track Listing</div><div><br /></div><div>1. You're Still The One</div><div>2. When</div><div>3. From This Moment On</div><div>4. Black Eyes, Blue Tears</div><div>5. I Won't Leave You Lonely</div><div>6. I'm Holding On To Love (To Save My Life)</div><div>7. Come On Over (Title Song)</div><div>8. You've Got A Way</div><div>9. Whatever You Do, Don't...!</div><div>10. Man! I Feel Like A Woman!</div><div>11. Love Gets Me Every Time</div><div>12. Don't Be Stupid! You Know I Love You</div><div>13. That Don't Impress Me Much</div><div>14. Honey, I'm Home</div><div>15. If You Wanna Touch Her, Ask!</div><div>16. Rock This Country!</div>","language":"eng","licenseurl":"https://creativecommons.org/licenses/by-nd/4.0/","scanner":"Internet Archive HTML5 Uploader 1.7.0","subject":["CD","audio","music","sing-a-longs","Shania Twain"],"title":"Shania Twain - Come On Over (full CD album)","uploader":"peelp50p@gmail.com","publicdate":"2025-05-23 16:40:56","addeddate":"2025-05-23 16:40:56","curation":"[curator]validator@archive.org[/curator][date]20250523164230[/date][comment]checked for malware[/comment]","collection_added":"hifidelity"},"server":"ia600409.us.archive.org","uniq":1885591946,"workable_servers":["ia600409.us.archive.org","ia800409.us.archive.org"]}