{"alternate_locations":{"servers":[{"server":"dn710103.ca.archive.org","dir":"/0/items/03-feelings"}],"workable":[{"server":"dn710103.ca.archive.org","dir":"/0/items/03-feelings"}]},"created":1767564746,"d1":"ia600900.us.archive.org","d2":"ia800900.us.archive.org","dir":"/26/items/03-feelings","files":[{"name":"03-feelings_archive.torrent","source":"metadata","btih":"0845582bbd3c41331d82b15aa129794ccb2709d6","mtime":"1757830171","size":"15622","md5":"900fec3a613b60c82145e194f9ab96bd","crc32":"0006f320","sha1":"5b1ce8347b318b2d2d8ef71384af04a3c7e8e190","format":"Archive BitTorrent"},{"name":"03-feelings_files.xml","source":"original","format":"Metadata","md5":"65b118f12bbc17446921cdf1be353ab5","summation":"md5"},{"name":"03-feelings_meta.sqlite","source":"original","mtime":"1751223143","size":"126976","md5":"367bf5913f7b152b6812aa50d3ce7845","crc32":"e58640bf","sha1":"0af0ea0947cd28a5ac2341d1359ccf5ebdc08de1","format":"Metadata"},{"name":"03-feelings_meta.xml","source":"original","mtime":"1757830169","size":"2757","md5":"0ca48cb8d37a1cee9629afad234f7c55","crc32":"c8875b47","sha1":"fde5891d53b43f94c041837efa47f66edb0568e0","format":"Metadata"},{"name":"A Golden Hour Of Lena Martell/01 One Day At A Time.mp3","source":"original","mtime":"1751223012","size":"3152852","md5":"6965d904e672578b8dbe226c26d7c96f","crc32":"f3a2bd0d","sha1":"bf63f0b832d4fb64fee0a349ff34425b24863ffd","format":"VBR MP3","length":"196.25","title":"One Day At A Time","creator":"Lena Martell","album":"A Golden Hour Of Lena Martell","track":"1","artist":"Lena Martell","genre":"World Pop"},{"name":"A Golden Hour Of Lena Martell/01 One Day At A Time.png","source":"derivative","format":"PNG","original":"A Golden Hour Of Lena Martell/01 One Day At A Time.mp3","mtime":"1751223560","size":"38377","md5":"6f38852d85d73f61be6ef9aa42c7fbfe","crc32":"e09d17d9","sha1":"1cdaf97d467e82c5f609820073b62220616a4172"},{"name":"A Golden Hour Of Lena Martell/01 One Day At A Time_spectrogram.png","source":"derivative","format":"Spectrogram","original":"A Golden Hour Of Lena Martell/01 One Day At A Time.mp3","mtime":"1751223841","size":"302639","md5":"8240a0d096fa83387ba0362d5c6df7cf","crc32":"c7f66fd4","sha1":"452538f05878f13186efdc782ec208b3136e47ad"},{"name":"A Golden Hour Of Lena Martell/02 You've Got A Friend.mp3","source":"original","mtime":"1751223032","size":"3000649","md5":"584cb4004d1f7a130ef174d0bf2a978b","crc32":"1aef8114","sha1":"f9837d0b070bd142f7b688c7925c8d4615e67978","format":"VBR MP3","length":"186.74","title":"You've Got A Friend","creator":"Lena Martell","album":"A Golden Hour Of Lena Martell","track":"2","artist":"Lena Martell","genre":"World Pop"},{"name":"A Golden Hour Of Lena Martell/02 You've Got A Friend.png","source":"derivative","format":"PNG","original":"A Golden Hour Of Lena Martell/02 You've Got A Friend.mp3","mtime":"1751223393","size":"38180","md5":"ca5f25617035ecdd8bfd6f8c2af3c03b","crc32":"8e92d409","sha1":"afaef32565082c80e1bf50df6f04127294c8c176"},{"name":"A Golden Hour Of Lena Martell/02 You've Got A Friend_spectrogram.png","source":"derivative","format":"Spectrogram","original":"A Golden Hour Of Lena Martell/02 You've Got A Friend.mp3","mtime":"1751223642","size":"300596","md5":"235102d571c096a3ea72de0eb65a1e41","crc32":"c8dfb9c8","sha1":"836ac6dbeaccdb7301de2411dfa1baf11cf70637"},{"name":"A Golden Hour Of Lena Martell/03 Feelings.mp3","source":"original","mtime":"1751223040","size":"4396754","md5":"5349fe61fa9767bdf9486f07e2a2598f","crc32":"ba1a1d44","sha1":"13def3a7d008885ae88850d8ada40ff5787cb787","format":"VBR MP3","length":"274","title":"Feelings","creator":"Lena Martell","album":"A Golden Hour Of Lena Martell","track":"3","artist":"Lena Martell","genre":"World Pop"},{"name":"A Golden Hour Of Lena Martell/03 Feelings.png","source":"derivative","format":"PNG","original":"A Golden Hour Of Lena Martell/03 Feelings.mp3","mtime":"1751223409","size":"31601","md5":"bfdc5e6dd3ea238e74c7671db485381a","crc32":"5d289fe0","sha1":"f7de3bb3b3e7c08d4649fe8daded326056bfe241"},{"name":"A Golden Hour Of Lena Martell/03 Feelings_spectrogram.png","source":"derivative","format":"Spectrogram","original":"A Golden Hour Of Lena Martell/03 Feelings.mp3","mtime":"1751223656","size":"299413","md5":"d1a8cb1b215fdb442625559104e08952","crc32":"4a839aa2","sha1":"fceb8709af63297181bc2daaed734058b3d7edb2"},{"name":"A Golden Hour Of Lena Martell/04 Where Do I Begin-.mp3","source":"original","mtime":"1751223044","size":"2844689","md5":"61a6ef360bfa0e588ad575429fb6c511","crc32":"57e26003","sha1":"0bd0a5e615a0fa4f28bf6716110c096fd59b60f4","format":"VBR MP3","length":"176.99","title":"Where Do I Begin?","creator":"Lena Martell","album":"A Golden Hour Of Lena Martell","track":"4","artist":"Lena Martell","genre":"World Pop"},{"name":"A Golden Hour Of Lena Martell/04 Where Do I Begin-.png","source":"derivative","format":"PNG","original":"A Golden Hour Of Lena Martell/04 Where Do I Begin-.mp3","mtime":"1751223262","size":"32102","md5":"4fbbdbcba1c16795ad95b00b504f1bdd","crc32":"5dcfb60d","sha1":"df28a5d5563ec950900eeb0ef8a6415f70dd8387"},{"name":"A Golden Hour Of Lena Martell/04 Where Do I Begin-_spectrogram.png","source":"derivative","format":"Spectrogram","original":"A Golden Hour Of Lena Martell/04 Where Do I Begin-.mp3","mtime":"1751223669","size":"306806","md5":"f8dcc69a7e56b166a1ada867b9e9bfd9","crc32":"bf7abda1","sha1":"f931d21461ba7fa3c5f1dfb953aa97a36e810888"},{"name":"A Golden Hour Of Lena Martell/05 The Old Fashioned Way.mp3","source":"original","mtime":"1751223049","size":"3451428","md5":"8d0cde82c6f95ed5443f157ca6a415ef","crc32":"89a814b5","sha1":"873fde700fb5d9dd3c7d7a1186cc7070eda0d136","format":"VBR MP3","length":"214.91","title":"The Old Fashioned Way","creator":"Lena Martell","album":"A Golden Hour Of Lena Martell","track":"5","artist":"Lena Martell","genre":"World Pop"},{"name":"A Golden Hour Of Lena Martell/05 The Old Fashioned Way.png","source":"derivative","format":"PNG","original":"A Golden Hour Of Lena Martell/05 The Old Fashioned Way.mp3","mtime":"1751223474","size":"35478","md5":"9e844c6d22c7c95e7b52d28f6cbaa90c","crc32":"c005f74d","sha1":"d2ee2c36a9410df41cb9e96716c9a76fb39d2b40"},{"name":"A Golden Hour Of Lena Martell/05 The Old Fashioned Way_spectrogram.png","source":"derivative","format":"Spectrogram","original":"A Golden Hour Of Lena Martell/05 The Old Fashioned Way.mp3","mtime":"1751223682","size":"306730","md5":"3b03556c0da9e636f5efc3a9efb833b5","crc32":"0b8ebb95","sha1":"03b7ee03d07068458323522798808ce6e172c115"},{"name":"A Golden Hour Of Lena Martell/06 Help Me Make It Through The Night.mp3","source":"original","mtime":"1751223054","size":"2708346","md5":"99f49ec852b3c8484e4ab2476f983966","crc32":"05820879","sha1":"7c33bd583ebc719513a1ea738fea1936ebf2fd9e","format":"VBR MP3","length":"168.47","title":"Help Me Make It Through The Night","creator":"Lena Martell","album":"A Golden Hour Of Lena Martell","track":"6","artist":"Lena Martell","genre":"World Pop"},{"name":"A Golden Hour Of Lena Martell/06 Help Me Make It Through The Night.png","source":"derivative","format":"PNG","original":"A Golden Hour Of Lena Martell/06 Help Me Make It Through The Night.mp3","mtime":"1751223496","size":"35387","md5":"4bf7d246380f52b84c32cae1d7b7edfe","crc32":"520450d2","sha1":"cfca2ee3bab8763761a25fe89b3a4b0275a9d41c"},{"name":"A Golden Hour Of Lena Martell/06 Help Me Make It Through The Night_spectrogram.png","source":"derivative","format":"Spectrogram","original":"A Golden Hour Of Lena Martell/06 Help Me Make It Through The Night.mp3","mtime":"1751223698","size":"304845","md5":"3e7071b8994c35acc022612ea3a7da9a","crc32":"4ee18cec","sha1":"b9ccc7b641195362aa88938c31df5d7fd01c3683"},{"name":"A Golden Hour Of Lena Martell/07 Killing Me Softly With His Song.mp3","source":"original","mtime":"1751223058","size":"3883450","md5":"c418943bce24d61c49758f5557c5e370","crc32":"2d6ed179","sha1":"a488c216013f2df9f873e32e125aa55f682942ea","format":"VBR MP3","length":"241.91","title":"Killing Me Softly With His Song","creator":"Lena Martell","album":"A Golden Hour Of Lena Martell","track":"7","artist":"Lena Martell","genre":"World Pop"},{"name":"A Golden Hour Of Lena Martell/07 Killing Me Softly With His Song.png","source":"derivative","format":"PNG","original":"A Golden Hour Of Lena Martell/07 Killing Me Softly With His Song.mp3","mtime":"1751223528","size":"40469","md5":"65c179e5503daa7a122cfe4aa5392b49","crc32":"9c0be8a6","sha1":"c991e002b58f35640a0b8ddec19d0dd875d0bc6a"},{"name":"A Golden Hour Of Lena Martell/07 Killing Me Softly With His Song_spectrogram.png","source":"derivative","format":"Spectrogram","original":"A Golden Hour Of Lena Martell/07 Killing Me Softly With His Song.mp3","mtime":"1751223630","size":"305359","md5":"bb303aaba30a20c8ba341af3dd3e4143","crc32":"66bc38ad","sha1":"51c20cce43759752852134484e9aa4593711bf3b"},{"name":"A Golden Hour Of Lena Martell/08 Bridge Over Troubled Water.mp3","source":"original","mtime":"1751223066","size":"4007711","md5":"1bdc8932b2dc465bf3b8c0fc78e0289d","crc32":"896908be","sha1":"590a63806e4a5237f5d1537c0865da168e8febe3","format":"VBR MP3","length":"249.68","title":"Bridge Over Troubled Water","creator":"Lena Martell","album":"A Golden Hour Of Lena Martell","track":"8","artist":"Lena Martell","genre":"World Pop"},{"name":"A Golden Hour Of Lena Martell/08 Bridge Over Troubled Water.png","source":"derivative","format":"PNG","original":"A Golden Hour Of Lena Martell/08 Bridge Over Troubled Water.mp3","mtime":"1751223595","size":"39630","md5":"69af37447be818f340d12e8fbd0ee23e","crc32":"e343e0d3","sha1":"6a6b4e6c169de5ea8a8bef50f17a48dc09b09d6e"},{"name":"A Golden Hour Of Lena Martell/08 Bridge Over Troubled Water_spectrogram.png","source":"derivative","format":"Spectrogram","original":"A Golden Hour Of Lena Martell/08 Bridge Over Troubled Water.mp3","mtime":"1751223732","size":"300529","md5":"4db6ab143a6d41b0ec41fd3ffa00d32c","crc32":"721432ce","sha1":"4bbd2fc76eb38b5bae4b617267ecf4e27bdc41db"},{"name":"A Golden Hour Of Lena Martell/09 You'll Never Walk Alone.mp3","source":"original","mtime":"1751223077","size":"2570309","md5":"529c8064b06ef9f9c4ea8882428c3b59","crc32":"bc5bfa62","sha1":"fbdfc5cd4eb6b4c0abf79d5eb07ce001487c4aff","format":"VBR MP3","length":"159.84","title":"You'll Never Walk Alone","creator":"Lena Martell","album":"A Golden Hour Of Lena Martell","track":"9","artist":"Lena Martell","genre":"World Pop"},{"name":"A Golden Hour Of Lena Martell/09 You'll Never Walk Alone.png","source":"derivative","format":"PNG","original":"A Golden Hour Of Lena Martell/09 You'll Never Walk Alone.mp3","mtime":"1751223546","size":"36723","md5":"26da9fbcea756ed27890e7fff32ef474","crc32":"c93480e0","sha1":"2988fa0b08530782e64472af8ca74a21106801fd"},{"name":"A Golden Hour Of Lena Martell/09 You'll Never Walk Alone_spectrogram.png","source":"derivative","format":"Spectrogram","original":"A Golden Hour Of Lena Martell/09 You'll Never Walk Alone.mp3","mtime":"1751223745","size":"307882","md5":"32b2a12989731a844940f8c2729ae43c","crc32":"6f4a4352","sha1":"041a644e40f593709b926802bed42ddfd94ba67b"},{"name":"A Golden Hour Of Lena Martell/10 I'm A Country Girl Again.mp3","source":"original","mtime":"1751223081","size":"2621185","md5":"0bdac1d549a5cbaa2519348f4f5596f5","crc32":"8410e30f","sha1":"ffd1e1b5c4404577a2f71bf9a560216c2554f2e5","format":"VBR MP3","length":"163.02","title":"I'm A Country Girl Again","creator":"Lena Martell","album":"A Golden Hour Of Lena Martell","track":"10","artist":"Lena Martell","genre":"World Pop"},{"name":"A Golden Hour Of Lena Martell/10 I'm A Country Girl Again.png","source":"derivative","format":"PNG","original":"A Golden Hour Of Lena Martell/10 I'm A Country Girl Again.mp3","mtime":"1751223612","size":"40558","md5":"7042e75c13e4f45cb5448f9223d92ae2","crc32":"741eb918","sha1":"f36fab0ec2ea9fbcd2c00f4ea8f5e362bace46cc"},{"name":"A Golden Hour Of Lena Martell/10 I'm A Country Girl Again_spectrogram.png","source":"derivative","format":"Spectrogram","original":"A Golden Hour Of Lena Martell/10 I'm A Country Girl Again.mp3","mtime":"1751223759","size":"301716","md5":"0c91c43331cc27d1807a565869b51fe2","crc32":"59c7db2e","sha1":"bf1834427ea7dc9eba6d81ff568b946ef67bcfc3"},{"name":"A Golden Hour Of Lena Martell/11 You Light Up My Life.mp3","source":"original","mtime":"1751223085","size":"3465606","md5":"e2f56bdba8b1e47e2d8116b75ca4ff8d","crc32":"5d4457de","sha1":"e9114aaac45eef85c2e0ec4db05e4dde2fe54f80","format":"VBR MP3","length":"215.8","title":"You Light Up My Life","creator":"Lena Martell","album":"A Golden Hour Of Lena Martell","track":"11","artist":"Lena Martell","genre":"World Pop"},{"name":"A Golden Hour Of Lena Martell/11 You Light Up My Life.png","source":"derivative","format":"PNG","original":"A Golden Hour Of Lena Martell/11 You Light Up My Life.mp3","mtime":"1751223459","size":"38114","md5":"14eccf54d40304be4764cf73f20891eb","crc32":"03707bca","sha1":"c3b085d4461fccd452ea7036d3de85e81043a1aa"},{"name":"A Golden Hour Of Lena Martell/11 You Light Up My Life_spectrogram.png","source":"derivative","format":"Spectrogram","original":"A Golden Hour Of Lena Martell/11 You Light Up My Life.mp3","mtime":"1751223786","size":"307872","md5":"711fd042aa279cab3699dc3860bac8fd","crc32":"5a86d42a","sha1":"3e3c49c7d6dae29ee2f0e15eacec39cf0505835c"},{"name":"A Golden Hour Of Lena Martell/12 When I Need You.mp3","source":"original","mtime":"1751223096","size":"3003982","md5":"f6e64ba1e05f504548fe8c35f79d85d5","crc32":"6db25896","sha1":"03d9aaf8dd9c18f057331c1ba78c48cdb3aa52b1","format":"VBR MP3","length":"186.95","title":"When I Need You","creator":"Lena Martell","album":"A Golden Hour Of Lena Martell","track":"12","artist":"Lena Martell","genre":"World Pop"},{"name":"A Golden Hour Of Lena Martell/12 When I Need You.png","source":"derivative","format":"PNG","original":"A Golden Hour Of Lena Martell/12 When I Need You.mp3","mtime":"1751223440","size":"38859","md5":"2d9154a563b7122769f5023529031ac0","crc32":"707e0cc3","sha1":"d120d7e56bc38075509fa521fe7cfc165a02a81c"},{"name":"A Golden Hour Of Lena Martell/12 When I Need You_spectrogram.png","source":"derivative","format":"Spectrogram","original":"A Golden Hour Of Lena Martell/12 When I Need You.mp3","mtime":"1751223719","size":"310831","md5":"e132941ad577e8b285368e40c57fa603","crc32":"e65a51a3","sha1":"f754c9c79d6e794ee748fc81d44233e1ae4ee961"},{"name":"A Golden Hour Of Lena Martell/13 The Impossible Dream.mp3","source":"original","mtime":"1751223099","size":"3106986","md5":"abc50725ba8e7f77e872b8f0f3facb0c","crc32":"17b6a159","sha1":"05fa4040e15a1be76992b9c07cdc4f8d52ef7d6d","format":"VBR MP3","length":"193.38","title":"The Impossible Dream","creator":"Lena Martell","album":"A Golden Hour Of Lena Martell","track":"13","artist":"Lena Martell","genre":"World Pop"},{"name":"A Golden Hour Of Lena Martell/13 The Impossible Dream.png","source":"derivative","format":"PNG","original":"A Golden Hour Of Lena Martell/13 The Impossible Dream.mp3","mtime":"1751223510","size":"36075","md5":"c5f35dafb0252efc323b91e2290ef752","crc32":"3eecd6d9","sha1":"48864a9ee4fc863f2c1beeb4e6a2a60e47adfaf2"},{"name":"A Golden Hour Of Lena Martell/13 The Impossible Dream_spectrogram.png","source":"derivative","format":"Spectrogram","original":"A Golden Hour Of Lena Martell/13 The Impossible Dream.mp3","mtime":"1751223771","size":"298342","md5":"a1c141140a2ff356fe6744162db35886","crc32":"fea9f3b3","sha1":"15c31223b7f2e15fca268df32499a714865a0d7f"},{"name":"A Golden Hour Of Lena Martell/14 Rambling Rose.mp3","source":"original","mtime":"1751223112","size":"2649530","md5":"ba87c8daa201c9e474e646ae9547308e","crc32":"89b79812","sha1":"04d59a626d3d8eeb167ca607667454e19f2c5aaf","format":"VBR MP3","length":"164.79","title":"Rambling Rose","creator":"Lena Martell","album":"A Golden Hour Of Lena Martell","track":"14","artist":"Lena Martell","genre":"World Pop"},{"name":"A Golden Hour Of Lena Martell/14 Rambling Rose.png","source":"derivative","format":"PNG","original":"A Golden Hour Of Lena Martell/14 Rambling Rose.mp3","mtime":"1751223362","size":"37126","md5":"5416e5fd33eeb0edd90f7a67879d33ce","crc32":"41bfe9da","sha1":"83d0872c2c665825277e1cf4a0473179b11cb4cf"},{"name":"A Golden Hour Of Lena Martell/14 Rambling Rose_spectrogram.png","source":"derivative","format":"Spectrogram","original":"A Golden Hour Of Lena Martell/14 Rambling Rose.mp3","mtime":"1751223861","size":"289668","md5":"80339ceae2dd2dccf64c80ba2fd9bb3e","crc32":"85b1bfc9","sha1":"aef1b1ab1b37b898645af7cdea0db12c9feb7991"},{"name":"A Golden Hour Of Lena Martell/15 Amazing Grace.mp3","source":"original","mtime":"1751223117","size":"3614051","md5":"721ea652d8fe2258ad38353d9ecf2c08","crc32":"246e7b6c","sha1":"c342940e53b915f87d3e70ea4702d614cd2745a5","format":"VBR MP3","length":"225.08","title":"Amazing Grace","creator":"Lena Martell","album":"A Golden Hour Of Lena Martell","track":"15","artist":"Lena Martell","genre":"World Pop"},{"name":"A Golden Hour Of Lena Martell/15 Amazing Grace.png","source":"derivative","format":"PNG","original":"A Golden Hour Of Lena Martell/15 Amazing Grace.mp3","mtime":"1751223578","size":"35423","md5":"3075fb0fa42f73e002990d788ce312f8","crc32":"222039f7","sha1":"690d7fabdf6afc2deb34b4e79ea3468ec8c9cb4c"},{"name":"A Golden Hour Of Lena Martell/15 Amazing Grace_spectrogram.png","source":"derivative","format":"Spectrogram","original":"A Golden Hour Of Lena Martell/15 Amazing Grace.mp3","mtime":"1751223877","size":"300124","md5":"f66d811d90eefa015fe85d1df32db852","crc32":"4f69565a","sha1":"f9bb819cab055617b118e5fb9aa691d380afd66f"},{"name":"A Golden Hour Of Lena Martell/16 Let It Be Me.mp3","source":"original","mtime":"1751223120","size":"2818414","md5":"c6401de864d3bc4eaaa65ee1394bfb48","crc32":"2615a215","sha1":"31f8df52a59010ed9604a9f8493e59e6b1aeba5b","format":"VBR MP3","length":"175.35","title":"Let It Be Me","creator":"Lena Martell","album":"A Golden Hour Of Lena Martell","track":"16","artist":"Lena Martell","genre":"World Pop"},{"name":"A Golden Hour Of Lena Martell/16 Let It Be Me.png","source":"derivative","format":"PNG","original":"A Golden Hour Of Lena Martell/16 Let It Be Me.mp3","mtime":"1751223343","size":"34609","md5":"b6a7b4d68df6e9c5f410e2703c347af9","crc32":"56e920db","sha1":"8704b1270e1b1a5d6432b74c3a3c4bc10087d992"},{"name":"A Golden Hour Of Lena Martell/16 Let It Be Me_spectrogram.png","source":"derivative","format":"Spectrogram","original":"A Golden Hour Of Lena Martell/16 Let It Be Me.mp3","mtime":"1751223798","size":"298710","md5":"48effd75a85649092760b3b5d456932f","crc32":"0bcdbacf","sha1":"4581f397fad807c621579c5fa85414415a7ab226"},{"name":"A Golden Hour Of Lena Martell/17 That Old Rugged Cross.mp3","source":"original","mtime":"1751223123","size":"4364242","md5":"5b48ea0d9baeca9f2b1d7215e267a0cb","crc32":"9562b222","sha1":"50ad85a4da383033af5f8d3ad69ac50c105ec239","format":"VBR MP3","length":"271.96","title":"That Old Rugged Cross","creator":"Lena Martell","album":"A Golden Hour Of Lena Martell","track":"17","artist":"Lena Martell","genre":"World Pop"},{"name":"A Golden Hour Of Lena Martell/17 That Old Rugged Cross.png","source":"derivative","format":"PNG","original":"A Golden Hour Of Lena Martell/17 That Old Rugged Cross.mp3","mtime":"1751223424","size":"36554","md5":"9ba29ee9275a3c1e023a4ed6beee349f","crc32":"2245b833","sha1":"a91b011b97afcb8d55d80081f185c4a7e4a7834e"},{"name":"A Golden Hour Of Lena Martell/17 That Old Rugged Cross_spectrogram.png","source":"derivative","format":"Spectrogram","original":"A Golden Hour Of Lena Martell/17 That Old Rugged Cross.mp3","mtime":"1751223826","size":"291742","md5":"eee39bd85c2b1a23c0ddd1a74c88ae04","crc32":"39fee156","sha1":"265f3b82177b732570d372df7ed8263b11c48e16"},{"name":"A Golden Hour Of Lena Martell/18 Take Me Home, Country Roads.mp3","source":"original","mtime":"1751223126","size":"2755045","md5":"4fa1f364fad216c5addf94c29db0ee38","crc32":"1f4e48c0","sha1":"0bfc1c7788bf67f8750dcf42337d43bf9bdeca34","format":"VBR MP3","length":"171.39","title":"Take Me Home, Country Roads","creator":"Lena Martell","album":"A Golden Hour Of Lena Martell","track":"18","artist":"Lena Martell","genre":"World Pop"},{"name":"A Golden Hour Of Lena Martell/18 Take Me Home, Country Roads.png","source":"derivative","format":"PNG","original":"A Golden Hour Of Lena Martell/18 Take Me Home, Country Roads.mp3","mtime":"1751223377","size":"41200","md5":"ec13384bb8f4799263092f53d689efd7","crc32":"cd9676f6","sha1":"e424d0e13992deb422f4906bb3d8bc3acd5ca6cc"},{"name":"A Golden Hour Of Lena Martell/18 Take Me Home, Country Roads_spectrogram.png","source":"derivative","format":"Spectrogram","original":"A Golden Hour Of Lena Martell/18 Take Me Home, Country Roads.mp3","mtime":"1751223812","size":"298786","md5":"bbada4b99f9b720da88153b8419ef536","crc32":"e4d53a0f","sha1":"e3460ad10d6bf67b215523e880a74b974f155263"},{"name":"A Golden Hour Of Lena Martell/AlbumArtSmall.jpg","source":"original","mtime":"1751223132","size":"7342","md5":"99bac2fb3dbf4f7d1d3d3e85d8cf7a21","crc32":"43b8c275","sha1":"52590925750559227449186eadf554ddcbaba7ab","format":"JPEG"},{"name":"A Golden Hour Of Lena Martell/AlbumArt_{B5020207-474E-4720-29E4-242C1C82CF00}_Large.jpg","source":"original","mtime":"1751223134","size":"21241","md5":"7558c4b83a908e5cc0e9f3761b8bd18e","crc32":"903c91d1","sha1":"d217b08081a57092dc4233edaa3bcb076ec675f1","format":"JPEG"},{"name":"A Golden Hour Of Lena Martell/AlbumArt_{B5020207-474E-4720-29E4-242C1C82CF00}_Small.jpg","source":"original","mtime":"1751223138","size":"7342","md5":"99bac2fb3dbf4f7d1d3d3e85d8cf7a21","crc32":"43b8c275","sha1":"52590925750559227449186eadf554ddcbaba7ab","format":"JPEG"},{"name":"A Golden Hour Of Lena Martell/Folder.jpg","source":"original","mtime":"1751223140","size":"21241","md5":"7558c4b83a908e5cc0e9f3761b8bd18e","crc32":"903c91d1","sha1":"d217b08081a57092dc4233edaa3bcb076ec675f1","format":"JPEG"},{"name":"__ia_thumb.jpg","source":"original","mtime":"1751223183","size":"8459","md5":"dc1159ec2388283341fc05c3a63e678f","crc32":"fd0bea84","sha1":"cd923f5353ff6e7dae9113cf76d5b11745be1eee","format":"Item Tile"}],"files_count":63,"item_last_updated":1757830171,"item_size":64725264,"metadata":{"identifier":"03-feelings","mediatype":"audio","collection":["hifidelity_potpourri","hifidelity"],"creator":"Knight Records (UK)","date":"1990-04-23","description":"Join in the fun with <b>British-Irish singer Lena Martell</b>, in this British 1990 single-CD album, <i>A Golden Hour Of Lena Martell</i>. CD contains a total of 18 songs, including the opening No.1 hit, \"One Day At A Time\".<div><br /></div><div>Please note, this 1-hour<b> Lena Martell</b> album was previously released on <b>magnetic audio cassette</b> in 1989.<br /><div><br /></div><div><b>Track listing</b>  (Lena Martell on CD)</div><div><br /></div><div>1. One Day At A Time</div><div>2. You've Got A Friend</div><div>3. Feelings</div><div>4. Where Do I Begin</div><div>5. The Old Fashioned Way</div><div>6. Help Me Make It Through The Night</div><div>7. Killing Me Softly With His Song</div><div>8. Bridge Over Troubled Water</div><div>9. You'll Never Walk Alone</div><div>10. I'm A Country Girl Again</div><div>11. You Light Up My Life</div><div>12. When I Need You</div><div>13. The Impossible Dream</div><div>14. Rambling Rose</div><div>15. Amazing Grace</div><div>16. Let It Be Me</div><div>17. That Old Rugged Cross</div><div>18. Take Me Home, Country Roads</div><div><br /></div><div>NO copyright infringement is intended! All rights go to their respective owners. Credit goes to Knight Records (UK), as well as Lena Martell herself. Closing song, \"Take Me Home, Country Roads\" originally by <b>John Denver</b>. </div></div>","language":"eng","licenseurl":"https://creativecommons.org/licenses/by-nd/4.0/","scanner":"Internet Archive HTML5 Uploader 1.7.0","subject":["CD","audio","music","Rock","Pop","Lena Martell"],"title":"A Golden Hour Of Lena Martell (full CD album)","uploader":"peelp50p@gmail.com","publicdate":"2025-06-29 18:50:30","addeddate":"2025-06-29 18:50:30","curation":"[curator]validator@archive.org[/curator][date]20250629185355[/date][comment]checked for malware[/comment]","collection_added":"hifidelity"},"server":"ia600900.us.archive.org","uniq":1366151989,"workable_servers":["ia600900.us.archive.org","ia800900.us.archive.org"]}