{"alternate_locations":{"servers":[{"server":"dn710109.ca.archive.org","dir":"/0/items/03-live-here-without-you"}],"workable":[{"server":"dn710109.ca.archive.org","dir":"/0/items/03-live-here-without-you"}]},"created":1767564751,"d1":"ia601506.us.archive.org","d2":"ia801506.us.archive.org","dir":"/20/items/03-live-here-without-you","files":[{"name":"03 Live Here Without You.mp3","source":"original","mtime":"1655419233","size":"9420316","md5":"652c89216f0dcfaf468729fa103c2fb3","crc32":"cd04155e","sha1":"d16a21f58ab28eb02a015c1d83ea13e6a8d20258","format":"VBR MP3","length":"235.4","title":"Live Here Without You","creator":"Sponge","album":"New Pop Sunday","track":"3","artist":"Sponge","genre":"Indie / Alternative"},{"name":"03 Live Here Without You.png","source":"derivative","format":"PNG","original":"03 Live Here Without You.mp3","mtime":"1655419288","size":"39174","md5":"e7d6cafe74de6d8d2ce7d9520e54fe00","crc32":"a2abc683","sha1":"a287af38017ffbf995a624840f31e11930af3e10"},{"name":"03 Live Here Without You_spectrogram.png","source":"derivative","format":"Spectrogram","original":"03 Live Here Without You.mp3","mtime":"1655419303","size":"309959","md5":"2476bd9933dfa03959cb9f4bcdb99663","crc32":"c41804c8","sha1":"d163dbeb28a3816720a3d1829057858d50e8c6f4"},{"name":"03-live-here-without-you_archive.torrent","source":"metadata","btih":"d03639f8862a4bd061b294e02e52b5cf53596878","mtime":"1655419315","size":"2646","md5":"fed5cd87cdb9d6523d233a783d8578f1","crc32":"4e3a36bc","sha1":"f55d99d014040761e10f29f48b29585fe8f74eee","format":"Archive BitTorrent"},{"name":"03-live-here-without-you_files.xml","source":"original","format":"Metadata","md5":"9090cc13592505ebad0a505bbc63d765","summation":"md5"},{"name":"03-live-here-without-you_meta.sqlite","source":"original","mtime":"1655419256","size":"20480","md5":"b32d284054f44fe852b34b86c756670e","crc32":"ee891a5e","sha1":"f7fc78b1af8334d278d6f67f019efb7770246a31","format":"Metadata"},{"name":"03-live-here-without-you_meta.xml","source":"original","mtime":"1655419311","size":"833","md5":"91bd8566748edfa418156e8858e22a5e","crc32":"6a2fa59c","sha1":"e14a423f5e108532e5d74ba398d54ffd31cac939","format":"Metadata"},{"name":"__ia_thumb.jpg","source":"original","mtime":"1655419314","size":"3269","md5":"ef17a1a264695202a2f1bb3d71a3701d","crc32":"bf0a2a41","sha1":"2c7be1e0114d31da1f3083de436618eca74f9320","format":"Item Tile","rotation":"0"}],"files_count":8,"item_last_updated":1655419315,"item_size":9796677,"metadata":{"identifier":"03-live-here-without-you","mediatype":"audio","collection":["opensource_audio","community"],"creator":"Sponge","date":"1999-04","description":"First single off the 1999 album New Pop Sunday, by Sponge.","scanner":"Internet Archive HTML5 Uploader 1.6.4","subject":["Sponge","1999","New Pop Sunday"],"title":"Live Here Without You - Sponge","uploader":"shapirolucas.fia@gmail.com","publicdate":"2022-06-16 22:40:52","addeddate":"2022-06-16 22:40:52","curation":"[curator]validator@archive.org[/curator][date]20220616224105[/date][comment]checked for malware[/comment]"},"server":"ia601506.us.archive.org","uniq":1050250122,"workable_servers":["ia601506.us.archive.org","ia801506.us.archive.org"]}