{"alternate_locations":{"servers":[{"server":"dn721500.ca.archive.org","dir":"/0/items/03-piece-of-love-natural-version"}],"workable":[{"server":"dn721500.ca.archive.org","dir":"/0/items/03-piece-of-love-natural-version"}]},"created":1767564754,"d1":"ia601509.us.archive.org","d2":"ia801509.us.archive.org","dir":"/31/items/03-piece-of-love-natural-version","files":[{"name":"01 PIECE OF LOVE (TV Mix).mp3","source":"original","mtime":"1750704659","size":"10709482","md5":"88f3ddca7db603d177eecba7e4a9c674","crc32":"aeb0bc26","sha1":"10b00bca8aebabf95ad3b6617314014496a9eb28","format":"VBR MP3","length":"267.7","title":"PIECE OF LOVE (TV Mix)","creator":"SHAZNA","album":"PIECE OF LOVE -Single-","track":"1","artist":"SHAZNA","genre":"Visual-kei","comment":"http://jp-rock.blogspot.com/"},{"name":"01 PIECE OF LOVE (TV Mix).png","source":"derivative","format":"PNG","original":"01 PIECE OF LOVE (TV Mix).mp3","mtime":"1750706817","size":"40863","md5":"fd4d3db18228a1cc5219c4230261f93b","crc32":"37c883fa","sha1":"5d1414ca093394fa35ef43b7a8488a5b481944a0"},{"name":"01 PIECE OF LOVE (TV Mix)_spectrogram.png","source":"derivative","format":"Spectrogram","original":"01 PIECE OF LOVE (TV Mix).mp3","mtime":"1750709193","size":"299911","md5":"c3fe9e460899d628164a9e775346c743","crc32":"105366f0","sha1":"797f9c2d6c924ecf9b85f5dbb88aeb1cf1f453d6"},{"name":"02 NIGHTMARE.mp3","source":"original","mtime":"1750704679","size":"9389763","md5":"644a30861ee989201055aa9a5c8ff068","crc32":"47084c4f","sha1":"459e65ee0ccd9b0fa6f0ef5c0203d8b4c53a6c1e","format":"VBR MP3","length":"234.71","title":"NIGHTMARE","creator":"SHAZNA","album":"PIECE OF LOVE -Single-","track":"2","artist":"SHAZNA","genre":"Visual-kei","comment":"http://jp-rock.blogspot.com/"},{"name":"02 NIGHTMARE.png","source":"derivative","format":"PNG","original":"02 NIGHTMARE.mp3","mtime":"1750707272","size":"38744","md5":"359ec3743a8e91a9d8c073faf3398dbf","crc32":"f0d7cd50","sha1":"72fe1c3deab98cb078b9fea8e4750a28da4f9196"},{"name":"02 NIGHTMARE_spectrogram.png","source":"derivative","format":"Spectrogram","original":"02 NIGHTMARE.mp3","mtime":"1750710161","size":"303803","md5":"586e4bfef6ff3bd55062a5b279dad86d","crc32":"4a66b1dd","sha1":"d9c813c261a3c827d0d811933316eb3bc35dbd14"},{"name":"03 PIECE OF LOVE (Natural Version).mp3","source":"original","mtime":"1750704686","size":"12825409","md5":"bc71f5410cc340b7ae9f7fc50148196a","crc32":"796d418a","sha1":"c6ea04101815c97941d4aa90bd08b174c9c9752d","format":"VBR MP3","length":"320.6","title":"PIECE OF LOVE (Natural Version)","creator":"SHAZNA","album":"PIECE OF LOVE -Single-","track":"3","artist":"SHAZNA","genre":"Visual-kei","comment":"http://jp-rock.blogspot.com/"},{"name":"03 PIECE OF LOVE (Natural Version).png","source":"derivative","format":"PNG","original":"03 PIECE OF LOVE (Natural Version).mp3","mtime":"1750708268","size":"38922","md5":"979ec16d0fe02949c798efba3259946f","crc32":"5ef4ce70","sha1":"accc7f5a627d505cc11c2071e2a51527ae26ee54"},{"name":"03 PIECE OF LOVE (Natural Version)_spectrogram.png","source":"derivative","format":"Spectrogram","original":"03 PIECE OF LOVE (Natural Version).mp3","mtime":"1750710658","size":"307494","md5":"fb2f494c278f86e3ceab2928a061c87c","crc32":"914aa01a","sha1":"9a01f488b0611438b4286e6c14c32d2d31548567"},{"name":"03-piece-of-love-natural-version_archive.torrent","source":"metadata","btih":"97583da2432ed55260281599d9ab471701a02f3c","mtime":"1757865234","size":"6161","md5":"52b473b979c953caf00e78dee4935a94","crc32":"1f5a23b9","sha1":"618707d25a3307d8f02aa7ef7b42d3fd0c6487a8","format":"Archive BitTorrent"},{"name":"03-piece-of-love-natural-version_files.xml","source":"original","format":"Metadata","md5":"41d776a7d4e6dbe68c7d322ef248297f","summation":"md5"},{"name":"03-piece-of-love-natural-version_meta.sqlite","source":"original","mtime":"1750704723","size":"40960","md5":"0d53de7becc71ac89cba16de692d67b3","crc32":"482acbbe","sha1":"8c285c7afa015cc804338c6a943fca9e101eecae","format":"Metadata"},{"name":"03-piece-of-love-natural-version_meta.xml","source":"original","mtime":"1757865232","size":"1585","md5":"0e5854f087250a691b038bde3e3ebd6e","crc32":"7b593bab","sha1":"e6683a0d75eb130b11cb2996e26d5459e3c0feeb","format":"Metadata"},{"name":"04 PIECE OF LOVE (Non-Vocal Version).mp3","source":"original","mtime":"1750704716","size":"10616497","md5":"ee682f2e62666682b9e69d9da18069b6","crc32":"943e1b76","sha1":"9d1857588947b7b97e61decc813345f6f5f461d6","format":"VBR MP3","length":"265.38","title":"PIECE OF LOVE (Non-Vocal Version)","creator":"SHAZNA","album":"PIECE OF LOVE -Single-","track":"4","artist":"SHAZNA","genre":"Visual-kei","comment":"http://jp-rock.blogspot.com/"},{"name":"04 PIECE OF LOVE (Non-Vocal Version).png","source":"derivative","format":"PNG","original":"04 PIECE OF LOVE (Non-Vocal Version).mp3","mtime":"1750708848","size":"41370","md5":"5fa582cbfdaa8b258d7cde08012db531","crc32":"116d60a0","sha1":"e00cf6e6642afd7726ab40e33842a9a6bcf5bd8b"},{"name":"04 PIECE OF LOVE (Non-Vocal Version)_spectrogram.png","source":"derivative","format":"Spectrogram","original":"04 PIECE OF LOVE (Non-Vocal Version).mp3","mtime":"1750711889","size":"299159","md5":"0c67a17b8202c8fd247bb232e6245d5e","crc32":"5c1edbee","sha1":"8b7b0c2fb96dce5da79abc583dd67ab006fbb758"},{"name":"__ia_thumb.jpg","source":"original","mtime":"1750704760","size":"27401","md5":"754b39ad2b90bb455da03ecb890717fd","crc32":"95a5a396","sha1":"813c519835779e4ea47e4e3fb4e692f39ee9885f","format":"Item Tile"},{"name":"cover.jpg","source":"original","mtime":"1750704719","size":"180622","md5":"d934833eae4c75f42d572d9c1351842e","crc32":"80ff5d51","sha1":"9c31c70c984580457911f46e1ac3bd5fdbcde0a2","format":"JPEG"},{"name":"cover_thumb.jpg","source":"derivative","format":"JPEG Thumb","original":"cover.jpg","mtime":"1750706671","size":"6996","md5":"5792a37a2e1b62139dd981e7c0ef54ab","crc32":"a5174c49","sha1":"6e9d2e285e2aff9e43532a830b75853dd61133ea"}],"files_count":19,"item_last_updated":1757865234,"item_size":45175142,"metadata":{"identifier":"03-piece-of-love-natural-version","mediatype":"audio","collection":["folksoundomy_japaneserock","folksoundomy"],"creator":"SHAZNA","date":"1999-03-31","description":"<div>01. Piece of Love </div><div>02. NIGHTMARE</div><div>03. Piece of Love (Natural Edit)</div><div>04. Piece of Love (Non Vocal Version)</div><div><br /></div><div>https://vk.gy/artists/shazna/</div><div><br /></div><div>http://jp-rock.blogspot.com/</div><div><br /></div><div>http://jp-rock-lyrics.blogspot.com.ar/</div>","language":"jpn","scanner":"Internet Archive HTML5 Uploader 1.7.0","subject":["visual kei","vkei","visual rock","vrock","rock","japanese rock","jrock","j-rock","SHAZNA","okeshou kei","soft visual","pop"],"title":"SHAZNA - PIECE OF LOVE","uploader":"denjinhal@mail.ru","publicdate":"2025-06-23 18:51:21","addeddate":"2025-06-23 18:51:21","curation":"[curator]validator@archive.org[/curator][date]20250623185257[/date][comment]checked for malware[/comment]","collection_added":"folksoundomy"},"server":"ia601509.us.archive.org","uniq":2145294829,"workable_servers":["ia601509.us.archive.org","ia801509.us.archive.org"]}