{"alternate_locations":{"servers":[{"server":"dn721808.ca.archive.org","dir":"/0/items/03-soul-train"}],"workable":[{"server":"dn721808.ca.archive.org","dir":"/0/items/03-soul-train"}]},"created":1767564756,"d1":"ia601707.us.archive.org","d2":"ia801707.us.archive.org","dir":"/17/items/03-soul-train","files":[{"name":"01 Prelude - We Deliver.flac","source":"original","mtime":"1660901393","size":"29842838","md5":"e564c9f1456a6592e81db8fa367c6dbd","crc32":"89882e1d","sha1":"8c4aaf57d3f0a328aae8e8f938a490cb34f73153","format":"Flac","length":"287.69","viruscheck":"1660901589","title":"Prelude - We Deliver","creator":"Mikel Rouse","album":"Dennis Cleveland","track":"1","artist":"Mikel Rouse","genre":"Contemporary"},{"name":"01 Prelude - We Deliver.mp3","source":"derivative","creator":"Mikel Rouse","title":"Prelude - We Deliver","track":"1","album":"Dennis Cleveland","genre":"Contemporary","bitrate":"203","format":"VBR MP3","original":"01 Prelude - We Deliver.flac","mtime":"1660903255","size":"7306026","md5":"5615039dec50298cd247b9cdcef2d63d","crc32":"1f26b0e3","sha1":"d01ce958b151e700a70931a0c939891da9c30df8","length":"287.74"},{"name":"01 Prelude - We Deliver.png","source":"derivative","format":"PNG","original":"01 Prelude - We Deliver.flac","mtime":"1660907254","size":"45669","md5":"fe19d6a1a60b7881ea71e852ac40c367","crc32":"efdd6475","sha1":"65722f247c3025e16d6c3922176e4636c21d08c3"},{"name":"01 Prelude - We Deliver_spectrogram.png","source":"derivative","format":"Spectrogram","original":"01 Prelude - We Deliver.flac","mtime":"1660910090","size":"316300","md5":"a01c0860f6d51a801c0d743e361141b6","crc32":"cc233e4f","sha1":"d18082c5ed5380726c7620e3c0ece357c43fb5ee"},{"name":"02 Life in These United States.flac","source":"original","mtime":"1660901519","size":"47206514","md5":"d23c658ffcea49da7257883caaf358aa","crc32":"60e41847","sha1":"7d166e995f1db803f9d95e8307ec367167f6f848","format":"Flac","length":"406.33","title":"Life in These United States","creator":"Mikel Rouse","album":"Dennis Cleveland","track":"2","artist":"Mikel Rouse","genre":"Contemporary"},{"name":"02 Life in These United States.mp3","source":"derivative","creator":"Mikel Rouse","title":"Life in These United States","track":"2","album":"Dennis Cleveland","genre":"Contemporary","bitrate":"211","format":"VBR MP3","original":"02 Life in These United States.flac","mtime":"1660905763","size":"10803631","md5":"632f75d43b0c5370a54f164cb37a7c3e","crc32":"177b149c","sha1":"6afb28816ef70ac0dfaae1b374f34be987c31922","length":"406.36"},{"name":"02 Life in These United States.png","source":"derivative","format":"PNG","original":"02 Life in These United States.flac","mtime":"1660908904","size":"41227","md5":"82aff4c0927765dfd23e97b99e164db9","crc32":"6e3a8d18","sha1":"d64757d5aa404df3b55f63c21ce80caac9d70a3f"},{"name":"02 Life in These United States_spectrogram.png","source":"derivative","format":"Spectrogram","original":"02 Life in These United States.flac","mtime":"1660911627","size":"324315","md5":"f89b3615c35a4b206978e8b12ba264eb","crc32":"333174bb","sha1":"89183cc40e7b75a7636222f7508b19a083d41c55"},{"name":"03 Soul Train.flac","source":"original","mtime":"1660901959","size":"108126081","md5":"897dd5a13fc7b23bf4f598e677bfc2be","crc32":"93bc62ae","sha1":"e3908df308ae1561f280a4a471478042c544ea4f","format":"Flac","length":"1061.53","title":"Soul Train","creator":"Mikel Rouse","album":"Dennis Cleveland","track":"3","artist":"Mikel Rouse","genre":"Contemporary"},{"name":"03 Soul Train.mp3","source":"derivative","creator":"Mikel Rouse","title":"Soul Train","track":"3","album":"Dennis Cleveland","genre":"Contemporary","bitrate":"201","format":"VBR MP3","original":"03 Soul Train.flac","mtime":"1660904994","size":"26754716","md5":"406818dc8058974f917eca285a84f93e","crc32":"ed8c61d7","sha1":"93a249df07be2a7758305f3b63865a2aa774d8da","length":"1061.57"},{"name":"03 Soul Train.png","source":"derivative","format":"PNG","original":"03 Soul Train.flac","mtime":"1660908358","size":"37985","md5":"b7d5cbdb2dadf45d6777159f8851a0a1","crc32":"ea0806d5","sha1":"c494c36cc3f4aa29c646f35b63e9c2301e88b8e9"},{"name":"03 Soul Train_spectrogram.png","source":"derivative","format":"Spectrogram","original":"03 Soul Train.flac","mtime":"1660911367","size":"283474","md5":"7337d7ab94caed5f08fd77481c672657","crc32":"9905b03f","sha1":"5ca5f1412eeabf1cc051a93c8b2da9ef71fd280f"},{"name":"03-soul-train_archive.torrent","source":"metadata","btih":"af206e7a1281bc962631beee36b3c9a2cf279d7f","mtime":"1686887543","size":"29663","md5":"d75246fcfd2a9cc635dbb0a20765a251","crc32":"57c22e44","sha1":"e7bee6ae1d9dea81ed4b28b09005648f1a2d3223","format":"Archive BitTorrent"},{"name":"03-soul-train_files.xml","source":"original","format":"Metadata","md5":"51324d36ab3a684b110613f7103b31b8","summation":"md5"},{"name":"03-soul-train_meta.sqlite","source":"original","mtime":"1660903813","size":"65536","md5":"8f0e7bdf37467fa5930caa46d73eebf1","crc32":"19e8cfbd","sha1":"9eb1f74d7f3e187abb1cbda37e774cce8a1366fa","format":"Metadata"},{"name":"03-soul-train_meta.xml","source":"original","mtime":"1686887533","size":"3166","md5":"5766836fa10f240308275bf665e75b2d","crc32":"0834e106","sha1":"f52f64c975706d76c7b63b2c7c78cc0e1f264fe1","format":"Metadata"},{"name":"04 Beautiful Murders.flac","source":"original","mtime":"1660902285","size":"28537521","md5":"3eb3906b2fb3dedcb098ee59c4542d26","crc32":"5c51eda5","sha1":"e92949f2c89b8f69b4112b754a666bf28b52416c","format":"Flac","length":"262.6","viruscheck":"1660902500","title":"Beautiful Murders","creator":"Mikel Rouse","album":"Dennis Cleveland","track":"4","artist":"Mikel Rouse","genre":"Contemporary"},{"name":"04 Beautiful Murders.mp3","source":"derivative","creator":"Mikel Rouse","title":"Beautiful Murders","track":"4","album":"Dennis Cleveland","genre":"Contemporary","bitrate":"195","format":"VBR MP3","original":"04 Beautiful Murders.flac","mtime":"1660903312","size":"6399988","md5":"1548f761c3cc62f7373e22cac4ab3ce0","crc32":"1e35b0eb","sha1":"a1dc52a57348cf2cf09559ce9dfabee240f0ade0","length":"262.64"},{"name":"04 Beautiful Murders.png","source":"derivative","format":"PNG","original":"04 Beautiful Murders.flac","mtime":"1660909174","size":"47713","md5":"8bd4a8384e74ebdbf8ec89fbf250d1f6","crc32":"a6a611d7","sha1":"95020646728132a5d247111bea0d0a86c127e8c8"},{"name":"04 Beautiful Murders_spectrogram.png","source":"derivative","format":"Spectrogram","original":"04 Beautiful Murders.flac","mtime":"1660909811","size":"292084","md5":"0474271ef3c849be0e96963f0cbc1d06","crc32":"e890a739","sha1":"6a56e8b609f62fe87b8631cb6f2b7ce76d1c3f7e"},{"name":"05 Apparent Money.flac","source":"original","mtime":"1660902473","size":"64813883","md5":"94ed11112d8032013394d83b6869314e","crc32":"e2a2776c","sha1":"de975ea38bbbb61a6d204044ebf24512fe4a7ff9","format":"Flac","length":"651.33","title":"Apparent Money","creator":"Mikel Rouse","album":"Dennis Cleveland","track":"5","artist":"Mikel Rouse","genre":"Contemporary"},{"name":"05 Apparent Money.mp3","source":"derivative","creator":"Mikel Rouse","title":"Apparent Money","track":"5","album":"Dennis Cleveland","genre":"Contemporary","bitrate":"200","format":"VBR MP3","original":"05 Apparent Money.flac","mtime":"1660905172","size":"16391709","md5":"725d9e74b1d8c8ee1701f8a89652190a","crc32":"6e9183be","sha1":"84f874bd61b10351baadf9cbfed6723f8df6b7c8","length":"651.36"},{"name":"05 Apparent Money.png","source":"derivative","format":"PNG","original":"05 Apparent Money.flac","mtime":"1660908126","size":"39808","md5":"07a2ee038c3e49e1803ee7f974efa2b7","crc32":"75a762ac","sha1":"1f2b9bdba5733b38c44642c24716722cfd4cf94b"},{"name":"05 Apparent Money_spectrogram.png","source":"derivative","format":"Spectrogram","original":"05 Apparent Money.flac","mtime":"1660910792","size":"314661","md5":"2c97ba095a3729da3827807b44577fa3","crc32":"21da8993","sha1":"b35e7977bc185fb900887992a3f8376d5df8b8ba"},{"name":"06 Why Are You Here Today (She Feels Like).flac","source":"original","mtime":"1660902693","size":"43319670","md5":"66f8b55fe6813cec7a6d8f2b83d36973","crc32":"394cbda0","sha1":"b12ff5e821ffce3ab79de50cd87d68d2c10e289d","format":"Flac","length":"384.13","title":"Why Are You Here Today (She Feels Like)","creator":"Mikel Rouse","album":"Dennis Cleveland","track":"6","artist":"Mikel Rouse","genre":"Contemporary"},{"name":"06 Why Are You Here Today (She Feels Like).mp3","source":"derivative","creator":"Mikel Rouse","title":"Why Are You Here Today (She Feels Like)","track":"6","album":"Dennis Cleveland","genre":"Contemporary","bitrate":"219","format":"VBR MP3","original":"06 Why Are You Here Today (She Feels Like).flac","mtime":"1660905570","size":"10618781","md5":"7df7c0cedc39ea72092d91fdfe5a80d4","crc32":"6440d3e2","sha1":"389da6e3fbca3f5cedec0373004be0ac0c281cce","length":"384.18"},{"name":"06 Why Are You Here Today (She Feels Like).png","source":"derivative","format":"PNG","original":"06 Why Are You Here Today (She Feels Like).flac","mtime":"1660907767","size":"43424","md5":"ce02db61ad1e90bc425391b4e00c0f8a","crc32":"7d89b0af","sha1":"8cd19a34415beb30f38fb3d04bce06e2dbf1d379"},{"name":"06 Why Are You Here Today (She Feels Like)_spectrogram.png","source":"derivative","format":"Spectrogram","original":"06 Why Are You Here Today (She Feels Like).flac","mtime":"1660910511","size":"307651","md5":"08aa6ac56f2377a5adbaabbc9d59f8b0","crc32":"c7b5130a","sha1":"c6c98b0a137fa6fb6c8f4350499d286fefee296e"},{"name":"07 Altered Bodies.flac","source":"original","mtime":"1660902769","size":"31812693","md5":"f34b1b35f2da0f51c002b65f0c2a8dfc","crc32":"672f0273","sha1":"735e8f6bfec164d5b84727133cc54d324cf56682","format":"Flac","length":"290.77","viruscheck":"1660903047","title":"Altered Bodies","creator":"Mikel Rouse","album":"Dennis Cleveland","track":"7","artist":"Mikel Rouse","genre":"Contemporary"},{"name":"07 Altered Bodies.mp3","source":"derivative","creator":"Mikel Rouse","title":"Altered Bodies","track":"7","album":"Dennis Cleveland","genre":"Contemporary","bitrate":"203","format":"VBR MP3","original":"07 Altered Bodies.flac","mtime":"1660903699","size":"7393419","md5":"bf216ea0925d371f551146c79cd1322f","crc32":"c7842f03","sha1":"ed62c9e4942b897ac56c17d379e7201731b75561","length":"290.82"},{"name":"07 Altered Bodies.png","source":"derivative","format":"PNG","original":"07 Altered Bodies.flac","mtime":"1660906830","size":"42649","md5":"b15f1cb3751bbc5455f04cc90f08ab21","crc32":"b37cc8b8","sha1":"8d1dcfdc8f11c3f05fd1c7f67110222a7afb87f8"},{"name":"07 Altered Bodies_spectrogram.png","source":"derivative","format":"Spectrogram","original":"07 Altered Bodies.flac","mtime":"1660909484","size":"314875","md5":"4347ee42e95cdec799df2719078fa398","crc32":"8603147a","sha1":"1b75e7bdd9acab2877ad294c284fc8de81d04090"},{"name":"08 Madison Square.flac","source":"original","mtime":"1660902995","size":"101884221","md5":"56699872f70b93d9c712ad55bb91da72","crc32":"6aa65bc8","sha1":"0e93ed09a509351c69a3af3af72730d5e1875975","format":"Flac","length":"1077.8","title":"Madison Square","creator":"Mikel Rouse","album":"Dennis Cleveland","track":"8","artist":"Mikel Rouse","genre":"Contemporary"},{"name":"08 Madison Square.mp3","source":"derivative","creator":"Mikel Rouse","title":"Madison Square","track":"8","album":"Dennis Cleveland","genre":"Contemporary","bitrate":"191","format":"VBR MP3","original":"08 Madison Square.flac","mtime":"1660903404","size":"25783665","md5":"d4c98a60c3e0faf791eb69f0c68d4da9","crc32":"fe5236d7","sha1":"dc0afe1b545dbe1958a6a7682bdf2dced298636d","length":"1077.84"},{"name":"08 Madison Square.png","source":"derivative","format":"PNG","original":"08 Madison Square.flac","mtime":"1660907385","size":"39258","md5":"b30ec426e8fcaaaf1e931d6f7cfda9d5","crc32":"c84e3c81","sha1":"b7c28bd6a42b3ded1adaa336376ec9d7db163b01"},{"name":"08 Madison Square_spectrogram.png","source":"derivative","format":"Spectrogram","original":"08 Madison Square.flac","mtime":"1660909304","size":"303177","md5":"88b54f18962e863a5da8da784935140c","crc32":"94078825","sha1":"6841bb5acba7678384cf5dfbd23417f7463ae34c"},{"name":"Cover.jpg","source":"original","mtime":"1660903148","size":"111394","md5":"cd052f0e5820ce2e4314ac6a9202f60c","crc32":"9b824598","sha1":"1b7e3b46a1e1c750e3bfb36b38006134b6705aaa","format":"JPEG","rotation":"0"},{"name":"Cover_thumb.jpg","source":"derivative","format":"JPEG Thumb","original":"Cover.jpg","mtime":"1660905795","size":"10928","md5":"b1a5d7cb2c7722be3041f08c5a1a06da","crc32":"30bed3f6","sha1":"1d9cd19145aacddcc373f680c65883fab13a3dd2"},{"name":"__ia_thumb.jpg","source":"original","mtime":"1660903814","size":"14910","md5":"f6d332b4548eaab86fc09d2fe1accf32","crc32":"e149a6e1","sha1":"8751fc6ab61a978408d6af61001528b7ed60efe8","format":"Item Tile","rotation":"0"}],"files_count":39,"item_last_updated":1686887543,"item_size":570025223,"metadata":{"identifier":"03-soul-train","mediatype":"audio","collection":["television_inbox","television"],"creator":"Mikel Rouse","date":"1996-09-20","description":"<p>Dennis Cleveland is a multimedia opera that is set entirely on a \ntelevision talk show in the late 20th century. It is the second opera in\n a Trilogy that consists of Failing Kansas, an opera based on the events\n surrounding the murder of the Clutter family in Holcomb, Kansas and \ninspired by the examination of those events in Truman Capote’s ‘In Cold \nBlood’ and The End Of Cinematics an opera that explores the nature of \ncorporate entertainment.</p>\n<p>The host, Dennis Cleveland, is the catalyst and provacatour of the \nopera, as well as the vehicle through which the story of the opera is \ntold. The various soloists (placed in the audience) and chorus (guests \nthat appear on stage) are linked together by the talk show host. As \nbefits the current obsession with confessional talk shows, the content \nof the story evolves through the constant interaction of Dennis \nCleveland and his guests. Though the guests appear to be telling their \nown stories, stories of lost love, obsession, crimes and regrets, what \nsoon becomes clear is that they are telling the story of Dennis \nCleveland as well.</p>\n<p>Dennis Cleveland uses the live tape talk show format as its model \nwhile subverting the structure of this format through a series of \ncleverly disguised motifs. Like the various talk shows that abound \nworldwide, the audience and the stage become one under constant \nunrelenting television studio lighting. Live video of audience reactions\n and the inclusion of actors in theaudience as well as trained singers \nand soloists complete a staging that offers a new way of looking at \nopera.</p>\n<p>Ultimately, the narrative is derived from the libretto, which follows\n Dennis Cleveland through a myriad of encounters chronicling the promise\n of salvation through popular culture. There is an Elmer Gantry like \nquality to the host and his reality, particularly the late 20th century \nphenomenon of television ritual as a replacement of ceremony previously \nassociated with religion. Thus, the ritual is enforced in real time as \nthe opera progresses and it soon becomes apparent that the audience \nexists in Dennis Cleveland’s future: that of the ultimate voyeur, the \nT.V. talk show host.</p>","language":"eng","scanner":"Internet Archive HTML5 Uploader 1.7.0","subject":["opera","art pop","new york","experimental","totalism","minimalism","postmodernism"],"title":"Dennis Cleveland","uploader":"chillytidd@gmail.com","publicdate":"2022-08-19 09:30:17","addeddate":"2022-08-19 09:30:17","curation":"[curator]validator@archive.org[/curator][date]20220819093309[/date][comment]checked for malware[/comment]"},"server":"ia601707.us.archive.org","uniq":1974973605,"workable_servers":["ia601707.us.archive.org","ia801707.us.archive.org"]}