{"alternate_locations":{"servers":[{"server":"dn710600.ca.archive.org","dir":"/0/items/03-the-great-curve_202512"}],"workable":[{"server":"dn710600.ca.archive.org","dir":"/0/items/03-the-great-curve_202512"}]},"created":1767567271,"d1":"ia600703.us.archive.org","d2":"ia800703.us.archive.org","dir":"/5/items/03-the-great-curve_202512","files":[{"name":"01 Born Under Punches (The Heat Goes On).flac","source":"original","mtime":"1766962594","size":"36100555","md5":"8ac6b8869f624e66b45fdee75a3327e8","crc32":"3cffa4a0","sha1":"1acd8234f85f5603eeb330d01590e052fdc1d8ac","format":"Flac","length":"349.09","title":"Born Under Punches (The Heat Goes On)","creator":"Talking Heads","album":"Remain in Light","track":"1","artist":"Talking Heads","genre":"New Wave"},{"name":"01 Born Under Punches (The Heat Goes On).mp3","source":"derivative","creator":"Talking Heads","title":"Born Under Punches (The Heat Goes On)","track":"1","album":"Remain in Light","genre":"New Wave","bitrate":"195","length":"05:49","format":"VBR MP3","original":"01 Born Under Punches (The Heat Goes On).flac","mtime":"1766965346","size":"8538660","md5":"b650fcbc0d7ba565d0f540693853a0b6","crc32":"98a8b54e","sha1":"d73b28e2e1e368d9b358591d201f1e0ebd67b4bb"},{"name":"01 Born Under Punches (The Heat Goes On).png","source":"derivative","format":"PNG","original":"01 Born Under Punches (The Heat Goes On).flac","mtime":"1766965578","size":"42870","md5":"a2f22ace662cf47b8deadf17b1271980","crc32":"6caea5e7","sha1":"9e8b4ccb5afaf995a703daf68862144448ec73fc"},{"name":"01 Born Under Punches (The Heat Goes On)_spectrogram.png","source":"derivative","format":"Spectrogram","original":"01 Born Under Punches (The Heat Goes On).flac","mtime":"1766965804","size":"307223","md5":"0d85d58454c3ed7219f4ae4e66c2561a","crc32":"1eecca44","sha1":"d6a287d922035637492f7ce39821e6a55b17742a"},{"name":"02 Crosseyed and Painless.flac","source":"original","mtime":"1766962989","size":"30418678","md5":"d09372bd72b257533a9bb4e26e3c880b","crc32":"d6337b44","sha1":"540725f0ef93eb3bcffa1f4fe0ad849580a1fed2","format":"Flac","length":"287.84","viruscheck":"1766963347","title":"Crosseyed and Painless","creator":"Talking Heads","album":"Remain in Light","track":"2","artist":"Talking Heads","genre":"New Wave"},{"name":"02 Crosseyed and Painless.mp3","source":"derivative","creator":"Talking Heads","title":"Crosseyed and Painless","track":"2","album":"Remain in Light","genre":"New Wave","bitrate":"187","length":"04:48","format":"VBR MP3","original":"02 Crosseyed and Painless.flac","mtime":"1766965532","size":"6721141","md5":"3ed2111dc786e6cff1de31a485547a8d","crc32":"880a8630","sha1":"0262a9b36c7612a4191422770e1187a762a6e28d"},{"name":"02 Crosseyed and Painless.png","source":"derivative","format":"PNG","original":"02 Crosseyed and Painless.flac","mtime":"1766965671","size":"45403","md5":"5e8800c89f21eb668b9720afe06076f9","crc32":"961aa25f","sha1":"46ff497d92cffcc87f22e7263c12908427a04971"},{"name":"02 Crosseyed and Painless_spectrogram.png","source":"derivative","format":"Spectrogram","original":"02 Crosseyed and Painless.flac","mtime":"1766965767","size":"288994","md5":"df8b52a21c44aefd4ddac741bb5adb87","crc32":"9b2fa93b","sha1":"2146cbb5cfb1547aac44086f27fe81afd3fa7c8c"},{"name":"03 The Great Curve.flac","source":"original","mtime":"1766963389","size":"42534321","md5":"0ac0466f9eeb5f1b3f62e6ff1ed849f3","crc32":"db1c5fb8","sha1":"bcf3a3735d910bcb102b8a435ccb6a6611344c52","format":"Flac","length":"387.49","title":"The Great Curve","creator":"Talking Heads","album":"Remain in Light","track":"3","artist":"Talking Heads","genre":"New Wave"},{"name":"03 The Great Curve.mp3","source":"derivative","creator":"Talking Heads","title":"The Great Curve","track":"3","album":"Remain in Light","genre":"New Wave","bitrate":"190","length":"06:28","format":"VBR MP3","original":"03 The Great Curve.flac","mtime":"1766965513","size":"9194301","md5":"c7cf0fd029e2a78cbcc1f73c8c3a9905","crc32":"62dee5c5","sha1":"126b490a1c96a4773e87a09bcdec8c2225579bbc"},{"name":"03 The Great Curve.png","source":"derivative","format":"PNG","original":"03 The Great Curve.flac","mtime":"1766965698","size":"42463","md5":"014f5402bd138a34fc8ae46acda470f7","crc32":"fed667d3","sha1":"ce88de560c7209ec12f1f64c892090bd16157a54"},{"name":"03 The Great Curve_spectrogram.png","source":"derivative","format":"Spectrogram","original":"03 The Great Curve.flac","mtime":"1766965778","size":"283816","md5":"392e8ec64ecbf60f05d66ce8cc565e81","crc32":"9b15acdc","sha1":"82d259184abdfb82e31f4feeb9b890507e5460cf"},{"name":"03-the-great-curve_202512_archive.torrent","source":"metadata","btih":"3dcee2167f08c6f9ba71f897d10937ec7b79ad51","mtime":"1766965838","size":"19226","md5":"8c45b98f98764da957619b6512675f83","crc32":"b07a7892","sha1":"9ee0e443590900aa1656f923e4f4232d5a338e09","format":"Archive BitTorrent"},{"name":"03-the-great-curve_202512_files.xml","source":"original","format":"Metadata","md5":"c3b63a17b3bb81d92049aaff5ff8dcc6","summation":"md5"},{"name":"03-the-great-curve_202512_meta.sqlite","source":"original","mtime":"1766964952","size":"57344","md5":"5af83b5a68ce56df9fc8018899d5e375","crc32":"43f99298","sha1":"e1eba757f92a0a9a9205fac6d537d6e7291511b2","format":"Metadata"},{"name":"03-the-great-curve_202512_meta.xml","source":"original","mtime":"1766965826","size":"1246","md5":"6a970db1b05b70d9c6dbc37a0e0ff939","crc32":"a7c3d9c3","sha1":"08044f91515ff6525ab1f3bfcabadbd04d87dd56","format":"Metadata"},{"name":"04 Once in a Lifetime.flac","source":"original","mtime":"1766963748","size":"26809285","md5":"b68363bef632fcb31cec78c027b47474","crc32":"01478a1c","sha1":"ffa7781938d8c9f6b72b05fb843cfb1d0ba22ab0","format":"Flac","length":"262.64","viruscheck":"1766964924","title":"Once in a Lifetime","creator":"Talking Heads","album":"Remain in Light","track":"4","artist":"Talking Heads","genre":"New Wave"},{"name":"04 Once in a Lifetime.mp3","source":"derivative","creator":"Talking Heads","title":"Once in a Lifetime","track":"4","album":"Remain in Light","genre":"New Wave","bitrate":"183","length":"04:23","format":"VBR MP3","original":"04 Once in a Lifetime.flac","mtime":"1766965366","size":"6018188","md5":"c4f960ff21364b81902a91110958c425","crc32":"203eaa49","sha1":"e98943776b07eac05d69abdb52b9e3d44609bdf6"},{"name":"04 Once in a Lifetime.png","source":"derivative","format":"PNG","original":"04 Once in a Lifetime.flac","mtime":"1766965655","size":"45622","md5":"f1db61379dfa33b73ae3438ab047f19e","crc32":"7feeb5d2","sha1":"1c8bbaa9dcd2bc172fbdf75fb67e9f28a939582b"},{"name":"04 Once in a Lifetime_spectrogram.png","source":"derivative","format":"Spectrogram","original":"04 Once in a Lifetime.flac","mtime":"1766965816","size":"295823","md5":"83b1f99c1afeaa74be27b93369150f54","crc32":"8d76c123","sha1":"993d883289043d95490f0d9e4cd866fc48062ff5"},{"name":"05 Houses in Motion.flac","source":"original","mtime":"1766964089","size":"25123530","md5":"99f27d335f581ccf446242ba82563fbf","crc32":"0344178d","sha1":"b6c112a10fb2ed8107f7527d2f657bb9e481ebd6","format":"Flac","length":"273.16","viruscheck":"1766964924","title":"Houses in Motion","creator":"Talking Heads","album":"Remain in Light","track":"5","artist":"Talking Heads","genre":"New Wave"},{"name":"05 Houses in Motion.mp3","source":"derivative","creator":"Talking Heads","title":"Houses in Motion","track":"5","album":"Remain in Light","genre":"New Wave","bitrate":"190","length":"04:33","format":"VBR MP3","original":"05 Houses in Motion.flac","mtime":"1766965489","size":"6483522","md5":"da6a4b8d96dc9fc5cfc23021f0525b0a","crc32":"926aa447","sha1":"5e78b9b8cb72787484987bb3ee1d2e5428d45768"},{"name":"05 Houses in Motion.png","source":"derivative","format":"PNG","original":"05 Houses in Motion.flac","mtime":"1766965624","size":"45757","md5":"bc3973e574fad8979961d6b6f653aaa0","crc32":"7e33077a","sha1":"e092ec7a12af4f99a212b049a0939d1e967c3117"},{"name":"05 Houses in Motion_spectrogram.png","source":"derivative","format":"Spectrogram","original":"05 Houses in Motion.flac","mtime":"1766965792","size":"312618","md5":"25c74fa6e1ebc02b08850175dcb9fe08","crc32":"79a012a4","sha1":"e8360b4908a30de4ab4459b191e33076470650da"},{"name":"06 Seen and Not Seen.flac","source":"original","mtime":"1766964255","size":"19435495","md5":"ca34b8049e011c033d0c8c280d743760","crc32":"6c3a38ab","sha1":"8dee27d8c313ad7ae07af2ed2e58303ec64ccfe3","format":"Flac","length":"204.53","viruscheck":"1766964924","title":"Seen and Not Seen","creator":"Talking Heads","album":"Remain in Light","track":"6","artist":"Talking Heads","genre":"New Wave"},{"name":"06 Seen and Not Seen.mp3","source":"derivative","creator":"Talking Heads","title":"Seen and Not Seen","track":"6","album":"Remain in Light","genre":"New Wave","bitrate":"176","length":"03:25","format":"VBR MP3","original":"06 Seen and Not Seen.flac","mtime":"1766965426","size":"4510426","md5":"28ee8cde273470e65f072cb3efabc37c","crc32":"efd088cd","sha1":"f22ab23cd65d31ab3d94c50d352f433c82cc80f6"},{"name":"06 Seen and Not Seen.png","source":"derivative","format":"PNG","original":"06 Seen and Not Seen.flac","mtime":"1766965603","size":"47836","md5":"65f96b35ed963807297c4b0fec0d4049","crc32":"74c2b572","sha1":"e96510ee35af134b99f2663463c730792f875378"},{"name":"06 Seen and Not Seen_spectrogram.png","source":"derivative","format":"Spectrogram","original":"06 Seen and Not Seen.flac","mtime":"1766965736","size":"304844","md5":"c3b841f8002a5673662b0f677a483160","crc32":"e6dcc01e","sha1":"0761af1cd8e364f795505578745b1f01906e27fa"},{"name":"07 Listening Wind.flac","source":"original","mtime":"1766964530","size":"25443897","md5":"f80718009ffef282f6a219869e823253","crc32":"8be58fb7","sha1":"9ea1a299042cb44896d5827578b338163b44b01c","format":"Flac","length":"283.07","viruscheck":"1766964924","title":"Listening Wind","creator":"Talking Heads","album":"Remain in Light","track":"7","artist":"Talking Heads","genre":"New Wave"},{"name":"07 Listening Wind.mp3","source":"derivative","creator":"Talking Heads","title":"Listening Wind","track":"7","album":"Remain in Light","genre":"New Wave","bitrate":"189","length":"04:43","format":"VBR MP3","original":"07 Listening Wind.flac","mtime":"1766965407","size":"6689660","md5":"45bcce558bfbf2724257ba0a86c1f6a6","crc32":"c7c4d6f9","sha1":"32764feb25f075b6d21e67308beea5c22cdf7b3f"},{"name":"07 Listening Wind.png","source":"derivative","format":"PNG","original":"07 Listening Wind.flac","mtime":"1766965713","size":"41466","md5":"19641c354eba60dbe47fa4d0794847dd","crc32":"79bc54b7","sha1":"2c76081a558729fcbf0a568d700c116019256058"},{"name":"07 Listening Wind_spectrogram.png","source":"derivative","format":"Spectrogram","original":"07 Listening Wind.flac","mtime":"1766965752","size":"314691","md5":"2d879e1edc9b86344cbd92594e81f07b","crc32":"76d3df7a","sha1":"f4324bb4bd7c9fdafb27a2771969474e61e0e752"},{"name":"08 The Overload.flac","source":"original","mtime":"1766964918","size":"28694613","md5":"ec735007159693a95d03e3ba22b89303","crc32":"d3806ed4","sha1":"bc64ee1529fc4dfe913e26edd7ed82d30162f411","format":"Flac","length":"361.64","viruscheck":"1766965302","title":"The Overload","creator":"Talking Heads","album":"Remain in Light","track":"8","artist":"Talking Heads","genre":"New Wave"},{"name":"08 The Overload.mp3","source":"derivative","creator":"Talking Heads","title":"The Overload","track":"8","album":"Remain in Light","genre":"New Wave","bitrate":"179","length":"06:02","format":"VBR MP3","original":"08 The Overload.flac","mtime":"1766965386","size":"8105846","md5":"7cc862489fef8583d6f78622195477f5","crc32":"04042da3","sha1":"e431aafc798194c964ff9f3899ba0cfc52398467"},{"name":"08 The Overload.png","source":"derivative","format":"PNG","original":"08 The Overload.flac","mtime":"1766965557","size":"37304","md5":"10fbd1a0024f744df8ef26cd5c1e4b04","crc32":"3bcbb316","sha1":"65b53422e438ab3c6cb7e785f5a7eac845a0de80"},{"name":"08 The Overload_spectrogram.png","source":"derivative","format":"Spectrogram","original":"08 The Overload.flac","mtime":"1766965725","size":"308773","md5":"c0f667b36ad64279374037a48406e735","crc32":"9b0234fe","sha1":"874c27b9be952120aabedc42710335c064e32fe4"},{"name":"__ia_thumb.jpg","source":"original","mtime":"1766964986","size":"21138","md5":"c5257af5fb77101ebb0d54e1e9e9cb80","crc32":"bb4dcc20","sha1":"62434e1f2fa740c93c40934ae91b9deda4c08e53","format":"Item Tile"},{"name":"cover.jpg","source":"original","mtime":"1766964947","size":"650962","md5":"357d53d9d74366bef8936264756acdbe","crc32":"95d055d0","sha1":"835aebcb3cdb4a19b35b88ae00cf6af1b538dcf2","format":"JPEG"},{"name":"cover_thumb.jpg","source":"derivative","format":"JPEG Thumb","original":"cover.jpg","mtime":"1766965543","size":"13895","md5":"9cff5c2c9bd520f8e17878663b8bd656","crc32":"56cd0735","sha1":"7660652ebc4be7d720fb02ffc91490f41b11528c"}],"files_count":39,"item_last_updated":1766965838,"item_size":294351432,"metadata":{"identifier":"03-the-great-curve_202512","mediatype":"audio","collection":"opensource_audio","creator":"Talking Heads","date":"1980-10-08","description":"The fourth studio album by the American rock band Talking Heads, released on October 8, 1980, by Sire Records. The band's third and final album to be produced by Brian Eno, <i>Remain in Light</i> was recorded at Compass Point Studios in the Bahamas and Sigma Sound Studios in New York in July and August 1980.<div><br /></div><div>Sourced from a CD copy from around 1997 or so.</div>","language":"eng","scanner":"Internet Archive HTML5 Uploader 1.7.0","subject":["talking heads","1980","american","music"],"title":"Talking Heads - Remain In Light (1997 UK CD Rip)","uploader":"theicedupdaniel@gmail.com","publicdate":"2025-12-28 22:57:04","addeddate":"2025-12-28 22:57:04","curation":"[curator]validator@archive.org[/curator][date]20251228225759[/date][comment]checked for malware[/comment]"},"server":"ia800703.us.archive.org","uniq":847379694,"workable_servers":["ia800703.us.archive.org","ia600703.us.archive.org"]}