{"alternate_locations":{"servers":[{"server":"dn721802.ca.archive.org","dir":"/0/items/03-the-color-green"}],"workable":[{"server":"dn721802.ca.archive.org","dir":"/0/items/03-the-color-green"}]},"created":1767564758,"d1":"ia902808.us.archive.org","d2":"ia802808.us.archive.org","dir":"/19/items/03-the-color-green","files":[{"name":"01 Here In America.flac","source":"derivative","format":"Flac","original":"01 Here In America.wav","mtime":"1758638745","size":"25553212","md5":"a3e3fb539400badf14d06e6c09d9d101","crc32":"5406d785","sha1":"98b6b4eaa2d0cd15375b4647ed3bc1b9cf853610","length":"237.56"},{"name":"01 Here In America.mp3","source":"derivative","bitrate":"197","length":"03:58","format":"VBR MP3","original":"01 Here In America.wav","mtime":"1758638235","size":"5913637","md5":"5d087f4b604e7cd7ca37a5599318cd67","crc32":"f6144279","sha1":"28f5f852dfd7fb82e5f87581c552aaa7151e6f00"},{"name":"01 Here In America.png","source":"derivative","format":"PNG","original":"01 Here In America.wav","mtime":"1758639128","size":"35807","md5":"306538d7035887f3bd82adcaea407de9","crc32":"b447633b","sha1":"4ef08d7fe43d9efbbf22dd7f2270239d484e1893"},{"name":"01 Here In America.wav","source":"original","mtime":"1758636615","size":"45611564","md5":"026fc407821d0a255c1b7de4ee090902","crc32":"97d2565f","sha1":"a0c690a30c9a0e27198ebb01b0f54aa306627785","format":"WAVE","length":"237.56","track":"01"},{"name":"01 Here In America_spectrogram.png","source":"derivative","format":"Spectrogram","original":"01 Here In America.wav","mtime":"1758639315","size":"317950","md5":"2b4c4731ad94854de336b71731238af9","crc32":"0e2125e4","sha1":"ef36da8482c06a33f436405e29478e02da0f6223"},{"name":"02 52_10.flac","source":"derivative","format":"Flac","original":"02 52_10.wav","mtime":"1758638928","size":"24787252","md5":"03c6b6a5231cee71d9e078edd7d1d4c4","crc32":"210f4182","sha1":"1ac2037af95e840e10ffb048fc5d2a1847e0f52b","length":"225.11"},{"name":"02 52_10.mp3","source":"derivative","bitrate":"186","length":"03:45","format":"VBR MP3","original":"02 52_10.wav","mtime":"1758638302","size":"5308232","md5":"c7e6ca2d302e3dadbc120b53e2fb7bc6","crc32":"5ee43019","sha1":"e54ee7bd782ba87a93a56cd5b844a472c5b79d6c"},{"name":"02 52_10.png","source":"derivative","format":"PNG","original":"02 52_10.wav","mtime":"1758639075","size":"33860","md5":"545cf645938e477b50381c670a23b99d","crc32":"278dbbbb","sha1":"fe612147cc7dc0d66f2a4fc0be3473a2303d3868"},{"name":"02 52_10.wav","source":"original","mtime":"1758636530","size":"43220524","md5":"2af5030d2553041b1599edbe13a30297","crc32":"4d5d8324","sha1":"0acc23bf38e8e391bb33b1514f21726ce70465fa","format":"WAVE","length":"225.11","track":"02"},{"name":"02 52_10_spectrogram.png","source":"derivative","format":"Spectrogram","original":"02 52_10.wav","mtime":"1758639299","size":"298715","md5":"b1911025b580e2a9688c932e1511afe6","crc32":"95eb33d1","sha1":"09f90cb240223ef851e6cbbf72b5623648d97573"},{"name":"03 The Color Green.flac","source":"derivative","format":"Flac","original":"03 The Color Green.wav","mtime":"1758638720","size":"38423710","md5":"ee02019dcd4f7144ecbcff92796fdc15","crc32":"f020f89b","sha1":"170275ac2e5bb2258e6da03ccaf16d2ea9d8d101","length":"341.87"},{"name":"03 The Color Green.mp3","source":"derivative","bitrate":"197","length":"05:42","format":"VBR MP3","original":"03 The Color Green.wav","mtime":"1758638272","size":"8471569","md5":"3aab45232672c5b772d47716676e17bf","crc32":"d6b88ac7","sha1":"54a584a1044a322a8aa193132a3a2963b83bb1eb"},{"name":"03 The Color Green.png","source":"derivative","format":"PNG","original":"03 The Color Green.wav","mtime":"1758639035","size":"38085","md5":"f9270395d7da139609ec2e6d464b3ed1","crc32":"c9e7b532","sha1":"77b6e3498d07b1da6c7843d6e14298a4c359edaf"},{"name":"03 The Color Green.wav","source":"original","mtime":"1758636794","size":"65638444","md5":"2be9fde6b83bd4a2393f80de20fca8f1","crc32":"6452242d","sha1":"fb48039d5e19e9722e592f258bb39a905d077deb","format":"WAVE","length":"341.87","track":"03"},{"name":"03 The Color Green_spectrogram.png","source":"derivative","format":"Spectrogram","original":"03 The Color Green.wav","mtime":"1758639249","size":"314941","md5":"bdafe9a6ba2c79eab028fb9a7de1da4d","crc32":"79f94fab","sha1":"6035f0c59093dd9a89a716002bc9ad93b5e84d4b"},{"name":"03-the-color-green_archive.torrent","source":"metadata","btih":"3bbfb9db2427bd5c014c732fa626d1a92e7804c3","mtime":"1758639401","size":"51236","md5":"72dbeb8c3d0f78d417f281fe65f5701f","crc32":"fbffaf5f","sha1":"8052ef07abbaf1233209a2128e54670e0f0df67f","format":"Archive BitTorrent"},{"name":"03-the-color-green_files.xml","source":"original","format":"Metadata","md5":"3cf050e701074d0a3ca3bca25d91c63f","summation":"md5"},{"name":"03-the-color-green_meta.sqlite","source":"original","mtime":"1758638112","size":"53248","md5":"5f736e83fbb91513e3e5b40caa2b1090","crc32":"195282bc","sha1":"be4ae0a0ecf4b13199fe65d1c95728ce0ac3c497","format":"Metadata"},{"name":"03-the-color-green_meta.xml","source":"original","mtime":"1758639367","size":"712","md5":"7055907268a562224e30e473a57c3b54","crc32":"765b2421","sha1":"010749e45e0773806ef15fb6e95803958ed62d4b","format":"Metadata"},{"name":"04 Hold Me Jesus.flac","source":"derivative","format":"Flac","original":"04 Hold Me Jesus.wav","mtime":"1758638867","size":"17979999","md5":"f5a804dedc26c2c9ff01e82575a7ea49","crc32":"520f661c","sha1":"a8230faf0cee88387a50d7c79a2313239e0cdcc6","length":"186.09"},{"name":"04 Hold Me Jesus.mp3","source":"derivative","bitrate":"188","length":"03:06","format":"VBR MP3","original":"04 Hold Me Jesus.wav","mtime":"1758638332","size":"4429723","md5":"9eaf395a97271e4bbf63670a460f0cc1","crc32":"2cacb815","sha1":"cd6ff4fd293750865266dab89605eae6db5413f2"},{"name":"04 Hold Me Jesus.png","source":"derivative","format":"PNG","original":"04 Hold Me Jesus.wav","mtime":"1758638967","size":"35013","md5":"e6ea0acdf54b82658532cb31b76e80f6","crc32":"0cf0a209","sha1":"443affa695c6446325b96e3d83b4e9d8a8e25eeb"},{"name":"04 Hold Me Jesus.wav","source":"original","mtime":"1758636948","size":"35729964","md5":"fece64499f68a59c9296be2ed2eb04ef","crc32":"5804d4ed","sha1":"879161b9337c823743a64d1856ca671cdbdc9801","format":"WAVE","length":"186.09","track":"04"},{"name":"04 Hold Me Jesus_spectrogram.png","source":"derivative","format":"Spectrogram","original":"04 Hold Me Jesus.wav","mtime":"1758639237","size":"316967","md5":"fef1011e4c994d560e211694aab62cd3","crc32":"5bd09283","sha1":"29d64c24493656649a23f49b17014cbfbae274d5"},{"name":"05 Creed.flac","source":"derivative","format":"Flac","original":"05 Creed.wav","mtime":"1758638820","size":"39956906","md5":"52f020806c7bcb8756958132f6ac7366","crc32":"ef1e58ba","sha1":"95bdac96c28341fb0ece3344fc0206fad981cd2c","length":"324.67"},{"name":"05 Creed.mp3","source":"derivative","bitrate":"205","length":"05:25","format":"VBR MP3","original":"05 Creed.wav","mtime":"1758638375","size":"8408794","md5":"47acf30629cdeb7ae860a37dd9c5844b","crc32":"c92c8842","sha1":"180692f96eae980ad02cdaae2eeafad721b1ca2f"},{"name":"05 Creed.png","source":"derivative","format":"PNG","original":"05 Creed.wav","mtime":"1758639094","size":"39489","md5":"7ba1deb9ecc1afcb56fadf561caf2e75","crc32":"a0bb75f2","sha1":"16fe956f6382d5979c7058a600770d032f791e60"},{"name":"05 Creed.wav","source":"original","mtime":"1758637228","size":"62336044","md5":"ba8348a03ba9b5b62f92c8b72ebc5667","crc32":"576e6606","sha1":"1f69852c0683ef9cd5b148b7fa9664c797fabca4","format":"WAVE","length":"324.67","track":"05"},{"name":"05 Creed_spectrogram.png","source":"derivative","format":"Spectrogram","original":"05 Creed.wav","mtime":"1758639283","size":"293591","md5":"f98e80202612ee9a5a0a62597e88e0f4","crc32":"67189d48","sha1":"720cd6debd7a6877da44149a2a89071d355d4b00"},{"name":"06 Peace (A Communion Blessing From.flac","source":"derivative","format":"Flac","original":"06 Peace (A Communion Blessing From.wav","mtime":"1758638797","size":"33426553","md5":"86346360de83a94823f12176afd7ef68","crc32":"9004198c","sha1":"4fbe39f8baa2859c9384ea69ab13e8dd114c0d16","length":"323.53"},{"name":"06 Peace (A Communion Blessing From.mp3","source":"derivative","bitrate":"189","length":"05:24","format":"VBR MP3","original":"06 Peace (A Communion Blessing From.wav","mtime":"1758638633","size":"7701023","md5":"1aa4abde42c15996f19c3c5fc66034a0","crc32":"06be2ce8","sha1":"954467142d3cf133fc4cdacd9596eef5229cdd96"},{"name":"06 Peace (A Communion Blessing From.png","source":"derivative","format":"PNG","original":"06 Peace (A Communion Blessing From.wav","mtime":"1758639177","size":"33205","md5":"321e77bc1bf8112bef6ab0ea944ff8f9","crc32":"42b340ad","sha1":"0199c582dbbc63b1f1c9e9914be87754d27dd850"},{"name":"06 Peace (A Communion Blessing From.wav","source":"original","mtime":"1758637326","size":"62118444","md5":"3c2b1e41a2b4733c3064b360f51f40d1","crc32":"4e495b71","sha1":"8713ed15e0824ef28b7ac8a08fed06e844415bb8","format":"WAVE","length":"323.53","track":"06"},{"name":"06 Peace (A Communion Blessing From_spectrogram.png","source":"derivative","format":"Spectrogram","original":"06 Peace (A Communion Blessing From.wav","mtime":"1758639266","size":"310453","md5":"94ca83beb1f9acf6fd6bcfd2f75490d0","crc32":"6f991e2d","sha1":"3c7774c3fc25415bd7c1fe1516b74b33f5e6e0f3"},{"name":"07 78 Eastonwood Green.flac","source":"derivative","format":"Flac","original":"07 78 Eastonwood Green.wav","mtime":"1758638774","size":"17387245","md5":"e25e829f903de9f081ba620a2910239a","crc32":"8528386a","sha1":"b673e10991c0292b5ad7b01b2a62153e2891ab3b","length":"142.33"},{"name":"07 78 Eastonwood Green.mp3","source":"derivative","bitrate":"215","length":"02:22","format":"VBR MP3","original":"07 78 Eastonwood Green.wav","mtime":"1758638597","size":"3892798","md5":"0d71840e10990b8940014b8869c59722","crc32":"041002d0","sha1":"6621ef2cfe97ad75c1259dba6f2ce6657918958c"},{"name":"07 78 Eastonwood Green.png","source":"derivative","format":"PNG","original":"07 78 Eastonwood Green.wav","mtime":"1758638986","size":"31313","md5":"42b8c5ba049eefa87a76f4d9309983f9","crc32":"7ebb75ba","sha1":"a10f775e535a5c5d455cc6110595828903311a74"},{"name":"07 78 Eastonwood Green.wav","source":"original","mtime":"1758637372","size":"27328044","md5":"ee64364c2d26ce91c7deabe487002893","crc32":"6e835ef5","sha1":"4a341d7e87a0a3dd5c090994614d50a8f7e5b182","format":"WAVE","length":"142.33","track":"07"},{"name":"07 78 Eastonwood Green_spectrogram.png","source":"derivative","format":"Spectrogram","original":"07 78 Eastonwood Green.wav","mtime":"1758639352","size":"306928","md5":"0ca4f526eaadd9502230486309399a35","crc32":"0bf635f5","sha1":"c36773ec841cc631b6d9a1ae0476d57c9c34c117"},{"name":"08 Hard.flac","source":"derivative","format":"Flac","original":"08 Hard.wav","mtime":"1758638696","size":"27594411","md5":"7a7177e5773f1be006e2fc0314c0e3af","crc32":"7ebbdc5c","sha1":"d3cc0e7c9d2a1fe8d80049ff0c196e9da7acb95d","length":"231.91"},{"name":"08 Hard.mp3","source":"derivative","bitrate":"196","length":"03:52","format":"VBR MP3","original":"08 Hard.wav","mtime":"1758638568","size":"5762046","md5":"3863116761ad37e65dbb47bfbd71ff6e","crc32":"1f23996a","sha1":"8c38ad0cf0a17c729a580662e35b4371f2d3abb9"},{"name":"08 Hard.png","source":"derivative","format":"PNG","original":"08 Hard.wav","mtime":"1758639161","size":"38632","md5":"16f1ee852f88ecf643e974e562d64c48","crc32":"333538c5","sha1":"7bd49dfe7933b897207d1e0eac16c2b9673ee283"},{"name":"08 Hard.wav","source":"original","mtime":"1758637474","size":"44526124","md5":"1688648a98b139413bb2e54860398321","crc32":"3a2a76a6","sha1":"3f4af7ba35c4511d6d4208449d4390e273530029","format":"WAVE","length":"231.91","track":"08"},{"name":"08 Hard_spectrogram.png","source":"derivative","format":"Spectrogram","original":"08 Hard.wav","mtime":"1758639214","size":"303050","md5":"fb1cb22140b37781d87cfd7383d4359f","crc32":"fd4f8f8d","sha1":"d17adc0b5ce374346c152cd00e1b5bf8c12081d6"},{"name":"09 I'll Carry On.flac","source":"derivative","format":"Flac","original":"09 I'll Carry On.wav","mtime":"1758638848","size":"27602723","md5":"f6297702c928e3cb9b9387be5643079b","crc32":"947bd528","sha1":"610957f343db547ee2a62767505ca352a851eafe","length":"233.29"},{"name":"09 I'll Carry On.mp3","source":"derivative","bitrate":"192","length":"03:53","format":"VBR MP3","original":"09 I'll Carry On.wav","mtime":"1758638538","size":"5671475","md5":"f00482617083b5afa0550196622e5ad0","crc32":"92f8896a","sha1":"336551ebc799cff679e370185fd10725497daabf"},{"name":"09 I'll Carry On.png","source":"derivative","format":"PNG","original":"09 I'll Carry On.wav","mtime":"1758639111","size":"37038","md5":"819bd37682ded03d8a8401d23339fe1e","crc32":"63f38b46","sha1":"3b3b56bf392ef5edec95cb1b54fb5155ee840bc3"},{"name":"09 I'll Carry On.wav","source":"original","mtime":"1758637612","size":"44792364","md5":"b720bba8c910ce87dbd17f7e1c86aae2","crc32":"b3c1d3be","sha1":"4361502d7c7431eee0b1f43d67fbf432af480222","format":"WAVE","length":"233.29","track":"09"},{"name":"09 I'll Carry On_spectrogram.png","source":"derivative","format":"Spectrogram","original":"09 I'll Carry On.wav","mtime":"1758639225","size":"315729","md5":"e7672a78a54bbf9129dfdc845f03d1af","crc32":"13e938e7","sha1":"1c6b37cdc4c5456a3b14d61cc7c4568b5a66b48f"},{"name":"10 You Gotta Get Up (Christmas Song).flac","source":"derivative","format":"Flac","original":"10 You Gotta Get Up (Christmas Song).wav","mtime":"1758638913","size":"13804449","md5":"53a3434d57363005e4514adc42b99100","crc32":"f4abd833","sha1":"04120be28dbbbaa2c9e993eaad9e32b5bc5714ed","length":"157.84"},{"name":"10 You Gotta Get Up (Christmas Song).mp3","source":"derivative","bitrate":"191","length":"02:38","format":"VBR MP3","original":"10 You Gotta Get Up (Christmas Song).wav","mtime":"1758638508","size":"3827033","md5":"295e908e2a3929f1262b3782dc5b32a9","crc32":"7c53df4e","sha1":"c227f493fea76b5ccd9432dfbc77ed8528111f50"},{"name":"10 You Gotta Get Up (Christmas Song).png","source":"derivative","format":"PNG","original":"10 You Gotta Get Up (Christmas Song).wav","mtime":"1758639012","size":"36007","md5":"c5677e01f3e985a3ca960008e9515d94","crc32":"8507105f","sha1":"0753b09f02a640bec589ab3fb5c96d273448e0da"},{"name":"10 You Gotta Get Up (Christmas Song).wav","source":"original","mtime":"1758637696","size":"30305324","md5":"f73cd66a0438cf725ae15b1c94770b9d","crc32":"c42049cf","sha1":"dd35085478adc08e2f364d70def98d24feac92c7","format":"WAVE","length":"157.84","track":"10"},{"name":"10 You Gotta Get Up (Christmas Song)_spectrogram.png","source":"derivative","format":"Spectrogram","original":"10 You Gotta Get Up (Christmas Song).wav","mtime":"1758639188","size":"308947","md5":"38c3d1798555ce32e5e6f12fb19cd7ac","crc32":"92bf19d3","sha1":"03bec05c58b42c4aaa1d521aeae76650817526de"},{"name":"11 How To Grow Up Big And Strong.flac","source":"derivative","format":"Flac","original":"11 How To Grow Up Big And Strong.wav","mtime":"1758638942","size":"42214571","md5":"35818ba31e940868f5f64cd8e00c7b39","crc32":"b3cae7a1","sha1":"5fe2143940813fa9711594e98d6d6305decf985e","length":"331.2"},{"name":"11 How To Grow Up Big And Strong.mp3","source":"derivative","bitrate":"192","length":"05:31","format":"VBR MP3","original":"11 How To Grow Up Big And Strong.wav","mtime":"1758638466","size":"8023856","md5":"ec7d23334f72a6004dec0fd246de335f","crc32":"651fd6d8","sha1":"57a1cd4dc5d9c7f624b8cff1bf2f43ddb3188589"},{"name":"11 How To Grow Up Big And Strong.png","source":"derivative","format":"PNG","original":"11 How To Grow Up Big And Strong.wav","mtime":"1758639057","size":"37325","md5":"ba1a3f4a3a8a13e1e73643328f988e0e","crc32":"5318f0c1","sha1":"1a6940ab7fc49c6edc79f2091d5db870e56afe4e"},{"name":"11 How To Grow Up Big And Strong.wav","source":"original","mtime":"1758637863","size":"63590444","md5":"e2e755662aa75eb34041fc99412257a4","crc32":"81516a95","sha1":"63a17283f9d188c819e746ce5224c878511036de","format":"WAVE","length":"331.2","track":"11"},{"name":"11 How To Grow Up Big And Strong_spectrogram.png","source":"derivative","format":"Spectrogram","original":"11 How To Grow Up Big And Strong.wav","mtime":"1758639203","size":"288779","md5":"ba115f19319c38d7f2fe23d84e640bac","crc32":"c742feec","sha1":"b7de4fdc3f4eeb85f8d56845afb83ca8506a37c9"},{"name":"12 Land Of My Sojourn.flac","source":"derivative","format":"Flac","original":"12 Land Of My Sojourn.wav","mtime":"1758638891","size":"29627708","md5":"8371cff6e27f24731c7b2efe54e81afd","crc32":"20a17e3e","sha1":"3c7714d97a250cd18ba49799caaa0fc144ee8dea","length":"243.8"},{"name":"12 Land Of My Sojourn.mp3","source":"derivative","bitrate":"199","length":"04:04","format":"VBR MP3","original":"12 Land Of My Sojourn.wav","mtime":"1758638431","size":"6121732","md5":"2d85473d1767e629b09dbc0568e759b4","crc32":"203860a5","sha1":"fe697f796f6dc2f461e57841369e53d2a8cde9f2"},{"name":"12 Land Of My Sojourn.png","source":"derivative","format":"PNG","original":"12 Land Of My Sojourn.wav","mtime":"1758639145","size":"38810","md5":"330737222bc0c9ca12a69bac1864a8a0","crc32":"8b563c05","sha1":"2e27080fbf5fb12000677f2ff251e02217128ce2"},{"name":"12 Land Of My Sojourn.wav","source":"original","mtime":"1758638084","size":"46809644","md5":"1b2590b6353a8039b96d9841d0566d97","crc32":"a710568e","sha1":"365768992a44ae019b2eb25e126ca3e2265347f9","format":"WAVE","length":"243.8","track":"12"},{"name":"12 Land Of My Sojourn_spectrogram.png","source":"derivative","format":"Spectrogram","original":"12 Land Of My Sojourn.wav","mtime":"1758639336","size":"309704","md5":"ae75990984102a86b750919a1dd4aa23","crc32":"c6c1e32b","sha1":"f462773b4dc9e62d31a699a938ca8866644fe841"},{"name":"AlbumArtSmall.jpg","source":"original","mtime":"1758638105","size":"48282","md5":"3025af5a42938931d53a487110ca4890","crc32":"8e84d602","sha1":"08c6e0545bc7c1b99d03c11a0a393f622142ae81","format":"JPEG"},{"name":"AlbumArtSmall_thumb.jpg","source":"derivative","format":"JPEG Thumb","original":"AlbumArtSmall.jpg","mtime":"1758638662","size":"7552","md5":"68e139a9a4d8e406da0df6c6892cfc55","crc32":"c552555c","sha1":"330bcd87b5f61cac624bb98cca8ad81dc02da428"},{"name":"AlbumArt_{B5020207-474E-4720-F0F8-812EC1AA0B00}_Large.jpg","source":"original","mtime":"1758638090","size":"48282","md5":"3025af5a42938931d53a487110ca4890","crc32":"8e84d602","sha1":"08c6e0545bc7c1b99d03c11a0a393f622142ae81","format":"JPEG"},{"name":"AlbumArt_{B5020207-474E-4720-F0F8-812EC1AA0B00}_Large_thumb.jpg","source":"derivative","format":"JPEG Thumb","original":"AlbumArt_{B5020207-474E-4720-F0F8-812EC1AA0B00}_Large.jpg","mtime":"1758638677","size":"7552","md5":"68e139a9a4d8e406da0df6c6892cfc55","crc32":"c552555c","sha1":"330bcd87b5f61cac624bb98cca8ad81dc02da428"},{"name":"AlbumArt_{B5020207-474E-4720-F0F8-812EC1AA0B00}_Small.jpg","source":"original","mtime":"1758638098","size":"48282","md5":"3025af5a42938931d53a487110ca4890","crc32":"8e84d602","sha1":"08c6e0545bc7c1b99d03c11a0a393f622142ae81","format":"JPEG"},{"name":"AlbumArt_{B5020207-474E-4720-F0F8-812EC1AA0B00}_Small_thumb.jpg","source":"derivative","format":"JPEG Thumb","original":"AlbumArt_{B5020207-474E-4720-F0F8-812EC1AA0B00}_Small.jpg","mtime":"1758638685","size":"7552","md5":"68e139a9a4d8e406da0df6c6892cfc55","crc32":"c552555c","sha1":"330bcd87b5f61cac624bb98cca8ad81dc02da428"},{"name":"Folder.jpg","source":"original","mtime":"1758638108","size":"48282","md5":"3025af5a42938931d53a487110ca4890","crc32":"8e84d602","sha1":"08c6e0545bc7c1b99d03c11a0a393f622142ae81","format":"JPEG"},{"name":"Folder_thumb.jpg","source":"derivative","format":"JPEG Thumb","original":"Folder.jpg","mtime":"1758638652","size":"7552","md5":"68e139a9a4d8e406da0df6c6892cfc55","crc32":"c552555c","sha1":"330bcd87b5f61cac624bb98cca8ad81dc02da428"},{"name":"__ia_thumb.jpg","source":"original","mtime":"1758638148","size":"9491","md5":"30c0498bcc3c6c376f9a010ed6f30ad7","crc32":"0020d2ca","sha1":"6f6a69f6f54ad0b25c39858839d0dfea94b66717","format":"Item Tile"}],"files_count":73,"item_last_updated":1758639401,"item_size":988355946,"metadata":{"identifier":"03-the-color-green","mediatype":"audio","collection":"opensource_audio","creator":"Rich Mullins","date":"1995","description":"1995 cd","scanner":"Internet Archive HTML5 Uploader 1.7.0","subject":["CCM","Pop"],"title":"A Liturgy, A Legacy, and a Ragamuffin Band","uploader":"poiemajeremiah@yahoo.com","publicdate":"2025-09-23 14:09:14","addeddate":"2025-09-23 14:09:14","curation":"[curator]validator@archive.org[/curator][date]20250923141014[/date][comment]checked for malware[/comment]"},"server":"ia802808.us.archive.org","uniq":875527417,"workable_servers":["ia802808.us.archive.org","ia902808.us.archive.org"]}