{"alternate_locations":{"servers":[{"server":"dn710108.ca.archive.org","dir":"/0/items/03-the-soldiers-prayer_202511"}],"workable":[{"server":"dn710108.ca.archive.org","dir":"/0/items/03-the-soldiers-prayer_202511"}]},"created":1767567382,"d1":"ia600406.us.archive.org","d2":"ia800406.us.archive.org","dir":"/2/items/03-the-soldiers-prayer_202511","files":[{"name":"01 In The Mansion By And By.mp3","source":"original","mtime":"1762398368","size":"3640353","md5":"b9551d28de56744af98c787ebd1cc685","crc32":"2ffd47fa","sha1":"d2b30776757769bc2820674d334263bb6e346caf","format":"VBR MP3","length":"151.07","title":"In The Mansion By And By","creator":"The Issacs","album":"Our Style Live","track":"1","artist":"The Issacs","genre":"Bluegrass"},{"name":"01 In The Mansion By And By.png","source":"derivative","format":"PNG","original":"01 In The Mansion By And By.mp3","mtime":"1762400251","size":"39632","md5":"48cbc7f286d078735e05766127923165","crc32":"e6f31ac9","sha1":"10df37d351af6becd572495795d9c816b962673d"},{"name":"01 In The Mansion By And By_spectrogram.png","source":"derivative","format":"Spectrogram","original":"01 In The Mansion By And By.mp3","mtime":"1762402606","size":"281713","md5":"5cb4d3cd7bfd9527872420ded20946a4","crc32":"611a13a6","sha1":"f3d9897f9869530bdd80a1e5d12fe039b2bb50e5"},{"name":"02 This Side Of Heaven.mp3","source":"original","mtime":"1762398374","size":"3626555","md5":"ca0752d786bd4ff33f7e402067513afe","crc32":"546451d1","sha1":"b86e6a255aae919f60d6efa55646860f814a3be9","format":"VBR MP3","length":"150.49","title":"This Side Of Heaven","creator":"The Issacs","album":"Our Style Live","track":"2","artist":"The Issacs","genre":"Bluegrass"},{"name":"02 This Side Of Heaven.png","source":"derivative","format":"PNG","original":"02 This Side Of Heaven.mp3","mtime":"1762401752","size":"40150","md5":"3416c7ef383b756717293f80ca98db31","crc32":"902cc90f","sha1":"aa2fff1bdb72d755b46782ca29c6a499e3b7c6c6"},{"name":"02 This Side Of Heaven_spectrogram.png","source":"derivative","format":"Spectrogram","original":"02 This Side Of Heaven.mp3","mtime":"1762404349","size":"282154","md5":"bcfc74a68802afb3077b8dbe816d00d0","crc32":"33e09aeb","sha1":"32109c806838d417eaa4b520577872899ba9c8b4"},{"name":"03 The Soldiers Prayer.mp3","source":"original","mtime":"1762398382","size":"6196378","md5":"46b2ed1a0c61e8a24a04bab4c5ba10b0","crc32":"218f4a12","sha1":"0d07dae986a3134e5df564b7a076d2b5208cc611","format":"VBR MP3","length":"257.57","title":"The Soldier's Prayer","creator":"The Issacs","album":"Our Style Live","track":"3","artist":"The Issacs","genre":"Bluegrass"},{"name":"03 The Soldiers Prayer.png","source":"derivative","format":"PNG","original":"03 The Soldiers Prayer.mp3","mtime":"1762401538","size":"34779","md5":"9d8147ae287233b15560173e1310fafa","crc32":"51a13ae1","sha1":"dc940dd7dfef15f4c36efb93a0f8aacd762cd69e"},{"name":"03 The Soldiers Prayer_spectrogram.png","source":"derivative","format":"Spectrogram","original":"03 The Soldiers Prayer.mp3","mtime":"1762404133","size":"282345","md5":"a51ad695bf79edb99f7c28562f61d8be","crc32":"654b259b","sha1":"f474ff6a5ba455bed35c43a460d3a3bee2bf8096"},{"name":"03-the-soldiers-prayer_202511_archive.torrent","source":"metadata","btih":"e6baff60abb8f4bc65536e21a81213e7b0214e21","mtime":"1766896474","size":"10284","md5":"fc28384e6c15b5c02d67ef395aaffd94","crc32":"487aa3da","sha1":"3337d229b9d09a1e06dee9e0938c7365586258f2","format":"Archive BitTorrent"},{"name":"03-the-soldiers-prayer_202511_files.xml","source":"original","format":"Metadata","md5":"0da4112c6e9507cf28c41d3d0c361abd","summation":"md5"},{"name":"03-the-soldiers-prayer_202511_meta.sqlite","source":"original","mtime":"1762398391","size":"45056","md5":"360689a7b636e24fc091d0db4d7dd9d1","crc32":"4ac250e7","sha1":"98517ed1d68bb2e92d8306fb1d0bbfebc7c1131d","format":"Metadata"},{"name":"03-the-soldiers-prayer_202511_meta.xml","source":"original","mtime":"1766896471","size":"1776","md5":"da35d956f051a9467130a6c2143c5d1a","crc32":"d379baff","sha1":"a71592a21900b62b173f9bf1e533c0480e1a2847","format":"Metadata"},{"name":"04 Cold Jordan.mp3","source":"original","mtime":"1762398385","size":"4223393","md5":"6f2a95d02e875814534db795d3faf45d","crc32":"b65fc3e2","sha1":"0451810cbf4413a31212e9315ebb5d6dcd1aa0a5","format":"VBR MP3","length":"175.36","title":"Cold Jordan","creator":"The Issacs","album":"Our Style Live","track":"4","artist":"The Issacs","genre":"Bluegrass"},{"name":"04 Cold Jordan.png","source":"derivative","format":"PNG","original":"04 Cold Jordan.mp3","mtime":"1762401082","size":"41294","md5":"73f021a023bf16d9031e473a6c2efd3e","crc32":"9f416007","sha1":"5aaf11a1d1cd764475d5f8385e452bb529e4a23f"},{"name":"04 Cold Jordan_spectrogram.png","source":"derivative","format":"Spectrogram","original":"04 Cold Jordan.mp3","mtime":"1762403926","size":"284852","md5":"833cb64c2f0445539e4767d4f8f03ffb","crc32":"470aaed6","sha1":"68c1c4875db1c5c1a6c41a7cc9ce1b6884afa6ca"},{"name":"05 In Your Own Time.mp3","source":"original","mtime":"1762398286","size":"4113056","md5":"3128995f327af0b96220f6c107fbc30b","crc32":"aba343d7","sha1":"3153e5bdeaa42ce29b0fe6a5ff5073bca791ec3d","format":"VBR MP3","length":"170.76","title":"In Your Own Time","creator":"The Issacs","album":"Our Style Live","track":"5","artist":"The Issacs","genre":"Bluegrass"},{"name":"05 In Your Own Time.png","source":"derivative","format":"PNG","original":"05 In Your Own Time.mp3","mtime":"1762399227","size":"38575","md5":"220b642f5d544b4dad70d0a3fdd54903","crc32":"6a540c21","sha1":"bbe3d1fb68ee573e32397eafa7a915c210b3fc51"},{"name":"05 In Your Own Time_spectrogram.png","source":"derivative","format":"Spectrogram","original":"05 In Your Own Time.mp3","mtime":"1762403511","size":"280078","md5":"5a263f8052236c77a7e0f06e58f70b71","crc32":"92a3284b","sha1":"62e23869c22642a28a0e93473310b2d17c0b119a"},{"name":"06 The Reason He Died.mp3","source":"original","mtime":"1762398325","size":"5578214","md5":"ba2b7596acb155e2700db2d8f52901c6","crc32":"0dc50662","sha1":"4ee651dc0993b84925f9b93d54a7f62fa590469a","format":"VBR MP3","length":"231.81","title":"The Reason He Died","creator":"The Issacs","album":"Our Style Live","track":"6","artist":"The Issacs","genre":"Bluegrass"},{"name":"06 The Reason He Died.png","source":"derivative","format":"PNG","original":"06 The Reason He Died.mp3","mtime":"1762400776","size":"37759","md5":"42f3b3521e720b8fcdd9a17a01ae5055","crc32":"089aa19f","sha1":"f6718d528a98fa9c59400c686268d493f9389564"},{"name":"06 The Reason He Died_spectrogram.png","source":"derivative","format":"Spectrogram","original":"06 The Reason He Died.mp3","mtime":"1762403330","size":"276112","md5":"bf522e0f8c5fd80c4dffdbac2bb5cf71","crc32":"e7ed7474","sha1":"5d8a0f9a6be55b55be55fd31cdfbed98e3bff60d"},{"name":"07 Reaping In The Spirit.mp3","source":"original","mtime":"1762398334","size":"4008990","md5":"aa40fd69f71a65b385f3c33c2aa7e248","crc32":"b5487030","sha1":"fbe4189ef8b785a20f36697bcb02c2c31f8179cf","format":"VBR MP3","length":"166.43","title":"Reaping In The Spirit","creator":"The Issacs","album":"Our Style Live","track":"7","artist":"The Issacs","genre":"Bluegrass"},{"name":"07 Reaping In The Spirit.png","source":"derivative","format":"PNG","original":"07 Reaping In The Spirit.mp3","mtime":"1762399899","size":"36323","md5":"0da53ae7004d57540d616dbfacfe14ce","crc32":"19578f05","sha1":"26b2ebb99d57975d1de5fd1b643a79629e5d9fae"},{"name":"07 Reaping In The Spirit_spectrogram.png","source":"derivative","format":"Spectrogram","original":"07 Reaping In The Spirit.mp3","mtime":"1762403131","size":"295692","md5":"1808b647ee8b7211d8f1abb47e170c16","crc32":"532be3a9","sha1":"22d43bba6e4a9bc7eee8b49c46fa18a1ec024677"},{"name":"08 A Whisper Away.mp3","source":"original","mtime":"1762398344","size":"4034060","md5":"dfc0c6390ac20205aff393fbc1a747fb","crc32":"846b7919","sha1":"a27260a39b5a8d7f4ca7947988c7caaf0c0a9db4","format":"VBR MP3","length":"167.47","title":"A Whisper Away","creator":"The Issacs","album":"Our Style Live","track":"8","artist":"The Issacs","genre":"Bluegrass"},{"name":"08 A Whisper Away.png","source":"derivative","format":"PNG","original":"08 A Whisper Away.mp3","mtime":"1762399666","size":"41524","md5":"012d2039fca873d945b2ee8c7fd2d87d","crc32":"b299e35f","sha1":"c02636a70655bb3d1b6277a92b137f818e648307"},{"name":"08 A Whisper Away_spectrogram.png","source":"derivative","format":"Spectrogram","original":"08 A Whisper Away.mp3","mtime":"1762402906","size":"285224","md5":"07cb560b3b574078458ca8d8c8882784","crc32":"d08d033f","sha1":"621bcba3c58ead524724cd719e1103b6df8db263"},{"name":"09 Dont Neglect The Rose.mp3","source":"original","mtime":"1762398348","size":"5573830","md5":"091923ec22c55e3da20e80fa59c3fca3","crc32":"3612f9f4","sha1":"df8c172a03fe02a3ad1f25d0cc8c2ca4b0d3b126","format":"VBR MP3","length":"231.63","title":"Don't Neglect The Rose","creator":"The Issacs","album":"Our Style Live","track":"9","artist":"The Issacs","genre":"Bluegrass"},{"name":"09 Dont Neglect The Rose.png","source":"derivative","format":"PNG","original":"09 Dont Neglect The Rose.mp3","mtime":"1762400460","size":"39328","md5":"03f316464502f83241534c47e56652fe","crc32":"0c48d543","sha1":"0448873c12d49e8f1739aa5f0bbd31dac903b0d9"},{"name":"09 Dont Neglect The Rose_spectrogram.png","source":"derivative","format":"Spectrogram","original":"09 Dont Neglect The Rose.mp3","mtime":"1762402425","size":"280420","md5":"6cdd113ad7dd62af5032437495fc89bb","crc32":"ffec0784","sha1":"d58cde87562ccce1b0852b7f15fd2b0ffedb0a24"},{"name":"10 The Wandering Boy.mp3","source":"original","mtime":"1762398356","size":"5793881","md5":"cb1a6d4a978fc4ef5944b59893ef8258","crc32":"4ee8cc26","sha1":"35e77f2afe7b4e476e08f373e5deef7d45f99a37","format":"VBR MP3","length":"240.8","title":"The Wandering Boy","creator":"The Isaacs","album":"Our Style Live","track":"10","artist":"The Isaacs","genre":"Bluegrass"},{"name":"10 The Wandering Boy.png","source":"derivative","format":"PNG","original":"10 The Wandering Boy.mp3","mtime":"1762401326","size":"41178","md5":"ecd7342afb08c1f026567b0e99650d62","crc32":"c968088b","sha1":"d5426e594a79054b021070e325e21470907f1b12"},{"name":"10 The Wandering Boy_spectrogram.png","source":"derivative","format":"Spectrogram","original":"10 The Wandering Boy.mp3","mtime":"1762402240","size":"276754","md5":"45d9ba439fe4bd4e644f7ddbd52667a3","crc32":"b69b9471","sha1":"9be1e3463245ea5900d98e5201660c0ad9aaaa5e"},{"name":"11 He Never Failed Me.mp3","source":"original","mtime":"1762398362","size":"4473549","md5":"e607b9188cafa86066d911a08e1c5387","crc32":"1444807a","sha1":"cf3111bc7e7e06dd54413498ccc6863733719a80","format":"VBR MP3","length":"185.78","title":"He Never Failed Me","creator":"The Isaacs","album":"Our Style Live","track":"11","artist":"The Isaacs","genre":"Bluegrass"},{"name":"11 He Never Failed Me.png","source":"derivative","format":"PNG","original":"11 He Never Failed Me.mp3","mtime":"1762402001","size":"36310","md5":"ec7e35d8f1da9b98c9764225350f1680","crc32":"afe7af68","sha1":"7fa9c74b0a1b14b65921f26d925f63eda6aeb917"},{"name":"11 He Never Failed Me_spectrogram.png","source":"derivative","format":"Spectrogram","original":"11 He Never Failed Me.mp3","mtime":"1762404716","size":"283562","md5":"2fa7d7e493a291df8756f1e3f49398d6","crc32":"ee603d7b","sha1":"f380ba9ccb080084c98cfe6f545b288a92c3e375"},{"name":"__ia_thumb.jpg","source":"original","mtime":"1766896472","size":"17566","md5":"117b5dc955b6b128a669416ad254edd2","crc32":"63537df3","sha1":"8cfb691531e5287380a32616e8b92c5fa9d45d7c","format":"Item Tile"},{"name":"tiosl.JPG","source":"original","mtime":"1762398364","size":"63001","md5":"8cf7ccd4e825cb59bd2bc381fc99e558","crc32":"c4df06b0","sha1":"e70e3eb971ee2170b43d8c6dc6c8c50cf8acfc30","format":"JPEG"},{"name":"tiosl_thumb.jpg","source":"derivative","format":"JPEG Thumb","original":"tiosl.JPG","mtime":"1762398728","size":"11341","md5":"bb3d9dea090bc160acbc9ba0d9242576","crc32":"8f2af5b7","sha1":"5370f40746f80fdac5b303f8bfada9b6d4d59e53"}],"files_count":40,"item_last_updated":1766896474,"item_size":54947041,"metadata":{"identifier":"03-the-soldiers-prayer_202511","mediatype":"audio","collection":"opensource_audio","creator":"The Isaacs","description":"<div>Our Style is a studio album by the multi-award-winning family group The Isaacs, released in 1993 through Morning Star Records. </div><div>The album showcases the group's signature blend of Gospel and Bluegrass, characterized by heartfelt family harmonies and Appalachian-inspired acoustic instrumentation. </div><div><br /></div><div>Musical Context</div><div>Performance Era: At the time of this release, the group featured the core family members: mother Lily Isaacs and her children Ben, Sonya, and Becky, along with their father Joe Isaacs (who left the group in the late 1990s).</div><div>Evolution of Sound: While this album captures the group's \"bluegrass trueness\" from their early years, their overall style has since expanded to include country, Americana, and more contemporary acoustic influences while maintaining their iconic three- and four-part harmonies.</div><div>Availability: Originally released on CD and cassette, the album is now considered a rare collector's item for fans of the genre. </div>","scanner":"Internet Archive HTML5 Uploader 1.7.0","subject":"The Isaacs","title":"Our Style","uploader":"stevehanna55@gmail.com","publicdate":"2025-11-06 03:05:22","addeddate":"2025-11-06 03:05:22","curation":"[curator]validator@archive.org[/curator][date]20251106030745[/date][comment]checked for malware[/comment]","date":"1993"},"server":"ia600406.us.archive.org","uniq":952131047,"workable_servers":["ia600406.us.archive.org","ia800406.us.archive.org"]}