{"alternate_locations":{"servers":[{"server":"dn721606.ca.archive.org","dir":"/0/items/03-warriors-extd"}],"workable":[{"server":"dn721606.ca.archive.org","dir":"/0/items/03-warriors-extd"}]},"created":1767567274,"d1":"ia601705.us.archive.org","d2":"ia801705.us.archive.org","dir":"/3/items/03-warriors-extd","files":[{"name":"01 Don't Cry.mp3","source":"original","mtime":"1709916422","size":"9214648","md5":"c954af33e48bbe88a544e6f4b74c5aaf","crc32":"088ad2c7","sha1":"ee565e6251feb8bc7d109a5020461117c494d02c","format":"VBR MP3","length":"230.25","title":"Don't Cry","creator":"Touch Sensitive","album":"Don't Cry Single","track":"1","artist":"Touch Sensitive","genre":"Miscellaneous"},{"name":"01 Don't Cry.png","source":"derivative","format":"PNG","original":"01 Don't Cry.mp3","mtime":"1709916950","size":"43374","md5":"5fa193c7656cfcbdff69f96d66bac93a","crc32":"e774cc11","sha1":"03ccedac9aaa680f9fa24d8a806bdc5f4681a8f4"},{"name":"01 Don't Cry_spectrogram.png","source":"derivative","format":"Spectrogram","original":"01 Don't Cry.mp3","mtime":"1709917554","size":"326403","md5":"189ea6788e1f7bf02830faae8f084ec2","crc32":"30234b2b","sha1":"41e38ac445cf4eba14c21f70dd8d50134e5c9292"},{"name":"02 Zero Action.mp3","source":"original","mtime":"1709916530","size":"9177064","md5":"f9962a1b8715e5a8ea48539d1afa4978","crc32":"3031c36b","sha1":"dc47010f59a635fcbddd64ff01a364d2eeab41f3","format":"VBR MP3","length":"229.31","title":"Zero Action","creator":"Touch Sensitive","album":"Don't Cry Single","track":"2","artist":"Touch Sensitive","genre":"Miscellaneous"},{"name":"02 Zero Action.png","source":"derivative","format":"PNG","original":"02 Zero Action.mp3","mtime":"1709917041","size":"42055","md5":"f7f56103f651335ea66b76b3abf905e3","crc32":"4c652ffa","sha1":"e560a23decc33a364d3af62ec80df6324d82c531"},{"name":"02 Zero Action_spectrogram.png","source":"derivative","format":"Spectrogram","original":"02 Zero Action.mp3","mtime":"1709917585","size":"333675","md5":"62eb2e297e06a060fa325275826a4535","crc32":"a928d9bb","sha1":"bdaddeaf3dec6dc8f06c1264113f67812f5e7584"},{"name":"03 Warriors (Ext'd).mp3","source":"original","mtime":"1709916652","size":"16225108","md5":"63e370cd3bdf5b2d6d118f55e5198c91","crc32":"2782b4ce","sha1":"62a9685ad7a5bb3b0314021a2b18b1a483fd2c99","format":"VBR MP3","length":"405.52","title":"Warriors (Ext'd)","creator":"Touch Sensitive","album":"Don't Cry Single","track":"3","artist":"Touch Sensitive","genre":"Miscellaneous"},{"name":"03 Warriors (Ext'd).png","source":"derivative","format":"PNG","original":"03 Warriors (Ext'd).mp3","mtime":"1709917111","size":"41071","md5":"82e3886523135377f0164ae4957e0b34","crc32":"b0c3b5c3","sha1":"94be691cba761bf1d34c8b879b0b6bd546d269c4"},{"name":"03 Warriors (Ext'd)_spectrogram.png","source":"derivative","format":"Spectrogram","original":"03 Warriors (Ext'd).mp3","mtime":"1709917647","size":"318602","md5":"743a8b5aa1d8258b35950937ee7a0c11","crc32":"ee689fab","sha1":"ac66c41153762a2e0dbfe7f678a7b3cfa137a98d"},{"name":"03-warriors-extd_archive.torrent","source":"metadata","btih":"7e465319266ea65a5b6f75f4bc8d7372678f440d","mtime":"1709916696","size":"3364","md5":"cc4cbfce0be504b0ca9428adca338609","crc32":"6b467408","sha1":"b79ab1b72ba164bde991475dd521c46141ea8359","format":"Archive BitTorrent"},{"name":"03-warriors-extd_files.xml","source":"original","format":"Metadata","md5":"a2d7ae8395ebc4d27e02f1c47550f2ae","summation":"md5"},{"name":"03-warriors-extd_meta.sqlite","source":"original","mtime":"1709917318","size":"40960","md5":"4e02b819df3cbaa9d79380d10fa7177b","crc32":"038af0a7","sha1":"f7b5c7f20553a58135430197d35c800f84706c17","format":"Metadata"},{"name":"03-warriors-extd_meta.xml","source":"original","mtime":"1709917708","size":"1944","md5":"0e445477c808013b587e816807e004c9","crc32":"f9bbcf47","sha1":"51f65a292b60db7542bad7bd44296008e565d958","format":"Metadata"},{"name":"04 Don't Cry (Ext'd).mp3","source":"original","mtime":"1709916756","size":"11790196","md5":"2364b42c482e320066a2d8839c9d443a","crc32":"a48a5625","sha1":"0bdc7658faf5ccfa8ffa9340f6e13e7fc950e10f","format":"VBR MP3","length":"294.64","title":"Don't Cry (Ext'd)","creator":"Touch Sensitive","album":"Don't Cry Single","track":"4","artist":"Touch Sensitive","genre":"Miscellaneous"},{"name":"04 Don't Cry (Ext'd).png","source":"derivative","format":"PNG","original":"04 Don't Cry (Ext'd).mp3","mtime":"1709917213","size":"44753","md5":"eb46a90581a40f8a4953079222fa7d67","crc32":"ec0d535e","sha1":"5830d95962c49125aba58f71d2831d79d568fdcb"},{"name":"04 Don't Cry (Ext'd)_spectrogram.png","source":"derivative","format":"Spectrogram","original":"04 Don't Cry (Ext'd).mp3","mtime":"1709917693","size":"316819","md5":"a2aa3a4fb5cabe34ecadadd51cc0573e","crc32":"68877103","sha1":"c2ecf1345e44dcbd4726e19ddce7fda6bd87da50"},{"name":"Touch Sensitive 3.jpg","source":"original","mtime":"1709916933","size":"57289","md5":"b32707d83455b3842710af95baead4b1","crc32":"d32faa64","sha1":"d3c9ca07862b0d28e4ebde475e2c4bdd65b56030","format":"JPEG"},{"name":"Touch Sensitive 3_thumb.jpg","source":"derivative","format":"JPEG Thumb","original":"Touch Sensitive 3.jpg","mtime":"1709917491","size":"7022","md5":"99d72120cf216517b76c781a6af3be4a","crc32":"1a8b27b4","sha1":"2ed1769555597fe68c469fa99fa057958f51013a"},{"name":"__ia_thumb.jpg","source":"original","mtime":"1709917321","size":"6156","md5":"6d48322c3c52b1a8b111cd4973d11ae5","crc32":"aca33ef4","sha1":"1145f9de4ab2703e8e71fc7c6f2fdc61c69d0b90","format":"Item Tile"}],"files_count":19,"item_last_updated":1709917708,"item_size":47990503,"metadata":{"identifier":"03-warriors-extd","mediatype":"audio","collection":"opensource_audio","creator":"Touch Sensitive","date":"1988","description":"Another Rare Pop/Rock release from 1988, once again Youtube could not detect a current Copyright Holder, so i think it is okay to be archived.<div><br /></div><div>Credits as taken from the CD:</div><div><br /></div><div><span style=\"color:rgb(19,19,19);font-family:Roboto, Arial, sans-serif;font-size:14px;background-color:rgba(0,0,0,0.05);\">Produced by\nPierre Laurin - Colin Thurston\n\nEngineered by Colin Thurston ( Assisted by Mike Banks ) Picnic Studios\nMixed by Colin Thurston ( Assisted by Spence Henderson ) Swanyard Studios\nExtended Mixes by Pierre Laurin ( Assisted by Spence Henderson )\nAll Songs by Peter Orr\n\nPeter Orr: Lead Vocals, Electric and Acoustic Guitar, Keyboards\nRay Knight: Drums and Drum Programming\nStuart Neal: Keyboards\nPhil Todd: Saxophone\nKevin Jarvis: Bass\nCover Design: Pat Carito\nPhotography: Daniel L. Du Plessis\n\n(C) Latin Square 1988 ( Division of High Cue Music Inc. )\n(P) 1988 Brouhaha Records Inc.\n\nManufactured by Brouhaha Records. Distributed in the UK by PRT.</span><br /></div>","language":"eng","scanner":"Internet Archive HTML5 Uploader 1.7.0","subject":["Touch Sensitive","Don´t Cry","1988","Pop","Rock","Synth-Pop"],"title":"Touch Sensitive - Don´t Cry","uploader":"ghostvibration@hotmail.de","publicdate":"2024-03-08 16:47:44","addeddate":"2024-03-08 16:47:44","curation":"[curator]validator@archive.org[/curator][date]20240308165009[/date][comment]checked for malware[/comment]"},"server":"ia801705.us.archive.org","uniq":1427921173,"workable_servers":["ia801705.us.archive.org","ia601705.us.archive.org"]}