{"alternate_locations":{"servers":[{"server":"dn720704.ca.archive.org","dir":"/0/items/03.-last-good-bye-original-karaoke"}],"workable":[{"server":"dn720704.ca.archive.org","dir":"/0/items/03.-last-good-bye-original-karaoke"}]},"created":1767564774,"d1":"ia601305.us.archive.org","d2":"ia801305.us.archive.org","dir":"/16/items/03.-last-good-bye-original-karaoke","files":[{"name":"01. Last Good-bye.mp3","source":"original","mtime":"1746727904","size":"3651621","md5":"796dd2166211d098b41e46919090022a","crc32":"d7ca7ee9","sha1":"cf43c598ce26abff1dca3d8b8505034e6ef9439f","format":"VBR MP3","length":"227.68","title":"Last Good-bye","creator":"the FIELD OF VIEW","album":"Last Good-bye -Single-","track":"1","artist":"the FIELD OF VIEW","genre":"JPop","comment":"http://jp-rock.blogspot.com/"},{"name":"01. Last Good-bye.png","source":"derivative","format":"PNG","original":"01. Last Good-bye.mp3","mtime":"1746728531","size":"40038","md5":"2b8c3b5cb1995ce4fa8d586c4d62a733","crc32":"44b58ebf","sha1":"2f1ff053ca7fd468bb19a902ae6ebec5a082b35f"},{"name":"01. Last Good-bye_spectrogram.png","source":"derivative","format":"Spectrogram","original":"01. Last Good-bye.mp3","mtime":"1746729091","size":"318168","md5":"7c9daf576452edf26676adc722e8622c","crc32":"60e665bf","sha1":"11b72bf2c418e9eb8879fd3c8e8cc0eb78481bc2"},{"name":"02. yume mitsuzukete ima mo.mp3","source":"original","mtime":"1746728055","size":"4713381","md5":"e1236242d739855572d371e970cb79a8","crc32":"8e95f2dc","sha1":"165c1114b11942ee4ab8b622f6db96b0b7484e6d","format":"VBR MP3","length":"294.56","title":"yume mitsuzukete ima mo","creator":"the FIELD OF VIEW","album":"Last Good-bye -Single-","track":"9","artist":"the FIELD OF VIEW","genre":"JPop","comment":"http://jp-rock.blogspot.com/"},{"name":"02. yume mitsuzukete ima mo.png","source":"derivative","format":"PNG","original":"02. yume mitsuzukete ima mo.mp3","mtime":"1746728651","size":"39700","md5":"e3bb78283bdeb8ec3f73797cc07c19b3","crc32":"67c31fbb","sha1":"27ab20c73e180c682c68f3f951f5859dd964b222"},{"name":"02. yume mitsuzukete ima mo_spectrogram.png","source":"derivative","format":"Spectrogram","original":"02. yume mitsuzukete ima mo.mp3","mtime":"1746729656","size":"304500","md5":"c08314ed0e5d32d257246aee24041231","crc32":"25648346","sha1":"e84c3d2aa073dcbfa328479d31acee76dc7e9332"},{"name":"03. Last Good-bye (Original Karaoke).mp3","source":"original","mtime":"1746728200","size":"5343874","md5":"3c3220a466398ff67a8625af28b9a091","crc32":"93a026fd","sha1":"d26a5c3cf49c7d6f05d98c80981644fc4e908296","format":"VBR MP3","length":"227.5","title":"Last Good-bye (Original Karaoke)","creator":"the FIELD OF VIEW","album":"Last Good-bye -Single-","track":"3","artist":"the FIELD OF VIEW","genre":"JPop","comment":"http://jp-rock.blogspot.com/"},{"name":"03. Last Good-bye (Original Karaoke).png","source":"derivative","format":"PNG","original":"03. Last Good-bye (Original Karaoke).mp3","mtime":"1746728901","size":"34386","md5":"8c5c8207835f8c8b7537b20996b80f3a","crc32":"4206681a","sha1":"0587f73ffd2e93264677a232b68cc278a494f078"},{"name":"03. Last Good-bye (Original Karaoke)_spectrogram.png","source":"derivative","format":"Spectrogram","original":"03. Last Good-bye (Original Karaoke).mp3","mtime":"1746729769","size":"318669","md5":"e8f066ba31d6addca8b748a4bc5570a4","crc32":"1ee519fd","sha1":"c879b4fd3c7c9ebdf23c34807f423a853ec94648"},{"name":"03.-last-good-bye-original-karaoke_archive.torrent","source":"metadata","btih":"8af3310c39360d792f53f8fb29f198f90557812a","mtime":"1757865361","size":"4444","md5":"a1b33fbfb12bf127f1a974e5ac23d3e4","crc32":"a74ef388","sha1":"f2980d3ad7658042352347af6044efdda41e5ba7","format":"Archive BitTorrent"},{"name":"03.-last-good-bye-original-karaoke_files.xml","source":"original","format":"Metadata","md5":"90cecb2c6404536692e6fd75028921f8","summation":"md5"},{"name":"03.-last-good-bye-original-karaoke_meta.sqlite","source":"original","mtime":"1746728209","size":"36864","md5":"47270ea00bc168ca5b36c59dcd68ee22","crc32":"ed032d9a","sha1":"404a7e7e74e6859cf6b3beecc8e4a99891cf3454","format":"Metadata"},{"name":"03.-last-good-bye-original-karaoke_meta.xml","source":"original","mtime":"1757865360","size":"1526","md5":"7e38f52b7fa44e7ad235c7b41266505d","crc32":"3716a85e","sha1":"f328d9910453c5753950404a74277d458c371a1a","format":"Metadata"},{"name":"__ia_thumb.jpg","source":"original","mtime":"1746728243","size":"26803","md5":"2d9c943b0eca1a9be25cc268fd98ad3d","crc32":"b0ec8567","sha1":"e3f4470221682b1e9c34d45e6f4aef78791c53de","format":"Item Tile"},{"name":"cover.jpg","source":"original","mtime":"1746728205","size":"52883","md5":"ed19c5732607535ea30bd1909956be5a","crc32":"3de13060","sha1":"da475e2f93a0b2508e600a9eb078840fa7079606","format":"JPEG"},{"name":"cover_thumb.jpg","source":"derivative","format":"JPEG Thumb","original":"cover.jpg","mtime":"1746728419","size":"7945","md5":"1e4fe034715427f522b84b6de911fbc1","crc32":"e0a85dda","sha1":"ad40bc2a6b21c7cfd7bc7addd90248773f1a9813"}],"files_count":16,"item_last_updated":1757865361,"item_size":14894802,"metadata":{"identifier":"03.-last-good-bye-original-karaoke","mediatype":"audio","collection":["folksoundomy_japaneserock","folksoundomy"],"creator":"the FIELD OF VIEW","date":"1995-11-13","description":"<div>01. Last Good-bye</div><div>02. yume mitsuzukete ima mo</div><div>03. Last Good-bye (Original Karaoke)</div><div><br /></div><div>https://vk.gy/artists/field-of-view/</div><div><br /></div><div>http://jp-rock.blogspot.com/</div><div><br /></div><div>http://jp-rock-lyrics.blogspot.com.ar/</div>","language":"jpn","scanner":"Internet Archive HTML5 Uploader 1.7.0","subject":["rock","japanese rock","jrock","j-rock","the FIELD OF VIEW","FIELD OF VIEW","pop rock","j-pop","japanese pop","jpop"],"title":"the FIELD OF VIEW - Last Good-bye","uploader":"denjinhal@mail.ru","publicdate":"2025-05-08 18:12:09","addeddate":"2025-05-08 18:12:09","curation":"[curator]validator@archive.org[/curator][date]20250508181313[/date][comment]checked for malware[/comment]","collection_added":"folksoundomy"},"server":"ia801305.us.archive.org","uniq":1575933879,"workable_servers":["ia801305.us.archive.org","ia601305.us.archive.org"]}