{"alternate_locations":{"servers":[{"server":"dn720706.ca.archive.org","dir":"/0/items/03.-ghost"}],"workable":[{"server":"dn720706.ca.archive.org","dir":"/0/items/03.-ghost"}]},"created":1767567279,"d1":"ia600304.us.archive.org","d2":"ia800304.us.archive.org","dir":"/25/items/03.-ghost","files":[{"name":"01. HIGH SCHOOL GAME.mp3","source":"original","mtime":"1751039414","size":"9660544","md5":"c27094e1c51f78cf2254d4a1ffa193c9","crc32":"4d9de873","sha1":"a5fad0891c12d7e4d0eb14e18b3335cd131f5b18","format":"VBR MP3","length":"241.42","title":"HIGH SCHOOL GAME","creator":"Zi÷Kill","album":"shin sekai REAL OF THE WORLD","track":"1","artist":"Zi÷Kill","genre":"J-Rock","comment":"http://jp-rock.blogspot.com"},{"name":"01. HIGH SCHOOL GAME.png","source":"derivative","format":"PNG","original":"01. HIGH SCHOOL GAME.mp3","mtime":"1751039630","size":"36311","md5":"3d5054996de51eaee52c3256079c1805","crc32":"5a2bc58b","sha1":"5863493a80292b1e3162b29c2c7b2e31d4a53a3c"},{"name":"01. HIGH SCHOOL GAME_spectrogram.png","source":"derivative","format":"Spectrogram","original":"01. HIGH SCHOOL GAME.mp3","mtime":"1751039926","size":"317195","md5":"ac7992033a6597a3c3ef22bfeeedc0c5","crc32":"d04c2106","sha1":"5821a2decc9ccfd7191f87e444b79d355985dbe9"},{"name":"02. J.mp3","source":"original","mtime":"1751039477","size":"9312384","md5":"9160358ed5d18147c8e27e13b5eef66e","crc32":"28434a48","sha1":"764ee59e5f167a68bebb9873fb76c504af15acd1","format":"VBR MP3","length":"232.75","title":"J","creator":"Zi÷Kill","album":"shin sekai REAL OF THE WORLD","track":"2","artist":"Zi÷Kill","genre":"J-Rock","comment":"http://jp-rock.blogspot.com"},{"name":"02. J.png","source":"derivative","format":"PNG","original":"02. J.mp3","mtime":"1751039759","size":"41506","md5":"de10d74dbaf3a651bfbb2ef882ce97e3","crc32":"369af545","sha1":"9ae0c834ff5719e06f11c1af70671b27ea0cad0c"},{"name":"02. J_spectrogram.png","source":"derivative","format":"Spectrogram","original":"02. J.mp3","mtime":"1751039910","size":"322127","md5":"9a7eb67ccd89ecf6a49eacb5f1d6c8fe","crc32":"5a1b29c5","sha1":"f6b3c8989b6c1c6a5d7fec292673f4a2e7cc624c"},{"name":"03. GHOST.mp3","source":"original","mtime":"1751039485","size":"13598848","md5":"57cd0bacdd01a2d6284d778ac692922e","crc32":"ed70c1b4","sha1":"8b9e5b369f9aaae1800f36840917270689837c1b","format":"VBR MP3","length":"339.88","title":"GHOST","creator":"Zi÷Kill","album":"shin sekai REAL OF THE WORLD","track":"3","artist":"Zi÷Kill","genre":"J-Rock","comment":"http://jp-rock.blogspot.com"},{"name":"03. GHOST.png","source":"derivative","format":"PNG","original":"03. GHOST.mp3","mtime":"1751039728","size":"39983","md5":"897e0b74f120964a7de834cbbb1b6ee8","crc32":"5e0c4421","sha1":"e6571651f864faac10981c5c7ded3a1eccb6bc3d"},{"name":"03. GHOST_spectrogram.png","source":"derivative","format":"Spectrogram","original":"03. GHOST.mp3","mtime":"1751039897","size":"313507","md5":"4d6b9135494fa654421f2f2ebbb88d26","crc32":"bd0e07bf","sha1":"9846ed8861ddf2b0cd0d30ccacb0e75125de2f71"},{"name":"03.-ghost_archive.torrent","source":"metadata","btih":"e61f59ce7749fb88ca1d14e109d1edc6f6444494","mtime":"1757865321","size":"9279","md5":"9f7e02fef95f01293075ad07ffaff20d","crc32":"a45375aa","sha1":"c5e6eb2d5e5a97d60e8c37d089faa4f9a7aea431","format":"Archive BitTorrent"},{"name":"03.-ghost_files.xml","source":"original","format":"Metadata","md5":"a2034d5c66a7c516661933e9b4b789c0","summation":"md5"},{"name":"03.-ghost_meta.sqlite","source":"original","mtime":"1751039520","size":"57344","md5":"a933db8885aa1621389c1b50cd154fb1","crc32":"bddb21f0","sha1":"e4150118f4765bc65ca7418c2261d1d13a9b76e9","format":"Metadata"},{"name":"03.-ghost_meta.xml","source":"original","mtime":"1757865319","size":"2035","md5":"ea999806ccbc94533d92a01ca8b8a8eb","crc32":"fc31389c","sha1":"58996671a2f844fbdc1c365a77f0a9694bd4d038","format":"Metadata"},{"name":"04. NONFICTION.mp3","source":"original","mtime":"1751039491","size":"13330560","md5":"4a886a95b9a4c97dc472a1305439147e","crc32":"f8d82819","sha1":"d017961b9882596f1e6d076980269324dfda2e0b","format":"VBR MP3","length":"333.17","title":"NONFICTION","creator":"Zi÷Kill","album":"shin sekai REAL OF THE WORLD","track":"4","artist":"Zi÷Kill","genre":"J-Rock","comment":"http://jp-rock.blogspot.com"},{"name":"04. NONFICTION.png","source":"derivative","format":"PNG","original":"04. NONFICTION.mp3","mtime":"1751039694","size":"40313","md5":"61bbda04cf3d004ff30f73e5eb72fa86","crc32":"17d22bbf","sha1":"8c5107bc2bfda240c7834809bc4d957b245ee2c3"},{"name":"04. NONFICTION_spectrogram.png","source":"derivative","format":"Spectrogram","original":"04. NONFICTION.mp3","mtime":"1751039877","size":"308234","md5":"2b2db69c974ea3fa1b49ae5d22b94e23","crc32":"08fea780","sha1":"e6024f4c1fe3c924c0e8422731211c815f2de6f0"},{"name":"05. REAL OF THE WORLD.mp3","source":"original","mtime":"1751039497","size":"9660544","md5":"c3c4c1c198bb4bc019af35c7e6dc2ae4","crc32":"52b0ccae","sha1":"0cdc2440045fd31e8b85ce4c522d5577a85fbc43","format":"VBR MP3","length":"241.45","title":"REAL OF THE WORLD","creator":"Zi÷Kill","album":"shin sekai REAL OF THE WORLD","track":"5","artist":"Zi÷Kill","genre":"J-Rock","comment":"http://jp-rock.blogspot.com"},{"name":"05. REAL OF THE WORLD.png","source":"derivative","format":"PNG","original":"05. REAL OF THE WORLD.mp3","mtime":"1751039664","size":"41668","md5":"b3d66510d911ccfb8a801e8c86703187","crc32":"542d0a80","sha1":"54fa48a5c75bde25b4fcc4ad9dca761216d06da3"},{"name":"05. REAL OF THE WORLD_spectrogram.png","source":"derivative","format":"Spectrogram","original":"05. REAL OF THE WORLD.mp3","mtime":"1751039849","size":"316208","md5":"0041c351b1c9cd6ccb3b08a78d9bd67d","crc32":"2df7df10","sha1":"d9a2bacac3fefbfc907ae9f0b4699ac80cdb7bd0"},{"name":"06. LOST.mp3","source":"original","mtime":"1751039503","size":"7768192","md5":"57f535bc98f2170a1bbb8c3429368d90","crc32":"c17ae62a","sha1":"a6b43f3c20573b46fbdb4317d4f9d851fa8d8c1b","format":"VBR MP3","length":"194.14","title":"LOST","creator":"Zi÷Kill","album":"shin sekai REAL OF THE WORLD","track":"6","artist":"Zi÷Kill","genre":"J-Rock","comment":"http://jp-rock.blogspot.com"},{"name":"06. LOST.png","source":"derivative","format":"PNG","original":"06. LOST.mp3","mtime":"1751039677","size":"36245","md5":"b70749efb0ffcc95a3429c8c804f3539","crc32":"753282c0","sha1":"ab88f8bea3a760911834dc88b837eeed1c4b7fe8"},{"name":"06. LOST_spectrogram.png","source":"derivative","format":"Spectrogram","original":"06. LOST.mp3","mtime":"1751039863","size":"342361","md5":"9f7fbf8cd44485fdaa3029a49c4af694","crc32":"10db4461","sha1":"29d1824cdf0c95f9ff194cbc62a89195fa752474"},{"name":"07. BOY & GUN.mp3","source":"original","mtime":"1751039509","size":"6746240","md5":"c88d3c4e7cec6702cc602b8971098a3b","crc32":"88153e44","sha1":"156b0c2c2ad303e11ff395034d698a342f8e2b43","format":"VBR MP3","length":"168.59","title":"BOY & GUN","creator":"Zi÷Kill","album":"shin sekai REAL OF THE WORLD","track":"7","artist":"Zi÷Kill","genre":"J-Rock","comment":"http://jp-rock.blogspot.com"},{"name":"07. BOY & GUN.png","source":"derivative","format":"PNG","original":"07. BOY & GUN.mp3","mtime":"1751039712","size":"41164","md5":"296af547f3f13af1aec9a034b82d59fd","crc32":"bb46844a","sha1":"8cbc1d9ef1e763e9bbcebc9c7bee91853fa7b5af"},{"name":"07. BOY & GUN_spectrogram.png","source":"derivative","format":"Spectrogram","original":"07. BOY & GUN.mp3","mtime":"1751039833","size":"317997","md5":"8ce66a7e56db91676cf38363f73184fe","crc32":"57f02f69","sha1":"e9522ee63750745f81247ba4f727f0e582fde3c5"},{"name":"08. karei.mp3","source":"original","mtime":"1751039514","size":"8796288","md5":"252d52b9a8bb2da9a625498cfb1e6fd1","crc32":"88b3beed","sha1":"40816ea06cc9f688dfd4738d8c765b203d2b6ab8","format":"VBR MP3","length":"219.85","title":"karei","creator":"Zi÷Kill","album":"shin sekai REAL OF THE WORLD","track":"8","artist":"Zi÷Kill","genre":"J-Rock","comment":"http://jp-rock.blogspot.com"},{"name":"08. karei.png","source":"derivative","format":"PNG","original":"08. karei.mp3","mtime":"1751039645","size":"41080","md5":"8940febec846177de23c463f2da45d5e","crc32":"2e05cfd1","sha1":"5a3a6ae438b95ab4c77aa21e372da493610154f0"},{"name":"08. karei_spectrogram.png","source":"derivative","format":"Spectrogram","original":"08. karei.mp3","mtime":"1751039820","size":"309411","md5":"7597f448819f2b93082f0466e8c7e323","crc32":"9eaafe36","sha1":"d2c3f16a710b8525bad29059252cf1f2ca7edeac"},{"name":"__ia_thumb.jpg","source":"original","mtime":"1751039558","size":"10066","md5":"ccf98887553dc35be7d6347aa78a8c93","crc32":"5b234596","sha1":"379279471829b865f13d65fd99dedf9a49a1ab1e","format":"Item Tile"},{"name":"cover.jpg","source":"original","mtime":"1751039517","size":"9029","md5":"cbed134896d06c75b488a452b9423885","crc32":"9d2575a5","sha1":"58e4d1a35d4bc653fdee78310c9de8c3d69abf54","format":"JPEG"},{"name":"cover_thumb.jpg","source":"derivative","format":"JPEG Thumb","original":"cover.jpg","mtime":"1751039618","size":"8543","md5":"346ca31fa4c548cff795adf06be574eb","crc32":"b399d6e1","sha1":"ba1ed83fad1e0bf7d760f075e2be778f76777556"}],"files_count":31,"item_last_updated":1757865321,"item_size":81835206,"metadata":{"identifier":"03.-ghost","mediatype":"audio","collection":["folksoundomy_japaneserock","folksoundomy"],"creator":"Zi÷Kill","date":"1989-03-21","description":"<div>01. aege! mesubuta</div><div>02. FLY</div><div>03. For me</div><div>04. I LOVE CAT</div><div>05. CALLING</div><div>06. nanimo iranai</div><div>07. Bad Man</div><div>08. PEOPLE PURPLE</div><div>09. I LOVE YOU</div><div>10. ROCKET</div><div><br /></div><div>A pedido, el último álbum de Zi÷Kill.</div><div><br /></div><div>https://vk.gy/artists/zenith/</div><div><br /></div><div>http://jp-rock.blogspot.com/</div><div><br /></div><div>http://jp-rock-lyrics.blogspot.com.ar/</div>","language":"jpn","scanner":"Internet Archive HTML5 Uploader 1.7.0","subject":["visual kei","vkei","visual rock","vrock","rock","japanese rock","jrock","j-rock","Zi÷Kill","ZiKill","ZI:KILL","kurofuku kei","okeshou kei","gothic","gothic rock","punk","punk rock"],"title":"Zi÷Kill - shin sekai -REAL OF THE WORLD- (真世界〜REAL OF THE WORLD〜)","uploader":"denjinhal@mail.ru","publicdate":"2025-06-27 15:50:37","addeddate":"2025-06-27 15:50:37","curation":"[curator]validator@archive.org[/curator][date]20250627155317[/date][comment]checked for malware[/comment]","collection_added":"folksoundomy"},"server":"ia600304.us.archive.org","uniq":1848859901,"workable_servers":["ia600304.us.archive.org","ia800304.us.archive.org"]}