{"created":1767567284,"d1":"ia600202.us.archive.org","d2":"ia800202.us.archive.org","dir":"/20/items/03.-precious-star","files":[{"name":"01. Virginity.mp3","source":"original","mtime":"1750602430","size":"5876945","md5":"80df28ee876b6b3c9894c956a10404ce","crc32":"e677f14c","sha1":"83a83ddcdc162ab723992f7996bcd3d7d3c4c40e","format":"VBR MP3","length":"244.66","title":"Virginity","creator":"REBECCA","album":"Nothing To Lose","track":"1","artist":"REBECCA","genre":"JPop","comment":"http://jp-rock.blogspot.com/"},{"name":"01. Virginity.png","source":"derivative","format":"PNG","original":"01. Virginity.mp3","mtime":"1750603160","size":"39688","md5":"c59dbdd6965f327fb0c74df83543fbc4","crc32":"6eafedf7","sha1":"58a2c4da100e770ac7a233817ca2e65c9902a901"},{"name":"01. Virginity_spectrogram.png","source":"derivative","format":"Spectrogram","original":"01. Virginity.mp3","mtime":"1750603970","size":"322590","md5":"67bc7ef9cd20fc714a4d912b0946d9dc","crc32":"903703cd","sha1":"bf9f7e063f39122821e97c05019ffc79b2392b70"},{"name":"02. ikari no kinyoubi (SUBWAY PANIC).mp3","source":"original","mtime":"1750602452","size":"5731493","md5":"de7c959b23e9b3fe08e45fadfafe9976","crc32":"ff22dc42","sha1":"500cca9d2235345f7e1ee31631afbf200b7602ce","format":"VBR MP3","length":"238.6","title":"ikari no kinyoubi (SUBWAY PANIC)","creator":"REBECCA","album":"Nothing To Lose","track":"2","artist":"REBECCA","genre":"JPop","comment":"http://jp-rock.blogspot.com/"},{"name":"02. ikari no kinyoubi (SUBWAY PANIC).png","source":"derivative","format":"PNG","original":"02. ikari no kinyoubi (SUBWAY PANIC).mp3","mtime":"1750603317","size":"45421","md5":"e6874af993c87a0e1544ed3db2db5b4e","crc32":"7051bc5c","sha1":"edb0ad3d61d5b251b2259330ce509d1c29c33bc8"},{"name":"02. ikari no kinyoubi (SUBWAY PANIC)_spectrogram.png","source":"derivative","format":"Spectrogram","original":"02. ikari no kinyoubi (SUBWAY PANIC).mp3","mtime":"1750604004","size":"310175","md5":"e4bef70edaabae22dafb4b64e9daf522","crc32":"b5386eb5","sha1":"8404e6e7d57ca695c4aa58d9c0dcb4eb286834ae"},{"name":"03. Precious Star.mp3","source":"original","mtime":"1750602459","size":"7254962","md5":"2631647c2384ba454c75772d7304d475","crc32":"d26208d8","sha1":"677453bac137e4a25a88c23ba6ff80215c5d9b5e","format":"VBR MP3","length":"302.08","title":"Precious Star","creator":"REBECCA","album":"Nothing To Lose","track":"3","artist":"REBECCA","genre":"JPop","comment":"http://jp-rock.blogspot.com/"},{"name":"03. Precious Star.png","source":"derivative","format":"PNG","original":"03. Precious Star.mp3","mtime":"1750603565","size":"38068","md5":"8a955d1678a248de040ee9380f10d1be","crc32":"dd26fd5f","sha1":"5d08c5ca5dba0d6ad096df03fda6207f6b90213f"},{"name":"03. Precious Star_spectrogram.png","source":"derivative","format":"Spectrogram","original":"03. Precious Star.mp3","mtime":"1750604032","size":"322717","md5":"1062ab4d35859c75376632f6e1cc21e8","crc32":"6ac5e3a4","sha1":"ea424189675c7ba97bb01efe01a90329fc522e8d"},{"name":"03.-precious-star_archive.torrent","source":"metadata","btih":"5ef9dac526068bc3ec25dd9c42565741da671a9d","mtime":"1757865413","size":"6797","md5":"dcb1a5aae3cb9db2d664c7a0a60dc82b","crc32":"171dd6ef","sha1":"e394f9a426cfb4db391c3822900a18a0f3d8195e","format":"Archive BitTorrent"},{"name":"03.-precious-star_files.xml","source":"original","format":"Metadata","md5":"c923b1a8d198e9285f70c85bf65d244f","summation":"md5"},{"name":"03.-precious-star_meta.sqlite","source":"original","mtime":"1750602542","size":"49152","md5":"03c80d2f720c507565bf4c88490b80c5","crc32":"f1aa7912","sha1":"4b6ee62d9a7385782b97588989a5756c5166bce4","format":"Metadata"},{"name":"03.-precious-star_meta.xml","source":"original","mtime":"1757865412","size":"1654","md5":"da1e3434912c0ae94d770660a011daed","crc32":"f01a749d","sha1":"eddfda035f00d940faa46271037d1721c76a7ec6","format":"Metadata"},{"name":"04. ke-se-run pa-se-run.mp3","source":"original","mtime":"1750602465","size":"6404200","md5":"0d4c6e525c340dee43e70035d0a24923","crc32":"46dc0872","sha1":"2acfd12828ca263beeb82c063dc66ef22174e7a5","format":"VBR MP3","length":"266.63","title":"ke-se-run pa-se-run","creator":"REBECCA","album":"Nothing To Lose","track":"4","artist":"REBECCA","genre":"JPop","comment":"http://jp-rock.blogspot.com/"},{"name":"04. ke-se-run pa-se-run.png","source":"derivative","format":"PNG","original":"04. ke-se-run pa-se-run.mp3","mtime":"1750603747","size":"45579","md5":"640fef98dbe1ad654df57b8eb7efb156","crc32":"5cce6d75","sha1":"9fd48c4f261676a79461c7e42af0302e0d114829"},{"name":"04. ke-se-run pa-se-run_spectrogram.png","source":"derivative","format":"Spectrogram","original":"04. ke-se-run pa-se-run.mp3","mtime":"1750604055","size":"314812","md5":"5456fc9119acf227adc06705a3b30108","crc32":"39e0c76f","sha1":"68b3602466ef8c58b7c68be7426a424def9769b7"},{"name":"05. STEFANIE.mp3","source":"original","mtime":"1750602499","size":"6615479","md5":"8bb6796dc2fa76a6dab0ea0fcacffc13","crc32":"76fb4099","sha1":"b4834151fc254ec249d77f125ac21014d90f9e26","format":"VBR MP3","length":"275.44","title":"STEFANIE","creator":"REBECCA","album":"Nothing To Lose","track":"5","artist":"REBECCA","genre":"JPop","comment":"http://jp-rock.blogspot.com/"},{"name":"05. STEFANIE.png","source":"derivative","format":"PNG","original":"05. STEFANIE.mp3","mtime":"1750603797","size":"42299","md5":"83bfe9f82f529ad00fcbd20235ff72aa","crc32":"0bb23dfd","sha1":"d2710bbc72b1d189d14a308f4808ce1e0013bb2d"},{"name":"05. STEFANIE_spectrogram.png","source":"derivative","format":"Spectrogram","original":"05. STEFANIE.mp3","mtime":"1750604091","size":"320464","md5":"d665bc0e93d35a2a702cf0c113b58e4a","crc32":"315d9161","sha1":"0f3f4b9c29a99e37fc8d682c1dee9d55ded5c3f1"},{"name":"06. Nothing To Lose.mp3","source":"original","mtime":"1750602521","size":"4868835","md5":"687b8b46c8f3c038793f6ec9fb3c2827","crc32":"0e9fecf7","sha1":"249bb0a88230c5190ed0825a613bd1a999083ab8","format":"VBR MP3","length":"202.66","title":"Nothing To Lose","creator":"REBECCA","album":"Nothing To Lose","track":"6","artist":"REBECCA","genre":"JPop","comment":"http://jp-rock.blogspot.com/"},{"name":"06. Nothing To Lose.png","source":"derivative","format":"PNG","original":"06. Nothing To Lose.mp3","mtime":"1750603834","size":"44783","md5":"654eaf5509fb394fbb74e80213fed0f5","crc32":"a11a0e0c","sha1":"d611751925b6452c9128902933173ca99d9e1e16"},{"name":"06. Nothing To Lose_spectrogram.png","source":"derivative","format":"Spectrogram","original":"06. Nothing To Lose.mp3","mtime":"1750604136","size":"307039","md5":"33b47002a1cbe4cf01725c020ed825fb","crc32":"738c36b1","sha1":"3ad6e127764c2745cfaf2e10cdada5162dfa5a1f"},{"name":"__ia_thumb.jpg","source":"original","mtime":"1750602583","size":"8473","md5":"db6b9f7f5dcc88555715191e32fcb97f","crc32":"72c5fef6","sha1":"070ea617570e6c5ef2165e046df92f2b3d88a3f0","format":"Item Tile"},{"name":"cover.jpg","source":"original","mtime":"1750602526","size":"6277","md5":"dc56135e66e876df26e5637c4c948a7e","crc32":"80bfebfc","sha1":"bc41dfa693a332d5233dda91dc9bfc8981d2d922","format":"JPEG"},{"name":"cover_thumb.jpg","source":"derivative","format":"JPEG Thumb","original":"cover.jpg","mtime":"1750602807","size":"7556","md5":"e571f58d24193722728846f2c81459c3","crc32":"dafe4cf5","sha1":"89cde558d522da21791b41cb84fd2bb089af20af"}],"files_count":25,"item_last_updated":1757865413,"item_size":38985458,"metadata":{"identifier":"03.-precious-star","mediatype":"audio","collection":["folksoundomy_japaneserock","folksoundomy"],"creator":"REBECCA","date":"1984-11-21","description":"<div>01. Virginity</div><div>02. ikari no kinyoubi (SUBWAY PANIC)</div><div>03. Precious Star</div><div>04. ke-se-run pa-se-run</div><div>05. STEFANIE</div><div>06. Nothing To Lose</div><div><br /></div><div>Segundo album REBECCA.</div><div><br /></div><div>https://vk.gy/artists/rebecca/</div><div><br /></div><div>http://jp-rock.blogspot.com/</div><div><br /></div><div>http://jp-rock-lyrics.blogspot.com.ar/</div>","language":"jpn","scanner":"Internet Archive HTML5 Uploader 1.7.0","subject":["rock","japanese rock","jrock","j-rock","REBECCA","new wave","pop","j-pop","japanese pop","jpop"],"title":"REBECCA - Nothing To Lose","uploader":"denjinhal@mail.ru","publicdate":"2025-06-22 14:27:37","addeddate":"2025-06-22 14:27:37","curation":"[curator]validator@archive.org[/curator][date]20250622143038[/date][comment]checked for malware[/comment]","collection_added":"folksoundomy"},"server":"ia600202.us.archive.org","uniq":2045780237,"workable_servers":["ia600202.us.archive.org","ia800202.us.archive.org"]}