{"alternate_locations":{"servers":[{"server":"dn721807.ca.archive.org","dir":"/0/items/03.-i-like-it-like-that-reefa-12-remix-the-blackout-allstars"}],"workable":[{"server":"dn721807.ca.archive.org","dir":"/0/items/03.-i-like-it-like-that-reefa-12-remix-the-blackout-allstars"}]},"created":1767567383,"d1":"ia600407.us.archive.org","d2":"ia800407.us.archive.org","dir":"/9/items/03.-i-like-it-like-that-reefa-12-remix-the-blackout-allstars","files":[{"name":"03.-i-like-it-like-that-reefa-12-remix-the-blackout-allstars_files.xml","source":"original","format":"Metadata","md5":"c57979d2afe4ac756939c2d9f8e76d30","summation":"md5"},{"name":"03.-i-like-it-like-that-reefa-12-remix-the-blackout-allstars_meta.sqlite","source":"original","mtime":"1677345163","size":"69632","md5":"b5114cd9496d31cef73072a50473a0da","crc32":"bfc49ca8","sha1":"abe064b8e3ac3482f5ca49997be1338f4def9a6f","format":"Metadata"},{"name":"03.-i-like-it-like-that-reefa-12-remix-the-blackout-allstars_meta.xml","source":"original","mtime":"1750473804","size":"4373","md5":"b1aaf316f15fb9bf75276fe1eb9fab88","crc32":"200f193d","sha1":"104dbc2116f72c4d3d9b4ea33d999eeae81fd1b5","format":"Metadata"},{"name":"03.-i-like-it-like-that-reefa-12-remix-the-blackout-allstars_rules.conf","source":"original","mtime":"1677345379","size":"9","md5":"c6252ae91bcb6e4c9db553057479e7d3","crc32":"4ae60840","sha1":"fc079ae018899da82fd9dd027c241e886b050c8a","format":"Derivation Rules","viruscheck":"1677345752"},{"name":"I Like It (Europe)/01.  I Like It Like That (Reefa! 7'') - The Blackout Allstars.flac","source":"derivative","format":"Flac","original":"I Like It (Europe)/01.  I Like It Like That (Reefa! 7'') - The Blackout Allstars.wav","mtime":"1677345372","size":"22310809","md5":"7ea4d0c2893f62abd980d01a740eb325","crc32":"b47ce97d","sha1":"6eb8a0ccf33f81d9972f960d09f75808790e6db1","length":"210.53"},{"name":"I Like It (Europe)/01.  I Like It Like That (Reefa! 7'') - The Blackout Allstars.png","source":"derivative","format":"PNG","original":"I Like It (Europe)/01.  I Like It Like That (Reefa! 7'') - The Blackout Allstars.wav","mtime":"1677345421","size":"45148","md5":"a890161191e53be76fe8a5504abd2e6a","crc32":"449d3b00","sha1":"e005a7f2921799ec3b4759bdf22642f1ac4fbc41"},{"name":"I Like It (Europe)/01.  I Like It Like That (Reefa! 7'') - The Blackout Allstars.wav","source":"original","mtime":"1677344522","size":"37152498","md5":"4611b3b676a1a31263af66c00b548403","crc32":"01445b93","sha1":"c19897c0d39aaa6ce1a5d87cc9904c48b583401d","format":"WAVE","length":"210.53","track":"01","title":"I Like It Like That (Reefa! 7\")","artist":"The Blackout Allstars","genre":"Latin, House","comment":"Columbia – COL 660849 2"},{"name":"I Like It (Europe)/01.  I Like It Like That (Reefa! 7'') - The Blackout Allstars_spectrogram.png","source":"derivative","format":"Spectrogram","original":"I Like It (Europe)/01.  I Like It Like That (Reefa! 7'') - The Blackout Allstars.wav","mtime":"1677345688","size":"296941","md5":"d45d1a9aa2fe68426230264cd4c47c30","crc32":"e6687ee0","sha1":"5f3aa8bba346c9d3959985a9317d9aa804aba8bb"},{"name":"I Like It (Europe)/02.  I Like It Like That (Reefa! Extended Mix) - The Blackout Allstars.flac","source":"derivative","format":"Flac","original":"I Like It (Europe)/02.  I Like It Like That (Reefa! Extended Mix) - The Blackout Allstars.wav","mtime":"1677345360","size":"38246468","md5":"76e198e691eff144f3d25b19b1f75a4d","crc32":"626d10f2","sha1":"2f52db606e56dbdce86232245013b14c86b77a29","length":"338.29"},{"name":"I Like It (Europe)/02.  I Like It Like That (Reefa! Extended Mix) - The Blackout Allstars.png","source":"derivative","format":"PNG","original":"I Like It (Europe)/02.  I Like It Like That (Reefa! Extended Mix) - The Blackout Allstars.wav","mtime":"1677345406","size":"46380","md5":"c81273df03fad6f6e4d55dc35031fc31","crc32":"da58806f","sha1":"1f38a9ece1fa30c60e460644599f194cddfcb83a"},{"name":"I Like It (Europe)/02.  I Like It Like That (Reefa! Extended Mix) - The Blackout Allstars.wav","source":"original","mtime":"1677344789","size":"59689392","md5":"3090c44e93a2dcfe755a043c587aad16","crc32":"acdfa304","sha1":"b4dcfdbf546aa0c0fcb18531f2376c7b49262af4","format":"WAVE","length":"338.29","track":"02","title":"I Like It Like That (Reefa! Extended Mix)","artist":"The Blackout Allstars","genre":"Latin, House","comment":"Columbia – COL 660849 2"},{"name":"I Like It (Europe)/02.  I Like It Like That (Reefa! Extended Mix) - The Blackout Allstars_spectrogram.png","source":"derivative","format":"Spectrogram","original":"I Like It (Europe)/02.  I Like It Like That (Reefa! Extended Mix) - The Blackout Allstars.wav","mtime":"1677345697","size":"288443","md5":"c1378f08d1467f4b31ee389c9d101170","crc32":"4fd33115","sha1":"4a5237dd5657563b66c1ae7443e4acf698db2abd"},{"name":"I Like It (Europe)/03.  I Like It Like That (Reefa! ! 12'' Remix) - The Blackout Allstars.flac","source":"derivative","format":"Flac","original":"I Like It (Europe)/03.  I Like It Like That (Reefa! ! 12'' Remix) - The Blackout Allstars.wav","mtime":"1677345335","size":"43293230","md5":"c1bb14b4226e5944555da73b82edb65b","crc32":"dcc17f08","sha1":"e5aa76ac6666f3227496348b13da0926b5237bbe","length":"418.87"},{"name":"I Like It (Europe)/03.  I Like It Like That (Reefa! ! 12'' Remix) - The Blackout Allstars.png","source":"derivative","format":"PNG","original":"I Like It (Europe)/03.  I Like It Like That (Reefa! ! 12'' Remix) - The Blackout Allstars.wav","mtime":"1677345388","size":"44429","md5":"20f0c8dc59ab8c8ee2287c07ead5b9d0","crc32":"a2708cad","sha1":"9413d3416b6c1fe87a31f66a165a583b435024d3"},{"name":"I Like It (Europe)/03.  I Like It Like That (Reefa! ! 12'' Remix) - The Blackout Allstars.wav","source":"original","mtime":"1677345022","size":"73902526","md5":"733debd28609455fb93c153943ac7e3a","crc32":"c5a99f51","sha1":"a32fe9eaa33b351e775be5164a03d1db9a41013a","format":"WAVE","length":"418.87","track":"03","title":"I Like It Like That (Reefa! ! 12\" Remix)","artist":"The Blackout Allstars","genre":"Latin, House","comment":"Columbia – COL 660849 2"},{"name":"I Like It (Europe)/03.  I Like It Like That (Reefa! ! 12'' Remix) - The Blackout Allstars_spectrogram.png","source":"derivative","format":"Spectrogram","original":"I Like It (Europe)/03.  I Like It Like That (Reefa! ! 12'' Remix) - The Blackout Allstars.wav","mtime":"1677345556","size":"293623","md5":"b77e51897b0710bbe7e023d8dc80c7f9","crc32":"1365209a","sha1":"cfbfc3443c6fe3a5f00dc3910b2dcf4a1bfcc3c3"},{"name":"I Like It (Europe)/04.  I Like It Like That (Album Version) - The Blackout Allstars.flac","source":"derivative","format":"Flac","original":"I Like It (Europe)/04.  I Like It Like That (Album Version) - The Blackout Allstars.wav","mtime":"1677345348","size":"28161683","md5":"dcebf0052836a3a7f5afee2dab5e33bf","crc32":"bae39c20","sha1":"65b44c8f262ad56554cc5c38dbf5dcfc19194788","length":"227.67"},{"name":"I Like It (Europe)/04.  I Like It Like That (Album Version) - The Blackout Allstars.png","source":"derivative","format":"PNG","original":"I Like It (Europe)/04.  I Like It Like That (Album Version) - The Blackout Allstars.wav","mtime":"1677345437","size":"44724","md5":"ff5da1f4632c4796845e2fedef65fcb6","crc32":"8c8b1b25","sha1":"b9496109eb91d706fc1642d038581becd03105d7"},{"name":"I Like It (Europe)/04.  I Like It Like That (Album Version) - The Blackout Allstars.wav","source":"original","mtime":"1677345139","size":"40174830","md5":"b7295fa1614475c9a24e5d7ce96ddce8","crc32":"77f12104","sha1":"55aa78534832832c07d770b76b2a60e7d6b01671","format":"WAVE","length":"227.67","track":"04","title":"I Like It Like That (Album Version)","artist":"The Blackout Allstars","genre":"Latin, House","comment":"Columbia – COL 660849 2"},{"name":"I Like It (Europe)/04.  I Like It Like That (Album Version) - The Blackout Allstars_spectrogram.png","source":"derivative","format":"Spectrogram","original":"I Like It (Europe)/04.  I Like It Like That (Album Version) - The Blackout Allstars.wav","mtime":"1677345709","size":"321231","md5":"e13f7da3dbf7bcec8984f528ecb636a0","crc32":"36f5e6d1","sha1":"073972ecf3cd428076321802307f562657b14baa"},{"name":"I Like It (Europe)/Folder.jpg","source":"original","mtime":"1677345141","size":"13520","md5":"04b805d1582a0c375ffb67e9bfa5d24e","crc32":"458e2a8c","sha1":"9f22ccb2cf18409becb4bd7d0e98ace5f6636843","format":"JPEG","rotation":"0"},{"name":"__ia_thumb.jpg","source":"original","mtime":"1677345169","size":"9809","md5":"68915803be6e44bae491f1ebb099bec7","crc32":"5d42c671","sha1":"f698cd31cee8b6b483e29ad22e63b977311ff2e6","format":"Item Tile","rotation":"0"}],"files_count":22,"item_last_updated":1750473804,"item_size":344409698,"metadata":{"identifier":"03.-i-like-it-like-that-reefa-12-remix-the-blackout-allstars","mediatype":"audio","collection":["opensource_audio","community"],"creator":"Tiburón Industries LLC®","date":"1994-10-12","description":"<h1 class=\"title_1q3xW\" style=\"font-size:20px;margin-left:1rem;margin-top:0px;margin-bottom:0.25rem;font-family:'Helvetica Neue', Helvetica, 'Nimbus Sans', Arial, sans-serif;\"><span class=\"link_15cpV\"><a href=\"https://www.discogs.com/artist/46992-The-Blackout-Allstars\" class=\"link_1ctor link_15cpV\" style=\"color:rgb(0,119,187);\" rel=\"ugc nofollow\">The Blackout Allstars</a></span> – I Like It</h1><div class=\"thumbnail_1RxJB\" style=\"text-align:center;font-family:'Helvetica Neue', Helvetica, 'Nimbus Sans', Arial, sans-serif;font-size:14px;\"><div class=\"more_8jbxp\"><div class=\"image_3rzgk bezel_2NSgk\" style=\"color:rgb(38,83,217);line-height:0;\"><br /></div></div></div><div class=\"info_23nnx\" style=\"margin-left:1rem;font-family:'Helvetica Neue', Helvetica, 'Nimbus Sans', Arial, sans-serif;font-size:14px;\"><table class=\"table_1fWaB\" style=\"border-collapse:collapse;line-height:18px;width:707.6px;table-layout:auto;border-spacing:0px;\"><tbody><tr style=\"vertical-align:top;border-top:0px;border-right:none;border-bottom:none;border-left:none;\"><th scope=\"row\" style=\"width:0px;text-align:left;font-weight:400;padding-right:1rem;white-space:nowrap;\">Label:</th><td style=\"padding:2px;\"><a href=\"https://www.discogs.com/label/1866-Columbia\" class=\"link_1ctor\" style=\"color:rgb(38,83,217);\" rel=\"ugc nofollow\">Columbia</a> – COL 660849 2</td></tr><tr style=\"vertical-align:top;border:none;\"><th scope=\"row\" style=\"width:0px;text-align:left;font-weight:400;padding-right:1rem;white-space:nowrap;\">Format:</th><td style=\"padding:2px;\"><div class=\"format_item_3SAJn\" style=\"margin-bottom:0.2rem;\"><a href=\"https://www.discogs.com/search?format_exact=CD\" class=\"link_1ctor\" style=\"color:rgb(38,83,217);\" rel=\"ugc nofollow\">CD</a>, Single</div></td></tr><tr style=\"vertical-align:top;border:none;\"><th scope=\"row\" style=\"width:0px;text-align:left;font-weight:400;padding-right:1rem;white-space:nowrap;\">Country:</th><td style=\"padding:2px;\"><a href=\"https://www.discogs.com/search?country=Europe\" class=\"link_1ctor\" style=\"color:rgb(38,83,217);\" rel=\"ugc nofollow\">Europe</a></td></tr><tr style=\"vertical-align:top;border:none;\"><th scope=\"row\" style=\"width:0px;text-align:left;font-weight:400;padding-right:1rem;white-space:nowrap;\">Released:</th><td style=\"padding:2px;\"><a href=\"https://www.discogs.com/search?decade=1990&amp;year=1994\" class=\"link_1ctor\" style=\"color:rgb(38,83,217);\" rel=\"ugc nofollow\">1994</a></td></tr><tr style=\"vertical-align:top;border:none;\"><th scope=\"row\" style=\"width:0px;text-align:left;font-weight:400;padding-right:1rem;white-space:nowrap;\">Genre:</th><td style=\"padding:2px;\">Tribal House, <a href=\"https://www.discogs.com/genre/latin\" class=\"link_1ctor\" style=\"color:rgb(38,83,217);\" rel=\"ugc nofollow\">Latin</a></td></tr><tr style=\"vertical-align:top;border:none;\"><th scope=\"row\" style=\"width:0px;text-align:left;font-weight:400;padding-right:1rem;white-space:nowrap;\">Style:</th><td style=\"padding:2px;\"><a href=\"https://www.discogs.com/style/house\" class=\"link_1ctor\" style=\"color:rgb(38,83,217);\" rel=\"ugc nofollow\">House</a></td></tr></tbody></table></div>","language":"eng","scanner":"Internet Archive HTML5 Uploader 1.7.0","subject":["Latin","Tribal House"],"title":"The Blackout Allstars - I Like It","uploader":"mikemechanixx66@gmail.com","publicdate":"2023-02-25 17:02:58","addeddate":"2023-02-25 17:02:58","curation":"[curator]validator@archive.org[/curator][date]20230225170349[/date][comment]checked for malware[/comment]","year":"1994"},"server":"ia800407.us.archive.org","uniq":582115789,"workable_servers":["ia800407.us.archive.org","ia600407.us.archive.org"]}