{"alternate_locations":{"servers":[{"server":"dn721604.ca.archive.org","dir":"/0/items/03.-with-you-unvocal-version"}],"workable":[{"server":"dn721604.ca.archive.org","dir":"/0/items/03.-with-you-unvocal-version"}]},"created":1767564786,"d1":"ia600601.us.archive.org","d2":"ia800601.us.archive.org","dir":"/27/items/03.-with-you-unvocal-version","files":[{"name":"01. With-you.mp3","source":"original","mtime":"1749570616","size":"5052398","md5":"55fe34a6df74fbcc6c709e3ae80d75c7","crc32":"356c236f","sha1":"629ea5737d61f24f01ddddf169ec7a2fb180e62f","format":"VBR MP3","length":"315.62","title":"With-you","creator":"La'cryma Christi","album":"With-you -Single-","track":"1","artist":"La'cryma Christi","genre":"J-Rock","comment":"http://jp-rock.blogspot.com/"},{"name":"01. With-you.png","source":"derivative","format":"PNG","original":"01. With-you.mp3","mtime":"1749570766","size":"38454","md5":"9e24387e152eafc54b1b230c27770454","crc32":"f51b0a50","sha1":"41d0c698cd38e5124cfd21e5b16be1e2036f8ace"},{"name":"01. With-you_spectrogram.png","source":"derivative","format":"Spectrogram","original":"01. With-you.mp3","mtime":"1749570813","size":"317496","md5":"48327c16f07d543a86c854f22d9f201a","crc32":"4a5c30f0","sha1":"35a5c25a1bbf4dc30baf9dcafb38c9a35931501c"},{"name":"02. Egos and Lies.mp3","source":"original","mtime":"1749570640","size":"5206186","md5":"70064a78c264a7373906677369260fe9","crc32":"a2c88403","sha1":"fd39f9a294a46c4fbca787a3033d8510e21823f5","format":"VBR MP3","length":"325.25","title":"Egos and Lies","creator":"La'cryma Christi","album":"With-you -Single-","track":"2","artist":"La'cryma Christi","genre":"J-Rock","comment":"http://jp-rock.blogspot.com/"},{"name":"02. Egos and Lies.png","source":"derivative","format":"PNG","original":"02. Egos and Lies.mp3","mtime":"1749570783","size":"41484","md5":"da6604341b40bb4dc5bcf41e8b220105","crc32":"5de731b5","sha1":"ccc9ebf6d69ab5a2818471a3b9f97a1b473a9681"},{"name":"02. Egos and Lies_spectrogram.png","source":"derivative","format":"Spectrogram","original":"02. Egos and Lies.mp3","mtime":"1749570827","size":"322441","md5":"300910d9093a3c05d4e07031610108ec","crc32":"82c43aa2","sha1":"24d744fd049b2d73a9be1e914180d25613491802"},{"name":"03. With-you (unvocal version).mp3","source":"original","mtime":"1749570674","size":"10881152","md5":"a8b77f991837e2990ccb954558ce8fe9","crc32":"33493b53","sha1":"e6b797121998bd2bfe3898512bb1d66e261ea54b","format":"VBR MP3","length":"316.58","title":"With-you (unvocal version)","creator":"La'cryma Christi","album":"With-you -Single-","track":"03","artist":"La'cryma Christi","genre":"J-Rock","comment":"http://jp-rock.blogspot.com/"},{"name":"03. With-you (unvocal version).png","source":"derivative","format":"PNG","original":"03. With-you (unvocal version).mp3","mtime":"1749570798","size":"37723","md5":"4b4ff53e9dd2c0863d78cbd1a0a3f33f","crc32":"8ff601ff","sha1":"0e1a33de2b8065d001883b6abf29e845e101d920"},{"name":"03. With-you (unvocal version)_spectrogram.png","source":"derivative","format":"Spectrogram","original":"03. With-you (unvocal version).mp3","mtime":"1749570840","size":"325276","md5":"cf94f6546ab33725c31bef232640582f","crc32":"309343ae","sha1":"40bfeaa8299460c90be1d1f9cfabe2465881751a"},{"name":"03.-with-you-unvocal-version_archive.torrent","source":"metadata","btih":"16c7f74f0bc71b28d9ca14e1198ab380ea97f969","mtime":"1757865499","size":"4606","md5":"99e300ad7f3faf6ad4258123db5ab18d","crc32":"5065922d","sha1":"484c1c4e3d5bdd251463da4aff5f10c338108123","format":"Archive BitTorrent"},{"name":"03.-with-you-unvocal-version_files.xml","source":"original","format":"Metadata","md5":"c5c11dcd922358891fd041af03f3e31e","summation":"md5"},{"name":"03.-with-you-unvocal-version_meta.sqlite","source":"original","mtime":"1749570685","size":"36864","md5":"b0eab76e845362ba2f30ea9c054fecdc","crc32":"0b6c2c08","sha1":"e0012055d039b8af103eea351f32650a3ab6a6bd","format":"Metadata"},{"name":"03.-with-you-unvocal-version_meta.xml","source":"original","mtime":"1757865498","size":"1576","md5":"b38eff30a3aaad6bf69700d9b667d4f5","crc32":"7748f4eb","sha1":"17cfe016a64514fc440dd49ec23b739bfb8b9fdf","format":"Metadata"},{"name":"Cover.jpg","source":"original","mtime":"1749570680","size":"9313","md5":"4976f4ea370c79e3d4b949e29329df33","crc32":"62e97e0a","sha1":"68d9315cf1e0d9847468b7823947072b3e3b96b2","format":"JPEG"},{"name":"Cover_thumb.jpg","source":"derivative","format":"JPEG Thumb","original":"Cover.jpg","mtime":"1749570753","size":"6302","md5":"2e37452b93c9e2434867a1fbb075be34","crc32":"70cac370","sha1":"80004be9772bd05efcb24c4d6525cc99b4dac7ef"},{"name":"__ia_thumb.jpg","source":"original","mtime":"1749570720","size":"6553","md5":"90ed23a7e4b27396c67e93589de4c72c","crc32":"2625de9b","sha1":"e1d3a395005b3bd561026eecb01835ebccacdcbe","format":"Item Tile"}],"files_count":16,"item_last_updated":1757865499,"item_size":22287824,"metadata":{"identifier":"03.-with-you-unvocal-version","mediatype":"audio","collection":["folksoundomy_japaneserock","folksoundomy"],"creator":"La'cryma Christi","date":"1998-05-08","description":"<div>01. With-you</div><div>02. Egos and Lies</div><div>03. With-you (unvocal version)</div><div><br /></div><div>Sexto single.</div><div><br /></div><div>https://vk.gy/artists/la-cryma-christi/</div><div><br /></div><div>http://jp-rock.blogspot.com/</div>","language":"jpn","scanner":"Internet Archive HTML5 Uploader 1.7.0","subject":["visual kei","vkei","visual rock","vrock","rock","japanese rock","jrock","j-rock","La'cryma Christi","shiro kei","soft visual","glam","jazz","pop"],"title":"La'cryma Christi - With-you","uploader":"denjinhal@mail.ru","publicdate":"2025-06-10 15:50:39","addeddate":"2025-06-10 15:50:39","curation":"[curator]validator@archive.org[/curator][date]20250610155217[/date][comment]checked for malware[/comment]","collection_added":"folksoundomy"},"server":"ia800601.us.archive.org","uniq":73934108,"workable_servers":["ia800601.us.archive.org","ia600601.us.archive.org"]}