{"alternate_locations":{"servers":[{"server":"dn721302.ca.archive.org","dir":"/0/items/03.-kawaita-sakebi"}],"workable":[{"server":"dn721302.ca.archive.org","dir":"/0/items/03.-kawaita-sakebi"}]},"created":1767564769,"d1":"ia601902.us.archive.org","d2":"ia801902.us.archive.org","dir":"/3/items/03.-kawaita-sakebi","files":[{"name":"01. kaze yo.mp3","source":"original","mtime":"1746701981","size":"3929192","md5":"468049460717823002015829b6423e0f","crc32":"1920eacd","sha1":"5a62766117b79ed2f6a8381c710d4db262cc9bd6","format":"VBR MP3","length":"245.42","title":"kaze yo","creator":"the FIELD OF VIEW","album":"Now Here No Where","track":"1","artist":"the FIELD OF VIEW","genre":"JPop","comment":"http://jp-rock.blogspot.com/"},{"name":"01. kaze yo.png","source":"derivative","format":"PNG","original":"01. kaze yo.mp3","mtime":"1746705013","size":"39822","md5":"6e6988b71a948c3ede39c6ede541d0d3","crc32":"cae680b8","sha1":"4e33689be8576826fbdc1c27c3a501b3c5cd21bd"},{"name":"01. kaze yo_spectrogram.png","source":"derivative","format":"Spectrogram","original":"01. kaze yo.mp3","mtime":"1746710051","size":"318066","md5":"78bcb22958da9acd080a3ffd8ac23624","crc32":"ce33e677","sha1":"c8b72714d8c67ef38fc0c4eebaf2f827bdfb0729"},{"name":"02. owaranai koi ~ hitotsu ni nareru ~.mp3","source":"original","mtime":"1746702116","size":"3919579","md5":"fcd95ad70a3b1203dda541a31116f417","crc32":"829c6663","sha1":"3edb5e84b9719160d2d9f4a55b746a049c0a9284","format":"VBR MP3","length":"244.82","title":"owaranai koi","creator":"the FIELD OF VIEW","album":"Now Here No Where","track":"2","artist":"the FIELD OF VIEW","genre":"JPop","comment":"http://jp-rock.blogspot.com/"},{"name":"02. owaranai koi ~ hitotsu ni nareru ~.png","source":"derivative","format":"PNG","original":"02. owaranai koi ~ hitotsu ni nareru ~.mp3","mtime":"1746708332","size":"40952","md5":"ef10f5db654dcc3fed7f019bcd285313","crc32":"41e529f8","sha1":"3bfbd12b80cf6f748220491d499d141bb334745d"},{"name":"02. owaranai koi ~ hitotsu ni nareru ~_spectrogram.png","source":"derivative","format":"Spectrogram","original":"02. owaranai koi ~ hitotsu ni nareru ~.mp3","mtime":"1746716403","size":"315458","md5":"8d38b4e7255931330b5d1b58d95e503d","crc32":"d5b8318c","sha1":"27a4cb757e3e5e10c95387a5ea9f047d19182184"},{"name":"03. kawaita sakebi.mp3","source":"original","mtime":"1746702282","size":"6209495","md5":"9fc29c1df2fac2d022206154ad563920","crc32":"7a0f806d","sha1":"cc8b83e2af8b37efd7e6179ccc269792d7e87ac2","format":"VBR MP3","length":"258.7","title":"kawaita sakebi","creator":"the FIELD OF VIEW","album":"Now Here No Where","track":"8","artist":"the FIELD OF VIEW","genre":"JPop","comment":"http://jp-rock.blogspot.com/"},{"name":"03. kawaita sakebi.png","source":"derivative","format":"PNG","original":"03. kawaita sakebi.mp3","mtime":"1746707936","size":"37721","md5":"cca0795547a349bb5692b850e330f6fc","crc32":"eb469d5d","sha1":"80f11d072ee1f614c9d211c0277c61aa1737304d"},{"name":"03. kawaita sakebi_spectrogram.png","source":"derivative","format":"Spectrogram","original":"03. kawaita sakebi.mp3","mtime":"1746715379","size":"304829","md5":"4b27ee8e25211cd8a22a308905a35426","crc32":"abab0439","sha1":"ae2a8cdcf71530d985b3dd0e0cfffa472fcce142"},{"name":"03.-kawaita-sakebi_archive.torrent","source":"metadata","btih":"7d54a13ab71e7d07c65ddac90f8418614575201f","mtime":"1757865342","size":"9723","md5":"a0efc694e50793a9d32808cb283422e2","crc32":"fff747aa","sha1":"9da146391f50e76103c2235ad5541259c43f38c2","format":"Archive BitTorrent"},{"name":"03.-kawaita-sakebi_files.xml","source":"original","format":"Metadata","md5":"01ebfc511cba1eda7ca3e1df7a5db9c6","summation":"md5"},{"name":"03.-kawaita-sakebi_meta.sqlite","source":"original","mtime":"1746703210","size":"69632","md5":"9a61145ab301abcbd7e47f1ab71e585c","crc32":"fd1bd2a5","sha1":"815793751444e1e9a622431ccb0af3c15a6eccb5","format":"Metadata"},{"name":"03.-kawaita-sakebi_meta.xml","source":"original","mtime":"1757865340","size":"2086","md5":"c47746d5863643afcdcdc523a4e09213","crc32":"a3bdc148","sha1":"29a61e92a28755cb1d5d0b00a067aa92d009064d","format":"Metadata"},{"name":"04. kimi o terasu taiyou ni.mp3","source":"original","mtime":"1746702401","size":"4142352","md5":"f143ee4b6b604258195d8d24ecd2b56a","crc32":"613eb0ab","sha1":"7eb1f1ae7d44f69ae8a18ed38b1e9455301781ed","format":"VBR MP3","length":"258.74","title":"kimi o terasu taiyou ni","creator":"the FIELD OF VIEW","album":"Now Here No Where","track":"4","artist":"the FIELD OF VIEW","genre":"JPop","comment":"http://jp-rock.blogspot.com/"},{"name":"04. kimi o terasu taiyou ni.png","source":"derivative","format":"PNG","original":"04. kimi o terasu taiyou ni.mp3","mtime":"1746706319","size":"38585","md5":"eee9900c0792a02f2d5fd7d23581d979","crc32":"46435ed5","sha1":"b774c111ade8c8f663e8ce8447a5c8db01ac501b"},{"name":"04. kimi o terasu taiyou ni_spectrogram.png","source":"derivative","format":"Spectrogram","original":"04. kimi o terasu taiyou ni.mp3","mtime":"1746714189","size":"332958","md5":"cc8f65705d3018e258619152d6ac3b45","crc32":"5c3e0d14","sha1":"4b932f6709f09f3984a3e0affc4e61233f3c4222"},{"name":"05. everywhere.mp3","source":"original","mtime":"1746702496","size":"4834493","md5":"a41951fc17f18657958af0e6d25a4e4c","crc32":"25f58c20","sha1":"3620addf09a09e1e37270894ec692bb63a8a5bce","format":"VBR MP3","length":"302","title":"everywhere","creator":"the FIELD OF VIEW","album":"Now Here No Where","track":"5","artist":"the FIELD OF VIEW","genre":"JPop","comment":"http://jp-rock.blogspot.com/"},{"name":"05. everywhere.png","source":"derivative","format":"PNG","original":"05. everywhere.mp3","mtime":"1746703980","size":"37165","md5":"06eb88e70a3af9693f5df234b4b85fc0","crc32":"88cebfdf","sha1":"1a4af8b2b4f655565db81988d58c5b86f1826fcb"},{"name":"05. everywhere_spectrogram.png","source":"derivative","format":"Spectrogram","original":"05. everywhere.mp3","mtime":"1746712574","size":"328008","md5":"de0eb2aea693ac1e5514e8aee5e8fa4b","crc32":"adcfe20b","sha1":"3bb241107431b2c10162e225f83f436c98634e47"},{"name":"06. kimi ga inai dake.mp3","source":"original","mtime":"1746702579","size":"4439102","md5":"66a145694b2f0d5e5c14c85ee2dc4485","crc32":"6ee7b444","sha1":"782843f012355c237585598483e008a32521b35f","format":"VBR MP3","length":"277.29","title":"kimi ga inai dake","creator":"the FIELD OF VIEW","album":"Now Here No Where","track":"6","artist":"the FIELD OF VIEW","genre":"JPop","comment":"http://jp-rock.blogspot.com/"},{"name":"06. kimi ga inai dake.png","source":"derivative","format":"PNG","original":"06. kimi ga inai dake.mp3","mtime":"1746705983","size":"33791","md5":"18e4302d05c47fb6e0c60af005020992","crc32":"73c10981","sha1":"5f4b223ae13197a18414b5989ba41866f7709b54"},{"name":"06. kimi ga inai dake_spectrogram.png","source":"derivative","format":"Spectrogram","original":"06. kimi ga inai dake.mp3","mtime":"1746711633","size":"324746","md5":"a067c953aa2fa70cdeb1f28bcefd47da","crc32":"6ca1cfa2","sha1":"704c4d7f2fe0570938fe3ff54ff9752b31f87987"},{"name":"07. NATURAL.mp3","source":"original","mtime":"1746702742","size":"5065313","md5":"4d3b8ee82860b3fe5671c8a03ec577ee","crc32":"9155cec1","sha1":"8c533ebc85418d865bf495d56cc65a54e4b6033d","format":"VBR MP3","length":"253.15","title":"NATURAL","creator":"the FIELD OF VIEW","album":"Now Here no Where","track":"7","artist":"the FIELD OF VIEW","genre":"JPop","comment":"http://jp-rock.blogspot.com/"},{"name":"07. NATURAL.png","source":"derivative","format":"PNG","original":"07. NATURAL.mp3","mtime":"1746704696","size":"34711","md5":"65c6d5b7f6ff8e6b2299538e8acdc107","crc32":"ae0c641e","sha1":"8d498eb366fe31506455fc8181e0f0770601f89e"},{"name":"07. NATURAL_spectrogram.png","source":"derivative","format":"Spectrogram","original":"07. NATURAL.mp3","mtime":"1746711219","size":"320002","md5":"6bdb7a28aa55435e9cfe436dab80c9b6","crc32":"05bd1ff0","sha1":"947d045c6163fc2b27cb9caff5ea91bcc5e11166"},{"name":"08. omoidasu yo kimi no egao wo.mp3","source":"original","mtime":"1746702861","size":"3876111","md5":"b76498d1ef199b236062c3ad06930a82","crc32":"e370ed82","sha1":"d660be0a2363467c69620c62f17f7c9efd832fc5","format":"VBR MP3","length":"242.1","title":"omoidasu yo kimi no egao wo","creator":"the FIELD OF VIEW","album":"Now Here No Where","track":"8","artist":"the FIELD OF VIEW","genre":"JPop","comment":"http://jp-rock.blogspot.com/"},{"name":"08. omoidasu yo kimi no egao wo.png","source":"derivative","format":"PNG","original":"08. omoidasu yo kimi no egao wo.mp3","mtime":"1746704471","size":"41467","md5":"56ccb24bd030b31d6b4c40bc2255f557","crc32":"44fbf671","sha1":"17c012a8c0d5033c9e913a879fa4993b74000131"},{"name":"08. omoidasu yo kimi no egao wo_spectrogram.png","source":"derivative","format":"Spectrogram","original":"08. omoidasu yo kimi no egao wo.mp3","mtime":"1746710523","size":"318535","md5":"e617d6a57aefafbd3d2d3a4e1623e308","crc32":"657b3796","sha1":"e347d565963292c1fc109b214d80515446041cef"},{"name":"09. nagareru kumo.mp3","source":"original","mtime":"1746703001","size":"4188327","md5":"ca9fc6a4145a670ba807834972291150","crc32":"4236aade","sha1":"b4c5bad2ac6752455102d8d3aae89a36a332aefe","format":"VBR MP3","length":"261.62","title":"nagareru kumo","creator":"the FIELD OF VIEW","album":"Now Here No Where","track":"9","artist":"the FIELD OF VIEW","genre":"JPop","comment":"http://jp-rock.blogspot.com/"},{"name":"09. nagareru kumo.png","source":"derivative","format":"PNG","original":"09. nagareru kumo.mp3","mtime":"1746705617","size":"39379","md5":"a84a737003d76ee52d5ca621786fabd8","crc32":"19f9be78","sha1":"69474c1a67231d51a0fa3562436ea4df9383745b"},{"name":"09. nagareru kumo_spectrogram.png","source":"derivative","format":"Spectrogram","original":"09. nagareru kumo.mp3","mtime":"1746709477","size":"323678","md5":"dc907f514c1d068ef005bf689c5b3090","crc32":"4a74b14b","sha1":"a5a23395675f801c28bb2ac54a074de7cc2d34f1"},{"name":"10. I'm Thinking a Lot of You.mp3","source":"original","mtime":"1746703092","size":"3775802","md5":"22f6a414b4feb3423131dd071ac9ff99","crc32":"ee870a9d","sha1":"95c7ec31f8e591852549a1311b16e90fd5d35ccb","format":"VBR MP3","length":"235.83","title":"I'm Thinking a Lot of You","creator":"the FIELD OF VIEW","album":"Now Here No Where","track":"10","artist":"the FIELD OF VIEW","genre":"JPop","comment":"http://jp-rock.blogspot.com/"},{"name":"10. I'm Thinking a Lot of You.png","source":"derivative","format":"PNG","original":"10. I'm Thinking a Lot of You.mp3","mtime":"1746707262","size":"34237","md5":"1323c7341d25c42d8c9fd700f154c867","crc32":"f11222c6","sha1":"b69009b96d118f40e8db7c0c6753947744ecb58c"},{"name":"10. I'm Thinking a Lot of You_spectrogram.png","source":"derivative","format":"Spectrogram","original":"10. I'm Thinking a Lot of You.mp3","mtime":"1746708869","size":"334454","md5":"5ee1786206ccd0e2ba6ecada8f78bc4f","crc32":"ed239b93","sha1":"341d1183e5e2dd3cd2181c33a5b1a7fa22ffc426"},{"name":"11. meguru kisetsu wo koete.mp3","source":"original","mtime":"1746703182","size":"3456589","md5":"5f47feee3f8a580c1bd2719de0a73361","crc32":"586cabdc","sha1":"1ae4f994529dec2fc9bb7a734e67bcab591b5d6b","format":"VBR MP3","length":"215.88","title":"meguru kisetsu wo koete","creator":"the FIELD OF VIEW","album":"Now Here No Where","track":"11","artist":"the FIELD OF VIEW","genre":"JPop","comment":"http://jp-rock.blogspot.com/"},{"name":"11. meguru kisetsu wo koete.png","source":"derivative","format":"PNG","original":"11. meguru kisetsu wo koete.mp3","mtime":"1746708582","size":"36776","md5":"c571f7f0424f68ce069a1f65d87299f4","crc32":"5d820d7e","sha1":"0c7eccd95a1a1e670fdebd158d2e89def885727c"},{"name":"11. meguru kisetsu wo koete_spectrogram.png","source":"derivative","format":"Spectrogram","original":"11. meguru kisetsu wo koete.mp3","mtime":"1746716998","size":"321675","md5":"419ac791071d59151da31a5d8339fe0f","crc32":"7cff768c","sha1":"27fc14473981d00fba76b2a1eac8b8790e1d3f6b"},{"name":"__ia_thumb.jpg","source":"original","mtime":"1746703248","size":"7728","md5":"37dcb3e2c1a946cb79afceda1dbf5945","crc32":"d171658b","sha1":"17f4c0cb1160a0027b1dad6101e50a2472fa2484","format":"Item Tile"},{"name":"cover.jpg","source":"original","mtime":"1746703187","size":"9985","md5":"ef918aa13d7ba39b418cc25300c8709f","crc32":"ab4317e4","sha1":"bb54cc6db27630058aebce4457839e99d0510096","format":"JPEG"},{"name":"cover_thumb.jpg","source":"derivative","format":"JPEG Thumb","original":"cover.jpg","mtime":"1746703574","size":"7611","md5":"e3d999773bd163cb95bf00f50948b882","crc32":"90125ebc","sha1":"d31d28184093c35135cc64135d1ba5d70606b21a"}],"files_count":40,"item_last_updated":1757865342,"item_size":51900135,"metadata":{"identifier":"03.-kawaita-sakebi","mediatype":"audio","collection":["folksoundomy_japaneserock","folksoundomy"],"creator":"the FIELD OF VIEW","date":"1998-09-30","description":"<div>01. kaze yo</div><div>02. owaranai koi ~ hitotsu ni nareru ~</div><div>03. kawaita sakebi</div><div>04. kimi o terasu taiyō ni</div><div>05. everywhere</div><div>06. kimi ga inai dake</div><div>07. NATURAL</div><div>08. omoidasu yo kimi no egao o</div><div>09. nagareru kumo</div><div>10. I'm Thinking a Lot of You</div><div>11. meguru kisetsu o koete</div><div><br /></div><div>A pedido de la mayoría de los visitantes, otro álbum, el tercero, de esta gran banda de J-Pop. El mes que viene subiré el resto de la discografía.</div><div><br /></div><div>https://vk.gy/artists/field-of-view/</div><div><br /></div><div>http://jp-rock.blogspot.com/</div><div><br /></div><div>http://jp-rock-lyrics.blogspot.com.ar/</div>","language":"jpn","scanner":"Internet Archive HTML5 Uploader 1.7.0","subject":["rock","japanese rock","jrock","j-rock","the FIELD OF VIEW","FIELD OF VIEW","pop rock","j-pop","japanese pop","jpop"],"title":"the FIELD OF VIEW - FIELD OF VIEW III Now Here No Where","uploader":"denjinhal@mail.ru","publicdate":"2025-05-08 11:00:07","addeddate":"2025-05-08 11:00:07","curation":"[curator]validator@archive.org[/curator][date]20250508110113[/date][comment]checked for malware[/comment]","collection_added":"folksoundomy"},"server":"ia801902.us.archive.org","uniq":1382998625,"workable_servers":["ia801902.us.archive.org","ia601902.us.archive.org"]}