{"alternate_locations":{"servers":[{"server":"dn721304.ca.archive.org","dir":"/0/items/03.-kono-kaze-ni-fukare-nagara"}],"workable":[{"server":"dn721304.ca.archive.org","dir":"/0/items/03.-kono-kaze-ni-fukare-nagara"}]},"created":1767564771,"d1":"ia601408.us.archive.org","d2":"ia801408.us.archive.org","dir":"/34/items/03.-kono-kaze-ni-fukare-nagara","files":[{"name":"01. gokigen tori ~crawler is crazy~ (album version).mp3","source":"original","mtime":"1750787004","size":"7235584","md5":"8bfc5dfbd1b778ba2ff3894036042520","crc32":"63abcf58","sha1":"4fa72a50f0cc6c1577984513e21791d60488b0fb","format":"VBR MP3","length":"301.45","title":"gokigen tori ~crawler is crazy~ (album version)","creator":"SOPHIA","album":"ALIVE","track":"1/13","artist":"SOPHIA","genre":"J-Pop","comment":"(iTunes_CDDB_IDs) 13+8324F91C26D36855A6FCEA6E06B323CC+801787"},{"name":"01. gokigen tori ~crawler is crazy~ (album version).png","source":"derivative","format":"PNG","original":"01. gokigen tori ~crawler is crazy~ (album version).mp3","mtime":"1750788977","size":"36084","md5":"2d96d9ef6e636ffd1550f6f9f4d81a03","crc32":"3e4d3c56","sha1":"56aa9aa7be2b5372246b8b2fa54cd37837a73bd6"},{"name":"01. gokigen tori ~crawler is crazy~ (album version)_spectrogram.png","source":"derivative","format":"Spectrogram","original":"01. gokigen tori ~crawler is crazy~ (album version).mp3","mtime":"1750794855","size":"312223","md5":"000b38daa9720ab6ab6e73191d9cdba5","crc32":"0c8f8e6d","sha1":"c804da19c11ace72f996fc0cb1d391ef5344fcb5"},{"name":"02. DIVE.mp3","source":"original","mtime":"1750787032","size":"8325120","md5":"ecb2eb1a43b53bd071459461b42d7294","crc32":"e226694d","sha1":"02ae966f8ee174634324244fa177e016e2b3c5f1","format":"VBR MP3","length":"346.85","title":"DIVE","creator":"SOPHIA","album":"ALIVE","track":"2/13","artist":"SOPHIA","genre":"J-Pop","comment":"(iTunes_CDDB_IDs) 13+8324F91C26D36855A6FCEA6E06B323CC+801787"},{"name":"02. DIVE.png","source":"derivative","format":"PNG","original":"02. DIVE.mp3","mtime":"1750793137","size":"36385","md5":"9b2c00b2b8d8466dd4b09ae3773474a7","crc32":"b27a8d77","sha1":"4963619df4ac00f97bdd646cebf8e01b77ad69b8"},{"name":"02. DIVE_spectrogram.png","source":"derivative","format":"Spectrogram","original":"02. DIVE.mp3","mtime":"1750793546","size":"320891","md5":"36529d0923cdc061da14f452d7475082","crc32":"d1f42c1d","sha1":"a2f2f7ab0a6b2d88f05a6ccac7df76b2e10da489"},{"name":"03. kono kaze ni fukare nagara.mp3","source":"original","mtime":"1750787039","size":"8718336","md5":"16f65bfeee66083e23a127e6b3b7f7c6","crc32":"bb5d6aef","sha1":"76b311e704458f37b899ef0dd9277af14db4f626","format":"VBR MP3","length":"363.23","title":"kono kaze ni fukare nagara","creator":"SOPHIA","album":"ALIVE","track":"3/13","artist":"SOPHIA","genre":"J-Pop","comment":"(iTunes_CDDB_IDs) 13+8324F91C26D36855A6FCEA6E06B323CC+801787"},{"name":"03. kono kaze ni fukare nagara.png","source":"derivative","format":"PNG","original":"03. kono kaze ni fukare nagara.mp3","mtime":"1750792589","size":"39597","md5":"63bcdcff208f381a68086f82022ba89d","crc32":"acabe58f","sha1":"bde0f7cc4895d52936958759e6d581dc0cddff0c"},{"name":"03. kono kaze ni fukare nagara_spectrogram.png","source":"derivative","format":"Spectrogram","original":"03. kono kaze ni fukare nagara.mp3","mtime":"1750793798","size":"313503","md5":"dc21c955cede288af28bf02d9af93205","crc32":"6dc516a6","sha1":"81fe7da7c55d1fea2f06cb443fcb03e2740f1bef"},{"name":"03.-kono-kaze-ni-fukare-nagara_archive.torrent","source":"metadata","btih":"1a601d71f73fb3c18095dce0d7126125121398e8","mtime":"1757865353","size":"12605","md5":"fb4b096a2012feb920a4dc67b67b7383","crc32":"6789049b","sha1":"429b126f5f1e7b7a59b7d128ddac3edd0e585bd8","format":"Archive BitTorrent"},{"name":"03.-kono-kaze-ni-fukare-nagara_files.xml","source":"original","format":"Metadata","md5":"68ba6cffdafcf25f7eca0d5a1f8d6c17","summation":"md5"},{"name":"03.-kono-kaze-ni-fukare-nagara_meta.sqlite","source":"original","mtime":"1750787123","size":"77824","md5":"f85a25ab16eabe12d163ac8464fe09d7","crc32":"73fb3a26","sha1":"b368d28b10008dca11c273121e98ccc238bd0f66","format":"Metadata"},{"name":"03.-kono-kaze-ni-fukare-nagara_meta.xml","source":"original","mtime":"1757865350","size":"2206","md5":"7a524471a9e9d9e247fb71f3725fd7d0","crc32":"17061614","sha1":"a03dec648c97137872b17f9f1f5de052617ccb8c","format":"Metadata"},{"name":"04. -&-.mp3","source":"original","mtime":"1750787044","size":"6289408","md5":"d7fc34967c5ec95d446c8ee72f9836c9","crc32":"a6d4480f","sha1":"3fdf6d01ca6dce5a886c49004b77164ad2ef72cb","format":"VBR MP3","length":"261.96","title":"-&-","creator":"SOPHIA","album":"ALIVE","track":"4/13","artist":"SOPHIA","genre":"J-Pop","comment":"(iTunes_CDDB_IDs) 13+8324F91C26D36855A6FCEA6E06B323CC+801787"},{"name":"04. -&-.png","source":"derivative","format":"PNG","original":"04. -&-.mp3","mtime":"1750792540","size":"36099","md5":"f58bde9637ccb39329fdbe1ffc32968e","crc32":"de426b1c","sha1":"610a713f3bd9284d4dedb2bcd2a1a490c6ca768b"},{"name":"04. -&-_spectrogram.png","source":"derivative","format":"Spectrogram","original":"04. -&-.mp3","mtime":"1750794126","size":"313576","md5":"f79cdf4392bff891b1727f12b9df320c","crc32":"2ba93c13","sha1":"3b801f7274f39a6caaa2283c8aacd1a91b84259c"},{"name":"05. forget.mp3","source":"original","mtime":"1750787050","size":"5795840","md5":"4e60de6a56c27284ce0c8dd33473e27e","crc32":"d017771e","sha1":"efdb94f2cae937ad023db29b52278ad715b456c1","format":"VBR MP3","length":"241.42","title":"forget","creator":"SOPHIA","album":"ALIVE","track":"5/13","artist":"SOPHIA","genre":"J-Pop","comment":"(iTunes_CDDB_IDs) 13+8324F91C26D36855A6FCEA6E06B323CC+801787"},{"name":"05. forget.png","source":"derivative","format":"PNG","original":"05. forget.mp3","mtime":"1750791105","size":"31868","md5":"0adb4d20d5875a21ad4601e58ce85435","crc32":"e938bbe8","sha1":"0057cfe14f5a24d3718f53fc662072e4ed338c74"},{"name":"05. forget_spectrogram.png","source":"derivative","format":"Spectrogram","original":"05. forget.mp3","mtime":"1750794734","size":"309871","md5":"736885f07deb20f1de9d9aa3266bf328","crc32":"7918d53d","sha1":"938ba88de69cf6e1d2f1b4d81a69c392ac11ba1d"},{"name":"06. kuchibue.mp3","source":"original","mtime":"1750787061","size":"1533952","md5":"0c45bc554d4d561e0745d62b93e98e91","crc32":"c2944761","sha1":"891a08fdcd71dd16996bcfcd605f09cbaf7fa658","format":"VBR MP3","length":"63.9","title":"kuchibue","creator":"SOPHIA","album":"ALIVE","track":"6/13","artist":"SOPHIA","genre":"J-Pop","comment":"(iTunes_CDDB_IDs) 13+8324F91C26D36855A6FCEA6E06B323CC+801787"},{"name":"06. kuchibue.png","source":"derivative","format":"PNG","original":"06. kuchibue.mp3","mtime":"1750789846","size":"17459","md5":"7b15a19398b99266e58f99d4b068c194","crc32":"c3e3842b","sha1":"b2113b07447d542de73da2ce04b2d30d55e152ed"},{"name":"06. kuchibue_spectrogram.png","source":"derivative","format":"Spectrogram","original":"06. kuchibue.mp3","mtime":"1750793442","size":"293577","md5":"988b82c05608076656bb7f9b61e9cc18","crc32":"cec0d98f","sha1":"824b27226a528d8cd732cc2aa9070bc12014d8a7"},{"name":"07. Chalk.mp3","source":"original","mtime":"1750787073","size":"7737344","md5":"80b18893020b2fc58535040a090ff0a1","crc32":"0116f70b","sha1":"2c54fcaa6cabdf6c9f1f064811e539e22c9f2d5a","format":"VBR MP3","length":"322.35","title":"Chalk","creator":"SOPHIA","album":"ALIVE","track":"7/13","artist":"SOPHIA","genre":"J-Pop","comment":"(iTunes_CDDB_IDs) 13+8324F91C26D36855A6FCEA6E06B323CC+801787"},{"name":"07. Chalk.png","source":"derivative","format":"PNG","original":"07. Chalk.mp3","mtime":"1750792388","size":"36341","md5":"09a3ccc2d11c065f66f146c6d4cb7560","crc32":"a8ed7a4f","sha1":"5f45f7f0c6bb60a39157a01399ba9e1d72994497"},{"name":"07. Chalk_spectrogram.png","source":"derivative","format":"Spectrogram","original":"07. Chalk.mp3","mtime":"1750795006","size":"318684","md5":"84e60ef721122b336d0a53f4db8a9050","crc32":"755152cf","sha1":"09799c6df06b3e9ccba4d6d15aabd87b2a23f15d"},{"name":"08. sakamichi.mp3","source":"original","mtime":"1750787078","size":"7104512","md5":"ae605468427d193f8abc496ed8295b82","crc32":"58842a1f","sha1":"7b2839bdda2a399f0790864b8aa7c8f5a95bfbfc","format":"VBR MP3","length":"295.97","title":"sakamichi","creator":"SOPHIA","album":"ALIVE","track":"8/13","artist":"SOPHIA","genre":"J-Pop","comment":"(iTunes_CDDB_IDs) 13+8324F91C26D36855A6FCEA6E06B323CC+801787"},{"name":"08. sakamichi.png","source":"derivative","format":"PNG","original":"08. sakamichi.mp3","mtime":"1750792665","size":"37203","md5":"e6cc4ebe652cffd55ff7e657f5c3920f","crc32":"96857464","sha1":"b551c2f7b11dbd481ec951f3cd19aeef3bdb797e"},{"name":"08. sakamichi_spectrogram.png","source":"derivative","format":"Spectrogram","original":"08. sakamichi.mp3","mtime":"1750795120","size":"318000","md5":"25be002b0c869a250b9167a2591c5e53","crc32":"c492c684","sha1":"babbf0cfac849a0702a479b2172bc5bb940ab1bb"},{"name":"09. Replay.mp3","source":"original","mtime":"1750787090","size":"8607744","md5":"80828acce44027a8fc071d3ca7e29f30","crc32":"731804ae","sha1":"240db8258845aec1978b6059938cf245bf2c8b1a","format":"VBR MP3","length":"358.58","title":"Replay","creator":"SOPHIA","album":"ALIVE","track":"9/13","artist":"SOPHIA","genre":"J-Pop","comment":"(iTunes_CDDB_IDs) 13+8324F91C26D36855A6FCEA6E06B323CC+801787"},{"name":"09. Replay.png","source":"derivative","format":"PNG","original":"09. Replay.mp3","mtime":"1750787799","size":"40489","md5":"014a1b3245df2764c6f2be92f409738e","crc32":"e4ff75d3","sha1":"5c142710be2ac182539624f2a8d2b6580228848d"},{"name":"09. Replay_spectrogram.png","source":"derivative","format":"Spectrogram","original":"09. Replay.mp3","mtime":"1750795209","size":"322189","md5":"5c62df3270ae85fae7349f0a03a7b8c5","crc32":"dd42d2e1","sha1":"98ac17085b0cb3f4380f17080f84ccaded1ad845"},{"name":"10. kimi to yurete itai.mp3","source":"original","mtime":"1750787099","size":"8462336","md5":"bbf1165cb4cb9f27b0b9e48e8655befd","crc32":"1210a9e9","sha1":"00d002a4e18902747aa22971793b11e4e9764325","format":"VBR MP3","length":"352.5","title":"kimi to yurete itai","creator":"SOPHIA","album":"ALIVE","track":"10/13","artist":"SOPHIA","genre":"J-Pop","comment":"(iTunes_CDDB_IDs) 13+8324F91C26D36855A6FCEA6E06B323CC+801787"},{"name":"10. kimi to yurete itai.png","source":"derivative","format":"PNG","original":"10. kimi to yurete itai.mp3","mtime":"1750789352","size":"29377","md5":"7fe37c71a9939fbd4e9345b325986d01","crc32":"7962e9d4","sha1":"2bfc45fdf17e0857e384d2664130aa99d53f3cd6"},{"name":"10. kimi to yurete itai_spectrogram.png","source":"derivative","format":"Spectrogram","original":"10. kimi to yurete itai.mp3","mtime":"1750795322","size":"317092","md5":"36f4b8c8813b97ab81515224567e76c3","crc32":"cdedf1ec","sha1":"91d7cc597e541e089cc9e3ba16f918147ae9d776"},{"name":"11. kumo to kumori.mp3","source":"original","mtime":"1750787105","size":"5681152","md5":"e85fa7f484b32336bf0e9824123eb665","crc32":"6c028b60","sha1":"77827f62bdbac1a973ced610f1fc5de0c9d17e8e","format":"VBR MP3","length":"236.62","title":"kumo to kumori","creator":"SOPHIA","album":"ALIVE","track":"11/13","artist":"SOPHIA","genre":"J-Pop","comment":"(iTunes_CDDB_IDs) 13+8324F91C26D36855A6FCEA6E06B323CC+801787"},{"name":"11. kumo to kumori.png","source":"derivative","format":"PNG","original":"11. kumo to kumori.mp3","mtime":"1750790739","size":"37889","md5":"e071852ffbc883b10e5490d24d539e9d","crc32":"acd8209a","sha1":"8f8e04631c6bafb5ca34b22168067d9e0e2cf717"},{"name":"11. kumo to kumori_spectrogram.png","source":"derivative","format":"Spectrogram","original":"11. kumo to kumori.mp3","mtime":"1750796041","size":"325576","md5":"bff080f0ee6108eb28223aa8f0eb9f31","crc32":"27027a87","sha1":"f42145d528b230196f86803cc0020d05b2d3b249"},{"name":"12. ALIVE.mp3","source":"original","mtime":"1750787110","size":"7415808","md5":"3d1e67cdeb33f062e8fc191332ffe8ff","crc32":"3c71f3f5","sha1":"7cf111f020febbeb6206c32cb1dbebbd3653d9d5","format":"VBR MP3","length":"308.9","title":"ALIVE","creator":"SOPHIA","album":"ALIVE","track":"12/13","artist":"SOPHIA","genre":"J-Pop","comment":"(iTunes_CDDB_IDs) 13+8324F91C26D36855A6FCEA6E06B323CC+801787"},{"name":"12. ALIVE.png","source":"derivative","format":"PNG","original":"12. ALIVE.mp3","mtime":"1750793353","size":"30524","md5":"4017938852a577a5c4ae93c7eece147c","crc32":"84ab5d13","sha1":"fbcf82f982dd99c47d2e1652e202dd2a21abc714"},{"name":"12. ALIVE_spectrogram.png","source":"derivative","format":"Spectrogram","original":"12. ALIVE.mp3","mtime":"1750796132","size":"320226","md5":"713d4571923237ae10a941f89cb689f3","crc32":"c2839753","sha1":"33cb02c60bb212bf9239feb9226479234606f12c"},{"name":"13. about.mp3","source":"original","mtime":"1750787116","size":"3670016","md5":"587f1a4db68f526e61f7b7c3ff61c997","crc32":"49ba0c6e","sha1":"acc37b1f41e1f13f026ca679eed0b8114715b122","format":"VBR MP3","length":"152.89","title":"about","creator":"SOPHIA","album":"ALIVE","track":"13/13","artist":"SOPHIA","genre":"J-Pop","comment":"(iTunes_CDDB_IDs) 13+8324F91C26D36855A6FCEA6E06B323CC+801787"},{"name":"13. about.png","source":"derivative","format":"PNG","original":"13. about.mp3","mtime":"1750793192","size":"35323","md5":"41e5ce691ee4c5f5a83a31f3b859c779","crc32":"30b091b3","sha1":"94f92dac46108a9c4c9aa36b009ae22b1477c570"},{"name":"13. about_spectrogram.png","source":"derivative","format":"Spectrogram","original":"13. about.mp3","mtime":"1750795475","size":"317192","md5":"b103d7c3b906a8a0777714a74a17655a","crc32":"86383220","sha1":"5e81261a7a5d2f1a052e0e38abdeb9fcd5f0e4ac"},{"name":"__ia_thumb.jpg","source":"original","mtime":"1750787162","size":"11411","md5":"63a1dc5741416d63412423302ac96386","crc32":"a5576586","sha1":"db3c3e7592398e8e93ca91aa3d4c3966e7bc4a87","format":"Item Tile"},{"name":"cover.jpg","source":"original","mtime":"1750787120","size":"8461","md5":"b0c5e1c19e9a5cfd73cca333e32ba730","crc32":"e81f2ca2","sha1":"c4a599b2354cbec2ef0d1f5d6f1c54a66f22d838","format":"JPEG"},{"name":"cover_thumb.jpg","source":"derivative","format":"JPEG Thumb","original":"cover.jpg","mtime":"1750787470","size":"8964","md5":"2a053f720078a5e0c5832846091f17d6","crc32":"ddb19487","sha1":"e2b15878a10847dd11ec886e117aa767a407b696"}],"files_count":46,"item_last_updated":1757865353,"item_size":91245861,"metadata":{"identifier":"03.-kono-kaze-ni-fukare-nagara","mediatype":"audio","collection":["folksoundomy_japaneserock","folksoundomy"],"creator":"SOPHIA","date":"1998-05-20","description":"<div>01. gokigen tori ~crawler is crazy~ (album version)</div><div>02. DIVE</div><div>03. kono kaze ni fukare nagara</div><div>04. -&amp;-</div><div>05. forget</div><div>06. kuchibue</div><div>07. Chalk</div><div>08. sakamachi</div><div>09. Replay</div><div>10. kimi to yurete itai</div><div>11. kumo to kumori</div><div>12. ALIVE</div><div>13. about</div><div><br /></div><div>SOPHIA es una banda famosa de Rock/Pop formada en el año 1994. Tienen un estilo bastante particular y difícil de comparar con otras bandas de ese género. Este álbum es de su época Major, el quinto de la discografía.</div><div><br /></div><div>https://vk.gy/artists/sophia/</div><div><br /></div><div>http://jp-rock.blogspot.com/</div><div><br /></div><div>http://jp-rock-lyrics.blogspot.com.ar/</div>","language":"jpn","scanner":"Internet Archive HTML5 Uploader 1.7.0","subject":["visual kei","vkei","visual rock","vrock","rock","japanese rock","jrock","j-rock","SOPHIA","experimental","pop","j-pop","japanese pop"],"title":"SOPHIA - ALIVE","uploader":"denjinhal@mail.ru","publicdate":"2025-06-24 17:43:49","addeddate":"2025-06-24 17:43:49","curation":"[curator]validator@archive.org[/curator][date]20250624174637[/date][comment]checked for malware[/comment]","collection_added":"folksoundomy"},"server":"ia801408.us.archive.org","uniq":2136167714,"workable_servers":["ia801408.us.archive.org","ia601408.us.archive.org"]}