{"alternate_locations":{"servers":[{"server":"dn721504.ca.archive.org","dir":"/0/items/03.-stad-do-wiecznosci"}],"workable":[{"server":"dn721504.ca.archive.org","dir":"/0/items/03.-stad-do-wiecznosci"}]},"created":1767567387,"d1":"ia601708.us.archive.org","d2":"ia801708.us.archive.org","dir":"/29/items/03.-stad-do-wiecznosci","files":[{"name":"01. +∞.flac","source":"original","mtime":"1764432769","size":"47474089","md5":"d689fa2fcb681ff6528482d5f181b0c4","crc32":"388f3ad1","sha1":"797d4562b259b3a6d05d32c571e7038cbee4ad77","format":"Flac","length":"432.75","title":"+∞","creator":"Ewa Braun","album":"Love Peace Noise","track":"1","artist":"Ewa Braun"},{"name":"01. +∞.mp3","source":"derivative","creator":"Ewa Braun","title":"+∞","track":"1","album":"Love Peace Noise","bitrate":"201","length":"07:13","format":"VBR MP3","original":"01. +∞.flac","mtime":"1764434904","size":"10897506","md5":"d25d3b4d12275bdad922997a892e77f0","crc32":"8d3e7f3f","sha1":"7ab44df071d8da3ceb6a029d089d4bad348e52f9"},{"name":"01. +∞.png","source":"derivative","format":"PNG","original":"01. +∞.flac","mtime":"1764435250","size":"33393","md5":"b281f68e62379d5dde0bab7bd7fe58df","crc32":"81182510","sha1":"ff1d144383579a926a4323f5eedce472631bc435"},{"name":"01. +∞_spectrogram.png","source":"derivative","format":"Spectrogram","original":"01. +∞.flac","mtime":"1764435481","size":"341846","md5":"da84b2545c0bcaea3c06dbb0eef92aad","crc32":"86b20633","sha1":"7de1169c019e054f7afe30119f6a1626f558be25"},{"name":"02. Zeszły Piątek.flac","source":"original","mtime":"1764433066","size":"25054167","md5":"16d9d8131b7b8a5c1866b538971a9178","crc32":"972bd504","sha1":"0408144cf1b0b102c391e8852de2269536cb8c6d","format":"Flac","length":"199.53","viruscheck":"1764433443","title":"Zeszły Piątek","creator":"Ewa Braun","album":"Love Peace Noise","track":"2","artist":"Ewa Braun"},{"name":"02. Zeszły Piątek.mp3","source":"derivative","creator":"Ewa Braun","title":"Zeszły Piątek","track":"2","album":"Love Peace Noise","bitrate":"208","length":"03:20","format":"VBR MP3","original":"02. Zeszły Piątek.flac","mtime":"1764435173","size":"5185037","md5":"c52b9b9e8300424f902a21fa21442cc3","crc32":"9b09e7aa","sha1":"e7e06b66a77a8f96088e65487ec7949a5045e353"},{"name":"02. Zeszły Piątek.png","source":"derivative","format":"PNG","original":"02. Zeszły Piątek.flac","mtime":"1764435442","size":"34058","md5":"f062d7d59cd5b93933b6a1b829965d9f","crc32":"1434f757","sha1":"1e18be7497496fd16d5c54649512dc6b33f5ee20"},{"name":"02. Zeszły Piątek_spectrogram.png","source":"derivative","format":"Spectrogram","original":"02. Zeszły Piątek.flac","mtime":"1764435534","size":"327259","md5":"5c742b0177c1aabc7875b387db983f10","crc32":"d6e011b4","sha1":"a09ee5a7bb036e2829505bdd11e7a6ea4e9aebb6"},{"name":"03. Stąd do Wieczności.flac","source":"original","mtime":"1764433655","size":"60213489","md5":"f7ad06e360e2daa6411af288a1f0093a","crc32":"49b98d97","sha1":"e5d0bc6aa61fcf6d383117976ca062686a1e659d","format":"Flac","length":"443.4","title":"Stąd do Wieczności","creator":"Ewa Braun","album":"Love Peace Noise","track":"3","artist":"Ewa Braun"},{"name":"03. Stąd do Wieczności.mp3","source":"derivative","creator":"Ewa Braun","title":"Stąd do Wieczności","track":"3","album":"Love Peace Noise","bitrate":"201","length":"07:23","format":"VBR MP3","original":"03. Stąd do Wieczności.flac","mtime":"1764435202","size":"11160636","md5":"80db9e69ee274ec8f09342fd81548adc","crc32":"d7dba3ce","sha1":"640a6fae4463512a8636e2fa7247f0d864865162"},{"name":"03. Stąd do Wieczności.png","source":"derivative","format":"PNG","original":"03. Stąd do Wieczności.flac","mtime":"1764435272","size":"32436","md5":"9835c7a82f9ccf8793411f06084842be","crc32":"c0898b05","sha1":"992d7c95560c71510a21d35f09ee2e5692a757b8"},{"name":"03. Stąd do Wieczności_spectrogram.png","source":"derivative","format":"Spectrogram","original":"03. Stąd do Wieczności.flac","mtime":"1764435639","size":"303640","md5":"05ca0882ee69d306736e3d4eb85f9dc9","crc32":"4b9c0c7a","sha1":"3fe9cf8bdeb5b02c9e6fceceb0eead80866c5877"},{"name":"03.-stad-do-wiecznosci_archive.torrent","source":"metadata","btih":"590b3648e37281f56800766a1f68d6851477995f","mtime":"1764435668","size":"26484","md5":"c04737edda49121461f68675a7cf49a4","crc32":"36ed3059","sha1":"ca548600ccaba255dda0ea44b2743105ee370c94","format":"Archive BitTorrent"},{"name":"03.-stad-do-wiecznosci_files.xml","source":"original","format":"Metadata","md5":"a140fea852574843b0ce7ae78b98a5bb","summation":"md5"},{"name":"03.-stad-do-wiecznosci_meta.sqlite","source":"original","mtime":"1764434388","size":"901120","md5":"27af715a0c518a47b3672cc4535cdd4a","crc32":"bb4897d1","sha1":"5e1a17433251738fe047c376e6af6cd3f17e7d9c","format":"Metadata"},{"name":"03.-stad-do-wiecznosci_meta.xml","source":"original","mtime":"1764435652","size":"43450","md5":"67c930b7f2a9a9316bf05878d1652e5f","crc32":"d5650ff5","sha1":"27091299215088202f3807d24126bdb306cabda8","format":"Metadata"},{"name":"04. Midnite Express.flac","source":"original","mtime":"1764434100","size":"38238868","md5":"43babfe031523499b14ab1562ee100b4","crc32":"cdb09715","sha1":"3aaed1ff4b78a16c59a6dcf7bb428cb970ac6c90","format":"Flac","length":"363.97","title":"Midnite Express","creator":"Ewa Braun","album":"Love Peace Noise","track":"4","artist":"Ewa Braun"},{"name":"04. Midnite Express.mp3","source":"derivative","creator":"Ewa Braun","title":"Midnite Express","track":"4","album":"Love Peace Noise","bitrate":"207","length":"06:04","format":"VBR MP3","original":"04. Midnite Express.flac","mtime":"1764435016","size":"9444960","md5":"82473528a9bd941087756fe0e235eda3","crc32":"1343c43a","sha1":"9c7655d6883c0e1a8b21cb55bb8f103699995715"},{"name":"04. Midnite Express.png","source":"derivative","format":"PNG","original":"04. Midnite Express.flac","mtime":"1764435295","size":"29921","md5":"b73adffc04cf9851ba3782da62832bf9","crc32":"18d4a049","sha1":"daad7d5f27061b9f2d6a3742aacc979c8ae2fbd8"},{"name":"04. Midnite Express_spectrogram.png","source":"derivative","format":"Spectrogram","original":"04. Midnite Express.flac","mtime":"1764435500","size":"330675","md5":"8c505529485965bb484b700e85aa91c3","crc32":"465db038","sha1":"d0bdade47fe163251c0473747ff3d18a4d6e4148"},{"name":"05. Ogień.flac","source":"original","mtime":"1764434318","size":"18592638","md5":"4b3d24e7e5d7cbcc55e718289696fa1d","crc32":"698beb49","sha1":"2f994cd5f8328f9911c18c97e607098de712e499","format":"Flac","length":"133.29","viruscheck":"1764434857","title":"Ogień","creator":"Ewa Braun","album":"Love Peace Noise","track":"5","artist":"Ewa Braun"},{"name":"05. Ogień.mp3","source":"derivative","creator":"Ewa Braun","title":"Ogień","track":"5","album":"Love Peace Noise","bitrate":"208","length":"02:13","format":"VBR MP3","original":"05. Ogień.flac","mtime":"1764435129","size":"3479474","md5":"fbce45cea8b1498473d74dae681c95e4","crc32":"9e5df4a9","sha1":"bc9ac5058b3dd97b058b4c6aaf213fbc8fc893b4"},{"name":"05. Ogień.png","source":"derivative","format":"PNG","original":"05. Ogień.flac","mtime":"1764435337","size":"37111","md5":"19b7c372040bd42cc274a4d508ba89c2","crc32":"dcdab032","sha1":"cc858e82c31ea9d61e007f3753bb34ed07528d44"},{"name":"05. Ogień_spectrogram.png","source":"derivative","format":"Spectrogram","original":"05. Ogień.flac","mtime":"1764435515","size":"309921","md5":"c2f541166011599d05b37028ada0ae11","crc32":"82cf665c","sha1":"c968d0fac697cfa9d2dceda9ee3c4c9af9c8dbcc"},{"name":"06. Zmartwychwstanie.flac","source":"original","mtime":"1764434335","size":"46432114","md5":"8cfd88350032757a2da878106b7220ac","crc32":"fd5dd85b","sha1":"bcafe4144850d17699a3743be4760c74b092988c","format":"Flac","length":"343.89","title":"Zmartwychwstanie","creator":"Ewa Braun","album":"Love Peace Noise","track":"6","artist":"Ewa Braun"},{"name":"06. Zmartwychwstanie.mp3","source":"derivative","creator":"Ewa Braun","title":"Zmartwychwstanie","track":"6","album":"Love Peace Noise","bitrate":"205","length":"05:44","format":"VBR MP3","original":"06. Zmartwychwstanie.flac","mtime":"1764435153","size":"8810414","md5":"75cada37fb595cce362fe088a439fb0c","crc32":"0f75dd7c","sha1":"f4c2153b065213e4e5608a585260e178f701f2d9"},{"name":"06. Zmartwychwstanie.png","source":"derivative","format":"PNG","original":"06. Zmartwychwstanie.flac","mtime":"1764435463","size":"34958","md5":"3e75b2b25e5c08eab9dab0a3558fbe83","crc32":"63c8e473","sha1":"16037480c941a191f2ae53f1af356d4a2d050d42"},{"name":"06. Zmartwychwstanie_spectrogram.png","source":"derivative","format":"Spectrogram","original":"06. Zmartwychwstanie.flac","mtime":"1764435555","size":"325690","md5":"37df0a9a669ae6d11459e91851c7a8ae","crc32":"6ab62cf0","sha1":"da5160ee3244e6ac8bcae203ba0c205073b3b5b8"},{"name":"07. 1692.flac","source":"original","mtime":"1764434348","size":"25574450","md5":"53b0ff4a0743df15def0c1f9fc4b8653","crc32":"8385b6ec","sha1":"6080a6a2b7aff5792f4adbabb02e01df0c1af0ac","format":"Flac","length":"199.68","viruscheck":"1764434857","title":"1692","creator":"Ewa Braun","album":"Love Peace Noise","track":"7","artist":"Ewa Braun"},{"name":"07. 1692.mp3","source":"derivative","creator":"Ewa Braun","title":"1692","track":"7","album":"Love Peace Noise","bitrate":"203","length":"03:20","format":"VBR MP3","original":"07. 1692.flac","mtime":"1764435108","size":"5073646","md5":"3b9ada9abba730a7c43fc5983a05d4ce","crc32":"45a76d21","sha1":"653914cf9bf090a23534435dc55c39df0fb0ff35"},{"name":"07. 1692.png","source":"derivative","format":"PNG","original":"07. 1692.flac","mtime":"1764435361","size":"39239","md5":"4e18f6a4ea77391887bf745285fc6c95","crc32":"ce72ea43","sha1":"ace2cdc7ed1c3352a5baac4faada04c98b19e068"},{"name":"07. 1692_spectrogram.png","source":"derivative","format":"Spectrogram","original":"07. 1692.flac","mtime":"1764435574","size":"319636","md5":"72849e285ff3696f0ee7fe0cd5d9ade1","crc32":"ab4392c1","sha1":"18776aa3a1e4857f5460ef33160bbffa8c6e65d5"},{"name":"08. Elektrownia Atomowa.flac","source":"original","mtime":"1764434357","size":"33875501","md5":"1b275c071cc0f39fd58f16a429d3a146","crc32":"343e742e","sha1":"76a7d7dd662e109585ed3b161ac6c4cab49f1ffe","format":"Flac","length":"247.69","title":"Elektrownia Atomowa","creator":"Ewa Braun","album":"Love Peace Noise","track":"8","artist":"Ewa Braun"},{"name":"08. Elektrownia Atomowa.mp3","source":"derivative","creator":"Ewa Braun","title":"Elektrownia Atomowa","track":"8","album":"Love Peace Noise","bitrate":"201","length":"04:08","format":"VBR MP3","original":"08. Elektrownia Atomowa.flac","mtime":"1764435083","size":"6224070","md5":"1aee4e0878f6c6dd8ffe09e077f7c3df","crc32":"204d47dd","sha1":"ad67dfc6fcf95c5b096cbdc80cbe6d03a2971c8a"},{"name":"08. Elektrownia Atomowa.png","source":"derivative","format":"PNG","original":"08. Elektrownia Atomowa.flac","mtime":"1764435317","size":"36751","md5":"a8a785d6184825d792e3849f61b5481d","crc32":"19901255","sha1":"a173a5706cd3756d0693c297b3c2e735faf2510a"},{"name":"08. Elektrownia Atomowa_spectrogram.png","source":"derivative","format":"Spectrogram","original":"08. Elektrownia Atomowa.flac","mtime":"1764435589","size":"298210","md5":"a920732c88f21fac97409fbf6ab49101","crc32":"2f88c967","sha1":"33516d82ce69d797804b2c7e84dbdf29023c4224"},{"name":"09. Ziemia.flac","source":"original","mtime":"1764434373","size":"57189523","md5":"5c94126df9497f393f0ba6185ccf341e","crc32":"f7787136","sha1":"f57100f576f0c4c7ccf7ee2636304d487821852f","format":"Flac","length":"406.05","title":"Ziemia","creator":"Ewa Braun","album":"Love Peace Noise","track":"9","artist":"Ewa Braun"},{"name":"09. Ziemia.mp3","source":"derivative","creator":"Ewa Braun","title":"Ziemia","track":"9","album":"Love Peace Noise","bitrate":"197","length":"06:46","format":"VBR MP3","original":"09. Ziemia.flac","mtime":"1764435061","size":"10031527","md5":"e45c09091a283f83675a4a96bb2d3bab","crc32":"c640a984","sha1":"54f128144943a1a992d463722c6c0b2b53d1f80b"},{"name":"09. Ziemia.png","source":"derivative","format":"PNG","original":"09. Ziemia.flac","mtime":"1764435231","size":"34077","md5":"d8581c5043f9531541543cac8db2eee7","crc32":"051c85a7","sha1":"7f1b82bde22bccff6a13a806f4f63bdc28c768b3"},{"name":"09. Ziemia_spectrogram.png","source":"derivative","format":"Spectrogram","original":"09. Ziemia.flac","mtime":"1764435605","size":"291775","md5":"94a33f4460db1bbef07f972f32d982d8","crc32":"9b7070f9","sha1":"0cf55a19731fe2bbcc7c3a7c8581b204ba0181c3"},{"name":"10. -∞.flac","source":"original","mtime":"1764434383","size":"22154549","md5":"8e5327537268177eced15a209c02a8fa","crc32":"f357033d","sha1":"bd2121ec720c4146b46e0786a2d680718d0fc9e1","format":"Flac","length":"161.97","viruscheck":"1764434857","title":"-∞","creator":"Ewa Braun","album":"Love Peace Noise","track":"10","artist":"Ewa Braun"},{"name":"10. -∞.mp3","source":"derivative","creator":"Ewa Braun","title":"-∞","track":"10","album":"Love Peace Noise","bitrate":"203","length":"02:42","format":"VBR MP3","original":"10. -∞.flac","mtime":"1764435037","size":"4121237","md5":"065603798d7ccfd3ea50ce79375e1408","crc32":"82681daf","sha1":"8b887d0d1c7f50046938232c49f92aa295a6ba5c"},{"name":"10. -∞.png","source":"derivative","format":"PNG","original":"10. -∞.flac","mtime":"1764435423","size":"38325","md5":"aec78d6789fabbd832ece123b0a13b73","crc32":"ac94c6aa","sha1":"f408747b5b9a0a80773e3b361f78a1b6488ccaea"},{"name":"10. -∞_spectrogram.png","source":"derivative","format":"Spectrogram","original":"10. -∞.flac","mtime":"1764435623","size":"301950","md5":"8fd53019d314455a42537faf9b506f0d","crc32":"efca8ee8","sha1":"37bd7efbaec6f73645718ac69f56a79581a5f698"},{"name":"__ia_thumb.jpg","source":"original","mtime":"1764434429","size":"8563","md5":"a1acf9e5e803ce2b2f04c5d45e29f8f7","crc32":"495b80da","sha1":"1e87aecba3bb89389f0213902bc8f670a36dad73","format":"Item Tile"},{"name":"folder.jpg","source":"original","mtime":"1764434386","size":"40815","md5":"d8e61c02d0b752ed0d339eb2dbff7a9e","crc32":"e3bfaeff","sha1":"cd9189269286a3bde64940ef5acad4d166ece46d","format":"JPEG"},{"name":"folder_thumb.jpg","source":"derivative","format":"JPEG Thumb","original":"folder.jpg","mtime":"1764435218","size":"8478","md5":"f4fab7cff3ebb7f7428af828b8145d57","crc32":"8bdeefdd","sha1":"fbcdb3ce158e897526b25a0baa3fea3caa8a004d"}],"files_count":47,"item_last_updated":1764435668,"item_size":453757676,"metadata":{"identifier":"03.-stad-do-wiecznosci","mediatype":"audio","collection":"opensource_audio","creator":"Ewa Braun","date":"1993","description":"<div class=\"main_cQEFk\" style=\"float:left;background-color:rgb(50,51,52);color:rgb(204,204,204);font-family:'Helvetica Neue', Helvetica, 'Nimbus Sans', Arial, sans-serif;font-size:14px;border-color:transparent;\"><div class=\"body_utiDG\" style=\"margin-bottom:1em;background-color:transparent;border-color:transparent;\"><h1 class=\"MuiTypography-root MuiTypography-headLineXL title_Brnd1 css-12sap66\" style=\"font-size:1.25rem;margin:0px 0px 0.25rem 1.5rem;line-height:1.2;background-color:transparent;border-color:transparent;\"><span class=\"link_PKPcS\" style=\"background-color:transparent;border-color:transparent;\"><a href=\"https://www.discogs.com/artist/971271-Ewa-Braun\" class=\"link_wXY7O link_PKPcS\" style=\"color:rgb(154,180,213);background-color:transparent;border-color:transparent;\" rel=\"ugc nofollow\">Ewa Braun</a></span> – Love Peace Noise</h1><div class=\"thumbnail_cgf1w\" style=\"text-align:center;background-color:transparent;border-color:transparent;\"><div class=\"more_mQ3TW\" style=\"background-color:transparent;border-color:transparent;\"><a class=\"link_wXY7O link_ARrWm\" href=\"https://www.discogs.com/release/6383166-Ewa-Braun-Love-Peace-Noise/image/SW1hZ2U6MTY1OTI5NTg=\" style=\"color:rgb(154,180,213);background-color:transparent;border-color:transparent;\" rel=\"ugc nofollow\"></a><div class=\"image_ARREB bezel_JMG4k\" style=\"line-height:0;background-color:transparent;border-color:transparent;color:rgb(204,204,204);\"><a class=\"link_wXY7O link_ARrWm\" href=\"https://www.discogs.com/release/6383166-Ewa-Braun-Love-Peace-Noise/image/SW1hZ2U6MTY1OTI5NTg=\" style=\"color:rgb(154,180,213);background-color:transparent;border-color:transparent;\" rel=\"ugc nofollow\"><img src=\"//web.archive.org/web/2im_/https://i.discogs.com/C1CyaCqHmFIs_6V_VjJ3Kca3zeEJGMGkVSC_G9Dfujs/rs:fit/g:sm/q:40/h:300/w:300/czM6Ly9kaXNjb2dz/LWRhdGFiYXNlLWlt/YWdlcy9SLTYzODMx/NjYtMTQyMDc0MDQ3/Mi0xMzc1LmpwZWc.jpeg\" alt=\"Ewa Braun - Love Peace Noise album cover\" width=\"147\" height=\"150\" style=\"background-color:transparent;border-color:transparent;\" /></a></div><a class=\"link_wXY7O link_ARrWm\" href=\"https://www.discogs.com/release/6383166-Ewa-Braun-Love-Peace-Noise/image/SW1hZ2U6MTY1OTI5NTg=\" style=\"color:rgb(154,180,213);background-color:transparent;border-color:transparent;\" rel=\"ugc nofollow\"></a><p class=\"moreImages_rWroI\" style=\"font-size:0.75rem;margin-top:4px;background-color:transparent;border-color:transparent;\"><a class=\"link_wXY7O link_ARrWm\" href=\"https://www.discogs.com/release/6383166-Ewa-Braun-Love-Peace-Noise/image/SW1hZ2U6MTY1OTI5NTg=\" style=\"color:rgb(154,180,213);background-color:transparent;border-color:transparent;\" rel=\"ugc nofollow\">More images</a></p><a class=\"link_wXY7O link_ARrWm\" href=\"https://www.discogs.com/release/6383166-Ewa-Braun-Love-Peace-Noise/image/SW1hZ2U6MTY1OTI5NTg=\" style=\"color:rgb(154,180,213);background-color:transparent;border-color:transparent;\" rel=\"ugc nofollow\"></a></div></div><div class=\"info_LD8Ql\" style=\"margin-left:1.5rem;font-size:0.9rem;line-height:1;background-color:transparent;border-color:transparent;\"><table class=\"table_c5ftk\" style=\"border-collapse:collapse;line-height:18px;width:699.618px;table-layout:auto;margin-top:0.75rem;border-spacing:0px;background-color:transparent;border-color:transparent;\"><tbody style=\"background-color:transparent;border-color:transparent;\"><tr style=\"vertical-align:top;border-top:0px;border-right:none;border-bottom:none;border-left:none;background-color:transparent;\"><th scope=\"row\" style=\"width:0px;text-align:left;padding-right:1.5rem;font-weight:400;padding-bottom:0.25rem;vertical-align:top;background-color:transparent;border-color:transparent;\"><h2 class=\"MuiTypography-root MuiTypography-labelSmall css-1kybk0l\" style=\"font-size:0.875rem;margin:0px;font-weight:400;letter-spacing:0.01em;line-height:1.2;background-color:transparent;border-color:transparent;\">Label:</h2></th><td style=\"padding:2px;vertical-align:top;background-color:transparent;border-color:transparent;\"><a class=\"MuiTypography-root MuiTypography-labelSmall MuiLink-root MuiLink-underlineAlways css-glhfjc\" href=\"https://www.discogs.com/label/42385-Nikt-Nic-Nie-Wie\" style=\"margin:0px;font-size:0.875rem;letter-spacing:0.01em;line-height:1.2;color:rgb(154,180,213);background-color:transparent;border-color:transparent;\" rel=\"ugc nofollow\">Nikt Nic Nie Wie</a><span class=\"MuiTypography-root MuiTypography-labelSmall css-1kybk0l\" style=\"margin:0px;font-size:0.875rem;letter-spacing:0.01em;line-height:1.2;background-color:transparent;border-color:transparent;\"> – NNNW</span></td></tr><tr style=\"vertical-align:top;border:none;background-color:transparent;\"><th scope=\"row\" style=\"width:0px;text-align:left;padding-right:1.5rem;font-weight:400;padding-bottom:0.25rem;vertical-align:top;background-color:transparent;border-color:transparent;\"><h2 class=\"MuiTypography-root MuiTypography-labelSmall css-1kybk0l\" style=\"font-size:0.875rem;margin:0px;font-weight:400;letter-spacing:0.01em;line-height:1.2;background-color:transparent;border-color:transparent;\">Format:</h2></th><td style=\"padding:2px;vertical-align:top;background-color:transparent;border-color:transparent;\"><div style=\"background-color:transparent;border-color:transparent;\"><a class=\"MuiTypography-root MuiTypography-labelSmall MuiLink-root MuiLink-underlineAlways css-glhfjc\" href=\"https://www.discogs.com/search/?format_exact=CD\" style=\"margin:0px;font-size:0.875rem;letter-spacing:0.01em;line-height:1.2;color:rgb(154,180,213);background-color:transparent;border-color:transparent;\" rel=\"ugc nofollow\">CD</a><span class=\"MuiTypography-root MuiTypography-labelSmall css-1kybk0l\" style=\"margin:0px;font-size:0.875rem;letter-spacing:0.01em;line-height:1.2;background-color:transparent;border-color:transparent;\">, Album, Reissue, Remastered</span></div></td></tr><tr style=\"vertical-align:top;border:none;background-color:transparent;\"><th scope=\"row\" style=\"width:0px;text-align:left;padding-right:1.5rem;font-weight:400;padding-bottom:0.25rem;vertical-align:top;background-color:transparent;border-color:transparent;\"><h2 class=\"MuiTypography-root MuiTypography-labelSmall css-1kybk0l\" style=\"font-size:0.875rem;margin:0px;font-weight:400;letter-spacing:0.01em;line-height:1.2;background-color:transparent;border-color:transparent;\">Country:</h2></th><td style=\"padding:2px;vertical-align:top;background-color:transparent;border-color:transparent;\"><a class=\"MuiTypography-root MuiTypography-labelSmall MuiLink-root MuiLink-underlineAlways css-glhfjc\" href=\"https://www.discogs.com/search/?country=Poland\" style=\"margin:0px;font-size:0.875rem;letter-spacing:0.01em;line-height:1.2;color:rgb(154,180,213);background-color:transparent;border-color:transparent;\" rel=\"ugc nofollow\">Poland</a></td></tr><tr style=\"vertical-align:top;border:none;background-color:transparent;\"><th scope=\"row\" style=\"width:0px;text-align:left;padding-right:1.5rem;font-weight:400;padding-bottom:0.25rem;vertical-align:top;background-color:transparent;border-color:transparent;\"><h2 class=\"MuiTypography-root MuiTypography-labelSmall css-1kybk0l\" style=\"font-size:0.875rem;margin:0px;font-weight:400;letter-spacing:0.01em;line-height:1.2;background-color:transparent;border-color:transparent;\">Released:</h2></th><td style=\"padding:2px;vertical-align:top;background-color:transparent;border-color:transparent;\"><a class=\"MuiTypography-root MuiTypography-labelSmall MuiLink-root MuiLink-underlineAlways css-glhfjc\" href=\"https://www.discogs.com/search/?decade=2010&amp;year=2014\" style=\"margin:0px;font-size:0.875rem;letter-spacing:0.01em;line-height:1.2;color:rgb(154,180,213);background-color:transparent;border-color:transparent;\" rel=\"ugc nofollow\">2014</a></td></tr><tr style=\"vertical-align:top;border:none;background-color:transparent;\"><th scope=\"row\" style=\"width:0px;text-align:left;padding-right:1.5rem;font-weight:400;padding-bottom:0.25rem;vertical-align:top;background-color:transparent;border-color:transparent;\"><h2 class=\"MuiTypography-root MuiTypography-labelSmall css-1kybk0l\" style=\"font-size:0.875rem;margin:0px;font-weight:400;letter-spacing:0.01em;line-height:1.2;background-color:transparent;border-color:transparent;\">Genre:</h2></th><td style=\"padding:2px;vertical-align:top;background-color:transparent;border-color:transparent;\"><a class=\"MuiTypography-root MuiTypography-labelSmall MuiLink-root MuiLink-underlineAlways css-glhfjc\" href=\"https://www.discogs.com/genre/rock\" style=\"margin:0px;font-size:0.875rem;letter-spacing:0.01em;line-height:1.2;color:rgb(154,180,213);background-color:transparent;border-color:transparent;\" rel=\"ugc nofollow\">Rock</a></td></tr><tr style=\"vertical-align:top;border:none;background-color:transparent;\"><th scope=\"row\" style=\"width:0px;text-align:left;padding-right:1.5rem;font-weight:400;padding-bottom:0.25rem;vertical-align:top;background-color:transparent;border-color:transparent;\"><h2 class=\"MuiTypography-root MuiTypography-labelSmall css-1kybk0l\" style=\"font-size:0.875rem;margin:0px;font-weight:400;letter-spacing:0.01em;line-height:1.2;background-color:transparent;border-color:transparent;\">Style:</h2></th><td style=\"padding:2px;vertical-align:top;background-color:transparent;border-color:transparent;\"><a class=\"MuiTypography-root MuiTypography-labelSmall MuiLink-root MuiLink-underlineAlways css-glhfjc\" href=\"https://www.discogs.com/style/noise\" style=\"margin:0px;font-size:0.875rem;letter-spacing:0.01em;line-height:1.2;color:rgb(154,180,213);background-color:transparent;border-color:transparent;\" rel=\"ugc nofollow\">Noise</a>, <a class=\"MuiTypography-root MuiTypography-labelSmall MuiLink-root MuiLink-underlineAlways css-glhfjc\" href=\"https://www.discogs.com/style/punk\" style=\"margin:0px;font-size:0.875rem;letter-spacing:0.01em;line-height:1.2;color:rgb(154,180,213);background-color:transparent;border-color:transparent;\" rel=\"ugc nofollow\">Punk</a>, <a class=\"MuiTypography-root MuiTypography-labelSmall MuiLink-root MuiLink-underlineAlways css-glhfjc\" href=\"https://www.discogs.com/style/post-punk\" style=\"margin:0px;font-size:0.875rem;letter-spacing:0.01em;line-height:1.2;color:rgb(154,180,213);background-color:transparent;border-color:transparent;\" rel=\"ugc nofollow\">Post-Punk</a></td></tr></tbody></table></div></div></div><div class=\"main_cQEFk\" style=\"float:left;background-color:rgb(50,51,52);color:rgb(204,204,204);font-family:'Helvetica Neue', Helvetica, 'Nimbus Sans', Arial, sans-serif;font-size:14px;border-color:transparent;\"><div class=\"content_ETGfR\" style=\"margin-top:5px;background-color:transparent;border-color:transparent;\"><table class=\"tracklist_ZdQ0I\" style=\"border-collapse:collapse;line-height:18px;width:873.611px;table-layout:auto;background-color:transparent;border-color:transparent;\"><tbody style=\"background-color:transparent;border-color:transparent;\"><tr style=\"vertical-align:top;border-top:none;background-color:transparent;border-right-color:transparent;border-bottom-color:transparent;border-left-color:transparent;\"><td class=\"trackPos_n8vad\" style=\"padding:2px 14px 2px 2px;width:15.8681px;background-color:transparent;border-color:transparent;\"><span class=\"MuiTypography-root MuiTypography-labelSmall css-1kybk0l\" style=\"margin:0px;font-size:0.875rem;letter-spacing:0.01em;line-height:1.2;background-color:transparent;border-color:transparent;\">1</span></td><td class=\"artist_VsG56\" style=\"padding:2px 14px 2px 0px;text-align:right;width:0px;background-color:transparent;border-color:transparent;\"></td><td class=\"trackTitle_loyWF\" style=\"padding:2px;width:783.958px;background-color:transparent;border-color:transparent;\"><span class=\"MuiTypography-root MuiTypography-labelSmall css-1kybk0l\" style=\"margin:0px;font-size:0.875rem;letter-spacing:0.01em;line-height:1.2;background-color:transparent;border-color:transparent;\"><span class=\"trackTitle_loyWF\" style=\"width:100%;background-color:transparent;border-color:transparent;\">+∞</span></span></td><td class=\"duration_GhhxK\" style=\"padding:2px 10px 2px 2px;text-align:right;width:27.8125px;background-color:transparent;border-color:transparent;\"><span class=\"MuiTypography-root MuiTypography-labelSmall css-1kybk0l\" style=\"margin:0px;font-size:0.875rem;letter-spacing:0.01em;line-height:1.2;background-color:transparent;border-color:transparent;\">7:10</span></td></tr><tr style=\"vertical-align:top;border-top:1.11111px solid rgb(69,69,69);background-color:transparent;border-right-color:transparent;border-bottom-color:transparent;border-left-color:transparent;\"><td class=\"trackPos_n8vad\" style=\"padding:2px 14px 2px 2px;width:15.8681px;background-color:transparent;border-color:transparent;\"><span class=\"MuiTypography-root MuiTypography-labelSmall css-1kybk0l\" style=\"margin:0px;font-size:0.875rem;letter-spacing:0.01em;line-height:1.2;background-color:transparent;border-color:transparent;\">2</span></td><td class=\"artist_VsG56\" style=\"padding:2px 14px 2px 0px;text-align:right;width:0px;background-color:transparent;border-color:transparent;\"></td><td class=\"trackTitle_loyWF\" style=\"padding:2px;width:783.958px;background-color:transparent;border-color:transparent;\"><span class=\"MuiTypography-root MuiTypography-labelSmall css-1kybk0l\" style=\"margin:0px;font-size:0.875rem;letter-spacing:0.01em;line-height:1.2;background-color:transparent;border-color:transparent;\"><span class=\"trackTitle_loyWF\" style=\"width:100%;background-color:transparent;border-color:transparent;\">Zeszły Piątek / Last Friday</span></span></td><td class=\"duration_GhhxK\" style=\"padding:2px 10px 2px 2px;text-align:right;width:27.8125px;background-color:transparent;border-color:transparent;\"><span class=\"MuiTypography-root MuiTypography-labelSmall css-1kybk0l\" style=\"margin:0px;font-size:0.875rem;letter-spacing:0.01em;line-height:1.2;background-color:transparent;border-color:transparent;\">3:17</span></td></tr><tr style=\"vertical-align:top;border-top:1.11111px solid rgb(69,69,69);background-color:transparent;border-right-color:transparent;border-bottom-color:transparent;border-left-color:transparent;\"><td class=\"trackPos_n8vad\" style=\"padding:2px 14px 2px 2px;width:15.8681px;background-color:transparent;border-color:transparent;\"><span class=\"MuiTypography-root MuiTypography-labelSmall css-1kybk0l\" style=\"margin:0px;font-size:0.875rem;letter-spacing:0.01em;line-height:1.2;background-color:transparent;border-color:transparent;\">3</span></td><td class=\"artist_VsG56\" style=\"padding:2px 14px 2px 0px;text-align:right;width:0px;background-color:transparent;border-color:transparent;\"></td><td class=\"trackTitle_loyWF\" style=\"padding:2px;width:783.958px;background-color:transparent;border-color:transparent;\"><span class=\"MuiTypography-root MuiTypography-labelSmall css-1kybk0l\" style=\"margin:0px;font-size:0.875rem;letter-spacing:0.01em;line-height:1.2;background-color:transparent;border-color:transparent;\"><span class=\"trackTitle_loyWF\" style=\"width:100%;background-color:transparent;border-color:transparent;\">Stąd Do Wieczności / From Here To Eternity</span></span></td><td class=\"duration_GhhxK\" style=\"padding:2px 10px 2px 2px;text-align:right;width:27.8125px;background-color:transparent;border-color:transparent;\"><span class=\"MuiTypography-root MuiTypography-labelSmall css-1kybk0l\" style=\"margin:0px;font-size:0.875rem;letter-spacing:0.01em;line-height:1.2;background-color:transparent;border-color:transparent;\">7:21</span></td></tr><tr style=\"vertical-align:top;border-top:1.11111px solid rgb(69,69,69);background-color:transparent;border-right-color:transparent;border-bottom-color:transparent;border-left-color:transparent;\"><td class=\"trackPos_n8vad\" style=\"padding:2px 14px 2px 2px;width:15.8681px;background-color:transparent;border-color:transparent;\"><span class=\"MuiTypography-root MuiTypography-labelSmall css-1kybk0l\" style=\"margin:0px;font-size:0.875rem;letter-spacing:0.01em;line-height:1.2;background-color:transparent;border-color:transparent;\">4</span></td><td class=\"artist_VsG56\" style=\"padding:2px 14px 2px 0px;text-align:right;width:0px;background-color:transparent;border-color:transparent;\"></td><td class=\"trackTitle_loyWF\" style=\"padding:2px;width:783.958px;background-color:transparent;border-color:transparent;\"><span class=\"MuiTypography-root MuiTypography-labelSmall css-1kybk0l\" style=\"margin:0px;font-size:0.875rem;letter-spacing:0.01em;line-height:1.2;background-color:transparent;border-color:transparent;\"><span class=\"trackTitle_loyWF\" style=\"width:100%;background-color:transparent;border-color:transparent;\">Midnite Express</span></span></td><td class=\"duration_GhhxK\" style=\"padding:2px 10px 2px 2px;text-align:right;width:27.8125px;background-color:transparent;border-color:transparent;\"><span class=\"MuiTypography-root MuiTypography-labelSmall css-1kybk0l\" style=\"margin:0px;font-size:0.875rem;letter-spacing:0.01em;line-height:1.2;background-color:transparent;border-color:transparent;\">6:01</span></td></tr><tr style=\"vertical-align:top;border-top:1.11111px solid rgb(69,69,69);background-color:transparent;border-right-color:transparent;border-bottom-color:transparent;border-left-color:transparent;\"><td class=\"trackPos_n8vad\" style=\"padding:2px 14px 2px 2px;width:15.8681px;background-color:transparent;border-color:transparent;\"><span class=\"MuiTypography-root MuiTypography-labelSmall css-1kybk0l\" style=\"margin:0px;font-size:0.875rem;letter-spacing:0.01em;line-height:1.2;background-color:transparent;border-color:transparent;\">5</span></td><td class=\"artist_VsG56\" style=\"padding:2px 14px 2px 0px;text-align:right;width:0px;background-color:transparent;border-color:transparent;\"></td><td class=\"trackTitle_loyWF\" style=\"padding:2px;width:783.958px;background-color:transparent;border-color:transparent;\"><span class=\"MuiTypography-root MuiTypography-labelSmall css-1kybk0l\" style=\"margin:0px;font-size:0.875rem;letter-spacing:0.01em;line-height:1.2;background-color:transparent;border-color:transparent;\"><span class=\"trackTitle_loyWF\" style=\"width:100%;background-color:transparent;border-color:transparent;\">Ogień / Fire</span></span></td><td class=\"duration_GhhxK\" style=\"padding:2px 10px 2px 2px;text-align:right;width:27.8125px;background-color:transparent;border-color:transparent;\"><span class=\"MuiTypography-root MuiTypography-labelSmall css-1kybk0l\" style=\"margin:0px;font-size:0.875rem;letter-spacing:0.01em;line-height:1.2;background-color:transparent;border-color:transparent;\">2:11</span></td></tr><tr style=\"vertical-align:top;border-top:1.11111px solid rgb(69,69,69);background-color:transparent;border-right-color:transparent;border-bottom-color:transparent;border-left-color:transparent;\"><td class=\"trackPos_n8vad\" style=\"padding:2px 14px 2px 2px;width:15.8681px;background-color:transparent;border-color:transparent;\"><span class=\"MuiTypography-root MuiTypography-labelSmall css-1kybk0l\" style=\"margin:0px;font-size:0.875rem;letter-spacing:0.01em;line-height:1.2;background-color:transparent;border-color:transparent;\">6</span></td><td class=\"artist_VsG56\" style=\"padding:2px 14px 2px 0px;text-align:right;width:0px;background-color:transparent;border-color:transparent;\"></td><td class=\"trackTitle_loyWF\" style=\"padding:2px;width:783.958px;background-color:transparent;border-color:transparent;\"><span class=\"MuiTypography-root MuiTypography-labelSmall css-1kybk0l\" style=\"margin:0px;font-size:0.875rem;letter-spacing:0.01em;line-height:1.2;background-color:transparent;border-color:transparent;\"><span class=\"trackTitle_loyWF\" style=\"width:100%;background-color:transparent;border-color:transparent;\">Zmartwychwstanie / Resurrection</span></span></td><td class=\"duration_GhhxK\" style=\"padding:2px 10px 2px 2px;text-align:right;width:27.8125px;background-color:transparent;border-color:transparent;\"><span class=\"MuiTypography-root MuiTypography-labelSmall css-1kybk0l\" style=\"margin:0px;font-size:0.875rem;letter-spacing:0.01em;line-height:1.2;background-color:transparent;border-color:transparent;\">5:41</span></td></tr><tr style=\"vertical-align:top;border-top:1.11111px solid rgb(69,69,69);background-color:transparent;border-right-color:transparent;border-bottom-color:transparent;border-left-color:transparent;\"><td class=\"trackPos_n8vad\" style=\"padding:2px 14px 2px 2px;width:15.8681px;background-color:transparent;border-color:transparent;\"><span class=\"MuiTypography-root MuiTypography-labelSmall css-1kybk0l\" style=\"margin:0px;font-size:0.875rem;letter-spacing:0.01em;line-height:1.2;background-color:transparent;border-color:transparent;\">7</span></td><td class=\"artist_VsG56\" style=\"padding:2px 14px 2px 0px;text-align:right;width:0px;background-color:transparent;border-color:transparent;\"></td><td class=\"trackTitle_loyWF\" style=\"padding:2px;width:783.958px;background-color:transparent;border-color:transparent;\"><span class=\"MuiTypography-root MuiTypography-labelSmall css-1kybk0l\" style=\"margin:0px;font-size:0.875rem;letter-spacing:0.01em;line-height:1.2;background-color:transparent;border-color:transparent;\"><span class=\"trackTitle_loyWF\" style=\"width:100%;background-color:transparent;border-color:transparent;\">1692</span></span></td><td class=\"duration_GhhxK\" style=\"padding:2px 10px 2px 2px;text-align:right;width:27.8125px;background-color:transparent;border-color:transparent;\"><span class=\"MuiTypography-root MuiTypography-labelSmall css-1kybk0l\" style=\"margin:0px;font-size:0.875rem;letter-spacing:0.01em;line-height:1.2;background-color:transparent;border-color:transparent;\">3:17</span></td></tr><tr style=\"vertical-align:top;border-top:1.11111px solid rgb(69,69,69);background-color:transparent;border-right-color:transparent;border-bottom-color:transparent;border-left-color:transparent;\"><td class=\"trackPos_n8vad\" style=\"padding:2px 14px 2px 2px;width:15.8681px;background-color:transparent;border-color:transparent;\"><span class=\"MuiTypography-root MuiTypography-labelSmall css-1kybk0l\" style=\"margin:0px;font-size:0.875rem;letter-spacing:0.01em;line-height:1.2;background-color:transparent;border-color:transparent;\">8</span></td><td class=\"artist_VsG56\" style=\"padding:2px 14px 2px 0px;text-align:right;width:0px;background-color:transparent;border-color:transparent;\"></td><td class=\"trackTitle_loyWF\" style=\"padding:2px;width:783.958px;background-color:transparent;border-color:transparent;\"><span class=\"MuiTypography-root MuiTypography-labelSmall css-1kybk0l\" style=\"margin:0px;font-size:0.875rem;letter-spacing:0.01em;line-height:1.2;background-color:transparent;border-color:transparent;\"><span class=\"trackTitle_loyWF\" style=\"width:100%;background-color:transparent;border-color:transparent;\">Elektrownia Atomowa / Nuclear Powerplant</span></span></td><td class=\"duration_GhhxK\" style=\"padding:2px 10px 2px 2px;text-align:right;width:27.8125px;background-color:transparent;border-color:transparent;\"><span class=\"MuiTypography-root MuiTypography-labelSmall css-1kybk0l\" style=\"margin:0px;font-size:0.875rem;letter-spacing:0.01em;line-height:1.2;background-color:transparent;border-color:transparent;\">4:05</span></td></tr><tr style=\"vertical-align:top;border-top:1.11111px solid rgb(69,69,69);background-color:transparent;border-right-color:transparent;border-bottom-color:transparent;border-left-color:transparent;\"><td class=\"trackPos_n8vad\" style=\"padding:2px 14px 2px 2px;width:15.8681px;background-color:transparent;border-color:transparent;\"><span class=\"MuiTypography-root MuiTypography-labelSmall css-1kybk0l\" style=\"margin:0px;font-size:0.875rem;letter-spacing:0.01em;line-height:1.2;background-color:transparent;border-color:transparent;\">9</span></td><td class=\"artist_VsG56\" style=\"padding:2px 14px 2px 0px;text-align:right;width:0px;background-color:transparent;border-color:transparent;\"></td><td class=\"trackTitle_loyWF\" style=\"padding:2px;width:783.958px;background-color:transparent;border-color:transparent;\"><span class=\"MuiTypography-root MuiTypography-labelSmall css-1kybk0l\" style=\"margin:0px;font-size:0.875rem;letter-spacing:0.01em;line-height:1.2;background-color:transparent;border-color:transparent;\"><span class=\"trackTitle_loyWF\" style=\"width:100%;background-color:transparent;border-color:transparent;\">Ziemia / Earth</span></span></td><td class=\"duration_GhhxK\" style=\"padding:2px 10px 2px 2px;text-align:right;width:27.8125px;background-color:transparent;border-color:transparent;\"><span class=\"MuiTypography-root MuiTypography-labelSmall css-1kybk0l\" style=\"margin:0px;font-size:0.875rem;letter-spacing:0.01em;line-height:1.2;background-color:transparent;border-color:transparent;\">6:44</span></td></tr><tr style=\"vertical-align:top;border-top:1.11111px solid rgb(69,69,69);background-color:transparent;border-right-color:transparent;border-bottom-color:transparent;border-left-color:transparent;\"><td class=\"trackPos_n8vad\" style=\"padding:2px 14px 2px 2px;width:15.8681px;background-color:transparent;border-color:transparent;\"><span class=\"MuiTypography-root MuiTypography-labelSmall css-1kybk0l\" style=\"margin:0px;font-size:0.875rem;letter-spacing:0.01em;line-height:1.2;background-color:transparent;border-color:transparent;\">10</span></td><td class=\"artist_VsG56\" style=\"padding:2px 14px 2px 0px;text-align:right;width:0px;background-color:transparent;border-color:transparent;\"></td><td class=\"trackTitle_loyWF\" style=\"padding:2px;width:783.958px;background-color:transparent;border-color:transparent;\"><span class=\"MuiTypography-root MuiTypography-labelSmall css-1kybk0l\" style=\"margin:0px;font-size:0.875rem;letter-spacing:0.01em;line-height:1.2;background-color:transparent;border-color:transparent;\"><span class=\"trackTitle_loyWF\" style=\"width:100%;background-color:transparent;border-color:transparent;\">-∞</span></span></td><td class=\"duration_GhhxK\" style=\"padding:2px 10px 2px 2px;text-align:right;width:27.8125px;background-color:transparent;border-color:transparent;\"><span class=\"MuiTypography-root MuiTypography-labelSmall css-1kybk0l\" style=\"margin:0px;font-size:0.875rem;letter-spacing:0.01em;line-height:1.2;background-color:transparent;border-color:transparent;\">2:41</span></td></tr></tbody></table></div></div><div class=\"main_cQEFk\" style=\"float:left;background-color:rgb(50,51,52);color:rgb(204,204,204);font-family:'Helvetica Neue', Helvetica, 'Nimbus Sans', Arial, sans-serif;font-size:14px;border-color:transparent;\"><div class=\"content_ETGfR\" style=\"margin-top:5px;background-color:transparent;border-color:transparent;\"><ul class=\"list_YIqpP\" style=\"list-style-type:none;margin:0px;padding:0px;font-size:0.875rem;background-color:transparent;border-color:transparent;\"><li style=\"margin-bottom:2px;background-color:transparent;border-color:transparent;\"><span class=\"MuiTypography-root MuiTypography-labelSmall css-1kybk0l\" style=\"margin:0px;font-size:0.875rem;letter-spacing:0.01em;line-height:1.2;background-color:transparent;border-color:transparent;\"><span class=\"entity_KsJAl\" style=\"background-color:transparent;border-color:transparent;\">Recorded At</span> – <a class=\"MuiTypography-root MuiTypography-inherit MuiLink-root MuiLink-underlineAlways css-1yze6f2\" href=\"https://www.discogs.com/label/162400-Z%C5%82ota-Ska%C5%82a\" style=\"margin:0px;font-family:inherit;font-weight:inherit;font-size:inherit;line-height:inherit;letter-spacing:inherit;color:rgb(154,180,213);background-color:transparent;border-color:transparent;\" rel=\"ugc nofollow\">Złota Skała</a></span></li><li style=\"margin-bottom:0px;background-color:transparent;border-color:transparent;\"><span class=\"MuiTypography-root MuiTypography-labelSmall css-1kybk0l\" style=\"margin:0px;font-size:0.875rem;letter-spacing:0.01em;line-height:1.2;background-color:transparent;border-color:transparent;\"><span class=\"entity_KsJAl\" style=\"background-color:transparent;border-color:transparent;\">Glass Mastered At</span> – <a class=\"MuiTypography-root MuiTypography-inherit MuiLink-root MuiLink-underlineAlways css-1yze6f2\" href=\"https://www.discogs.com/label/249847-TAKT\" style=\"margin:0px;font-family:inherit;font-weight:inherit;font-size:inherit;line-height:inherit;letter-spacing:inherit;color:rgb(154,180,213);background-color:transparent;border-color:transparent;\" rel=\"ugc nofollow\">TAKT</a></span></li></ul></div></div><div class=\"main_cQEFk\" style=\"float:left;background-color:rgb(50,51,52);color:rgb(204,204,204);font-family:'Helvetica Neue', Helvetica, 'Nimbus Sans', Arial, sans-serif;font-size:14px;border-color:transparent;\"><div class=\"content_ETGfR\" style=\"margin-top:5px;background-color:transparent;border-color:transparent;\"><ul class=\"list_gGRvO\" style=\"list-style-type:none;margin:0px;padding:0px;font-size:0.875rem;line-height:18px;background-color:transparent;border-color:transparent;\"><li style=\"margin-bottom:2px;background-color:transparent;border-color:transparent;\"><span class=\"MuiTypography-root MuiTypography-labelSmall css-1kybk0l\" style=\"margin:0px;font-size:0.875rem;letter-spacing:0.01em;line-height:1.2;background-color:transparent;border-color:transparent;\"><span class=\"role_UNc70\" style=\"background-color:transparent;border-color:transparent;\">Backing Vocals</span> – <span class=\"link_PKPcS\" style=\"background-color:transparent;border-color:transparent;\"><a href=\"https://www.discogs.com/artist/525884-Marek-Grzesik\" class=\"link_wXY7O link_PKPcS\" style=\"color:rgb(154,180,213);background-color:transparent;border-color:transparent;\" rel=\"ugc nofollow\">Marek</a>*</span> (tracks: 1)</span></li><li style=\"margin-bottom:2px;background-color:transparent;border-color:transparent;\"><span class=\"MuiTypography-root MuiTypography-labelSmall css-1kybk0l\" style=\"margin:0px;font-size:0.875rem;letter-spacing:0.01em;line-height:1.2;background-color:transparent;border-color:transparent;\"><span class=\"role_UNc70\" style=\"background-color:transparent;border-color:transparent;\">Bass, Vocals</span> – <span class=\"link_PKPcS\" style=\"background-color:transparent;border-color:transparent;\"><a href=\"https://www.discogs.com/artist/971232-Rafa%C5%82-Szyma%C5%84ski\" class=\"link_wXY7O link_PKPcS\" style=\"color:rgb(154,180,213);background-color:transparent;border-color:transparent;\" rel=\"ugc nofollow\">Rafał Szymański</a></span></span></li><li style=\"margin-bottom:2px;background-color:transparent;border-color:transparent;\"><span class=\"MuiTypography-root MuiTypography-labelSmall css-1kybk0l\" style=\"margin:0px;font-size:0.875rem;letter-spacing:0.01em;line-height:1.2;background-color:transparent;border-color:transparent;\"><span class=\"role_UNc70\" style=\"background-color:transparent;border-color:transparent;\">Drums</span> – <span class=\"link_PKPcS\" style=\"background-color:transparent;border-color:transparent;\"><a href=\"https://www.discogs.com/artist/1178917-Dariusz-Dudzi%C5%84ski\" class=\"link_wXY7O link_PKPcS\" style=\"color:rgb(154,180,213);background-color:transparent;border-color:transparent;\" rel=\"ugc nofollow\">Darek Dudziński</a>*</span></span></li><li style=\"margin-bottom:2px;background-color:transparent;border-color:transparent;\"><span class=\"MuiTypography-root MuiTypography-labelSmall css-1kybk0l\" style=\"margin:0px;font-size:0.875rem;letter-spacing:0.01em;line-height:1.2;background-color:transparent;border-color:transparent;\"><span class=\"role_UNc70\" style=\"background-color:transparent;border-color:transparent;\">Engineer</span> – <span class=\"link_PKPcS\" style=\"background-color:transparent;border-color:transparent;\"><a href=\"https://www.discogs.com/artist/525884-Marek-Grzesik\" class=\"link_wXY7O link_PKPcS\" style=\"color:rgb(154,180,213);background-color:transparent;border-color:transparent;\" rel=\"ugc nofollow\">Marek</a>*</span>, <span class=\"link_PKPcS\" style=\"background-color:transparent;border-color:transparent;\"><a href=\"https://www.discogs.com/artist/134427-Robert-Brylewski\" class=\"link_wXY7O link_PKPcS\" style=\"color:rgb(154,180,213);background-color:transparent;border-color:transparent;\" rel=\"ugc nofollow\">Robert Brylewski</a></span>, <span class=\"link_PKPcS\" style=\"background-color:transparent;border-color:transparent;\"><a href=\"https://www.discogs.com/artist/2682377-Smok-3\" class=\"link_wXY7O link_PKPcS\" style=\"color:rgb(154,180,213);background-color:transparent;border-color:transparent;\" rel=\"ugc nofollow\">Smok (3)</a></span></span></li><li style=\"margin-bottom:2px;background-color:transparent;border-color:transparent;\"><span class=\"MuiTypography-root MuiTypography-labelSmall css-1kybk0l\" style=\"margin:0px;font-size:0.875rem;letter-spacing:0.01em;line-height:1.2;background-color:transparent;border-color:transparent;\"><span class=\"role_UNc70\" style=\"background-color:transparent;border-color:transparent;\">Guitar, Vocals</span> – <span class=\"link_PKPcS\" style=\"background-color:transparent;border-color:transparent;\"><a href=\"https://www.discogs.com/artist/905764-Marcin-Dymiter\" class=\"link_wXY7O link_PKPcS\" style=\"color:rgb(154,180,213);background-color:transparent;border-color:transparent;\" rel=\"ugc nofollow\">Marcin Dymiter</a></span></span></li><li style=\"margin-bottom:2px;background-color:transparent;border-color:transparent;\"><span class=\"MuiTypography-root MuiTypography-labelSmall css-1kybk0l\" style=\"margin:0px;font-size:0.875rem;letter-spacing:0.01em;line-height:1.2;background-color:transparent;border-color:transparent;\"><span class=\"role_UNc70\" style=\"background-color:transparent;border-color:transparent;\">Lyrics By</span> – <span class=\"link_PKPcS\" style=\"background-color:transparent;border-color:transparent;\"><a href=\"https://www.discogs.com/artist/1178917-Dariusz-Dudzi%C5%84ski\" class=\"link_wXY7O link_PKPcS\" style=\"color:rgb(154,180,213);background-color:transparent;border-color:transparent;\" rel=\"ugc nofollow\">Darek</a>*</span> (tracks: 6), <span class=\"link_PKPcS\" style=\"background-color:transparent;border-color:transparent;\"><a href=\"https://www.discogs.com/artist/905764-Marcin-Dymiter\" class=\"link_wXY7O link_PKPcS\" style=\"color:rgb(154,180,213);background-color:transparent;border-color:transparent;\" rel=\"ugc nofollow\">Marcin</a>*</span> (tracks: 4), <span class=\"link_PKPcS\" style=\"background-color:transparent;border-color:transparent;\"><a href=\"https://www.discogs.com/artist/971232-Rafa%C5%82-Szyma%C5%84ski\" class=\"link_wXY7O link_PKPcS\" style=\"color:rgb(154,180,213);background-color:transparent;border-color:transparent;\" rel=\"ugc nofollow\">Rafał</a>*</span> (tracks: 2, 3, 5, 7, 8, 9)</span></li><li style=\"margin-bottom:2px;background-color:transparent;border-color:transparent;\"><span class=\"MuiTypography-root MuiTypography-labelSmall css-1kybk0l\" style=\"margin:0px;font-size:0.875rem;letter-spacing:0.01em;line-height:1.2;background-color:transparent;border-color:transparent;\"><span class=\"role_UNc70\" style=\"background-color:transparent;border-color:transparent;\">Music By</span> – <span class=\"link_PKPcS\" style=\"background-color:transparent;border-color:transparent;\"><a href=\"https://www.discogs.com/artist/971271-Ewa-Braun\" class=\"link_wXY7O link_PKPcS\" style=\"color:rgb(154,180,213);background-color:transparent;border-color:transparent;\" rel=\"ugc nofollow\">e.b.</a>*</span></span></li><li style=\"margin-bottom:2px;background-color:transparent;border-color:transparent;\"><span class=\"MuiTypography-root MuiTypography-labelSmall css-1kybk0l\" style=\"margin:0px;font-size:0.875rem;letter-spacing:0.01em;line-height:1.2;background-color:transparent;border-color:transparent;\"><span class=\"role_UNc70\" style=\"background-color:transparent;border-color:transparent;\">Producer</span> – <span class=\"link_PKPcS\" style=\"background-color:transparent;border-color:transparent;\"><a href=\"https://www.discogs.com/artist/971271-Ewa-Braun\" class=\"link_wXY7O link_PKPcS\" style=\"color:rgb(154,180,213);background-color:transparent;border-color:transparent;\" rel=\"ugc nofollow\">e.b.</a>*</span>, <span class=\"link_PKPcS\" style=\"background-color:transparent;border-color:transparent;\"><a href=\"https://www.discogs.com/artist/134427-Robert-Brylewski\" class=\"link_wXY7O link_PKPcS\" style=\"color:rgb(154,180,213);background-color:transparent;border-color:transparent;\" rel=\"ugc nofollow\">Robert Brylewski</a></span></span></li><li style=\"margin-bottom:0px;background-color:transparent;border-color:transparent;\"><span class=\"MuiTypography-root MuiTypography-labelSmall css-1kybk0l\" style=\"margin:0px;font-size:0.875rem;letter-spacing:0.01em;line-height:1.2;background-color:transparent;border-color:transparent;\"><span class=\"role_UNc70\" style=\"background-color:transparent;border-color:transparent;\">Remastered By [Uncredited]</span> – <span class=\"link_PKPcS\" style=\"background-color:transparent;border-color:transparent;\"><a href=\"https://www.discogs.com/artist/905764-Marcin-Dymiter\" class=\"link_wXY7O link_PKPcS\" style=\"color:rgb(154,180,213);background-color:transparent;border-color:transparent;\" rel=\"ugc nofollow\">Marcin Dymiter</a></span></span></li></ul></div></div><div class=\"main_cQEFk\" style=\"float:left;background-color:rgb(50,51,52);color:rgb(204,204,204);font-family:'Helvetica Neue', Helvetica, 'Nimbus Sans', Arial, sans-serif;font-size:14px;border-color:transparent;\"><div class=\"content_ETGfR\" style=\"margin-top:5px;background-color:transparent;border-color:transparent;\"><span class=\"MuiTypography-root MuiTypography-bodySmall css-1vjnjdl\" style=\"margin:0px;font-size:0.875rem;line-height:1.5;background-color:transparent;border-color:transparent;\"></span><div class=\"notes_VIDcE\" style=\"background-color:transparent;border-color:transparent;\">Recorded at Studio Złota Skała 22-24.10-1993 [88% method].<br style=\"background-color:transparent;border-color:transparent;\" />Uwaga! Słuchać jeszcze głośniej.<br style=\"background-color:transparent;border-color:transparent;\" /><br style=\"background-color:transparent;border-color:transparent;\" />Digipack release with spot varnish on cover and booklet.<br style=\"background-color:transparent;border-color:transparent;\" />Comes with a booklet containing lyrics in Polish and English.</div></div></div><div class=\"main_cQEFk\" style=\"float:left;background-color:rgb(50,51,52);color:rgb(204,204,204);font-family:'Helvetica Neue', Helvetica, 'Nimbus Sans', Arial, sans-serif;font-size:14px;border-color:transparent;\"><div class=\"content_ETGfR\" style=\"margin-top:5px;background-color:transparent;border-color:transparent;\"><ul class=\"simple_N5QY2\" style=\"list-style:none;margin:0px;padding:0px;background-color:transparent;border-color:transparent;\"><li style=\"margin-bottom:2px;background-color:transparent;border-color:transparent;\"><span class=\"MuiTypography-root MuiTypography-labelSmall css-1kybk0l\" style=\"margin:0px;font-size:0.875rem;letter-spacing:0.01em;line-height:1.2;background-color:transparent;border-color:transparent;\">Matrix / Runout (Variant 1): 2100004758445 NNNW</span></li><li style=\"margin-bottom:2px;background-color:transparent;border-color:transparent;\"><span class=\"MuiTypography-root MuiTypography-labelSmall css-1kybk0l\" style=\"margin:0px;font-size:0.875rem;letter-spacing:0.01em;line-height:1.2;background-color:transparent;border-color:transparent;\">Matrix / Runout (Variant 2): 2100009769002 NNNW</span></li><li style=\"margin-bottom:2px;background-color:transparent;border-color:transparent;\"><span class=\"MuiTypography-root MuiTypography-labelSmall css-1kybk0l\" style=\"margin:0px;font-size:0.875rem;letter-spacing:0.01em;line-height:1.2;background-color:transparent;border-color:transparent;\">Mastering SID Code (Variant 2): IFPI LK97</span></li><li style=\"margin-bottom:0px;background-color:transparent;border-color:transparent;\"><span class=\"MuiTypography-root MuiTypography-labelSmall css-1kybk0l\" style=\"margin:0px;font-size:0.875rem;letter-spacing:0.01em;line-height:1.2;background-color:transparent;border-color:transparent;\">Mould SID Code (Variant 2): IFPI AEW24</span></li></ul></div></div>","language":"pol","scanner":"Internet Archive HTML5 Uploader 1.7.0","subject":["ewa braun","rock","punk","noise","esion","robert brylewski","polski rock","polish rock","polish punk","polish noise","nikt nic nie wie"],"title":"Ewa Braun - Love Peace Noise FLAC CD RIP 2014","uploader":"polswert1@gmail.com","publicdate":"2025-11-29 16:13:15","addeddate":"2025-11-29 16:13:15","curation":"[curator]validator@archive.org[/curator][date]20251129161441[/date][comment]checked for malware[/comment]"},"server":"ia801708.us.archive.org","uniq":931197330,"workable_servers":["ia801708.us.archive.org","ia601708.us.archive.org"]}