{"alternate_locations":{"servers":[{"server":"dn721904.ca.archive.org","dir":"/0/items/03.-niji-no-mukou-e...-complete-version"}],"workable":[{"server":"dn721904.ca.archive.org","dir":"/0/items/03.-niji-no-mukou-e...-complete-version"}]},"created":1767564778,"d1":"ia600102.us.archive.org","d2":"ia800102.us.archive.org","dir":"/17/items/03.-niji-no-mukou-e...-complete-version","files":[{"name":"01. Together along.mp3","source":"original","mtime":"1748553865","size":"3359441","md5":"68fa1b7238742fd00350217bea22b688","crc32":"4c6deac9","sha1":"1bbed45de1bb97f44d2a146d73159a154df79f56","format":"VBR MP3","length":"206.73","title":"Together along","creator":"﹈YPERM/Ｂ一䤀䄀","album":"Together Along","track":"1","artist":"﹈YPERM/Ｂ一䤀䄀","genre":"Visual-kei","comment":"(iTunes_CDDB_IDs) 5++"},{"name":"01. Together along.png","source":"derivative","format":"PNG","original":"01. Together along.mp3","mtime":"1748554130","size":"42306","md5":"16b415452ac5718ed9311062fd7c4735","crc32":"4792a212","sha1":"4c0a1fb14ba0afe27af96418870e72a47403aa5e"},{"name":"01. Together along_spectrogram.png","source":"derivative","format":"Spectrogram","original":"01. Together along.mp3","mtime":"1748554413","size":"310611","md5":"bf4590fbb6a5bd58960b42de5d557005","crc32":"932be6a3","sha1":"16d4bf97e3a6d848a361ad8ad02733f877554b68"},{"name":"02. BLUE.mp3","source":"original","mtime":"1748553907","size":"4800534","md5":"fb654910e6faf1c1e4e90b054d2f24e0","crc32":"6f57c793","sha1":"c03ac204392584fc420375414218132c89f6af71","format":"VBR MP3","length":"296.8","title":"BLUE","creator":"﹈YPERM/Ｂ一䤀䄀","album":"Together Along","track":"2","artist":"﹈YPERM/Ｂ一䤀䄀","genre":"Visual-kei","comment":"(iTunes_CDDB_IDs) 5++"},{"name":"02. BLUE.png","source":"derivative","format":"PNG","original":"02. BLUE.mp3","mtime":"1748554164","size":"40513","md5":"1acc7cdb8c93cadf1f54c547684679ff","crc32":"1b3eefe9","sha1":"f2e38da8871c2210ade4eeb73688e97e9adb702e"},{"name":"02. BLUE_spectrogram.png","source":"derivative","format":"Spectrogram","original":"02. BLUE.mp3","mtime":"1748554444","size":"297489","md5":"4193c0f3df8fbba608b6f3056fa5d918","crc32":"ce2c7ca9","sha1":"3fe6f6bbdef00091798c51bb2951ba2b50f35deb"},{"name":"03. niji no mukou e... (Complete Version).mp3","source":"original","mtime":"1748553964","size":"6478675","md5":"5beb59d140954f24eb5e292ebf147c41","crc32":"b56d254a","sha1":"c8bd84f1d7666f35a2ab3e2707b8403d1276c088","format":"VBR MP3","length":"401.68","title":"虹の向こうへ・・・ (Complete Version)","creator":"﹈YPERM/Ｂ一䤀䄀","album":"Together Along","track":"3","artist":"﹈YPERM/Ｂ一䤀䄀","genre":"Visual-kei","comment":"(iTunes_CDDB_IDs) 5++"},{"name":"03. niji no mukou e... (Complete Version).png","source":"derivative","format":"PNG","original":"03. niji no mukou e... (Complete Version).mp3","mtime":"1748554198","size":"40554","md5":"57652649a89e9df7859b1b88f2f6ac28","crc32":"202a323a","sha1":"c91459349f317a38bb512eb9b8e29ced84e8abe7"},{"name":"03. niji no mukou e... (Complete Version)_spectrogram.png","source":"derivative","format":"Spectrogram","original":"03. niji no mukou e... (Complete Version).mp3","mtime":"1748554490","size":"309611","md5":"0f58f08b6f278967b04c4c3896988f25","crc32":"ef9ba23b","sha1":"ff931366137e3647feb733c348d5b2813e031b74"},{"name":"03.-niji-no-mukou-e...-complete-version_archive.torrent","source":"metadata","btih":"7c845db6b67f020329c58c30223e362264886b6b","mtime":"1757865394","size":"5596","md5":"8cc038ea96a920da7dda45d2edd2466c","crc32":"38949f31","sha1":"40914165da4ee890b0f4cec092f41dda0a033226","format":"Archive BitTorrent"},{"name":"03.-niji-no-mukou-e...-complete-version_files.xml","source":"original","format":"Metadata","md5":"678049fb4e6f9102a2715df603b256e2","summation":"md5"},{"name":"03.-niji-no-mukou-e...-complete-version_meta.sqlite","source":"original","mtime":"1748554017","size":"45056","md5":"2d2040fd6e7e0c47dc1d18378c9407dc","crc32":"8600e778","sha1":"7cc241e9370496cb401326e0781c98809be21227","format":"Metadata"},{"name":"03.-niji-no-mukou-e...-complete-version_meta.xml","source":"original","mtime":"1757865394","size":"1708","md5":"9decb9af4e5f76c931ca10cf3ef4ba86","crc32":"207bc96d","sha1":"ed2ceb3173f54b9d61988b7d8d7cc48911de0ce5","format":"Metadata"},{"name":"04. FLY! -Don't through Dream-.mp3","source":"original","mtime":"1748553999","size":"4758804","md5":"d67410eccbe7ffb12c73992184c3edb3","crc32":"473964b8","sha1":"f1a3d74c3e2f211c6d1ff7f0d5b2c3f3a193faab","format":"VBR MP3","length":"294.19","title":"FLY! -Don't through Dream-","creator":"﹈YPERM/Ｂ一䤀䄀","album":"Together Along","track":"4","artist":"﹈YPERM/Ｂ一䤀䄀","genre":"Visual-kei","comment":"(iTunes_CDDB_IDs) 5++"},{"name":"04. FLY! -Don't through Dream-.png","source":"derivative","format":"PNG","original":"04. FLY! -Don't through Dream-.mp3","mtime":"1748554237","size":"40959","md5":"50270fd28868fdcac516850fa6f86401","crc32":"a455add8","sha1":"9a7607c2630d1e56ed2d67ffbeec917dbb519ad0"},{"name":"04. FLY! -Don't through Dream-_spectrogram.png","source":"derivative","format":"Spectrogram","original":"04. FLY! -Don't through Dream-.mp3","mtime":"1748554518","size":"282171","md5":"0994da62d1cf9cb758be2617a19c1e06","crc32":"4b1143c6","sha1":"513f3a4d0274dc5798b1582a88afb9713507a25d"},{"name":"05. kaze no naka de.mp3","source":"original","mtime":"1748554004","size":"4487460","md5":"74ee9104b1d481b2883dd88c81be9084","crc32":"7ab43da0","sha1":"65e451c187b8b1aabc1dd1447e89f44f6b99cb94","format":"VBR MP3","length":"277.24","title":"風の中で","creator":"﹈YPERM/Ｂ一䤀䄀","album":"Together Along","track":"5","artist":"﹈YPERM/Ｂ一䤀䄀","genre":"Visual-kei","comment":"(iTunes_CDDB_IDs) 5++"},{"name":"05. kaze no naka de.png","source":"derivative","format":"PNG","original":"05. kaze no naka de.mp3","mtime":"1748554357","size":"41571","md5":"b6706532ef3875075c1a4def06928b5f","crc32":"0ae2aa22","sha1":"3864992ddb3566778f4de0dff196f8ba3d62baed"},{"name":"05. kaze no naka de_spectrogram.png","source":"derivative","format":"Spectrogram","original":"05. kaze no naka de.mp3","mtime":"1748554547","size":"307224","md5":"40d6834297bcef91071024aa40d90e3c","crc32":"7b07f7d5","sha1":"d58cf35eef56546869351229f31b0286503fdea9"},{"name":"__ia_thumb.jpg","source":"original","mtime":"1748554056","size":"8966","md5":"462b5b9f16e64909b87e3f678d478789","crc32":"b97bb178","sha1":"1fe17f33d48d33c97e02eb8484ad4e7caec7a503","format":"Item Tile"},{"name":"cover.jpg","source":"original","mtime":"1748554014","size":"25779","md5":"81d9dbdf11d115134f109571aa05e01f","crc32":"958d8f7d","sha1":"21efa52ae97911624fbbca7c1f8a3095ba4758f3","format":"JPEG"},{"name":"cover_thumb.jpg","source":"derivative","format":"JPEG Thumb","original":"cover.jpg","mtime":"1748554110","size":"7807","md5":"b55fb4664eff516cd11649174f3fd1f0","crc32":"5691a346","sha1":"0f5ad9232376b95977882a9e040e3b850e46a9b9"}],"files_count":22,"item_last_updated":1757865394,"item_size":25692835,"metadata":{"identifier":"03.-niji-no-mukou-e...-complete-version","mediatype":"audio","collection":["folksoundomy_japaneserock","folksoundomy"],"creator":"HYPERM∀NIA","date":"1996-07-05","description":"<div>01. Together along</div><div>02. BLUE</div><div>03. niji no mukō e... (Complete Version)</div><div>04. FLY! -Don't through Dream-</div><div>05. kaze no naka de</div><div><br /></div><div>Segundo y último álbum.</div><div><br /></div><div>https://vk.gy/artists/hypermania/</div><div><br /></div><div>http://jp-rock.blogspot.com/</div><div><br /></div><div>http://jp-rock-lyrics.blogspot.com.ar/</div>","language":"jpn","scanner":"Internet Archive HTML5 Uploader 1.7.0","subject":["visual kei","vkei","visual rock","vrock","rock","japanese rock","jrock","j-rock","HYPERM∀NIA","soft visual","pop rock"],"title":"HYPERM∀NIA - Together Along","uploader":"denjinhal@mail.ru","publicdate":"2025-05-29 21:24:49","addeddate":"2025-05-29 21:24:49","curation":"[curator]validator@archive.org[/curator][date]20250529212602[/date][comment]checked for malware[/comment]","collection_added":"folksoundomy"},"server":"ia800102.us.archive.org","uniq":662817766,"workable_servers":["ia800102.us.archive.org","ia600102.us.archive.org"]}