{"created":1767564788,"d1":"ia600607.us.archive.org","d2":"ia800607.us.archive.org","dir":"/24/items/03.cindydestiny","files":[{"name":"01. Cindy - Surprise.afpk","source":"derivative","format":"Columbia Peaks","original":"01. Cindy - Surprise.flac","mtime":"1563079923","size":"49968","md5":"bff5d89c433f179daac3b73b7dcffe3a","crc32":"3387efbc","sha1":"e80123097075046927b47a174447cf07b1329c9c"},{"name":"01. Cindy - Surprise.flac","source":"original","mtime":"1563079236","size":"32943811","md5":"2e85dad5ac6a84bed77d2d19c5b1eaab","crc32":"83dd03ed","sha1":"8368ec9ef8094ec48328f941ce369baa328a6f72","format":"Flac","length":"288.55","height":"500","width":"490","title":"Surprise","creator":"Cindy","album":"Angel Touch","track":"01","artist":"Cindy","genre":"JPop","comment":"http://jenie.co","external-identifier-match-date":"acoustid:2019-08-13T18:02:06Z","external-identifier":"urn:acoustid:b259ac3e-56cd-43e9-9cc5-d58ab37b460c"},{"name":"01. Cindy - Surprise.mp3","source":"derivative","creator":"Cindy","title":"Surprise","track":"01","album":"Angel Touch","genre":"JPop","bitrate":"196","length":"04:48","format":"VBR MP3","original":"01. Cindy - Surprise.flac","mtime":"1563079607","size":"7127403","md5":"6932832dfdd6479d04a8d7df17480278","crc32":"8c9244e4","sha1":"7354a3d1365d8b3afe37fb16a22582d1cec8f205","height":"653","width":"640"},{"name":"01. Cindy - Surprise.ogg","source":"derivative","format":"Ogg Vorbis","original":"01. Cindy - Surprise.flac","mtime":"1563079758","size":"3384903","md5":"7b79079e6833026d251b8ae69f2c6bae","crc32":"0526c47b","sha1":"61e758dd5f9d430554d11ede174d6bfb360cbe60","length":"288.55","height":"0","width":"0"},{"name":"01. Cindy - Surprise.png","source":"derivative","format":"PNG","original":"01. Cindy - Surprise.flac","mtime":"1563079804","size":"35212","md5":"ae19fa75f64fb2dd26dca734b6d34167","crc32":"92211e0b","sha1":"940f971bf323f446ee0e33d342d529e153d1e44d"},{"name":"01. Cindy - Surprise_spectrogram.png","source":"derivative","format":"Spectrogram","original":"01. Cindy - Surprise.flac","mtime":"1563079831","size":"319418","md5":"3f68b7eb573aa33740466f89af9490f5","crc32":"da711eee","sha1":"c7b207dcb5e48fe11ae6a47d4dd78b6957492deb"},{"name":"02. Cindy - せつなくて.afpk","source":"derivative","format":"Columbia Peaks","original":"02. Cindy - せつなくて.flac","mtime":"1563079916","size":"58912","md5":"1949236a6d21bbbc7fa2582115cdefdd","crc32":"32f93e8d","sha1":"864d88e171072e22fc1625eb4373dcbd89244a89"},{"name":"02. Cindy - せつなくて.flac","source":"original","mtime":"1563079277","size":"33551662","md5":"8616c905d034de9d9ecaecb73b3f0a53","crc32":"94675aa6","sha1":"77b3857f2081d9b0d58a0208b88b64c7bbd92bb6","format":"Flac","length":"293.63","height":"500","width":"490","title":"せつなくて","creator":"Cindy","album":"Angel Touch","track":"02","artist":"Cindy","genre":"JPop","comment":"http://jenie.co","external-identifier-match-date":"acoustid:2019-08-13T18:02:06Z","external-identifier":"urn:acoustid:7535fe0c-a804-4ed5-ba66-8e7433833830"},{"name":"02. Cindy - せつなくて.mp3","source":"derivative","creator":"Cindy","title":"せつなくて","track":"02","album":"Angel Touch","genre":"JPop","bitrate":"191","length":"04:53","format":"VBR MP3","original":"02. Cindy - せつなくて.flac","mtime":"1563079558","size":"7072228","md5":"9c9633e1cb37740359a3a837a1b17156","crc32":"346d2fe4","sha1":"8d46ecabf1897c07a519344dc604be31156dcc41","height":"653","width":"640"},{"name":"02. Cindy - せつなくて.ogg","source":"derivative","format":"Ogg Vorbis","original":"02. Cindy - せつなくて.flac","mtime":"1563079689","size":"3322064","md5":"d7775358377f60b3d5b722e60c930f62","crc32":"bcfb2d88","sha1":"b5016096494c048fef48188dedd3665cac024bbb","length":"293.63","height":"0","width":"0"},{"name":"02. Cindy - せつなくて.png","source":"derivative","format":"PNG","original":"02. Cindy - せつなくて.flac","mtime":"1563079779","size":"42245","md5":"99b8affd65488f698679f38ffc7de159","crc32":"987aa8e7","sha1":"9a638ef4af30983a7408c0adce7ee2cf6073cf54"},{"name":"02. Cindy - せつなくて_spectrogram.png","source":"derivative","format":"Spectrogram","original":"02. Cindy - せつなくて.flac","mtime":"1563079821","size":"319091","md5":"3b639af48b1666b1b92f1769018a6f36","crc32":"391c9b56","sha1":"284526e637916d939b254d374201b6727248459d"},{"name":"03. Cindy - Destiny.afpk","source":"derivative","format":"Columbia Peaks","original":"03. Cindy - Destiny.flac","mtime":"1563079902","size":"81424","md5":"7b5731d2754f3f45198a5510f3cbd0c4","crc32":"06cdac25","sha1":"13ca961e27a28c6d2d88d26d7d64c717ee4651ba"},{"name":"03. Cindy - Destiny.flac","source":"original","mtime":"1563079310","size":"46196031","md5":"968b1d75f5505d7bf1b607b8e42373b8","crc32":"519fb8c7","sha1":"875fe515e065e8fcae8d11c1fbfbc8d8b0188978","format":"Flac","length":"376.45","height":"500","width":"490","title":"Destiny","creator":"Cindy","album":"Angel Touch","track":"03","artist":"Cindy","genre":"JPop","comment":"http://jenie.co","external-identifier-match-date":"acoustid:2019-08-13T18:02:06Z","external-identifier":"urn:acoustid:8c76f36e-4a74-4bf7-9f1e-e1da3d667db4"},{"name":"03. Cindy - Destiny.mp3","source":"derivative","creator":"Cindy","title":"Destiny","track":"03","album":"Angel Touch","genre":"JPop","bitrate":"203","length":"06:16","format":"VBR MP3","original":"03. Cindy - Destiny.flac","mtime":"1563079575","size":"9622965","md5":"031127114173b91455b9c6bd5c381591","crc32":"e9c4400d","sha1":"4763049c56827d08f6e06f071f1e3d463e49f3eb","height":"653","width":"640"},{"name":"03. Cindy - Destiny.ogg","source":"derivative","format":"Ogg Vorbis","original":"03. Cindy - Destiny.flac","mtime":"1563079732","size":"4577351","md5":"37937029a74d0423cd4766307dbd8a1b","crc32":"812ebfc2","sha1":"976d2d6fb0f3443900075c2e23a5df0a87216ff3","length":"376.45","height":"0","width":"0"},{"name":"03. Cindy - Destiny.png","source":"derivative","format":"PNG","original":"03. Cindy - Destiny.flac","mtime":"1563079792","size":"40703","md5":"98417b8081c8947b1de5f91e3510af9c","crc32":"1f55da8b","sha1":"a32107342c4776df0a75c839b9c1b27a10c14392"},{"name":"03. Cindy - Destiny_spectrogram.png","source":"derivative","format":"Spectrogram","original":"03. Cindy - Destiny.flac","mtime":"1563079838","size":"297959","md5":"22fae6a031f134430a9c9ca7482934dc","crc32":"a8b83b1b","sha1":"6fafd2faa4f95ad65c5dce6d8713cd2cc4c27e65"},{"name":"03.cindydestiny_archive.torrent","source":"metadata","btih":"82bb2e6e078797a906241d8299a13e0ba1d47205","mtime":"1563079934","size":"28970","md5":"1dbac6e55f1cc7915bc6fe41d3dbbbc3","crc32":"ccfe5d65","sha1":"af2eab368170ef807dad49bb8ff0db334d2bb84e","format":"Archive BitTorrent"},{"name":"03.cindydestiny_files.xml","source":"original","format":"Metadata","md5":"ebf3df112ee1756eb9ab5b4c854f5795","summation":"md5"},{"name":"03.cindydestiny_meta.sqlite","source":"original","mtime":"1563079484","size":"47104","format":"Metadata","md5":"dcd7eed646f37d6fc5f40e0a7c13a0c5","crc32":"c309cf88","sha1":"2ce1c1519939ac1f069e6456d7144d88f2bd7a40"},{"name":"03.cindydestiny_meta.xml","source":"original","mtime":"1740444244","size":"1802","format":"Metadata","md5":"56d6b79e5bb7ba44abc33a3f7ba1cd12","crc32":"902c2106","sha1":"23395e18075180106e1490b8985d73102699c844"},{"name":"04. Cindy - When Tomorrow Comes.afpk","source":"derivative","format":"Columbia Peaks","original":"04. Cindy - When Tomorrow Comes.flac","mtime":"1563079887","size":"13848","md5":"c92d0c47199bcbc85836ce9bf8ffc2d4","crc32":"6bb15aec","sha1":"84ae9ed5209ed74a225c4e056953c18ee9d18234"},{"name":"04. Cindy - When Tomorrow Comes.flac","source":"original","mtime":"1563079318","size":"10184788","md5":"0370d3f6358b5d50864e602144c9c44f","crc32":"e0e299fa","sha1":"241e4de7109460b9a6003c0e61e688726fab6e4c","format":"Flac","length":"97.84","height":"500","width":"490","title":"When Tomorrow Comes","creator":"Cindy","album":"Angel Touch","track":"04","artist":"Cindy","genre":"JPop","comment":"http://jenie.co","external-identifier-match-date":"acoustid:2019-08-13T18:02:06Z","external-identifier":"urn:acoustid:d76e3f19-c68b-44fb-b341-fc09caef48f4"},{"name":"04. Cindy - When Tomorrow Comes.mp3","source":"derivative","creator":"Cindy","title":"When Tomorrow Comes","track":"04","album":"Angel Touch","genre":"JPop","bitrate":"178","length":"01:37","format":"VBR MP3","original":"04. Cindy - When Tomorrow Comes.flac","mtime":"1563079594","size":"2240067","md5":"d045801cf737423052dd54f15dc2f3c3","crc32":"1a390004","sha1":"5ee5c68bf3c0bae2e966d2f490d25b1ee12932e0","height":"653","width":"640"},{"name":"04. Cindy - When Tomorrow Comes.ogg","source":"derivative","format":"Ogg Vorbis","original":"04. Cindy - When Tomorrow Comes.flac","mtime":"1563079676","size":"1135744","md5":"a62b3d6b476bb51fea06ffa73ee3897c","crc32":"f5561089","sha1":"d82d4755037cc0d07d7db05829fc6cad68e4a2d8","length":"97.84","height":"0","width":"0"},{"name":"04. Cindy - When Tomorrow Comes.png","source":"derivative","format":"PNG","original":"04. Cindy - When Tomorrow Comes.flac","mtime":"1563079775","size":"30644","md5":"765eaecd8fa967e2106c3233f1d4d2f0","crc32":"3eaa7467","sha1":"aafc8dd800c74620aa6140c4aac848cdf4334874"},{"name":"04. Cindy - When Tomorrow Comes_spectrogram.png","source":"derivative","format":"Spectrogram","original":"04. Cindy - When Tomorrow Comes.flac","mtime":"1563079852","size":"317690","md5":"c5c1c96c536483786a0d072875bd2213","crc32":"f4573ce5","sha1":"08eddd9e28f1829b6c2f12ef527776a171d604ea"},{"name":"05. Cindy - 天使の気持ち.afpk","source":"derivative","format":"Columbia Peaks","original":"05. Cindy - 天使の気持ち.flac","mtime":"1563079864","size":"65744","md5":"2a68e1eb1ae2ea4eec6165d155899c7e","crc32":"c4e55fcf","sha1":"7fa9c7f97748246ba3d98744266d806f23a00fd1"},{"name":"05. Cindy - 天使の気持ち.flac","source":"original","mtime":"1563079348","size":"42259028","md5":"47244bb6ae5a2236ab4d33b6fd5efcb3","crc32":"65dc9925","sha1":"72d461bb54f98274502c2ca28f479a077633977c","format":"Flac","length":"322.97","height":"500","width":"490","title":"天使の気持ち","creator":"Cindy","album":"Angel Touch","track":"05","artist":"Cindy","genre":"JPop","comment":"http://jenie.co","external-identifier-match-date":"acoustid:2019-08-13T18:02:06Z","external-identifier":"urn:acoustid:a042b725-86c6-4b6f-a7a8-9f2a706aeb37"},{"name":"05. Cindy - 天使の気持ち.mp3","source":"derivative","creator":"Cindy","title":"天使の気持ち","track":"05","album":"Angel Touch","genre":"JPop","bitrate":"205","length":"05:23","format":"VBR MP3","original":"05. Cindy - 天使の気持ち.flac","mtime":"1563079529","size":"8336379","md5":"7cb665aecda1c07077a9e376ec0ebcfc","crc32":"86377cba","sha1":"3ef44df9b88e3e2d57fa0877ff7680a451c7a203","height":"653","width":"640"},{"name":"05. Cindy - 天使の気持ち.ogg","source":"derivative","format":"Ogg Vorbis","original":"05. Cindy - 天使の気持ち.flac","mtime":"1563079717","size":"3745117","md5":"66e5df8ed4ccba1811cb55f9c2d4e4d6","crc32":"4ded73ed","sha1":"f1c90d9ff48411a4e04fe7e06ab39b3ed9ecb1aa","length":"322.97","height":"0","width":"0"},{"name":"05. Cindy - 天使の気持ち.png","source":"derivative","format":"PNG","original":"05. Cindy - 天使の気持ち.flac","mtime":"1563079783","size":"41302","md5":"0386c3dada103d16dc793f7a9af51f20","crc32":"9fde2cd0","sha1":"d2b62aa4dbd730923c8a0f25958e2fcaa46c61a9"},{"name":"05. Cindy - 天使の気持ち_spectrogram.png","source":"derivative","format":"Spectrogram","original":"05. Cindy - 天使の気持ち.flac","mtime":"1563079828","size":"301079","md5":"f169d249b3623cc0334192360a01760b","crc32":"0eac1f30","sha1":"848146a6304e8501d1766b1bf41ce37083dbae00"},{"name":"06. Cindy - Special Ever Happened.afpk","source":"derivative","format":"Columbia Peaks","original":"06. Cindy - Special Ever Happened.flac","mtime":"1563079877","size":"42416","md5":"5ec53d634efe623325edddd56991d298","crc32":"26645563","sha1":"11c9a0bdd265189e23367e289dc9d3986a36acde"},{"name":"06. Cindy - Special Ever Happened.flac","source":"original","mtime":"1563079371","size":"30274561","md5":"f89361a6fca5f62634ef036b4a8d7cff","crc32":"c43487ff","sha1":"3f998dfd250aaa022e6ad5037f3b4ba6332d17b4","format":"Flac","length":"271.59","height":"500","width":"490","title":"Special Ever Happened","creator":"Cindy","album":"Angel Touch","track":"06","artist":"Cindy","genre":"JPop","comment":"http://jenie.co","external-identifier-match-date":"acoustid:2019-08-13T18:02:06Z","external-identifier":"urn:acoustid:43675c0e-0ce3-426a-ba8b-33b38e975106"},{"name":"06. Cindy - Special Ever Happened.mp3","source":"derivative","creator":"Cindy","title":"Special Ever Happened","track":"06","album":"Angel Touch","genre":"JPop","bitrate":"186","length":"04:31","format":"VBR MP3","original":"06. Cindy - Special Ever Happened.flac","mtime":"1563079632","size":"6392680","md5":"0539aca917b2a2f3ad88f55cc9d276a1","crc32":"04e3898a","sha1":"ea3d9a90281f46db9c5db84129387878517cffa0","height":"653","width":"640"},{"name":"06. Cindy - Special Ever Happened.ogg","source":"derivative","format":"Ogg Vorbis","original":"06. Cindy - Special Ever Happened.flac","mtime":"1563079769","size":"3071815","md5":"d8806f88df02c416e61bcd55ed9b8a6a","crc32":"3eb445f7","sha1":"8e7d2f5d0aae26b4730956b721a8a7f19d57dc47","length":"271.59","height":"0","width":"0"},{"name":"06. Cindy - Special Ever Happened.png","source":"derivative","format":"PNG","original":"06. Cindy - Special Ever Happened.flac","mtime":"1563079800","size":"38199","md5":"11ef9857c5d3d9827dbfb3e6b185febd","crc32":"8f07fb43","sha1":"bfcb7090f52452e8fc3c3876b837850695768855"},{"name":"06. Cindy - Special Ever Happened_spectrogram.png","source":"derivative","format":"Spectrogram","original":"06. Cindy - Special Ever Happened.flac","mtime":"1563079834","size":"337701","md5":"fef75c281286c2ae34d76f5eaf112036","crc32":"559296cc","sha1":"b396f371f33227650a26e30b851ed9d60d33b4c2"},{"name":"07. Cindy - 私達を信じていて.afpk","source":"derivative","format":"Columbia Peaks","original":"07. Cindy - 私達を信じていて.flac","mtime":"1563079894","size":"64224","md5":"53a74f41123ed741751d4f79d51e581c","crc32":"3c6ed01c","sha1":"80f975b51f8bc97489df1454edc45505e03d827f"},{"name":"07. Cindy - 私達を信じていて.flac","source":"original","mtime":"1563079402","size":"44208491","md5":"8bdf37c8234dd76fe68d943d7416a4df","crc32":"59939c8d","sha1":"9c2490e33529783cf96a9a231d96cbadf0565421","format":"Flac","length":"352.56","height":"500","width":"490","title":"私達を信じていて","creator":"Cindy","album":"Angel Touch","track":"07","artist":"Cindy","genre":"JPop","comment":"http://jenie.co","external-identifier-match-date":"acoustid:2019-08-13T18:02:06Z","external-identifier":"urn:acoustid:d1d9af8d-d20d-4299-b522-6bb9978ecc98"},{"name":"07. Cindy - 私達を信じていて.mp3","source":"derivative","creator":"Cindy","title":"私達を信じていて","track":"07","album":"Angel Touch","genre":"JPop","bitrate":"197","length":"05:52","format":"VBR MP3","original":"07. Cindy - 私達を信じていて.flac","mtime":"1563079647","size":"8750498","md5":"23faee13acdfc3e6cc62abc240363cbb","crc32":"3c94168d","sha1":"3982f1de5e855515eb8e672c1bf265f7a31b3baa","height":"653","width":"640"},{"name":"07. Cindy - 私達を信じていて.ogg","source":"derivative","format":"Ogg Vorbis","original":"07. Cindy - 私達を信じていて.flac","mtime":"1563079746","size":"4255136","md5":"7908804e2c80fad5f26c4ab3b517d5b7","crc32":"58e91c10","sha1":"291ee13a4f21c32f59c7416c21b66ae3913833a6","length":"352.56","height":"0","width":"0"},{"name":"07. Cindy - 私達を信じていて.png","source":"derivative","format":"PNG","original":"07. Cindy - 私達を信じていて.flac","mtime":"1563079787","size":"39369","md5":"10a5b41afa64e9c3371d2180cc559e53","crc32":"6bdd2cc3","sha1":"d91db6c1e1ba9ac936e49c020c51b58f14f22f1e"},{"name":"07. Cindy - 私達を信じていて_spectrogram.png","source":"derivative","format":"Spectrogram","original":"07. Cindy - 私達を信じていて.flac","mtime":"1563079844","size":"304407","md5":"926d1bb0883c2169f3f68d5073e50a23","crc32":"06d35cc1","sha1":"65a82cbb3671810fc231660077010e2bbf0573cb"},{"name":"08. Cindy - Candle Light.afpk","source":"derivative","format":"Columbia Peaks","original":"08. Cindy - Candle Light.flac","mtime":"1563079883","size":"48832","md5":"2f26b38c9e2647ff8f06153e568f89c5","crc32":"1e3df3af","sha1":"21a5bbf7363a3b8de43e8054d782aa400c76f655"},{"name":"08. Cindy - Candle Light.flac","source":"original","mtime":"1563079426","size":"33058813","md5":"d293ca5f8986b2a89d0cf435c3755276","crc32":"45d1c237","sha1":"aa78b72ce0629df3c21fb3a62eeefd523fc83c6e","format":"Flac","length":"253.16","height":"500","width":"490","title":"Candle Light","creator":"Cindy","album":"Angel Touch","track":"08","artist":"Cindy","genre":"JPop","comment":"http://jenie.co","external-identifier-match-date":"acoustid:2019-08-13T18:02:06Z","external-identifier":"urn:acoustid:06ef85ae-acc0-4c3a-b631-27dac717565b"},{"name":"08. Cindy - Candle Light.mp3","source":"derivative","creator":"Cindy","title":"Candle Light","track":"08","album":"Angel Touch","genre":"JPop","bitrate":"206","length":"04:13","format":"VBR MP3","original":"08. Cindy - Candle Light.flac","mtime":"1563079545","size":"6577139","md5":"e28f4d640e899e87c3820d6cd44fdcff","crc32":"423f6ed6","sha1":"b6c318b7fc9c0f2bb7c61d12317d1dadb72245df","height":"653","width":"640"},{"name":"08. Cindy - Candle Light.ogg","source":"derivative","format":"Ogg Vorbis","original":"08. Cindy - Candle Light.flac","mtime":"1563079672","size":"3079171","md5":"1e8de89a4af1ee5d4e8ebad8726b152e","crc32":"24b1cec3","sha1":"c5689e7ee0798dd7c374555633df4d951088db37","length":"253.16","height":"0","width":"0"},{"name":"08. Cindy - Candle Light.png","source":"derivative","format":"PNG","original":"08. Cindy - Candle Light.flac","mtime":"1563079818","size":"39985","md5":"cabe53a5be3c51883ca9299527dc2eb9","crc32":"8daf4edb","sha1":"897415cd99701ca5fe7a751879f2cb81e6612402"},{"name":"08. Cindy - Candle Light_spectrogram.png","source":"derivative","format":"Spectrogram","original":"08. Cindy - Candle Light.flac","mtime":"1563079841","size":"311737","md5":"7d3c53143c83d641a57a36d3e4ee5fa3","crc32":"992f257b","sha1":"68994d06b2ad5db4d254b0665c70417388dd4d6b"},{"name":"09. Cindy - Fall In Love.afpk","source":"derivative","format":"Columbia Peaks","original":"09. Cindy - Fall In Love.flac","mtime":"1563079871","size":"51984","md5":"069f761e29d73edf95548913e19a7340","crc32":"4128889f","sha1":"72e94343847d33dad3b48f6171ef63f62e50e0ed"},{"name":"09. Cindy - Fall In Love.flac","source":"original","mtime":"1563079450","size":"34151888","md5":"c62107fd155919dd08c240884637c220","crc32":"67ff8ebe","sha1":"11bc7a3a6305ae11d4d1a2a694955e5fadde4726","format":"Flac","length":"300.84","height":"500","width":"490","title":"Fall In Love","creator":"Cindy","album":"Angel Touch","track":"09","artist":"Cindy","genre":"JPop","comment":"http://jenie.co","external-identifier-match-date":"acoustid:2019-08-13T18:02:06Z","external-identifier":"urn:acoustid:865c80d7-674d-463e-8f7a-1968f422d34c"},{"name":"09. Cindy - Fall In Love.mp3","source":"derivative","creator":"Cindy","title":"Fall In Love","track":"09","album":"Angel Touch","genre":"JPop","bitrate":"192","length":"05:00","format":"VBR MP3","original":"09. Cindy - Fall In Love.flac","mtime":"1563079620","size":"7286220","md5":"3d85ca746fb8c2111864e5cc3f0d9f58","crc32":"b97d198b","sha1":"bd30c57605575e6cbd25e07b90ba871b09e96a0a","height":"653","width":"640"},{"name":"09. Cindy - Fall In Love.ogg","source":"derivative","format":"Ogg Vorbis","original":"09. Cindy - Fall In Love.flac","mtime":"1563079701","size":"3417010","md5":"e9f590be68c0d49a8dfd37ac9dcb1b97","crc32":"d6bd99d7","sha1":"e5d184667853991ec2292c1fe42b07ddeb940dd2","length":"300.84","height":"0","width":"0"},{"name":"09. Cindy - Fall In Love.png","source":"derivative","format":"PNG","original":"09. Cindy - Fall In Love.flac","mtime":"1563079809","size":"39214","md5":"cf3300e521611bec9162d931ccce9d99","crc32":"3d2944fd","sha1":"179420f0fd0d6b8ff68445f496e86ac1b65a92c7"},{"name":"09. Cindy - Fall In Love_spectrogram.png","source":"derivative","format":"Spectrogram","original":"09. Cindy - Fall In Love.flac","mtime":"1563079849","size":"310058","md5":"118d695f69784af66852f4b0ced16643","crc32":"3902324d","sha1":"a46744c9a55f42716049801842ae878f2bbace69"},{"name":"10. Cindy - When Tomorrow Comes (Reprise).afpk","source":"derivative","format":"Columbia Peaks","original":"10. Cindy - When Tomorrow Comes (Reprise).flac","mtime":"1563079857","size":"7936","md5":"2f547bd1bf712d21c86da2f3df7625c2","crc32":"f38b229e","sha1":"911730f7508852c745c16f3c1aff2f6cf0384aa3"},{"name":"10. Cindy - When Tomorrow Comes (Reprise).flac","source":"original","mtime":"1563079454","size":"4470639","md5":"a4ad91d796b5ef1e906bff3c3f4b5a21","crc32":"bff4fca7","sha1":"7f094ff19002f69bede7d0d3313d26e0d9ea40eb","format":"Flac","length":"53.03","height":"500","width":"490","title":"When Tomorrow Comes (Reprise)","creator":"Cindy","album":"Angel Touch","track":"10","artist":"Cindy","genre":"JPop","comment":"http://jenie.co","external-identifier-match-date":"acoustid:2019-08-13T18:02:06Z","external-identifier":"urn:acoustid:a344486d-1f5b-48c0-a2a4-7c77d9e89fcb"},{"name":"10. Cindy - When Tomorrow Comes (Reprise).mp3","source":"derivative","creator":"Cindy","title":"When Tomorrow Comes (Reprise)","track":"10","album":"Angel Touch","genre":"JPop","bitrate":"171","length":"00:53","format":"VBR MP3","original":"10. Cindy - When Tomorrow Comes (Reprise).flac","mtime":"1563079534","size":"1198924","md5":"b07ed9a19ddb3b4921987ec39c8b93fe","crc32":"1241d762","sha1":"d116311a42a42811e9b39427f4ea73ecbec28552","height":"653","width":"640"},{"name":"10. Cindy - When Tomorrow Comes (Reprise).ogg","source":"derivative","format":"Ogg Vorbis","original":"10. Cindy - When Tomorrow Comes (Reprise).flac","mtime":"1563079704","size":"590817","md5":"21a4062d1fe024faf6ce30209db8e904","crc32":"74415789","sha1":"2b623cbfd852c88282c42fb87210146450d0de09","length":"53.03","height":"0","width":"0"},{"name":"10. Cindy - When Tomorrow Comes (Reprise).png","source":"derivative","format":"PNG","original":"10. Cindy - When Tomorrow Comes (Reprise).flac","mtime":"1563079796","size":"28041","md5":"24af92d114436672a69ffa15ee63c14f","crc32":"f2e2f815","sha1":"b33a5112039bfe38a0a812584ec41caeda97ab3e"},{"name":"10. Cindy - When Tomorrow Comes (Reprise)_spectrogram.png","source":"derivative","format":"Spectrogram","original":"10. Cindy - When Tomorrow Comes (Reprise).flac","mtime":"1563079846","size":"309942","md5":"2d115a62a79830cb3ca7bf0471286722","crc32":"8b12e60b","sha1":"ad55c2d500dde3e592403b7e3ffa5fab3823f50c"},{"name":"11. Cindy - Must Be Lucky ~愛の国へ~.afpk","source":"derivative","format":"Columbia Peaks","original":"11. Cindy - Must Be Lucky ~愛の国へ~.flac","mtime":"1563079909","size":"61952","md5":"276962158bad38dce11e9a99d8bc8b74","crc32":"58288d83","sha1":"897f19cb120487186ce159de3128b72648d3f60b"},{"name":"11. Cindy - Must Be Lucky ~愛の国へ~.flac","source":"original","mtime":"1563079479","size":"34991499","md5":"d9c48c9f54049b094e4bee0962f4af54","crc32":"ec6ef8a1","sha1":"20b5714a86fb2d4b911a90c4ceabdb850d3775c7","format":"Flac","length":"292.67","height":"500","width":"490","title":"Must Be Lucky ~愛の国へ~","creator":"Cindy","album":"Angel Touch","track":"11","artist":"Cindy","genre":"JPop","comment":"http://jenie.co","external-identifier-match-date":"acoustid:2019-08-13T18:02:06Z","external-identifier":"urn:acoustid:0d39d194-a063-4748-9358-adb2f16d6aad"},{"name":"11. Cindy - Must Be Lucky ~愛の国へ~.mp3","source":"derivative","creator":"Cindy","title":"Must Be Lucky ~愛の国へ~","track":"11","album":"Angel Touch","genre":"JPop","bitrate":"191","length":"04:52","format":"VBR MP3","original":"11. Cindy - Must Be Lucky ~愛の国へ~.flac","mtime":"1563079588","size":"7041717","md5":"fce35cb61211b87d1e8d3b4f337de006","crc32":"6241f2f1","sha1":"61d528f022f56b553c421a9b638048473f435772","height":"653","width":"640"},{"name":"11. Cindy - Must Be Lucky ~愛の国へ~.ogg","source":"derivative","format":"Ogg Vorbis","original":"11. Cindy - Must Be Lucky ~愛の国へ~.flac","mtime":"1563079660","size":"3339382","md5":"677bb20b39039d23953b159f7a28887c","crc32":"7e2baf08","sha1":"3a824c24481f50b983c785b22d1ca85471e96a76","length":"292.67","height":"0","width":"0"},{"name":"11. Cindy - Must Be Lucky ~愛の国へ~.png","source":"derivative","format":"PNG","original":"11. Cindy - Must Be Lucky ~愛の国へ~.flac","mtime":"1563079813","size":"41646","md5":"4b68bb46c4ba3506cc75d268071a3d90","crc32":"82ac6696","sha1":"a45afcfdc60af142c74c2d273ac85400bbbc1103"},{"name":"11. Cindy - Must Be Lucky ~愛の国へ~_spectrogram.png","source":"derivative","format":"Spectrogram","original":"11. Cindy - Must Be Lucky ~愛の国へ~.flac","mtime":"1563079824","size":"316181","md5":"b7f838169397ca6aa92a9976a18eab27","crc32":"0f5dcbd4","sha1":"656289740053b8f788d1226694edd6aa7d65f95c"},{"name":"__ia_thumb.jpg","source":"original","mtime":"1613081017","size":"9706","md5":"81228890a124907acd9cdc48c5b31505","crc32":"d829e29a","sha1":"d9113739c4256c0c1a433ee1399197400850d027","format":"Item Tile","rotation":"0"},{"name":"folder.jpg","source":"original","mtime":"1563079482","size":"26340","md5":"4952afcd18b7df9caca67f877cd5385b","crc32":"028f6ad8","sha1":"2cde8d11fe66253e10c5aaf750d00e967404a715","format":"JPEG","rotation":"0"},{"name":"folder_thumb.jpg","source":"derivative","format":"JPEG Thumb","original":"folder.jpg","mtime":"1563079770","size":"4489","md5":"b700efcd32ba663a54370a2a41896a9a","crc32":"9628ac33","sha1":"648540677d7bc99623d04de069f2e0d09666d1ab"}],"files_count":73,"item_last_updated":1740444244,"item_size":456383415,"metadata":{"identifier":"03.cindydestiny","mediatype":"audio","collection":["opensource_audio","community"],"creator":"Cindy","date":"1990","description":"<strong>Cindy – Angel Touch</strong><br /><strong>Released: 1990</strong><br /><strong>Genre: Pop, R&B</strong><br /><strong>Bitrate: FLAC 320 KBPS</strong><br /><center><br /><strong><em>Tracklist</em></strong>:<br /></center>\n<br />\n01. Surprise<br />\n02. せつなくて<br />\n03. Destiny<br />\n04. When Tomorrow Comes<br />\n05. 天使の気持ち<br />\n06. Special Ever Happened<br />\n07. 私達を信じていて<br />\n08. Candle Light<br />\n09. Fall In Love<br />\n10. When Tomorrow Comes (Reprise)<br /><div>\n11. Must Be Lucky ~愛の国へ~</div><div><br /></div><div>PLEASE LET ME KNOW IF ANYTHING IS WRONG SO I CAN ATTEMPT TO FIX IT<br /></div>","scanner":"Internet Archive HTML5 Uploader 1.6.4","subject":["Cindy","Jpop","FLAC","Angel Touch"],"title":"Cindy - Angel Touch (320 Kbps FLAC)","publicdate":"2019-07-14 04:40:36","uploader":"coolgreen55@gmail.com","addeddate":"2019-07-14 04:40:36","curation":"[curator]validator@archive.org[/curator][date]20190714044106[/date][comment]checked for malware[/comment]","external_metadata_update":"2019-08-13T18:02:06Z","backup_location":"ia906907_15"},"server":"ia600607.us.archive.org","uniq":1947436475,"workable_servers":["ia600607.us.archive.org","ia800607.us.archive.org"]}