{"alternate_locations":{"servers":[{"server":"dn721602.ca.archive.org","dir":"/0/items/04-damaris-joy-learners-mv_202510"}],"workable":[{"server":"dn721602.ca.archive.org","dir":"/0/items/04-damaris-joy-learners-mv_202510"}]},"created":1767567298,"d1":"ia600601.us.archive.org","d2":"ia800601.us.archive.org","dir":"/14/items/04-damaris-joy-learners-mv_202510","files":[{"name":"01 Damaris Joy - Open door (MV).flac","source":"original","mtime":"1759670361","size":"24153907","md5":"1101ea7a5186a33447ef1c4b671227e0","crc32":"bdcbffe2","sha1":"a5e3e027204f15f37f837728800dbe9be460ace4","format":"Flac","length":"216.67","viruscheck":"1759671108","track":"01"},{"name":"01 Damaris Joy - Open door (MV).mp3","source":"derivative","bitrate":"189","length":"03:37","format":"VBR MP3","original":"01 Damaris Joy - Open door (MV).flac","mtime":"1759671143","size":"5132546","md5":"b8cd11d1c970c6752953e6986ef9d2b2","crc32":"45ea3274","sha1":"cfe8f509e8967d44e06d96988a2326a73127d02d"},{"name":"01 Damaris Joy - Open door (MV).png","source":"derivative","format":"PNG","original":"01 Damaris Joy - Open door (MV).flac","mtime":"1759671506","size":"39701","md5":"6120db31953916b956c6b92f11bfd116","crc32":"a7b74a5c","sha1":"d89b50884a3cee970e3a059811cadcbf1cb40d12"},{"name":"01 Damaris Joy - Open door (MV)_spectrogram.png","source":"derivative","format":"Spectrogram","original":"01 Damaris Joy - Open door (MV).flac","mtime":"1759671610","size":"320300","md5":"3552d1bc7bb3914b66b05a6f8e5edaf2","crc32":"6a5f326f","sha1":"ea76af53b0912a9159ddb805be74d35c392dc8a0"},{"name":"02 Damaris Joy - Hold on (MV).flac","source":"original","mtime":"1759670401","size":"22176924","md5":"23220a18ebd36cba884cb65ff6ed131e","crc32":"7e0eb8dd","sha1":"968ef5b500a53190395d8fb4eb0c96908cb1a875","format":"Flac","length":"197","viruscheck":"1759671108","track":"02"},{"name":"02 Damaris Joy - Hold on (MV).mp3","source":"derivative","bitrate":"192","length":"03:17","format":"VBR MP3","original":"02 Damaris Joy - Hold on (MV).flac","mtime":"1759671394","size":"4736818","md5":"cb37047b8a32ef63790cfff755d05581","crc32":"2a8b4e0c","sha1":"7c02510f5acf48b94c7394a68fb9595eb9a74895"},{"name":"02 Damaris Joy - Hold on (MV).png","source":"derivative","format":"PNG","original":"02 Damaris Joy - Hold on (MV).flac","mtime":"1759671449","size":"40948","md5":"ab8d4b357848d9bb7543d6e1c3bc85ef","crc32":"663c2eaf","sha1":"bef6f4dde596e0fbb379682e636ed8a5099add47"},{"name":"02 Damaris Joy - Hold on (MV)_spectrogram.png","source":"derivative","format":"Spectrogram","original":"02 Damaris Joy - Hold on (MV).flac","mtime":"1759671556","size":"313038","md5":"51108dbb8a3589a10b01f57ef57e410f","crc32":"682c717f","sha1":"08313761174e6e09366ab7efc864fcfa8eb2ea65"},{"name":"03 Damaris Joy - Tell them (MV).flac","source":"original","mtime":"1759670439","size":"25697665","md5":"9af345ec8cb48a2ed62cc790900b6a19","crc32":"35474fe5","sha1":"1efaf85d57b2f1a4a1fc7f889a0b0228e5dba2fa","format":"Flac","length":"216","viruscheck":"1759671108","track":"03"},{"name":"03 Damaris Joy - Tell them (MV).mp3","source":"derivative","bitrate":"193","length":"03:36","format":"VBR MP3","original":"03 Damaris Joy - Tell them (MV).flac","mtime":"1759671357","size":"5217289","md5":"99c0a8b03e5497251bf0f2bcf55d5767","crc32":"32ca0663","sha1":"65510791df0f722ba75e9a4a556b1cf4f4d37be7"},{"name":"03 Damaris Joy - Tell them (MV).png","source":"derivative","format":"PNG","original":"03 Damaris Joy - Tell them (MV).flac","mtime":"1759671535","size":"40655","md5":"8d38c8958060bf0af6a2468d4c9f11f3","crc32":"14c3dd7f","sha1":"bd36bdbbe5592dba664889f23d609347b96c43be"},{"name":"03 Damaris Joy - Tell them (MV)_spectrogram.png","source":"derivative","format":"Spectrogram","original":"03 Damaris Joy - Tell them (MV).flac","mtime":"1759671579","size":"302749","md5":"c9c60103ff78738fe4c0c3ccdc3a49d5","crc32":"665cf252","sha1":"65741c25bfbd7b09659e5b66778cc94e8870eb72"},{"name":"04 Damaris Joy - Learners (MV).flac","source":"original","mtime":"1759670497","size":"36267086","md5":"f253c15ba57daf586efa8c4145b64b76","crc32":"191ceab3","sha1":"e72978d5c58553d57807bccbd3d518ae13018a39","format":"Flac","length":"307","track":"04"},{"name":"04 Damaris Joy - Learners (MV).mp3","source":"derivative","bitrate":"195","length":"05:07","format":"VBR MP3","original":"04 Damaris Joy - Learners (MV).flac","mtime":"1759671170","size":"7490757","md5":"699ece6b1b67294f4668a9590981d701","crc32":"25737f08","sha1":"4ee61b08741c073f8085435582e69e45c0b8f44c"},{"name":"04 Damaris Joy - Learners (MV).png","source":"derivative","format":"PNG","original":"04 Damaris Joy - Learners (MV).flac","mtime":"1759671409","size":"40770","md5":"3746c2c936d91135c38c09c571dd1830","crc32":"f765a2b3","sha1":"440372fcdc9623ced327c0fcf52a47fd470c5722"},{"name":"04 Damaris Joy - Learners (MV)_spectrogram.png","source":"derivative","format":"Spectrogram","original":"04 Damaris Joy - Learners (MV).flac","mtime":"1759671650","size":"307140","md5":"a7689ffa260bfd4661f498e64dc89824","crc32":"e45f319f","sha1":"74fc8490b50a0a39318bd769b7dc9d828136ccd6"},{"name":"04-damaris-joy-learners-mv_202510_archive.torrent","source":"metadata","btih":"6497bdb83061768a885e6b75f028e5df68ac469c","mtime":"1759671720","size":"21524","md5":"a30585bf2c1c56b3ba9b0b6701cc7e86","crc32":"97b45f8c","sha1":"6c5186db1ca9defcefc3b5a91f658505629f8d5b","format":"Archive BitTorrent"},{"name":"04-damaris-joy-learners-mv_202510_files.xml","source":"original","format":"Metadata","md5":"42d8e6223f3e673b798aea3981ac0667","summation":"md5"},{"name":"04-damaris-joy-learners-mv_202510_meta.sqlite","source":"original","mtime":"1759670751","size":"40960","md5":"7f28bc0afe21fa55e57e7eabb461f1f5","crc32":"adf24e68","sha1":"6f132b06a87d03af77d39efaa489ad673e3beee2","format":"Metadata"},{"name":"04-damaris-joy-learners-mv_202510_meta.xml","source":"original","mtime":"1759671706","size":"828","md5":"18f409acf35a2c8ca846be68c9780c80","crc32":"8e38edba","sha1":"66f29ede35e9512ac911de5e20f894296db1694e","format":"Metadata"},{"name":"05 Damaris Joy - You're so good to me (MV).flac","source":"original","mtime":"1759670553","size":"25099203","md5":"800fa1aa489138e19e8b16b4c8c2aa87","crc32":"c2ce7ff9","sha1":"6ef5f6d303c305e34b214c8a46a20e264b8ced74","format":"Flac","length":"236","viruscheck":"1759671108","track":"05"},{"name":"05 Damaris Joy - You're so good to me (MV).mp3","source":"derivative","bitrate":"193","length":"03:56","format":"VBR MP3","original":"05 Damaris Joy - You're so good to me (MV).flac","mtime":"1759671302","size":"5701162","md5":"9e63b51271330037757a57069dd41a46","crc32":"be323160","sha1":"b3e0a3e005920fd297cb02de85411f70f5beb8d6"},{"name":"05 Damaris Joy - You're so good to me (MV).png","source":"derivative","format":"PNG","original":"05 Damaris Joy - You're so good to me (MV).flac","mtime":"1759671422","size":"34590","md5":"0a60e6de16a87746e5b435effb7df076","crc32":"9b9d8948","sha1":"614c4c2046f8b68b9d969ce357a20ca01759f7c0"},{"name":"05 Damaris Joy - You're so good to me (MV)_spectrogram.png","source":"derivative","format":"Spectrogram","original":"05 Damaris Joy - You're so good to me (MV).flac","mtime":"1759671621","size":"317296","md5":"e332b8ed9fd95ffe28b32faf97aa47fd","crc32":"19ce79c0","sha1":"668d57d28e8ce36053b9aae94c2c94b3cccb940e"},{"name":"06 Damaris Joy - Right or wrong (MV).flac","source":"original","mtime":"1759670580","size":"26511526","md5":"7bc5c111ff53dfeaa9efb24d1931f047","crc32":"12b74af2","sha1":"978223702d0bb61377062360cc800b8a14f70f59","format":"Flac","length":"249","viruscheck":"1759671108","track":"06"},{"name":"06 Damaris Joy - Right or wrong (MV).mp3","source":"derivative","bitrate":"191","length":"04:09","format":"VBR MP3","original":"06 Damaris Joy - Right or wrong (MV).flac","mtime":"1759671329","size":"5954884","md5":"b53653dd60454ea871540f414f865051","crc32":"f0a138c5","sha1":"1baeb169bcecb47421dabfce5c869807c911a6ab"},{"name":"06 Damaris Joy - Right or wrong (MV).png","source":"derivative","format":"PNG","original":"06 Damaris Joy - Right or wrong (MV).flac","mtime":"1759671436","size":"42848","md5":"7b3bffe442cfac50f7751e393c52ee88","crc32":"e2fc3dfa","sha1":"cda0e8d2eafe95c0dcdfba2f829975538583c703"},{"name":"06 Damaris Joy - Right or wrong (MV)_spectrogram.png","source":"derivative","format":"Spectrogram","original":"06 Damaris Joy - Right or wrong (MV).flac","mtime":"1759671600","size":"299521","md5":"6f3e9deb532e6125b1be6a2de7c55fa2","crc32":"8a9259f0","sha1":"712d0c068d53021de7dc5e0a55b2e1b254beb450"},{"name":"07 Damaris Joy - Friends (MV).flac","source":"original","mtime":"1759670608","size":"27564106","md5":"7fa75e8967e104e6426866fd8805f89e","crc32":"dc899314","sha1":"032d7783bfeee86481f0a4247a05f51c73652517","format":"Flac","length":"254","viruscheck":"1759671108","track":"07"},{"name":"07 Damaris Joy - Friends (MV).mp3","source":"derivative","bitrate":"194","length":"04:14","format":"VBR MP3","original":"07 Damaris Joy - Friends (MV).flac","mtime":"1759671277","size":"6179756","md5":"dfe069fbf353b06a335eb58e1b52de64","crc32":"4a06ebfc","sha1":"6c2996798fcb22960cd7cb21fcd66c833a5fcf2f"},{"name":"07 Damaris Joy - Friends (MV).png","source":"derivative","format":"PNG","original":"07 Damaris Joy - Friends (MV).flac","mtime":"1759671520","size":"41688","md5":"8be8d489b55d4fb42f52259ef5eee4f8","crc32":"1f1dd826","sha1":"0575e1f0e5c968e8b539a4bd4c0fb16ad934722a"},{"name":"07 Damaris Joy - Friends (MV)_spectrogram.png","source":"derivative","format":"Spectrogram","original":"07 Damaris Joy - Friends (MV).flac","mtime":"1759671568","size":"311041","md5":"cc153fc7951543017333d1a748d5962c","crc32":"1733ca2a","sha1":"d30599d54c320b5f9ee150a1a6c61aa306584b4e"},{"name":"08 Damaris Joy - Searching (MV).flac","source":"original","mtime":"1759670616","size":"24139394","md5":"5f163a2ce8b67e1bdc081ea316607c63","crc32":"23570bd0","sha1":"958e26507c06f3c37c1601bd08f4377c554a2011","format":"Flac","length":"203","viruscheck":"1759671108","track":"08"},{"name":"08 Damaris Joy - Searching (MV).mp3","source":"derivative","bitrate":"187","length":"03:23","format":"VBR MP3","original":"08 Damaris Joy - Searching (MV).flac","mtime":"1759671252","size":"4763841","md5":"2954205ca8204f7d92dc926168986420","crc32":"6306d22d","sha1":"ec2bfda564c69e56c657f208d972bd717fbca703"},{"name":"08 Damaris Joy - Searching (MV).png","source":"derivative","format":"PNG","original":"08 Damaris Joy - Searching (MV).flac","mtime":"1759671463","size":"42430","md5":"fecadcd88ce75086b753dff06fc0a885","crc32":"43a4d0f8","sha1":"26b1f00b73d9cc7a3e25afc2131b61344e39c50c"},{"name":"08 Damaris Joy - Searching (MV)_spectrogram.png","source":"derivative","format":"Spectrogram","original":"08 Damaris Joy - Searching (MV).flac","mtime":"1759671545","size":"304222","md5":"f273128fb760bbbf3d77ec9c9c98aa69","crc32":"fe4af672","sha1":"2857d3def3c62cdef51c967d3415647a6d64eac4"},{"name":"09 Damaris Joy - Money (MV).flac","source":"original","mtime":"1759670666","size":"23932207","md5":"faa8bcec582c65842397d6f4d7f5c7f8","crc32":"5d218af0","sha1":"f771ee78175c91a8c702875c77ace14df8e847a9","format":"Flac","length":"203","viruscheck":"1759671108","track":"09"},{"name":"09 Damaris Joy - Money (MV).mp3","source":"derivative","bitrate":"188","length":"03:23","format":"VBR MP3","original":"09 Damaris Joy - Money (MV).flac","mtime":"1759671227","size":"4773372","md5":"028207291cdb55ef2d004c0d743ab471","crc32":"c25d312f","sha1":"edc43006dbed3ccb3aecb7f7508c2681d917e738"},{"name":"09 Damaris Joy - Money (MV).png","source":"derivative","format":"PNG","original":"09 Damaris Joy - Money (MV).flac","mtime":"1759671490","size":"42650","md5":"9985aec8ba4138502976bae05331931e","crc32":"2181e5ac","sha1":"7283dcb22c2edf3022711b097c337c54cab8e404"},{"name":"09 Damaris Joy - Money (MV)_spectrogram.png","source":"derivative","format":"Spectrogram","original":"09 Damaris Joy - Money (MV).flac","mtime":"1759671687","size":"304125","md5":"f02b8e2c04de9f8129301b8d67f9e590","crc32":"ff471fcb","sha1":"ca7dfa39ed4f129c37eeb451aaa458f42c6c9ef8"},{"name":"10 Damaris Joy - Just for you (MV).flac","source":"original","mtime":"1759670712","size":"29911830","md5":"2a9337c129187ae269e4a4ac702017c8","crc32":"3bb48d78","sha1":"50f0d718102abdcdde28b2c6abe14e40d8a98882","format":"Flac","length":"272.83","viruscheck":"1759671108","track":"10"},{"name":"10 Damaris Joy - Just for you (MV).mp3","source":"derivative","bitrate":"193","length":"04:33","format":"VBR MP3","original":"10 Damaris Joy - Just for you (MV).flac","mtime":"1759671198","size":"6596828","md5":"f35a336a51ec5df3ed449037b9814edf","crc32":"b381f3a2","sha1":"efc6ef81e3a1db88a92262b3ae41ec1eb9042ed1"},{"name":"10 Damaris Joy - Just for you (MV).png","source":"derivative","format":"PNG","original":"10 Damaris Joy - Just for you (MV).flac","mtime":"1759671477","size":"42034","md5":"a85529d46ce570a1f6b53106621c91ec","crc32":"0a0b0a4b","sha1":"db2d7121a8d503d4d9e8bcf57a3b234c8b5d60ee"},{"name":"10 Damaris Joy - Just for you (MV)_spectrogram.png","source":"derivative","format":"Spectrogram","original":"10 Damaris Joy - Just for you (MV).flac","mtime":"1759671589","size":"328842","md5":"3608bd7282462d94c1f4a30670efcdbe","crc32":"5dc214c3","sha1":"7294bcf1d28ac7b83ad296ff0aaf9c61ae84073a"},{"name":"__ia_thumb.jpg","source":"original","mtime":"1759671719","size":"3761","md5":"f2bb0afd71a48038167f13da8bdc1c3c","crc32":"a21388fd","sha1":"76c797ec90439704dae012cbe4e83483cbcb29a0","format":"Item Tile"}],"files_count":45,"item_last_updated":1759671720,"item_size":325584762,"metadata":{"identifier":"04-damaris-joy-learners-mv_202510","mediatype":"audio","collection":"opensource_audio","creator":"Damaris Joy","date":"1987","description":"Damaris Joy Open Door 1987","scanner":"Internet Archive HTML5 Uploader 1.7.0","subject":["Damaris Joy","Open Door","1987","Classic Rock","CCM"],"title":"Damaris Joy Open Door 1987","uploader":"poiemajeremiah@yahoo.com","publicdate":"2025-10-05 13:19:40","addeddate":"2025-10-05 13:19:40","curation":"[curator]validator@archive.org[/curator][date]20251005133148[/date][comment]checked for malware[/comment]"},"server":"ia800601.us.archive.org","uniq":2012957897,"workable_servers":["ia800601.us.archive.org","ia600601.us.archive.org"]}