{"alternate_locations":{"servers":[{"server":"dn721802.ca.archive.org","dir":"/0/items/04-didnt-i-die-for-you-bonus-track"}],"workable":[{"server":"dn721802.ca.archive.org","dir":"/0/items/04-didnt-i-die-for-you-bonus-track"}]},"created":1767567300,"d1":"ia601304.us.archive.org","d2":"ia801304.us.archive.org","dir":"/18/items/04-didnt-i-die-for-you-bonus-track","files":[{"name":"01-Just Another Broken Dream [bonus track].mp3","source":"original","mtime":"1759160334","size":"9539213","md5":"1f4281f160286ddd1fa35da285c9cc6a","crc32":"628d7464","sha1":"be997329027a1b270d87ab672df844ec8df99baf","format":"VBR MP3","length":"298.06","title":"Just Another Broken Dream [bonus track]","creator":"Angelica (Andy Lyon)","album":"Demo","track":"1/11","artist":"Angelica (Andy Lyon)","genre":"Hair Metal"},{"name":"01-Just Another Broken Dream [bonus track].png","source":"derivative","format":"PNG","original":"01-Just Another Broken Dream [bonus track].mp3","mtime":"1759160571","size":"42185","md5":"dceb561693b33a37965699e0c95316a7","crc32":"617f6862","sha1":"6ea44ae3b3a22a38a7e6ecaacb1d5b8fd4af17ce"},{"name":"01-Just Another Broken Dream [bonus track]_spectrogram.png","source":"derivative","format":"Spectrogram","original":"01-Just Another Broken Dream [bonus track].mp3","mtime":"1759160868","size":"284088","md5":"4a39c5e20fdde84384e6a570af346c03","crc32":"dbfbb5dd","sha1":"8fbfe96b07c5f59c9e2aa6518e2f4090ab885aa8"},{"name":"02-Here's Lookin at You [bonus track].mp3","source":"original","mtime":"1759160353","size":"7619104","md5":"af5e8fcbae9204ce81036c07ea323c49","crc32":"fba6be4f","sha1":"b2127e51223320b676a3eb6ccc51398b7e7aa616","format":"VBR MP3","length":"238.05","title":"Here's Lookin at You [bonus track]","creator":"Angelica (Andy Lyon)","album":"Demo","track":"2/11","artist":"Angelica (Andy Lyon)","genre":"Hair Metal"},{"name":"02-Here's Lookin at You [bonus track].png","source":"derivative","format":"PNG","original":"02-Here's Lookin at You [bonus track].mp3","mtime":"1759160633","size":"38779","md5":"90b1240d0528f886136078b7361150a4","crc32":"99b5d26f","sha1":"88884d894faac1bc9fc3d16b0024b2525a1e87eb"},{"name":"02-Here's Lookin at You [bonus track]_spectrogram.png","source":"derivative","format":"Spectrogram","original":"02-Here's Lookin at You [bonus track].mp3","mtime":"1759160687","size":"287710","md5":"7a06ac267f9a623f383a0c092ffad731","crc32":"9a1d5dfc","sha1":"4a33b3bd84dc1882b83e005cb2b0afbfeece8229"},{"name":"03-Follow Me [bonus track].mp3","source":"original","mtime":"1759160368","size":"8195040","md5":"b1f49faacaeca4db12ec16a521eec3f1","crc32":"7ab008bb","sha1":"30a26dcf4dae226f84d1eeffb0aa9519fc940ca4","format":"VBR MP3","length":"256.05","title":"Follow Me [bonus track]","creator":"Angelica (Andy Lyon)","album":"Demo","track":"3/11","artist":"Angelica (Andy Lyon)","genre":"Hair Metal"},{"name":"03-Follow Me [bonus track].png","source":"derivative","format":"PNG","original":"03-Follow Me [bonus track].mp3","mtime":"1759160618","size":"35267","md5":"61d1700ea8d2bb926143688281f1a83d","crc32":"cab4b79d","sha1":"797bb61dbf43e733ac9a0022990d49cd14d9744e"},{"name":"03-Follow Me [bonus track]_spectrogram.png","source":"derivative","format":"Spectrogram","original":"03-Follow Me [bonus track].mp3","mtime":"1759160723","size":"287768","md5":"2942b368d3d056bd91a883616f007483","crc32":"4995268e","sha1":"6015cc845332fa3a34492f7bed0c4a2b097d431a"},{"name":"04-Didn't I Die For You_ [bonus track].mp3","source":"original","mtime":"1759160373","size":"10424447","md5":"b9c860067835d0dcd3d2b28575b39dce","crc32":"70de26c8","sha1":"0e40c620fd2a40ebe32e8ec38f971d72434bde6f","format":"VBR MP3","length":"325.72","title":"Didn't I Die For You? [bonus track]","creator":"Angelica (Andy Lyon)","album":"Demo","track":"4/11","artist":"Angelica (Andy Lyon)","genre":"Hair Metal"},{"name":"04-Didn't I Die For You_ [bonus track].png","source":"derivative","format":"PNG","original":"04-Didn't I Die For You_ [bonus track].mp3","mtime":"1759160601","size":"33888","md5":"56724be7c1ce0fb921da76621c6064af","crc32":"038b0650","sha1":"dcf438442428b787aecc771ec25a841c927d6792"},{"name":"04-Didn't I Die For You_ [bonus track]_spectrogram.png","source":"derivative","format":"Spectrogram","original":"04-Didn't I Die For You_ [bonus track].mp3","mtime":"1759160762","size":"275654","md5":"ad1ff4263e379c0e44d1ab6fa949678f","crc32":"5a84f153","sha1":"d461dee3ff88dbf0ed7ecc52a843b99148b326b5"},{"name":"04-didnt-i-die-for-you-bonus-track_archive.torrent","source":"metadata","btih":"9dd7c2cc089704c9c20b0bfcafb58c15302b80db","mtime":"1759160887","size":"10134","md5":"f433fa6dbcb680346116e29b2c243fbe","crc32":"1d50bc56","sha1":"3ad3150c0f3861c16df5a55cd86998675d7cc318","format":"Archive BitTorrent"},{"name":"04-didnt-i-die-for-you-bonus-track_files.xml","source":"original","format":"Metadata","md5":"74cfe975b7f4854303e0de9ab3069d58","summation":"md5"},{"name":"04-didnt-i-die-for-you-bonus-track_meta.sqlite","source":"original","mtime":"1759160411","size":"45056","md5":"fea2bef5ac361a4ce0618ff0d347f6a2","crc32":"a9bae138","sha1":"4f2689ccaaf93cd811b6ae7736b4ad46af7962de","format":"Metadata"},{"name":"04-didnt-i-die-for-you-bonus-track_meta.xml","source":"original","mtime":"1759160877","size":"806","md5":"c88bc9f033b756d4cd9632c8094f3f1f","crc32":"04de765c","sha1":"59e3f0481ffb37788e068710457ca809c64c283e","format":"Metadata"},{"name":"05-Guitar Solo.mp3","source":"original","mtime":"1759160375","size":"2679638","md5":"19c262ba9dc3bb872b355984c130ff27","crc32":"14eea507","sha1":"ffb12def701e245e921bcf9f05e4ca4639accc99","format":"VBR MP3","length":"83.7","title":"Guitar Solo","creator":"Angelica (Andy Lyon)","album":"Demo","track":"5/11","artist":"Angelica (Andy Lyon)","genre":"Hair Metal"},{"name":"05-Guitar Solo.png","source":"derivative","format":"PNG","original":"05-Guitar Solo.mp3","mtime":"1759160649","size":"27602","md5":"85848e43ab5582ca9efce8fe51cb0938","crc32":"3317ad36","sha1":"fcf1d214a57a3358643cdd314372baf0baa9119c"},{"name":"05-Guitar Solo_spectrogram.png","source":"derivative","format":"Spectrogram","original":"05-Guitar Solo.mp3","mtime":"1759160709","size":"283482","md5":"9d684986bc64df9e6d70899d9ab35b2e","crc32":"7efe47a4","sha1":"4b1b059a3cd8557be4ab30e1ea75de9de1689b06"},{"name":"06-There's Only One Hero [demo].mp3","source":"original","mtime":"1759160379","size":"7876561","md5":"75e103719e6e4b91fefdba5bebac8b11","crc32":"f27b3ac7","sha1":"ed162a58dc1b70a3a940d962bc77aedb96f1c582","format":"VBR MP3","length":"246.1","title":"There's Only One Hero [demo]","creator":"Angelica (Andy Lyon)","album":"Demo","track":"6/11","artist":"Angelica (Andy Lyon)","genre":"Hair Metal"},{"name":"06-There's Only One Hero [demo].png","source":"derivative","format":"PNG","original":"06-There's Only One Hero [demo].mp3","mtime":"1759160586","size":"43373","md5":"5578e389cb317e3797d357fd212cd69e","crc32":"cf9cf721","sha1":"840b184591a296a9a821c6e92906bd91c2d9a335"},{"name":"06-There's Only One Hero [demo]_spectrogram.png","source":"derivative","format":"Spectrogram","original":"06-There's Only One Hero [demo].mp3","mtime":"1759160773","size":"280094","md5":"22842844f0ab8d2bf9b652a06abd7e4a","crc32":"ec613c0e","sha1":"11144c1c88e76fc183583be1f039d53db1642732"},{"name":"07-Take Me [demo].mp3","source":"original","mtime":"1759160383","size":"6850875","md5":"a4076d1f4e43b4eaec288e08618fe8f8","crc32":"b6e54ce1","sha1":"8daca29f24aa1cf614fe69706e9b0922267a8d8c","format":"VBR MP3","length":"214.05","title":"Take Me [demo]","creator":"Angelica (Andy Lyon)","album":"Demo","track":"7/11","artist":"Angelica (Andy Lyon)","genre":"Hair Metal"},{"name":"07-Take Me [demo].png","source":"derivative","format":"PNG","original":"07-Take Me [demo].mp3","mtime":"1759160556","size":"32841","md5":"96a70900e37d3951c31f976aa7eb3420","crc32":"a43e1289","sha1":"b12bc9b3d7c6b05717c9aa99bdbae86797300069"},{"name":"07-Take Me [demo]_spectrogram.png","source":"derivative","format":"Spectrogram","original":"07-Take Me [demo].mp3","mtime":"1759160748","size":"290655","md5":"daf75b4efcdaf37cf53db8a304c757c6","crc32":"5771584a","sha1":"acf38234511821198f32e1bea5bb7ea1a8131893"},{"name":"08-Only a Man [demo].mp3","source":"original","mtime":"1759160390","size":"6978773","md5":"12f712de563c5d54fd20f2541da09321","crc32":"2b54a6f4","sha1":"23c3b5ef1a3a41145ac10b02cde01934670980b4","format":"VBR MP3","length":"218.04","title":"Only a Man [demo]","creator":"Angelica (Andy Lyon)","album":"Demo","track":"8/11","artist":"Angelica (Andy Lyon)","genre":"Hair Metal"},{"name":"08-Only a Man [demo].png","source":"derivative","format":"PNG","original":"08-Only a Man [demo].mp3","mtime":"1759160539","size":"41008","md5":"2c0cf6f4ecc3fc7724ca791344d1b489","crc32":"e05410f0","sha1":"1e8e7ccf06bc45de91a4dc5e98e832557dbc9724"},{"name":"08-Only a Man [demo]_spectrogram.png","source":"derivative","format":"Spectrogram","original":"08-Only a Man [demo].mp3","mtime":"1759160735","size":"274377","md5":"cae6874a4213cf36055ad387cd693438","crc32":"b3a0666a","sha1":"7358d63b4b19a5bbc42e5fa6a4ec54c2736cf4c4"},{"name":"09-Shine on Me [demo].mp3","source":"original","mtime":"1759160394","size":"5443192","md5":"113935cb1035f572d4ef25e9e801404d","crc32":"3c7e25ba","sha1":"e74d67c06b818dc6239bd42843e5c3d0114279b4","format":"VBR MP3","length":"170.06","title":"Shine on Me [demo]","creator":"Angelica (Andy Lyon)","album":"Demo","track":"9/11","artist":"Angelica (Andy Lyon)","genre":"Hair Metal"},{"name":"09-Shine on Me [demo].png","source":"derivative","format":"PNG","original":"09-Shine on Me [demo].mp3","mtime":"1759160524","size":"36942","md5":"d63c27cc81fe131b7265acd36f6eef7e","crc32":"27e64edb","sha1":"f4192dd39b4dece0e5b084d04586ace7bea0b606"},{"name":"09-Shine on Me [demo]_spectrogram.png","source":"derivative","format":"Spectrogram","original":"09-Shine on Me [demo].mp3","mtime":"1759160663","size":"287573","md5":"2cb8f0690c287b53ae102ecc36ee7007","crc32":"5e92be32","sha1":"6c7f414aa0ca904855a85e94c0adde438c009db8"},{"name":"10-When Will I Ever Learn [demo].mp3","source":"original","mtime":"1759160400","size":"6485594","md5":"e54c839f19c65a079d2b388086d22130","crc32":"21fd1f37","sha1":"e53843fadfaac7b4fb4768bc2a7673e10ba65bc6","format":"VBR MP3","length":"202.63","title":"When Will I Ever Learn [demo]","creator":"Angelica (Andy Lyon)","album":"Demo","track":"10/11","artist":"Angelica (Andy Lyon)","genre":"Hair Metal"},{"name":"10-When Will I Ever Learn [demo].png","source":"derivative","format":"PNG","original":"10-When Will I Ever Learn [demo].mp3","mtime":"1759160508","size":"37351","md5":"15ddd560cf22b98f6abbb3b52ecba9b4","crc32":"20a5a8e9","sha1":"8483135bb6432bf46cff02fe065019df70e67c4f"},{"name":"10-When Will I Ever Learn [demo]_spectrogram.png","source":"derivative","format":"Spectrogram","original":"10-When Will I Ever Learn [demo].mp3","mtime":"1759160698","size":"285353","md5":"9643e3dd3a42deb2b3c9153635824843","crc32":"a6066d8f","sha1":"08079149c09c4af508c140d6943927120d1004ec"},{"name":"11-S_O_S_ [demo].mp3","source":"original","mtime":"1759160404","size":"7235397","md5":"6ab72c1557190424d969c5ace6a69af3","crc32":"d481c510","sha1":"a518867bedb65a4ee61e14c9f34a47a734bee290","format":"VBR MP3","length":"226.06","title":"S.O.S. [demo]","creator":"Angelica (Andy Lyon)","album":"Demo","track":"11/11","artist":"Angelica (Andy Lyon)","genre":"Hair Metal"},{"name":"11-S_O_S_ [demo].png","source":"derivative","format":"PNG","original":"11-S_O_S_ [demo].mp3","mtime":"1759160493","size":"40313","md5":"388d36c24ff166a1d71e1491b05c1ddc","crc32":"77254803","sha1":"35fde8bb24c9905096335a78172908fac0998956"},{"name":"11-S_O_S_ [demo]_spectrogram.png","source":"derivative","format":"Spectrogram","original":"11-S_O_S_ [demo].mp3","mtime":"1759160675","size":"283252","md5":"fea8ea04fc9adec207b2e61be894b5a0","crc32":"4ea70725","sha1":"afad25790ccbe4a2e1812206968135f4190fa6d2"},{"name":"__ia_thumb.jpg","source":"original","mtime":"1759160887","size":"3518","md5":"9b83728b193a8ea60fa7df3af7810d51","crc32":"892e83c1","sha1":"2a7b4677cca22899043fe00d2b7f232250bd035f","format":"Item Tile"}],"files_count":38,"item_last_updated":1759160887,"item_size":82916903,"metadata":{"identifier":"04-didnt-i-die-for-you-bonus-track","mediatype":"audio","collection":"opensource_audio","creator":"Angelica","date":"1988","description":"Angelica Demos","scanner":"Internet Archive HTML5 Uploader 1.7.0","subject":["Angelica","Christian Rock","Demos","Demo","Classic Rock"],"title":"Angelica Demos","uploader":"poiemajeremiah@yahoo.com","publicdate":"2025-09-29 15:39:12","addeddate":"2025-09-29 15:39:12","curation":"[curator]validator@archive.org[/curator][date]20250929154113[/date][comment]checked for malware[/comment]"},"server":"ia801304.us.archive.org","uniq":1996804012,"workable_servers":["ia801304.us.archive.org","ia601304.us.archive.org"]}