{"alternate_locations":{"servers":[{"server":"dn720301.ca.archive.org","dir":"/0/items/04-la-falsa-monea"}],"workable":[{"server":"dn720301.ca.archive.org","dir":"/0/items/04-la-falsa-monea"}]},"created":1767564795,"d1":"ia904501.us.archive.org","d2":"ia804501.us.archive.org","dir":"/33/items/04-la-falsa-monea","files":[{"name":"04 La Falsa Monea.mp3","source":"original","mtime":"1641289011","size":"5684804","md5":"55f18d87923ec55e83010841ea6a0f3a","crc32":"f8152e5a","sha1":"6c1345bbc5bd58937f43fe86e0fa897d01f3f2e3","format":"VBR MP3","length":"236.68","title":"La Falsa Monea","creator":"Luis Eduardo Aute","album":"Tatuaje","track":"4","artist":"Luis Eduardo Aute","genre":"Latin Pop"},{"name":"04 La Falsa Monea.png","source":"derivative","format":"PNG","original":"04 La Falsa Monea.mp3","mtime":"1641289049","size":"40758","md5":"8caf0196b77cf2d12487f94909baa336","crc32":"829addef","sha1":"c353616d794eec65ef7283c6cf24ae5ffcc12256"},{"name":"04 La Falsa Monea_spectrogram.png","source":"derivative","format":"Spectrogram","original":"04 La Falsa Monea.mp3","mtime":"1641289061","size":"322956","md5":"deb01b062273819bd11e5311165085ff","crc32":"5e984380","sha1":"e4498d555e8e690ccda4b4d55c6c29c108ff1950"},{"name":"04-la-falsa-monea_archive.torrent","source":"metadata","btih":"2e28a761ef7edb8620573ac427661f483f6503ab","mtime":"1686864573","size":"2453","md5":"f00ea6ab30cedc1e08c9de941a59828c","crc32":"126282f8","sha1":"075dcce02608be988058f0b7e2a58a100c119b46","format":"Archive BitTorrent"},{"name":"04-la-falsa-monea_files.xml","source":"original","format":"Metadata","md5":"b86ff7732c4f3a4a81772219a93364d4","summation":"md5"},{"name":"04-la-falsa-monea_meta.sqlite","source":"original","mtime":"1641289026","size":"20480","md5":"2da78023337a823d268cd617b488f32f","crc32":"e3a06333","sha1":"3682484d4c78613b9b7ad620ab0daf7ca654e12b","format":"Metadata"},{"name":"04-la-falsa-monea_meta.xml","source":"original","mtime":"1686864547","size":"1012","md5":"8d04e1fde447bfdb80a666e2467b1b44","crc32":"bd8d7337","sha1":"e2509f0ab67373205a0ca71983195b0db086a09c","format":"Metadata"},{"name":"__ia_thumb.jpg","source":"original","mtime":"1641289070","size":"3929","md5":"4bf52ca43ba7277d5430d5c1bf09a047","crc32":"5c240950","sha1":"8b74ecb0b0ab23fb9d9d6c474e9cf62972f2aa7c","format":"Item Tile","rotation":"0"}],"files_count":8,"item_last_updated":1686864573,"item_size":6076392,"metadata":{"identifier":"04-la-falsa-monea","mediatype":"audio","creator":"Luis Eduardo Aute","date":"1999","description":"Tema del cantautor Luis Eduardo Aute, perteneciente a su disco Tatuaje, lanzado en el año 1999.<br />","language":"spa","licenseurl":"https://creativecommons.org/licenses/by-nc-nd/4.0/","scanner":"Internet Archive HTML5 Uploader 1.6.4","subject":["Trova","Music","Pop","Latin Pop"],"title":"La falsa monea","uploader":"pedroesparzactor@gmail.com","publicdate":"2022-01-04 09:37:01","addeddate":"2022-01-04 09:37:01","curation":"[curator]validator@archive.org[/curator][date]20220104093711[/date][comment]checked for malware[/comment]","collection":["folksoundomy_audio_y2k","additional_collections"]},"server":"ia904501.us.archive.org","uniq":708874800,"workable_servers":["ia904501.us.archive.org","ia804501.us.archive.org"]}