{"created":1767564797,"d1":"ia600209.us.archive.org","d2":"ia800209.us.archive.org","dir":"/1/items/04-that-was-another-country","files":[{"name":"01 Keeping Awake.flac","source":"derivative","format":"Flac","original":"01 Keeping Awake.wav","mtime":"1758561271","size":"26983766","md5":"21e6b9624b167716a02afec02764e6d3","crc32":"55886747","sha1":"32f85f4aee79d6a274ba1570b2c7be824a4067dc","length":"238.63"},{"name":"01 Keeping Awake.mp3","source":"derivative","bitrate":"202","length":"03:59","format":"VBR MP3","original":"01 Keeping Awake.wav","mtime":"1758560594","size":"6041909","md5":"98d72b914fb6fedf837e0a355c99b12e","crc32":"dfeff7ed","sha1":"b65524041e4dcb21bc6922a12abdb62edcd1add7"},{"name":"01 Keeping Awake.png","source":"derivative","format":"PNG","original":"01 Keeping Awake.wav","mtime":"1758561762","size":"36107","md5":"c97ade5a0f02e5da6a5c6b213ed34765","crc32":"4c16f8cf","sha1":"088d50da7ad29d63324bae7546080a6fe6757ffd"},{"name":"01 Keeping Awake.wav","source":"original","mtime":"1758559133","size":"45816364","md5":"b19619e382a2407f430277f9dfd52a1d","crc32":"b361165f","sha1":"753d4fa659ebb00f3f1fc09f1ee1c8b8100094a4","format":"WAVE","length":"238.63","track":"01"},{"name":"01 Keeping Awake_spectrogram.png","source":"derivative","format":"Spectrogram","original":"01 Keeping Awake.wav","mtime":"1758563731","size":"314800","md5":"ed66ede6aaa150a621f7d377a3e4d7c5","crc32":"cc815d81","sha1":"7fe9690e743aa1363ab5856a77b6d5d5899de0eb"},{"name":"02 Bright As Yellow.flac","source":"derivative","format":"Flac","original":"02 Bright As Yellow.wav","mtime":"1758561233","size":"23522351","md5":"b540b72c000029fd8ec67c6a9114842d","crc32":"4c222318","sha1":"fff85f7dab6885dabcfb2ea297d20751076d26ba","length":"212.57"},{"name":"02 Bright As Yellow.mp3","source":"derivative","bitrate":"199","length":"03:33","format":"VBR MP3","original":"02 Bright As Yellow.wav","mtime":"1758560760","size":"5289189","md5":"7affca15c2cd5ee22cd2964b6353bcc4","crc32":"c5f8509e","sha1":"e70a2145a49a9c7fc08699fe4612331f520c652b"},{"name":"02 Bright As Yellow.png","source":"derivative","format":"PNG","original":"02 Bright As Yellow.wav","mtime":"1758561339","size":"35633","md5":"e4cc135dd03a5ffa93fe9740069b16e8","crc32":"71df0dd9","sha1":"477eb7db49aae1716e60902afbca62fbd66f3cd0"},{"name":"02 Bright As Yellow.wav","source":"original","mtime":"1758559225","size":"40814124","md5":"9a6759d8be5dee3a7d41fdc9500fb9f0","crc32":"aef5e7b3","sha1":"86b8fe3cc04944a4352439a6cddf912e59c33c4e","format":"WAVE","length":"212.57","track":"02"},{"name":"02 Bright As Yellow_spectrogram.png","source":"derivative","format":"Spectrogram","original":"02 Bright As Yellow.wav","mtime":"1758565865","size":"310058","md5":"a14fa629d2762270ae7759adcdab0f35","crc32":"16a97b12","sha1":"271b5a40497bf1f8e2845f005a937bfe5e68b65c"},{"name":"03 Brave.flac","source":"derivative","format":"Flac","original":"03 Brave.wav","mtime":"1758561147","size":"28134177","md5":"5644562813d5847ad55537bcdb5ac21c","crc32":"14cd7ec8","sha1":"d4ecc81da128a1b22f760dade70dba5e50358b9c","length":"232.23"},{"name":"03 Brave.mp3","source":"derivative","bitrate":"205","length":"03:52","format":"VBR MP3","original":"03 Brave.wav","mtime":"1758560879","size":"5956384","md5":"b1fa288cc2b1f3dd5c7617b45dbc16af","crc32":"1cec3d3f","sha1":"5c67948c4ab5f1a297649ca3d886db1ec14f41d5"},{"name":"03 Brave.png","source":"derivative","format":"PNG","original":"03 Brave.wav","mtime":"1758561457","size":"37440","md5":"034ef36ef5964e0d1292865742570cc8","crc32":"443d82d1","sha1":"fb1412e30b664d738d71ad223c7928e2fd7a0287"},{"name":"03 Brave.wav","source":"original","mtime":"1758559325","size":"44587564","md5":"e911ea6326e97682b9109b9d89e71b54","crc32":"10588a4e","sha1":"f9357114211f52d20c22c95f24c5014f64b30fe7","format":"WAVE","length":"232.23","track":"03"},{"name":"03 Brave_spectrogram.png","source":"derivative","format":"Spectrogram","original":"03 Brave.wav","mtime":"1758565640","size":"310620","md5":"e37c27157a06ac24bfa6c80cf6648981","crc32":"a9af50c1","sha1":"b36fb35a2945f2f1262cbdf523b74b1a0620f248"},{"name":"04 That Was Another Country.flac","source":"derivative","format":"Flac","original":"04 That Was Another Country.wav","mtime":"1758561180","size":"31400512","md5":"0a8f4c107b80e2aaeb695376c61305f8","crc32":"1b51910b","sha1":"f7f33aee5c1dcdb06130a5e72484bd593a18ab74","length":"257.6"},{"name":"04 That Was Another Country.mp3","source":"derivative","bitrate":"206","length":"04:18","format":"VBR MP3","original":"04 That Was Another Country.wav","mtime":"1758560710","size":"6633235","md5":"4016b50f4e28bac153dc36c8762b34a6","crc32":"d33c21e8","sha1":"798dbf1987ac3c858e60e161c88e7919f823372c"},{"name":"04 That Was Another Country.png","source":"derivative","format":"PNG","original":"04 That Was Another Country.wav","mtime":"1758561375","size":"35319","md5":"a9bfbf8969dbf459fa527ce4223bceb0","crc32":"3c9ddaeb","sha1":"a4cffaace9c688b7c9763f1a7db5b7ae12f96743"},{"name":"04 That Was Another Country.wav","source":"original","mtime":"1758559008","size":"49459244","md5":"d0c566ae504b72561a511f818b5a1fee","crc32":"d5fb470a","sha1":"0ad8d24665d98987c47d009254c11bfe2b9d6846","format":"WAVE","length":"257.6","track":"04"},{"name":"04 That Was Another Country_spectrogram.png","source":"derivative","format":"Spectrogram","original":"04 That Was Another Country.wav","mtime":"1758563534","size":"304176","md5":"0c36a16522121a93dac0b077bd13db4e","crc32":"524e4ad2","sha1":"21f2112f4dce80f13e1cf20df6acecc607998686"},{"name":"04-that-was-another-country_archive.torrent","source":"metadata","btih":"fbada29d0fda492d396eee643f1e6f59da39aa2b","mtime":"1758565949","size":"42963","md5":"b771791c8582e049a8c4f09c0c95c70e","crc32":"18d9eb1c","sha1":"ef220ef7c95f594cf016d78be7130c50aa41ba81","format":"Archive BitTorrent"},{"name":"04-that-was-another-country_files.xml","source":"original","format":"Metadata","md5":"2e406dc66668bdc3f9ed201bf40ff801","summation":"md5"},{"name":"04-that-was-another-country_meta.sqlite","source":"original","mtime":"1758559909","size":"45056","md5":"abfa66e158b239d4941d7e582bac2f59","crc32":"a00cd578","sha1":"f29aaf41039948e214f74c179f56854185456c0c","format":"Metadata"},{"name":"04-that-was-another-country_meta.xml","source":"original","mtime":"1758565889","size":"694","md5":"a2290d9e67f29586d138db470ca97e8b","crc32":"2867dcb0","sha1":"5883a8d2023c9ecf1c106c4f4058c61a6288bcb4","format":"Metadata"},{"name":"05 Speak Our Minds.flac","source":"derivative","format":"Flac","original":"05 Speak Our Minds.wav","mtime":"1758561212","size":"22450002","md5":"ea1bc5a3b3d6f1d6ffe274ab6ed5929b","crc32":"f441f824","sha1":"b576eb6f0553bdc3f7900a59b57079a7918328f4","length":"175.64"},{"name":"05 Speak Our Minds.mp3","source":"derivative","bitrate":"204","length":"02:56","format":"VBR MP3","original":"05 Speak Our Minds.wav","mtime":"1758560915","size":"4496109","md5":"df9fb64b6f0eeaf9aa7331883eff9de8","crc32":"04dbbc76","sha1":"8f9fb7befdc5ed5d54b6068e9418c30a5675dbd8"},{"name":"05 Speak Our Minds.png","source":"derivative","format":"PNG","original":"05 Speak Our Minds.wav","mtime":"1758561413","size":"36656","md5":"66e7e2e38481d439601dd90dac0f8535","crc32":"58dfeb5f","sha1":"edd2057d94650ea08fa28d69246c9bff56cb66dd"},{"name":"05 Speak Our Minds.wav","source":"original","mtime":"1758559428","size":"33722924","md5":"d3d31bc2174d7b239430cc57897397f7","crc32":"c34ab81f","sha1":"5866df34a4d131830924eefeba33a2418f314ecc","format":"WAVE","length":"175.64","track":"05"},{"name":"05 Speak Our Minds_spectrogram.png","source":"derivative","format":"Spectrogram","original":"05 Speak Our Minds.wav","mtime":"1758563166","size":"319219","md5":"7a7f68a5b8ad975e8543bb98dfa349c5","crc32":"766246a8","sha1":"808a68377d9d1e0fa59001b1bbf2ba29ad0d9618"},{"name":"06 Happy, The End.flac","source":"derivative","format":"Flac","original":"06 Happy, The End.wav","mtime":"1758561131","size":"22165594","md5":"08d9ddd17f3225e6bf19c710deb3e08b","crc32":"a87b78ca","sha1":"96ece112ee8a58ab79482c914ad5fb0463bca544","length":"218.2"},{"name":"06 Happy, The End.mp3","source":"derivative","bitrate":"190","length":"03:38","format":"VBR MP3","original":"06 Happy, The End.wav","mtime":"1758560656","size":"5175891","md5":"7d0b2636bd3fba686705b88a211997e6","crc32":"fa8e15fb","sha1":"26fb61c4048f1807eca06ab90c4b9eacbda561be"},{"name":"06 Happy, The End.png","source":"derivative","format":"PNG","original":"06 Happy, The End.wav","mtime":"1758561357","size":"31517","md5":"0e8ddcb68c57ffd9214977b2b6f11662","crc32":"b56aee1a","sha1":"5dcd4559f15880ad7ad588775a8e4fbd0c621926"},{"name":"06 Happy, The End.wav","source":"original","mtime":"1758559524","size":"41894444","md5":"d63378a6b64e30979c2a5dc7faeb60ad","crc32":"c97d48c2","sha1":"1d4c80e3dd445c1ae323925acd0836317b3be6b4","format":"WAVE","length":"218.2","track":"06"},{"name":"06 Happy, The End_spectrogram.png","source":"derivative","format":"Spectrogram","original":"06 Happy, The End.wav","mtime":"1758563924","size":"317982","md5":"e8fcd1f4d8e30036fdc6fd1b390bc788","crc32":"239fe428","sha1":"fea08419b9688c61cb46a81704d5d8ef32fd80d1"},{"name":"07 Our Harry.flac","source":"derivative","format":"Flac","original":"07 Our Harry.wav","mtime":"1758561321","size":"13753281","md5":"96c5b7dfd0e271869dfc081f06aca28a","crc32":"5d01d6f7","sha1":"a4fbb8ca098f64c2cae12d129439dbcc56efe93b","length":"143.6"},{"name":"07 Our Harry.mp3","source":"derivative","bitrate":"188","length":"02:24","format":"VBR MP3","original":"07 Our Harry.wav","mtime":"1758560949","size":"3378608","md5":"ac8ccead058f1ea2861739fd26ab2e72","crc32":"84134530","sha1":"d8a010ff238519ac8c13a1ba49ab920127c5fc40"},{"name":"07 Our Harry.png","source":"derivative","format":"PNG","original":"07 Our Harry.wav","mtime":"1758561394","size":"32866","md5":"c4575d7f9315a08a6d39c85a9070aeea","crc32":"419fa065","sha1":"380d5e4c70473e2f9ca90ad9a42d22e70a7e9b79"},{"name":"07 Our Harry.wav","source":"original","mtime":"1758559583","size":"27571244","md5":"f7dad387aad65db896803dbb72e1be72","crc32":"23672790","sha1":"538819c4fbfb0c30933e924f2b0bae502d6a8f0c","format":"WAVE","length":"143.6","track":"07"},{"name":"07 Our Harry_spectrogram.png","source":"derivative","format":"Spectrogram","original":"07 Our Harry.wav","mtime":"1758565412","size":"319352","md5":"d47c8723124a80a354555c606558bddd","crc32":"99061318","sha1":"772f386481184dcd33ef6984ddd1933695ac9219"},{"name":"08 Go.flac","source":"derivative","format":"Flac","original":"08 Go.wav","mtime":"1758561304","size":"22875784","md5":"58d45b410024fa34180db01ab3152961","crc32":"af120a8b","sha1":"b37dcb7726b5b77ad8ed3f0cdbd8ed077a8047c8","length":"188.36"},{"name":"08 Go.mp3","source":"derivative","bitrate":"212","length":"03:08","format":"VBR MP3","original":"08 Go.wav","mtime":"1758560982","size":"4994943","md5":"8ffdbb9c3348b04ab7334503a2ef265c","crc32":"f16dda15","sha1":"a006abc81fd78865d9452b46b71f17c4ccfd00ca"},{"name":"08 Go.png","source":"derivative","format":"PNG","original":"08 Go.wav","mtime":"1758561995","size":"33661","md5":"1d70713dbc1dcc5f873eb2ffd8b61378","crc32":"e9691343","sha1":"2e9f39b9dc5bceecbcfe2006c95f8205f96bfbfc"},{"name":"08 Go.wav","source":"original","mtime":"1758559637","size":"36165164","md5":"d950e41583e9c16397249724ce4846da","crc32":"0c00fa54","sha1":"3bb49b039fdcac3efd71536de32021f4fe2b41d5","format":"WAVE","length":"188.36","track":"08"},{"name":"08 Go_spectrogram.png","source":"derivative","format":"Spectrogram","original":"08 Go.wav","mtime":"1758562695","size":"313861","md5":"1d11fc1331bb2ffe06fd84a2ad9d7cdb","crc32":"5b21ca22","sha1":"b0683ce38cab8e290de18499121ec342bd5c5d85"},{"name":"09 Everything's Different Now.flac","source":"derivative","format":"Flac","original":"09 Everything's Different Now.wav","mtime":"1758561290","size":"24368774","md5":"d9f97b9ae9e2cba859e8db6dc116818a","crc32":"b1e2adfd","sha1":"a8ba58cf23339459f50fcebcf59d000f96dac863","length":"196.84"},{"name":"09 Everything's Different Now.mp3","source":"derivative","bitrate":"203","length":"03:17","format":"VBR MP3","original":"09 Everything's Different Now.wav","mtime":"1758561012","size":"5013874","md5":"9836361bb0694540db3464a26822adec","crc32":"d06186f1","sha1":"6a2e211e685fe9d94f2c8a8d2488552ececd3394"},{"name":"09 Everything's Different Now.png","source":"derivative","format":"PNG","original":"09 Everything's Different Now.wav","mtime":"1758561594","size":"36760","md5":"b23b838a073a2e901b635a3dbc174e44","crc32":"4a099a75","sha1":"1f34d99123a93de2788b845619d5f985966e6ffe"},{"name":"09 Everything's Different Now.wav","source":"original","mtime":"1758559687","size":"37793324","md5":"be4964bf5faa0c510bfd88fb014f9388","crc32":"d63739fe","sha1":"5c5cec747c3c8fa06868708617bc7360ba4df8cc","format":"WAVE","length":"196.84","track":"09"},{"name":"09 Everything's Different Now_spectrogram.png","source":"derivative","format":"Spectrogram","original":"09 Everything's Different Now.wav","mtime":"1758564837","size":"314218","md5":"c94de20355b428564e89c2477baa87b1","crc32":"ff24e978","sha1":"1f04d56720fd15957a8a0948c393db626a0ffb55"},{"name":"10 Spinning.flac","source":"derivative","format":"Flac","original":"10 Spinning.wav","mtime":"1758561255","size":"25674449","md5":"8cfced62c4dd079c8c77c65e4b483126","crc32":"6a168692","sha1":"8f64f99d574044f3b21b7bdf9f9a3e2f06b6463b","length":"195.96"},{"name":"10 Spinning.mp3","source":"derivative","bitrate":"201","length":"03:16","format":"VBR MP3","original":"10 Spinning.wav","mtime":"1758561047","size":"4919508","md5":"d690541862dd68352b06c7e5e0c2ceba","crc32":"0694d4e8","sha1":"5d5a3a6d7c374f19e03494844ff02800794158c7"},{"name":"10 Spinning.png","source":"derivative","format":"PNG","original":"10 Spinning.wav","mtime":"1758561517","size":"34664","md5":"f9b1de650ba7c157240c010af748bb15","crc32":"4fc77bf3","sha1":"1d6c2484b69b7e91971d7ff382b244f985aef2bb"},{"name":"10 Spinning.wav","source":"original","mtime":"1758559747","size":"37624364","md5":"f4adb415d46f9e59fefcbc4260605f8b","crc32":"b2b540d9","sha1":"27fdc9f5c30e5154d8072177c4933f026b790889","format":"WAVE","length":"195.96","track":"10"},{"name":"10 Spinning_spectrogram.png","source":"derivative","format":"Spectrogram","original":"10 Spinning.wav","mtime":"1758564957","size":"305676","md5":"b0702b0618de9c4d88eedfd897afa47e","crc32":"f77a8d76","sha1":"dd1f2e89de9eff475422f7ee27b25be78e00992d"},{"name":"11 There.flac","source":"derivative","format":"Flac","original":"11 There.wav","mtime":"1758561196","size":"29500848","md5":"5d638326b46d512190180c91be88a658","crc32":"c2b72c59","sha1":"9b039524932079dbeb8d190986355de8b3d25f89","length":"238.31"},{"name":"11 There.mp3","source":"derivative","bitrate":"200","length":"03:58","format":"VBR MP3","original":"11 There.wav","mtime":"1758561078","size":"5979831","md5":"4fc830c9e83fdf05382a9d1469ec24f7","crc32":"2f38dcb3","sha1":"a762e4e8a3306f9a326132f6922381b64e98d60a"},{"name":"11 There.png","source":"derivative","format":"PNG","original":"11 There.wav","mtime":"1758561435","size":"36617","md5":"a265cc6d1599ffbbf9d19077408122e8","crc32":"38edb64b","sha1":"861dccb24ac55c5c0cdcafbd5344e549bffa04ea"},{"name":"11 There.wav","source":"original","mtime":"1758559850","size":"45754924","md5":"d1372ecad114335de6fc18a6f27c57ce","crc32":"665d193b","sha1":"e8c4b937c12de17987e8883f258b78e9b82aef9b","format":"WAVE","length":"238.31","track":"11"},{"name":"11 There_spectrogram.png","source":"derivative","format":"Spectrogram","original":"11 There.wav","mtime":"1758563302","size":"306470","md5":"ccda4d022dfa925aa03cc2a2e1f5d42c","crc32":"0dfa58c8","sha1":"48936e30fd153bedc3474f61f62aec45807e53ea"},{"name":"12 I Hear You Say So.flac","source":"derivative","format":"Flac","original":"12 I Hear You Say So.wav","mtime":"1758561163","size":"13739859","md5":"f088a281d088c5d3bf857e627158a1cd","crc32":"13682290","sha1":"7196bd3fb68361f0c3a79b45ef8c89325c843f83","length":"131.2"},{"name":"12 I Hear You Say So.mp3","source":"derivative","bitrate":"189","length":"02:11","format":"VBR MP3","original":"12 I Hear You Say So.wav","mtime":"1758561113","size":"3111749","md5":"c3fda97b5f8c9a12ad633d08320afa2c","crc32":"008a49b2","sha1":"ded85b22e19ef311c6ed3362c7fde1093db58bfc"},{"name":"12 I Hear You Say So.png","source":"derivative","format":"PNG","original":"12 I Hear You Say So.wav","mtime":"1758562229","size":"33034","md5":"c54007f4c88be2f28f792d856f9fd977","crc32":"3180670e","sha1":"fbd9f213561a6524ecfd926699ca848b4970df88"},{"name":"12 I Hear You Say So.wav","source":"original","mtime":"1758559904","size":"25190444","md5":"80942c9241aec1a46ef6f40eccedd1e3","crc32":"e8cd7d35","sha1":"c8f854bbc82143115572f269fe01f30092f0a522","format":"WAVE","length":"131.2","track":"12"},{"name":"12 I Hear You Say So_spectrogram.png","source":"derivative","format":"Spectrogram","original":"12 I Hear You Say So.wav","mtime":"1758564165","size":"321034","md5":"5bcec189914dfe47e89117ae84995169","crc32":"faa5e9d2","sha1":"f39cab1cbec38a8abf43d6beb9e0da6017ba0939"},{"name":"__ia_thumb.jpg","source":"original","mtime":"1758565946","size":"3389","md5":"4009893f05bc0a610bc1f350053c0e59","crc32":"d280b306","sha1":"7c00c98b69f19eedcb14c2bf6c6af3b8575dde29","format":"Item Tile"}],"files_count":65,"item_last_updated":1758565949,"item_size":816224597,"metadata":{"identifier":"04-that-was-another-country","mediatype":"audio","collection":"opensource_audio","creator":"The Innocence Mission","date":"1994","description":"Glow cd","scanner":"Internet Archive HTML5 Uploader 1.7.0","subject":"Soft pop","title":"The Innocence Mission Glow","uploader":"poiemajeremiah@yahoo.com","publicdate":"2025-09-22 16:37:09","addeddate":"2025-09-22 16:37:09","curation":"[curator]validator@archive.org[/curator][date]20250922163805[/date][comment]checked for malware[/comment]"},"server":"ia600209.us.archive.org","uniq":132145321,"workable_servers":["ia600209.us.archive.org","ia800209.us.archive.org"]}