{"alternate_locations":{"servers":[{"server":"dn710006.ca.archive.org","dir":"/0/items/09-hard-to-beat"}],"workable":[{"server":"dn710006.ca.archive.org","dir":"/0/items/09-hard-to-beat"}]},"created":1767564853,"d1":"ia601603.us.archive.org","d2":"ia801603.us.archive.org","dir":"/30/items/09-hard-to-beat","files":[{"name":"00 - The Stooges - Rough Power.jpg","source":"original","mtime":"1754880027","size":"425936","md5":"8717c4a1ce535c2925b6b65adb02c5e3","crc32":"63c2bf1a","sha1":"4e85a76dbd731ca8327a4e247abd21c2569d517c","format":"JPEG"},{"name":"00 - The Stooges - Rough Power_thumb.jpg","source":"derivative","format":"JPEG Thumb","original":"00 - The Stooges - Rough Power.jpg","mtime":"1754880415","size":"14488","md5":"eec8e3e5c72ff5c12b0eb75710325093","crc32":"36f7ad84","sha1":"b19dc796027478388afb5bffcda1d66d8345e44c"},{"name":"01-  Search And Destroy.mp3","source":"original","mtime":"1754879430","size":"5465822","md5":"9def84aa118525d3086b39f51fffa264","crc32":"25bf4d0d","sha1":"c8f7474a9e1a281a4556b30bb438f9cbacc1f291","format":"VBR MP3","length":"208.2","title":"Search And Destroy","creator":"Iggy & The Stooges","album":"Rough Power","track":"1","artist":"Iggy & The Stooges","genre":"Garage Rock","comment":"Original Stooges Mix"},{"name":"01-  Search And Destroy.png","source":"derivative","format":"PNG","original":"01-  Search And Destroy.mp3","mtime":"1754880173","size":"31976","md5":"4433969f71f1a66c6d4162f85a083d43","crc32":"ebd302fe","sha1":"0dcc0344efd43ead1f4dfd56c7d684fe810e5220"},{"name":"01-  Search And Destroy_spectrogram.png","source":"derivative","format":"Spectrogram","original":"01-  Search And Destroy.mp3","mtime":"1754880585","size":"272983","md5":"63817d1c27e3aa864230ba60d0d34502","crc32":"710e8849","sha1":"6f76bd9da4de4b7daef08d17607fdd49fc223186"},{"name":"02 - Gimme Ganger.mp3","source":"original","mtime":"1754879491","size":"5166145","md5":"e70fe7f825090b0480f7d503798858bd","crc32":"929710a4","sha1":"f0f7e28b10e79e57ee5886b1018c976d380f8bbe","format":"VBR MP3","length":"195.71","title":"Gimme Danger","creator":"Iggy & The Stooges","album":"Rough Power","track":"2","artist":"Iggy & The Stooges","genre":"Garage Rock","comment":"Original Stooges Mix"},{"name":"02 - Gimme Ganger.png","source":"derivative","format":"PNG","original":"02 - Gimme Ganger.mp3","mtime":"1754880088","size":"32723","md5":"4d4c1e1d30b5874bc07093e451963674","crc32":"b667d042","sha1":"faf7070349d1511e99373776066a48abf2764b7a"},{"name":"02 - Gimme Ganger_spectrogram.png","source":"derivative","format":"Spectrogram","original":"02 - Gimme Ganger.mp3","mtime":"1754880450","size":"280451","md5":"20ced73f00335caa45292abfb1d90134","crc32":"ccffe819","sha1":"1d27fe667a4903aca88d5e8ddecaf8238c34ba68"},{"name":"03 - Hard To Beat (Pretty Face).mp3","source":"original","mtime":"1754879495","size":"7413720","md5":"f93b56b58fc4c107b3e7091440e14bfe","crc32":"94eae26b","sha1":"9d9fcb00457248aea0356b4a00bbb820c686d017","format":"VBR MP3","length":"289.36","title":"Hard To Beat (Pretty Face)","creator":"Iggy & The Stooges","album":"Rough Power","track":"3","artist":"Iggy & The Stooges","genre":"Garage Rock","comment":"Original Stooges Mix"},{"name":"03 - Hard To Beat (Pretty Face).png","source":"derivative","format":"PNG","original":"03 - Hard To Beat (Pretty Face).mp3","mtime":"1754880158","size":"33550","md5":"6d28aaf6188a549581ecf9c325abd4f5","crc32":"395289ba","sha1":"00c28da6d4ea8455994cd9d957a557c9fa80abae"},{"name":"03 - Hard To Beat (Pretty Face)_spectrogram.png","source":"derivative","format":"Spectrogram","original":"03 - Hard To Beat (Pretty Face).mp3","mtime":"1754880439","size":"259242","md5":"f9bf35849d97f1b7c9409db3ab87632c","crc32":"2de1aacc","sha1":"9ce868f8b60c87c08d1ac94759eb1edde7deb934"},{"name":"04 - Penetration.mp3","source":"original","mtime":"1754879513","size":"5237616","md5":"752b351ad109b27d770453e95138d7a6","crc32":"c36d0761","sha1":"b7779fd91e3f880f326347e3dba18c0edb36b550","format":"VBR MP3","length":"198.69","title":"Penetration","creator":"Iggy & The Stooges","album":"Rough Power","track":"4","artist":"Iggy & The Stooges","genre":"Garage Rock","comment":"Original Stooges Mix"},{"name":"04 - Penetration.png","source":"derivative","format":"PNG","original":"04 - Penetration.mp3","mtime":"1754880066","size":"39207","md5":"01763aca5483654a62a633e0cfb5d87e","crc32":"91ea014f","sha1":"5a7ff12ea368ad346f12365afe4637d15c2fa7fb"},{"name":"04 - Penetration_spectrogram.png","source":"derivative","format":"Spectrogram","original":"04 - Penetration.mp3","mtime":"1754880633","size":"274715","md5":"5a60af41e96ef052b21b659bbacf847d","crc32":"33eb60ae","sha1":"75b4fc3c1713ebfa6453227a23b5ec5ab2f21cae"},{"name":"05 - Raw Power.mp3","source":"original","mtime":"1754879570","size":"6566099","md5":"a09a9730006ba0aec4a0f7eb738ec42d","crc32":"1bc56d91","sha1":"b5820c47d7d941958d7131f096cc77cf9278f898","format":"VBR MP3","length":"254.04","title":"Raw Power","creator":"Iggy & The Stooges","album":"Rough Power","track":"5","artist":"Iggy & The Stooges","genre":"Garage Rock","comment":"Original Stooges Mix"},{"name":"05 - Raw Power.png","source":"derivative","format":"PNG","original":"05 - Raw Power.mp3","mtime":"1754880102","size":"37054","md5":"7eae8750885236599a7ff3dbec175c72","crc32":"3b44d011","sha1":"634cf9f6ba41662e240b012671d334c805776b11"},{"name":"05 - Raw Power_spectrogram.png","source":"derivative","format":"Spectrogram","original":"05 - Raw Power.mp3","mtime":"1754880501","size":"268406","md5":"551a4ee4b1c49008e268d060d0d7a498","crc32":"05a42384","sha1":"348154f402afe35aa00adb1b6f0a375268160b3c"},{"name":"06 - I Need Somebody.mp3","source":"original","mtime":"1754879593","size":"7418109","md5":"1ceea7686617dc014146ac8323bd3c2c","crc32":"e0c4d115","sha1":"d293948a503e383a95e52940133c8ab76c6d2996","format":"VBR MP3","length":"289.54","title":"I Need Somebody","creator":"Iggy & The Stooges","album":"Rough Power","track":"6","artist":"Iggy & The Stooges","genre":"Garage Rock","comment":"Original Stooges Mix"},{"name":"06 - I Need Somebody.png","source":"derivative","format":"PNG","original":"06 - I Need Somebody.mp3","mtime":"1754880051","size":"34049","md5":"155eeef4b645c6877957b678559a9312","crc32":"b4bf0864","sha1":"cb4b8c346481ec4144993923810f313e2f7cf4fb"},{"name":"06 - I Need Somebody_spectrogram.png","source":"derivative","format":"Spectrogram","original":"06 - I Need Somebody.mp3","mtime":"1754880514","size":"282267","md5":"a99f949a1e7b64dea5b5ac364e1e0d01","crc32":"42a3fe9b","sha1":"06b1058cfd4068fcd324a0fb1fc78d7444ede298"},{"name":"07 - Death Trip.mp3","source":"original","mtime":"1754879625","size":"8913985","md5":"e7d2961a17fdd8155cca9ddb3c33cd8e","crc32":"cfd0ab69","sha1":"a99869b4cbea05c32aa70095b3a9b83c8a0fa230","format":"VBR MP3","length":"351.87","title":"Death Trip","creator":"Iggy & The Stooges","album":"Rough Power","track":"7","artist":"Iggy & The Stooges","genre":"Garage Rock","comment":"Original Stooges Mix"},{"name":"07 - Death Trip.png","source":"derivative","format":"PNG","original":"07 - Death Trip.mp3","mtime":"1754880036","size":"32864","md5":"7ad6a3bb4490b5a36a31cd57ae4bb9f7","crc32":"1e8b985c","sha1":"8c83564be2b434fa920f9a11cd6cdc8edf41c98e"},{"name":"07 - Death Trip_spectrogram.png","source":"derivative","format":"Spectrogram","original":"07 - Death Trip.mp3","mtime":"1754880527","size":"259594","md5":"4848c908962919e85cca1106dd75ac08","crc32":"fa59e4ca","sha1":"bc0dc7789cce888c6e38f2c3fa044c7da72d4602"},{"name":"08 - I Need Somebody.mp3","source":"original","mtime":"1754879648","size":"4954866","md5":"7edd507257f2162974b11d525b1e5294","crc32":"b3a8ae24","sha1":"f4fc53b89998c3fab75467acf4f24185badf25e5","format":"VBR MP3","length":"186.91","title":"I Need Somebody","creator":"Iggy & The Stooges","album":"Rough Power","track":"8","artist":"Iggy & The Stooges","genre":"Garage Rock","comment":"WABX Broadcast, 1973"},{"name":"08 - I Need Somebody.png","source":"derivative","format":"PNG","original":"08 - I Need Somebody.mp3","mtime":"1754880021","size":"36104","md5":"5e8d520ad38757f648989936353837ad","crc32":"51bce5dd","sha1":"95fe4e57fdfb71cfe8b575ef093145401b349ecc"},{"name":"08 - I Need Somebody_spectrogram.png","source":"derivative","format":"Spectrogram","original":"08 - I Need Somebody.mp3","mtime":"1754880540","size":"282679","md5":"e4f7d1bce83b98b70392ecfa3f9212eb","crc32":"606759ee","sha1":"06475250bd630029f07f2ff3d1f311ef56064c7e"},{"name":"09 - Hard To Beat.mp3","source":"original","mtime":"1754879722","size":"11505123","md5":"6cd0833a0b8f095d80d4085dc84fdbdd","crc32":"e3987994","sha1":"8e4068d23e9b49f596e412754f24212f701b1c52","format":"VBR MP3","length":"459.83","title":"Hard To Beat","creator":"Iggy & The Stooges","album":"Rough Power","track":"9","artist":"Iggy & The Stooges","genre":"Garage Rock","comment":"WABX Broadcast, 1973"},{"name":"09 - Hard To Beat.png","source":"derivative","format":"PNG","original":"09 - Hard To Beat.mp3","mtime":"1754880119","size":"32756","md5":"c6001eaa8bd7421191ceb7a96d02fdec","crc32":"751bf150","sha1":"e53472d0d4eed5a00f81553100bb556d9914b2e4"},{"name":"09 - Hard To Beat_spectrogram.png","source":"derivative","format":"Spectrogram","original":"09 - Hard To Beat.mp3","mtime":"1754880489","size":"283537","md5":"3af622e5967477574bfd20534228cdb7","crc32":"e0d7b4b0","sha1":"0ec101e24c0aa31438da9a203a99cf9167780535"},{"name":"09-hard-to-beat_archive.torrent","source":"metadata","btih":"21904eeff1c04a34c0da16b07371f6dff1c16bbe","mtime":"1754913450","size":"19244","md5":"a1c26359a3be0dcb984c640198970ba0","crc32":"9d2f7790","sha1":"119bf2505f972af0c70ab789f1f48fcf2ffbfc91","format":"Archive BitTorrent"},{"name":"09-hard-to-beat_files.xml","source":"original","format":"Metadata","md5":"05be41569c3d208e9004f8fec1da3cec","summation":"md5"},{"name":"09-hard-to-beat_meta.sqlite","source":"original","mtime":"1754880334","size":"327680","md5":"78a35358c9aee74d4755273c5177ccfc","crc32":"97f07d49","sha1":"5c96144ee5aed91660663bb0b2081b10cf2fe8b7","format":"Metadata"},{"name":"09-hard-to-beat_meta.xml","source":"original","mtime":"1754913446","size":"11524","md5":"bb619dcbdb12919b349af7ebe1c798cd","crc32":"af8d3adc","sha1":"12ee35a18faf1a03f40ec875407d125f95434cd4","format":"Metadata"},{"name":"10 - Death Trip.mp3","source":"original","mtime":"1754879729","size":"5285890","md5":"c76591f5372dca678597eaa7842476aa","crc32":"1a87ab31","sha1":"ea16bb892d0f8361bbd5e831b9fa9d6ae23932d8","format":"VBR MP3","length":"200.7","title":"Death Trip","creator":"Iggy & The Stooges","album":"Rough Power","track":"10","artist":"Iggy & The Stooges","genre":"Garage Rock","comment":"WABX Broadcast, 1973"},{"name":"10 - Death Trip.png","source":"derivative","format":"PNG","original":"10 - Death Trip.mp3","mtime":"1754880187","size":"38349","md5":"99068d4b5600bbbe77110a6b8a323a3f","crc32":"432323ce","sha1":"a02282358f7394b17c74f65216636c10749a6ed9"},{"name":"10 - Death Trip_spectrogram.png","source":"derivative","format":"Spectrogram","original":"10 - Death Trip.mp3","mtime":"1754880551","size":"300362","md5":"9bf679227f43fd0722b632e59775533c","crc32":"db482d16","sha1":"6865e42d225f2311eba7ce24f15b94b33b4f2f25"},{"name":"11 - Raw Power.mp3","source":"original","mtime":"1754879738","size":"7245701","md5":"46400b460dc9c67ef17c57e62e6b926f","crc32":"0b39c354","sha1":"1f2987c4f8cdd436c1e16703343026c9696034e7","format":"VBR MP3","length":"282.36","title":"Raw Power","creator":"Iggy & The Stooges","album":"Rough Power","track":"11","artist":"Iggy & The Stooges","genre":"Garage Rock","comment":"WABX Broadcast, 1973"},{"name":"11 - Raw Power.png","source":"derivative","format":"PNG","original":"11 - Raw Power.mp3","mtime":"1754880201","size":"37016","md5":"4ecd842b1542a262477f7df4022ade4e","crc32":"75af68a5","sha1":"f8153afce00aa173d63b90ecd17c304bcab97008"},{"name":"11 - Raw Power_spectrogram.png","source":"derivative","format":"Spectrogram","original":"11 - Raw Power.mp3","mtime":"1754880563","size":"264749","md5":"177a62590fb4c1ae2673376d820eb95d","crc32":"61bc0188","sha1":"75d30d8c6fb20b877d08b07d5e6f803da2692747"},{"name":"12 - Search And Destroy.mp3","source":"original","mtime":"1754879742","size":"4449345","md5":"d40cab01646d7d6128f5d97959f0159b","crc32":"24de88d4","sha1":"727056be0fba1bf51d902be2ba39e34626129835","format":"VBR MP3","length":"248.76","title":"Search And Destroy","creator":"Iggy & The Stooges","album":"Rough Power","track":"12","artist":"Iggy & The Stooges","genre":"Garage Rock","comment":"www.emusic.com/albums/2825/"},{"name":"12 - Search And Destroy.png","source":"derivative","format":"PNG","original":"12 - Search And Destroy.mp3","mtime":"1754880215","size":"33658","md5":"557c2039975f3a5a9a8cb3c974db656c","crc32":"c9110644","sha1":"75de180aa5865b2d30016b5b29e2d72860be24ce"},{"name":"12 - Search And Destroy_spectrogram.png","source":"derivative","format":"Spectrogram","original":"12 - Search And Destroy.mp3","mtime":"1754880290","size":"282703","md5":"9bedb06f0f59667d3a1c2e7b518dd53f","crc32":"2b3cc881","sha1":"1c986f529d990dd45c705be23221a0eedaf18afe"},{"name":"13 - Shake Appeal.mp3","source":"original","mtime":"1754879780","size":"5726001","md5":"61e0eece70c7068bef5afaf59d181e21","crc32":"7c37c850","sha1":"ed73a06824af21206edb9b817d86a23833fd4d05","format":"VBR MP3","length":"219.04","title":"Shake Appeal","creator":"Iggy & The Stooges","album":"Rough Power","track":"13","artist":"Iggy & The Stooges","genre":"Garage Rock","comment":"WABX Broadcast, 1973"},{"name":"13 - Shake Appeal.png","source":"derivative","format":"PNG","original":"13 - Shake Appeal.mp3","mtime":"1754880231","size":"38891","md5":"e45a1cc89a5e6eaa4931aec913542c67","crc32":"04302780","sha1":"ccd03d8758eb13a5c3afcfe3dcf9693fb7f32230"},{"name":"13 - Shake Appeal_spectrogram.png","source":"derivative","format":"Spectrogram","original":"13 - Shake Appeal.mp3","mtime":"1754880574","size":"293401","md5":"df33a549051027a6dcc5a7acedbf64e8","crc32":"b0bf6e5a","sha1":"424240319b8397cac577a620ad6ed8bbec9189d8"},{"name":"14 - Not Right.mp3","source":"original","mtime":"1754879816","size":"5077746","md5":"ff3cc0e753f457ad37b817da64777961","crc32":"d31b6264","sha1":"d127db70e24222f7444213d5f4550ac145d4dd06","format":"VBR MP3","length":"192.03","title":"Not Right","creator":"Iggy & The Stooges","album":"Rough Power","track":"14","artist":"Iggy & The Stooges","genre":"Garage Rock","comment":"WABX Broadcast, 1973"},{"name":"14 - Not Right.png","source":"derivative","format":"PNG","original":"14 - Not Right.mp3","mtime":"1754880245","size":"34646","md5":"8909b756a24deaaa95477077a8aeda62","crc32":"559e1b2c","sha1":"3b153110ed37b2e85db06c438b1a2812297c6752"},{"name":"14 - Not Right_spectrogram.png","source":"derivative","format":"Spectrogram","original":"14 - Not Right.mp3","mtime":"1754880460","size":"254396","md5":"74dac169c3b44d33f63c119dd62667ea","crc32":"0f0eb924","sha1":"f4e3459b5a157d9503b74f3f8d718adc43fec31b"},{"name":"15 -  Raw Power.mp3","source":"original","mtime":"1754879881","size":"7185515","md5":"7479f506b4294b079feffbea0967beda","crc32":"13ce8635","sha1":"1c6c433d4644db923e372804e94dbca7e0138ba6","format":"VBR MP3","length":"279.85","title":"Raw Power","creator":"Iggy & The Stooges","album":"Rough Power","track":"15","artist":"Iggy & The Stooges","genre":"Garage Rock","comment":"Alternative Stooges Mix"},{"name":"15 -  Raw Power.png","source":"derivative","format":"PNG","original":"15 -  Raw Power.mp3","mtime":"1754880260","size":"42799","md5":"d16a807afa73e41d88f6132795608a54","crc32":"0216befa","sha1":"95f7dc97aa0306b69c9741cc7d17c2210ada7f4d"},{"name":"15 -  Raw Power_spectrogram.png","source":"derivative","format":"Spectrogram","original":"15 -  Raw Power.mp3","mtime":"1754880599","size":"240951","md5":"46dc0ae358b977b4d6141d8a04e37dc4","crc32":"fae9c24b","sha1":"e622b250bf1967991fac7cf7683edebfc2b40d55"},{"name":"16 -  Shake Appeal.mp3","source":"original","mtime":"1754879914","size":"4986213","md5":"0084cde235c8d0567e557338a13da12a","crc32":"3f24ff76","sha1":"1d61801fbe946ba4b4515973bac3a2a85e3e4634","format":"VBR MP3","length":"188.21","title":"Shake Appeal","creator":"Iggy & The Stooges","album":"Rough Power","track":"16","artist":"Iggy & The Stooges","genre":"Garage Rock","comment":"Alternative Stooges Mix"},{"name":"16 -  Shake Appeal.png","source":"derivative","format":"PNG","original":"16 -  Shake Appeal.mp3","mtime":"1754880276","size":"32962","md5":"6311128811d87e990419b3768fdfdeb9","crc32":"4f1d4a60","sha1":"c638ced807418874e2ed257115fa5c64afe495db"},{"name":"16 -  Shake Appeal_spectrogram.png","source":"derivative","format":"Spectrogram","original":"16 -  Shake Appeal.mp3","mtime":"1754880610","size":"265180","md5":"ba408388c99478382b7e5c85b18441e2","crc32":"d17979a8","sha1":"eb12860527b285724516d0555f3c413476daf9a3"},{"name":"17 -  Search And Destroy.mp3","source":"original","mtime":"1754879932","size":"5269590","md5":"fbad4671fe2f20634fcc3003e60058c7","crc32":"8dae65f4","sha1":"f644bd8a3fcac2e6db02ed3de19da59dac487128","format":"VBR MP3","length":"200.02","title":"Search And Destroy","creator":"Iggy & The Stooges","album":"Rough Power","track":"17","artist":"Iggy & The Stooges","genre":"Garage Rock","comment":"Alternative Stooges Mix"},{"name":"17 -  Search And Destroy.png","source":"derivative","format":"PNG","original":"17 -  Search And Destroy.mp3","mtime":"1754880004","size":"36626","md5":"49428fd5cfa16d3bb3af2cf4f88290e7","crc32":"0bf4063c","sha1":"cc7d23e18f9f1535c588bf1e61bc1a25c27a25e5"},{"name":"17 -  Search And Destroy_spectrogram.png","source":"derivative","format":"Spectrogram","original":"17 -  Search And Destroy.mp3","mtime":"1754880621","size":"272103","md5":"ea00e4f7777d42bb80672cd3d9d79eec","crc32":"8fd057aa","sha1":"76e23187be564c1663fbf530c97fd9feff264e6f"},{"name":"18 - The Stooges - Rough Power-back.jpg","source":"original","mtime":"1754880029","size":"95525","md5":"e8d3ea732b40a886b58edd4c628e1b48","crc32":"604771d9","sha1":"cfaa36616965a000692c31b72e956dfa33b954b4","format":"JPEG"},{"name":"18 - The Stooges - Rough Power-back_thumb.jpg","source":"derivative","format":"JPEG Thumb","original":"18 - The Stooges - Rough Power-back.jpg","mtime":"1754880404","size":"11525","md5":"3829f840c2e75295c7b78dd15c60e805","crc32":"950d6890","sha1":"926dd472a5f9cf9c6ca1b43abe18ee6b6ab44689"},{"name":"18a - The Stooges - Rough Power-.jpg","source":"original","mtime":"1754880032","size":"563854","md5":"ca8d85d0cd52d6ddb0ecea6e2b089877","crc32":"fd0d0d8b","sha1":"e2a8bb6a382469239e6a096db84e845fd4b09260","format":"JPEG"},{"name":"18a - The Stooges - Rough Power-_thumb.jpg","source":"derivative","format":"JPEG Thumb","original":"18a - The Stooges - Rough Power-.jpg","mtime":"1754880397","size":"12673","md5":"ced6a9b213a75cc8d5ee41c28aa6bb9b","crc32":"7920a475","sha1":"f26a25ba71f2693e3d55ce24cc0bed16e7ff15ae"},{"name":"18b- The Stooges - Rough Power-.jpg","source":"original","mtime":"1754880036","size":"93806","md5":"8d65819743da639cddbf4653ad7e5e9e","crc32":"f7d3f346","sha1":"2dc1f8a94c83a7562e694fad0a92303f3b701f53","format":"JPEG"},{"name":"18b- The Stooges - Rough Power-_thumb.jpg","source":"derivative","format":"JPEG Thumb","original":"18b- The Stooges - Rough Power-.jpg","mtime":"1754880401","size":"12624","md5":"387508e8ebb8aa2da1ffe7cfe54c2f95","crc32":"c4693656","sha1":"6dc1c33f05a78ef8f8d9f40c3e85f3b83f5535a8"},{"name":"19- The Stooges - Rough Power-inlay.jpg","source":"original","mtime":"1754880038","size":"147450","md5":"c1652a5b8b5a0758f3ed8f658803e543","crc32":"23089ab3","sha1":"47b915a80f6baf07212da6c7a00a15bb653e2706","format":"JPEG"},{"name":"19- The Stooges - Rough Power-inlay_thumb.jpg","source":"derivative","format":"JPEG Thumb","original":"19- The Stooges - Rough Power-inlay.jpg","mtime":"1754880408","size":"10987","md5":"e78cec6063e600b442f5cde36b704d1f","crc32":"8880aba6","sha1":"62dec2bfb42f7cbc4be0e1fd0b04a3534832bb32"},{"name":"20- The Stooges - Rough Power-inlay1.jpg","source":"original","mtime":"1754880044","size":"160353","md5":"3b7990b26e9fd278f022067f638cd791","crc32":"00487df1","sha1":"1e0cb76906f30d1466f6e782598096c9faf8eb4c","format":"JPEG"},{"name":"20- The Stooges - Rough Power-inlay1_thumb.jpg","source":"derivative","format":"JPEG Thumb","original":"20- The Stooges - Rough Power-inlay1.jpg","mtime":"1754880432","size":"11756","md5":"0555e9f8d3f5a52a0576e4b137bd6a8f","crc32":"b3ecb69b","sha1":"25c31b1f69228fa0d65fb753920d7749333755d7"},{"name":"21- The Stooges - Rough Power-inlay2.jpg","source":"original","mtime":"1754880048","size":"155986","md5":"4441b29074beea60d2b5b6ad4465a38e","crc32":"d31b7f55","sha1":"6d08114c14924f41dbaad5f4e2f4603518ee5e89","format":"JPEG"},{"name":"21- The Stooges - Rough Power-inlay2_thumb.jpg","source":"derivative","format":"JPEG Thumb","original":"21- The Stooges - Rough Power-inlay2.jpg","mtime":"1754880420","size":"11289","md5":"5833a6ce3d6a42b43220e5130bf03550","crc32":"1c79385b","sha1":"df3f545baa669c73ee3aee5472ef557268a3a07a"},{"name":"22- The Stooges - Rough Power-inlay3.jpg","source":"original","mtime":"1754880050","size":"153364","md5":"9c50a3cc98756e3abb5c3cb7750d05eb","crc32":"d09c99f7","sha1":"89500e61bac23f7eeda9576a7be39aa7b24f8ea4","format":"JPEG"},{"name":"22- The Stooges - Rough Power-inlay3_thumb.jpg","source":"derivative","format":"JPEG Thumb","original":"22- The Stooges - Rough Power-inlay3.jpg","mtime":"1754880425","size":"10574","md5":"d87b63a6f2b3cfac531037b3ac7e4222","crc32":"9db7b114","sha1":"8beec7a9074a249e95db76f7ff0b3921d271358e"},{"name":"23- The Stooges - Rough Power-inlay4.jpg","source":"original","mtime":"1754880053","size":"163122","md5":"0028541f8d32e04bbab5d3e74370e02a","crc32":"887c188d","sha1":"0248da802ac765402b367bbd0dd40b1174ef9315","format":"JPEG"},{"name":"23- The Stooges - Rough Power-inlay4_thumb.jpg","source":"derivative","format":"JPEG Thumb","original":"23- The Stooges - Rough Power-inlay4.jpg","mtime":"1754880428","size":"11026","md5":"cb363f3e2e9db77a25edf3a23c527568","crc32":"1f043afe","sha1":"39099acb001d113adb9b84dfcec1610df4598e1c"},{"name":"24- The Stooges - Rough Power-inlay5.jpg","source":"original","mtime":"1754880055","size":"97258","md5":"da1b9ed94592879a4568879d596545dc","crc32":"9f63048b","sha1":"f98489d0b332f91585d94f62a33afbbf2a65f75b","format":"JPEG"},{"name":"24- The Stooges - Rough Power-inlay5_thumb.jpg","source":"derivative","format":"JPEG Thumb","original":"24- The Stooges - Rough Power-inlay5.jpg","mtime":"1754880391","size":"9400","md5":"02bf95b454fb336ba034e31a4dccb641","crc32":"1f8bc607","sha1":"360eb882bb8ca6267315a27094c625a483943b8d"},{"name":"__ia_thumb.jpg","source":"original","mtime":"1754880337","size":"21118","md5":"3f5f9aa1844723bbcc530c39248acd82","crc32":"fd6631b9","sha1":"5f7a968dc663e2131a9ca408655c621b8576ad89","format":"Item Tile"}],"files_count":76,"item_last_updated":1754913450,"item_size":115662997,"metadata":{"identifier":"09-hard-to-beat","mediatype":"audio","collection":"opensource_audio","creator":"Iggy & The Stooges","date":"1973","description":"\n\n<p class=\"MsoNormal\"><b><span lang=\"en-us\" style=\"font-size:12pt;font-family:'Times New Roman';\" xml:lang=\"en-us\">Iggy\n&amp; The Stooges </span></b><b><span><span lang=\"en-us\" style=\"font-size:10pt;font-family:'MS Gothic';\" xml:lang=\"en-us\">☆</span></span></b><b><span><span lang=\"en-us\" style=\"font-size:12pt;font-family:'Times New Roman';\" xml:lang=\"en-us\"> Rough Power </span></span></b><b><span><span lang=\"en-us\" style=\"font-size:10pt;font-family:'MS Gothic';\" xml:lang=\"en-us\">☆</span></span></b><b><span><span lang=\"en-us\" style=\"font-size:12pt;font-family:'Times New Roman';\" xml:lang=\"en-us\"> 1973</span></span></b><span><span lang=\"en-us\" style=\"font-size:12pt;font-family:'Times New Roman';\" xml:lang=\"en-us\"><br />\n</span><span lang=\"en-us\" style=\"font-family:'Times New Roman';\" xml:lang=\"en-us\"><br />\n<u>Tracklist</u></span><span>:<br />\n<b><i><span style=\"color:#003366;\"></span><span>Original \"Stooges\"\nMix Of Raw Power (Combines Version From Various Sources)</span><br />\n</i></b>01 - “<b>Search And Destroy</b>” - 3:28<br />\n02 - “<b>Gimme Danger</b>” - 3:15<br />\n03 - “<b>Hard To Beat</b>” <b><i>(Pretty Face)</i></b> - 4:49<br />\n04 - “<b>Penetration</b>” - 3:18<br />\n05 - “<b>Raw Power</b>” - 4:14<br />\n06 - “<b>I Need Somebody</b>” - 4:49<br />\n07 - “<b>Death Trip</b>” - 5:51.</span> <br />\n<b><i></i></b></span><b><i>Complete\nWABX Broadcast, Early 1973 (Early Mix, Unknown Date)</i></b><br />\n08 - “<b>I Need Somebody</b>” - 3:06<br />\n09 - “<b>Hard To Beat</b>” - 7:39<br />\n10 - “<b>Death Trip</b>” - 3:20<br />\n11 - “<b>Raw Power</b>” - 4:42<br />\n12 - “<b>Search And Destroy</b>” - 4:08<br />\n13 - “<b>Shake Appeal</b>” - 3:39<br />\n14 - “<b>Not Right</b>” - 3:12<br />\n<b><i><span style=\"color:#003366;\"></span>Bonus: Still More Stooges Mixes (Possibly 11/28/72)\n<br />\n</i></b>15 - “<b>Raw Power</b>” - 4:39<br />\n16 - “<b>Shake Appeal</b>” - 3:08<br />\n17 - “<b>Search And Destroy</b>” - 3:20<br />\n<br />\nAll tracks written by Iggy Pop and James Williamson. <br />\n<br />\n<u>Lenght</u><span>:   -<b><i> 1:10:37</i></b><br />\n<br />\n<u>The Stooges</u>:<br />\n<br />\n•    <b>Iggy Pop</b> : Lead Vocals, <br />\n•    <b>James Williamson</b> : Guitar<br />\n•  <b>  Ron Asheton</b> : Bass Guitar, Backing Vocals<br />\n•    <b>Scott Asheton</b> : Drums<br />\n<br />\n<u>Additional Personnel</u>:<br />\n•    <b>David Bowie</b> : Piano, Percussion, Mixing (1973\nversion)<br />\n<br />\nExecutive Production on 1997 reissue: Bruce Dickinson<br />\nProduction and Mixing for 1997 reissue: Iggy Pop<br />\nSeries : The Iguana Chronicles <br />\nFormat : CD, Album, Remastered <br />\nPays : US en <br />\nDate: 1994 <br />\nLabel : <a href=\"https://www.discogs.com/release/1614454-Iggy-The-Stooges-Rough-Power\" rel=\"ugc nofollow\">BOMP!\n<span><span lang=\"en-gb\" xml:lang=\"en-gb\">‎~ BCD\n4049</span></span></a></span><span><span lang=\"en-gb\" style=\"font-family:'Times New Roman';\" xml:lang=\"en-gb\"><br />\n<br />\n</span><b><span lang=\"en-us\" style=\"font-size:13.5pt;font-family:'Times New Roman';\" xml:lang=\"en-us\">             \n  </span></b></span><b><span><span lang=\"en-gb\" style=\"font-size:14pt;font-family:'MS Mincho';color:#7030A0;\" xml:lang=\"en-gb\">☆</span></span></b><b><span><span lang=\"en-us\" style=\"font-size:14pt;font-family:'Times New Roman';color:#7030A0;\" xml:lang=\"en-us\"> </span></span></b><b><span><span lang=\"en-gb\" style=\"font-size:14pt;font-family:'MS Mincho';\" xml:lang=\"en-gb\">☆</span></span></b><b><span><span lang=\"en-us\" style=\"font-size:14pt;font-family:'Times New Roman';color:#7030A0;\" xml:lang=\"en-us\"> </span></span></b><b><span><span lang=\"en-gb\" style=\"font-size:14pt;font-family:'MS Mincho';color:#FF0000;\" xml:lang=\"en-gb\">☆</span></span></b><b><span><span lang=\"en-us\" style=\"font-family:'Times New Roman';\" xml:lang=\"en-us\"> </span></span></b><b><span><span lang=\"en-gb\" style=\"font-family:'MS Mincho';\" xml:lang=\"en-gb\">☆</span></span></b><b><span><span lang=\"en-us\" style=\"font-family:'Times New Roman';\" xml:lang=\"en-us\"> </span></span></b><b><span><span lang=\"en-gb\" style=\"font-size:14pt;font-family:'MS Mincho';color:#7030A0;\" xml:lang=\"en-gb\">☆</span></span></b><b><span><span lang=\"en-us\" style=\"font-family:'Times New Roman';\" xml:lang=\"en-us\">              </span></span></b><span style=\"font-family:'Times New Roman';\"><a href=\"https://archive.org/search?query=subject%3A%22Detroit+Garage+Rock%22\" rel=\"ugc nofollow\"><b><span><span lang=\"en-us\" xml:lang=\"en-us\">Detroit Garage\nRock</span></span></b></a></span><b><span><span lang=\"en-us\" style=\"font-family:'Times New Roman';\" xml:lang=\"en-us\"><a href=\"https://archive.org/search?query=subject%3A%22Detroit+Garage+Rock%22\" rel=\"ugc nofollow\"> </a>\n           </span></span></b><b><span><span lang=\"en-gb\" style=\"font-size:14pt;font-family:'MS Mincho';color:#7030A0;\" xml:lang=\"en-gb\">☆</span></span></b><b><span><span lang=\"en-us\" style=\"font-size:14pt;font-family:'Times New Roman';color:#7030A0;\" xml:lang=\"en-us\"> </span></span></b><b><span><span lang=\"en-gb\" style=\"font-size:14pt;font-family:'MS Mincho';\" xml:lang=\"en-gb\">☆</span></span></b><b><span><span lang=\"en-us\" style=\"font-size:14pt;font-family:'Times New Roman';color:#7030A0;\" xml:lang=\"en-us\"> </span></span></b><b><span><span lang=\"en-gb\" style=\"font-size:14pt;font-family:'MS Mincho';color:#FF0000;\" xml:lang=\"en-gb\">☆</span></span></b><b><span><span lang=\"en-us\" style=\"font-size:14pt;font-family:'Times New Roman';color:#7030A0;\" xml:lang=\"en-us\"> </span></span></b><b><span><span lang=\"en-gb\" style=\"font-family:'MS Mincho';\" xml:lang=\"en-gb\">☆</span></span></b><b><span><span lang=\"en-us\" style=\"font-family:'Times New Roman';\" xml:lang=\"en-us\"> </span></span></b><b><span><span lang=\"en-gb\" style=\"font-size:14pt;font-family:'MS Mincho';color:#7030A0;\" xml:lang=\"en-gb\">☆</span></span></b><span><span lang=\"en-us\" style=\"font-family:'Times New Roman';\" xml:lang=\"en-us\"><br />\n<br />\n</span><span lang=\"en-gb\" style=\"font-family:'Times New Roman';\" xml:lang=\"en-gb\"></span><span>My old accompts, closed because I used to be\na naughty boy !</span></span><span><span lang=\"en-gb\" style=\"font-family:'Times New Roman';\" xml:lang=\"en-gb\"> </span><span lang=\"en-us\" style=\"font-family:'Times New Roman';\" xml:lang=\"en-us\"><br />\n</span><span style=\"font-family:'Times New Roman';\"></span><a href=\"https://archive.org/details/@gracchus_dionysus\" rel=\"ugc nofollow\">Accompt 1</a> :\nGracchus_Dionysus<br />\n<a href=\"https://archive.org/details/@dionysos_vorax434\" rel=\"ugc nofollow\">Accompt 2</a> :\nDionysos_Vorax434 <br />\n<a href=\"https://archive.org/details/@dionysos_vorax_93\" rel=\"ugc nofollow\">Accompt 3</a> :\nDionysos_Vorax_93<br />\n<br />\n<b><u>Note</u></b>: Afin que vous puissiez lui exprimer votre infinie gratitude\npour ses années de bénévolat, l’archiviste musicophile <a href=\"https://archive.org/details/@dionysus_vorax\" rel=\"ugc nofollow\"><b><i>Dionysus Vorax</i></b></a>\na mis à votre disposition un lien </span><span><span lang=\"en-us\" style=\"font-family:'Times New Roman';\" xml:lang=\"en-us\"><a href=\"https://www.paypal.me/wildstone\" rel=\"ugc nofollow\"><span lang=\"fr\" xml:lang=\"fr\"><span>Paypal</span></span></a></span></span><span style=\"font-family:'Times New Roman';\"> ~ </span><span><span lang=\"en-us\" style=\"font-family:'Times New Roman';\" xml:lang=\"en-us\"><a href=\"https://www.paypal.me/wildstone\" rel=\"ugc nofollow\"><span lang=\"fr\" xml:lang=\"fr\"><span>Donate</span></span></a></span></span><span style=\"font-family:'Times New Roman';\"> ~ </span><span><span lang=\"en-us\" style=\"font-family:'Times New Roman';\" xml:lang=\"en-us\"><a href=\"https://www.paypal.me/wildstone\" rel=\"ugc nofollow\"><span lang=\"fr\" xml:lang=\"fr\"><span>Don en €, $ ou £</span></span></a></span></span><span style=\"font-family:'Times New Roman';\">...</span></p>\n\n","language":"eng","scanner":"Internet Archive HTML5 Uploader 1.7.0","subject":["Iggy & The Stooges","Rough Power","Garage Rock","Iggy Pop","Ron Asheton","Scott Asheton","James Wiliamson","Detroit Garage Rock","Rock","Anti-Rock","Proto-Punk","Punk","After-Punk","Pop","Bubbles","Tities & Beers","Klafouti","Pan Bagna"],"title":"Iggy & The Stooges ☆ Rough Power ☆ 1973","uploader":"d.wildenstein@numericable.fr","publicdate":"2025-08-11 02:30:51","addeddate":"2025-08-11 02:30:51","curation":"[curator]validator@archive.org[/curator][date]20250811023243[/date][comment]checked for malware[/comment]"},"server":"ia801603.us.archive.org","uniq":1991709768,"workable_servers":["ia801603.us.archive.org","ia601603.us.archive.org"]}