{"alternate_locations":{"servers":[{"server":"dn720707.ca.archive.org","dir":"/0/items/11-jesus_202504"}],"workable":[{"server":"dn720707.ca.archive.org","dir":"/0/items/11-jesus_202504"}]},"created":1767564940,"d1":"ia600706.us.archive.org","d2":"ia800706.us.archive.org","dir":"/35/items/11-jesus_202504","files":[{"name":"01 God Put A Rainbow In The Cloud.mp3","source":"original","mtime":"1744342333","size":"3423140","md5":"8f9cb39cfa6334b4210a642383eded72","crc32":"680632a0","sha1":"06c54652ac9501cea956d7e97a4d984767430fb8","format":"VBR MP3","length":"141.87","title":"God Put A Rainbow In The Cloud","creator":"Carl Story","album":"Country Gospel Singing","track":"1","artist":"Carl Story","genre":"Gospel"},{"name":"01 God Put A Rainbow In The Cloud.png","source":"derivative","format":"PNG","original":"01 God Put A Rainbow In The Cloud.mp3","mtime":"1744342573","size":"37711","md5":"8ebd168bfc8727edd34bd0e3d26861a4","crc32":"ad4141f9","sha1":"8a8310e65c1601d5d2bca4ed3ecd1073fb1cb61e"},{"name":"01 God Put A Rainbow In The Cloud_spectrogram.png","source":"derivative","format":"Spectrogram","original":"01 God Put A Rainbow In The Cloud.mp3","mtime":"1744343101","size":"281360","md5":"ae25a6f214c2f46f3145e532266a197c","crc32":"43a1ef0a","sha1":"367cbf87e3cfe3caf2e2168328b4fc9073041d78"},{"name":"02 Every Tongue Shall Confess.mp3","source":"original","mtime":"1744342336","size":"2463880","md5":"6cdc37568b5ff863686dc04ddb92a26c","crc32":"59ee6c3e","sha1":"bdf115a45bfe07c93c7b01bc76f2f8e4c41a7a8a","format":"VBR MP3","length":"101.9","title":"Every Tongue Shall Confess","creator":"The Brewster Brothers","album":"Country Gospel Singing","track":"2","artist":"The Brewster Brothers","genre":"Gospel"},{"name":"02 Every Tongue Shall Confess.png","source":"derivative","format":"PNG","original":"02 Every Tongue Shall Confess.mp3","mtime":"1744342854","size":"36725","md5":"338638cf25a4263258d58bdff39dd3f5","crc32":"8b190343","sha1":"2783ded377dab054fca749bf936553d71c88ef3d"},{"name":"02 Every Tongue Shall Confess_spectrogram.png","source":"derivative","format":"Spectrogram","original":"02 Every Tongue Shall Confess.mp3","mtime":"1744342924","size":"275680","md5":"478878e7e648f65bed6b1d3908640473","crc32":"24b4318e","sha1":"1e838916ea715cc2029645f9276c112249a14d3f"},{"name":"03 I Can Hear Them Singing Over There.mp3","source":"original","mtime":"1744342338","size":"3472000","md5":"025d64589756ff4ed5ee16bc0e24e957","crc32":"299a33a0","sha1":"33dc29a8dc39320b7f6581ee87c0708037f1589a","format":"VBR MP3","length":"143.91","title":"I Can Hear Them Singing Over There","creator":"The Evans Family","album":"Country Gospel Singing","track":"3","artist":"The Evans Family","genre":"Gospel"},{"name":"03 I Can Hear Them Singing Over There.png","source":"derivative","format":"PNG","original":"03 I Can Hear Them Singing Over There.mp3","mtime":"1744342793","size":"37387","md5":"ae9bd1d7cb23b89abd694a99789c9a45","crc32":"a800262e","sha1":"92792a28e492615136ebd7ad1fd229677ac109f2"},{"name":"03 I Can Hear Them Singing Over There_spectrogram.png","source":"derivative","format":"Spectrogram","original":"03 I Can Hear Them Singing Over There.mp3","mtime":"1744342938","size":"275295","md5":"a6e2640d6ef3a8dd13b7e07faf7d065a","crc32":"cc95eb52","sha1":"89c1b3b2a4671703fab84bfbb62e940ef5ff512a"},{"name":"04 Led By The Masters Hand.mp3","source":"original","mtime":"1744342341","size":"3357261","md5":"299999ca42f6d7fc3c7482e9f6b44ac5","crc32":"f203f9c3","sha1":"75fa71a0b4a180d2704b6c1461c5fb133c40ade9","format":"VBR MP3","length":"139.13","title":"Led By The Master's Hand","creator":"The Evans Family","album":"Country Gospel Singing","track":"4","artist":"The Evans Family","genre":"Gospel"},{"name":"04 Led By The Masters Hand.png","source":"derivative","format":"PNG","original":"04 Led By The Masters Hand.mp3","mtime":"1744342893","size":"38159","md5":"8bb302263b1cb2233b3c336065176502","crc32":"23569f7c","sha1":"42f5259579c80cceea35d898b20b5d4802e709ae"},{"name":"04 Led By The Masters Hand_spectrogram.png","source":"derivative","format":"Spectrogram","original":"04 Led By The Masters Hand.mp3","mtime":"1744342953","size":"275315","md5":"e2d94ee5556f73b2df3378c6c4aa0464","crc32":"d8e63671","sha1":"674f3a13f54bd691383613c56615c5488ead8e9a"},{"name":"05 Its Really Surprising.mp3","source":"original","mtime":"1744342345","size":"2669507","md5":"20aa34c917380d008d7282cd713558ef","crc32":"19725793","sha1":"d1525ba59d1da2fb1c74b6b483f65cbb0f73f872","format":"VBR MP3","length":"110.47","title":"It's Really Surprising","creator":"The Evans Family","album":"Country Gospel Singing","track":"5","artist":"The Evans Family","genre":"Gospel"},{"name":"05 Its Really Surprising.png","source":"derivative","format":"PNG","original":"05 Its Really Surprising.mp3","mtime":"1744342719","size":"37868","md5":"3a266214ae5ce1028a8a3c79b1818654","crc32":"21c16119","sha1":"5876f27c8d6f9688f0b64e5147cc9481233294b2"},{"name":"05 Its Really Surprising_spectrogram.png","source":"derivative","format":"Spectrogram","original":"05 Its Really Surprising.mp3","mtime":"1744342968","size":"280520","md5":"8dc6d88f503734355e70c912386fcc66","crc32":"392ba2ea","sha1":"b448e2a733dfeac0daf6823e26cfb26c3b6b37b0"},{"name":"06 Lord I Need A Helping Hand.mp3","source":"original","mtime":"1744342264","size":"3781074","md5":"b7bcae206ba9c176e7c40fa2a10686f0","crc32":"f1124402","sha1":"7d7a60ff7be5c7c854a80d1e52aefecf3a9e4a34","format":"VBR MP3","length":"156.79","title":"Lord, I Need A Helping Hand","creator":"The Evans Family","album":"Country Gospel Singing","track":"6","artist":"The Evans Family","genre":"Gospel"},{"name":"06 Lord I Need A Helping Hand.png","source":"derivative","format":"PNG","original":"06 Lord I Need A Helping Hand.mp3","mtime":"1744342662","size":"35033","md5":"4573d53450f7bd0d4a451ff18a800908","crc32":"97dfa953","sha1":"a72836c7463933e8a0c096143c48e1375ae6bd82"},{"name":"06 Lord I Need A Helping Hand_spectrogram.png","source":"derivative","format":"Spectrogram","original":"06 Lord I Need A Helping Hand.mp3","mtime":"1744342987","size":"274565","md5":"77eecdf0258239b795f09f1ccf8afe17","crc32":"271d144e","sha1":"9730c1427338eed5b1d765faeddaf5b5cbae005b"},{"name":"07 Its Me Again Lord.mp3","source":"original","mtime":"1744342288","size":"4390458","md5":"b30f3c180f8300a4b8929f53f50ea61f","crc32":"454f6b3e","sha1":"f75fab37d99475a72d6598368b01002ff54c0118","format":"VBR MP3","length":"182.18","title":"It's Me Again Lord","creator":"Jerry And Judie Whitener","album":"Country Gospel Singing","track":"7","artist":"Jerry And Judie Whitener","genre":"Gospel"},{"name":"07 Its Me Again Lord.png","source":"derivative","format":"PNG","original":"07 Its Me Again Lord.mp3","mtime":"1744342594","size":"26477","md5":"27e0b08b1c7c20a572904bb8af3d990f","crc32":"d2909b8f","sha1":"4e3a4d7037ba02a2138bb15c05ff3b7a000623c0"},{"name":"07 Its Me Again Lord_spectrogram.png","source":"derivative","format":"Spectrogram","original":"07 Its Me Again Lord.mp3","mtime":"1744342910","size":"271487","md5":"c0e34214b89879304a8945b3de588917","crc32":"320cac66","sha1":"727652d309df476d2518f5d50d7104613f74adbc"},{"name":"08 Where Would I be Without The Lord.mp3","source":"original","mtime":"1744342292","size":"2917790","md5":"83d1f71c04acdb5578df0bf9c23b3296","crc32":"ea4b25bd","sha1":"6d2da94854aa98882b54bc8f916e6cc022e12e70","format":"VBR MP3","length":"120.82","title":"Where Would I Be Without Jesus","creator":"Jerry And Judie Whitener","album":"Country Gospel Singing","track":"8","artist":"Jerry And Judie Whitener","genre":"Gospel"},{"name":"08 Where Would I be Without The Lord.png","source":"derivative","format":"PNG","original":"08 Where Would I be Without The Lord.mp3","mtime":"1744342613","size":"40753","md5":"f0d2768c8bb2279b856346d42fd1915b","crc32":"bbac23b2","sha1":"d02852e095f1ae3795f5f7a7dd23229136239133"},{"name":"08 Where Would I be Without The Lord_spectrogram.png","source":"derivative","format":"Spectrogram","original":"08 Where Would I be Without The Lord.mp3","mtime":"1744343042","size":"278910","md5":"6dea28503b7ad44ca1fdda4eedad76fc","crc32":"472a161a","sha1":"b52b6e96467ae143405f0c776c1f275c36b89531"},{"name":"09 Im On The Battlefield.mp3","source":"original","mtime":"1744342301","size":"2213089","md5":"66d26d345382eff5b2b86856da1bb354","crc32":"0b3f8c0d","sha1":"f3371968bce99b01229acd3ad172e4a372938e0e","format":"VBR MP3","length":"91.45","title":"I'm On The Battlefield","creator":"Red Smiley","album":"Country Gospel Singing","track":"9","artist":"Red Smiley","genre":"Gospel"},{"name":"09 Im On The Battlefield.png","source":"derivative","format":"PNG","original":"09 Im On The Battlefield.mp3","mtime":"1744342830","size":"38380","md5":"7a4835662525b3a5b033e275d040694f","crc32":"bdbbb4ac","sha1":"6efdb1fb996580fcf055a7991c7441e086b542d0"},{"name":"09 Im On The Battlefield_spectrogram.png","source":"derivative","format":"Spectrogram","original":"09 Im On The Battlefield.mp3","mtime":"1744343018","size":"278629","md5":"feae33e0b3ee3048c20468db84c378e9","crc32":"b0dabe0a","sha1":"8880d7c7aa30b573bd06326a34433e5a469d0e50"},{"name":"10 That Old Time Preacher Man.mp3","source":"original","mtime":"1744342303","size":"2340363","md5":"62bc7fc815c78dd990cb9704cf8957b7","crc32":"7912b4a2","sha1":"d3a910298375b7855099cebe563bf78911cce767","format":"VBR MP3","length":"96.76","title":"That Old Time Preacher Man","creator":"Red Smiley","album":"Country Gospel Singing","track":"10","artist":"Red Smiley","genre":"Gospel"},{"name":"10 That Old Time Preacher Man.png","source":"derivative","format":"PNG","original":"10 That Old Time Preacher Man.mp3","mtime":"1744342544","size":"40308","md5":"f05d830262e70583b5718e7b292a3661","crc32":"04fd9538","sha1":"d1516057f310a4ab44d6584fe06df99112ffd6b5"},{"name":"10 That Old Time Preacher Man_spectrogram.png","source":"derivative","format":"Spectrogram","original":"10 That Old Time Preacher Man.mp3","mtime":"1744343029","size":"282640","md5":"16227a41a8f49a607fea1551524dc25a","crc32":"98597743","sha1":"d1fa01a94c1cbac173ca318c89be138f35f952dc"},{"name":"11 Jesus.mp3","source":"original","mtime":"1744342306","size":"5441808","md5":"8263b658fd6425e24c5af60ef5b745a9","crc32":"20689da4","sha1":"199903dba22601a8609f57bb5e7beb38c276cd17","format":"VBR MP3","length":"225.99","title":"Jesus","creator":"O.C. Jones","album":"Country Gospel Singing","track":"11","artist":"O.C. Jones","genre":"Gospel"},{"name":"11 Jesus.png","source":"derivative","format":"PNG","original":"11 Jesus.mp3","mtime":"1744342743","size":"38769","md5":"f83ba147cde216a312f698b9ee227592","crc32":"65b008b2","sha1":"9b9a5330575326f493f4f0f906ccb741c147de7d"},{"name":"11 Jesus_spectrogram.png","source":"derivative","format":"Spectrogram","original":"11 Jesus.mp3","mtime":"1744343002","size":"273035","md5":"e54fcadc5e513345d4e46a1a7d841baa","crc32":"99dfdeeb","sha1":"d2e1847bcc8dfdd61f1ea23d775fe684f072ec25"},{"name":"11-jesus_202504_archive.torrent","source":"metadata","btih":"34a696903fd9e82f2a2b6dcb6706efd513bfe624","mtime":"1758517691","size":"11922","md5":"721f0fe074c99eac91ea88e8769f3fd1","crc32":"b6c880f4","sha1":"acb2ffb6a06f0aaa6d307a6ef7d17c75893a8d87","format":"Archive BitTorrent"},{"name":"11-jesus_202504_files.xml","source":"original","format":"Metadata","md5":"39073baa7c7f32b1b66ed9a022639637","summation":"md5"},{"name":"11-jesus_202504_meta.sqlite","source":"original","mtime":"1744342351","size":"53248","md5":"9bd19a5d5b9c41a951160453781e5be6","crc32":"b97b9ae4","sha1":"8db77ddda7bb076404781f6caef5ca6ef5a4c7b2","format":"Metadata"},{"name":"11-jesus_202504_meta.xml","source":"original","mtime":"1758517689","size":"1674","md5":"f7c226d14b432bdf802b36481f960400","crc32":"d6fbb874","sha1":"c40f6371b0840c4c484ce5295f12d7c5c0ceb168","format":"Metadata"},{"name":"12 Where Will You Spend Eternity.mp3","source":"original","mtime":"1744342309","size":"2788011","md5":"8a78edbc65aee85b06031954fbad03ff","crc32":"6a33a65e","sha1":"40ca2abdc77412f00ba8ec9a20753e5a4bd1eac5","format":"VBR MP3","length":"115.41","title":"Where Will You Spend Eternity","creator":"The Brewster Brothers","album":"Country Gospel Singing","track":"12","artist":"The Brewster Brothers","genre":"Gospel"},{"name":"12 Where Will You Spend Eternity.png","source":"derivative","format":"PNG","original":"12 Where Will You Spend Eternity.mp3","mtime":"1744342700","size":"39770","md5":"221fd224fe2f2c54ee6f5d21f1ac99de","crc32":"ccd1427e","sha1":"aaa2971b90a357f1986bf0d03fa8381bd0f2bb7e"},{"name":"12 Where Will You Spend Eternity_spectrogram.png","source":"derivative","format":"Spectrogram","original":"12 Where Will You Spend Eternity.mp3","mtime":"1744343087","size":"278800","md5":"d0f094adecf532e1159770344168951a","crc32":"8cc52d24","sha1":"3528b9a1c4530faba2006e41086b732ee5a81021"},{"name":"13 Come Spring.mp3","source":"original","mtime":"1744342319","size":"4961582","md5":"2dc5ec61187863d2c93e99f90a7bfbcf","crc32":"4380bc23","sha1":"960b434ef152d6ad53efdb0af331897199fcd465","format":"VBR MP3","length":"205.98","title":"Come Spring","creator":"Darrel Friend","album":"Country Gospel Singing","track":"13","artist":"Darrel Friend","genre":"Gospel"},{"name":"13 Come Spring.png","source":"derivative","format":"PNG","original":"13 Come Spring.mp3","mtime":"1744342768","size":"38924","md5":"0a78622c75c2513ad5f223c3d40ad929","crc32":"af99f5a4","sha1":"d9a7a136c0a68175e8997094fb7cc62d89e3a2ac"},{"name":"13 Come Spring_spectrogram.png","source":"derivative","format":"Spectrogram","original":"13 Come Spring.mp3","mtime":"1744343075","size":"268422","md5":"eadd8494010495fd18f665778d6113cd","crc32":"10f289da","sha1":"0c963ff2cd48d726487ed8fb1ec189d0b7f785e1"},{"name":"14 I Came Here To Stay.mp3","source":"original","mtime":"1744342329","size":"3433740","md5":"050c57ef76cb81b43fb563fec4dc9cbd","crc32":"3eb347da","sha1":"9c450dc9b553ffa1df5614ca0e5091e7ff34ffc0","format":"VBR MP3","length":"142.32","title":"I Came Here To Stay","creator":"Dwayne Friend","album":"Country Gospel Singing","track":"14","artist":"Dwayne Friend","genre":"Gospel"},{"name":"14 I Came Here To Stay.png","source":"derivative","format":"PNG","original":"14 I Came Here To Stay.mp3","mtime":"1744342875","size":"39553","md5":"57eef40a7aa04279fc16272d6452912d","crc32":"f259385a","sha1":"308095fcb11957f43196beb83cbb507efeaa6c4c"},{"name":"14 I Came Here To Stay_spectrogram.png","source":"derivative","format":"Spectrogram","original":"14 I Came Here To Stay.mp3","mtime":"1744343061","size":"270410","md5":"c03ffa79c4919a0b8ca7389928f1b1a7","crc32":"bea358d5","sha1":"aff75b27581e00ed93b5356ccfb7ab6e8a4e0cbd"},{"name":"__ia_thumb.jpg","source":"original","mtime":"1744342389","size":"13585","md5":"bb71186b17c76f4a06712af0fe6e648b","crc32":"ad48cf98","sha1":"406d765cf78296c4dcea68f03646ba454f90f6f7","format":"Item Tile"},{"name":"cgscs.JPG","source":"original","mtime":"1744342330","size":"31825","md5":"c2f54517e0929d4ad3ae6fb85392fc29","crc32":"43358efb","sha1":"c9e67b176da686452456d2f54f0662e436b6d505","format":"JPEG"},{"name":"cgscs_thumb.jpg","source":"derivative","format":"JPEG Thumb","original":"cgscs.JPG","mtime":"1744342531","size":"9453","md5":"f625c51ba18390177bd32d93decf9cc3","crc32":"b400ac73","sha1":"632c94c279907075c9a2151bde521fffa52367ce"}],"files_count":49,"item_last_updated":1758517691,"item_size":52166295,"metadata":{"identifier":"11-jesus_202504","mediatype":"audio","collection":["hifidelity_potpourri","hifidelity"],"description":"  Along with old-time, Country Gospel is the oldest genre in country music. Though it somewhat changed with the times, country gospel remained the most simple and straightforward of all country subgenres. The sound of country gospel is similar to traditional country -- the only difference is, the subject matter is religious, not secular. Like traditional country, the sound of country gospel became smoother and more pop-oriented as the decades progressed, and by the early '70s, it became nearly indistinguishable from the lush sounds of mainstream pop. That trend continued throughout the rest of the '70s and '80s, and by the '90s, contemporary country gospel sounded identical to the adult contemporary inclinations of CCM. Nevertheless, that music was never widely recognized as country gospel, which will always be identified with its simple arrangements, small vocal choirs, and twangy instrumentation.","scanner":"Internet Archive HTML5 Uploader 1.7.0","subject":"Various Artists","title":"Country Gospel Singing","uploader":"stevehanna55@gmail.com","publicdate":"2025-04-11 03:31:28","addeddate":"2025-04-11 03:31:28","curation":"[curator]validator@archive.org[/curator][date]20250411033436[/date][comment]checked for malware[/comment]","creator":"Various Artists","date":"1976","collection_added":"hifidelity"},"server":"ia600706.us.archive.org","uniq":320835427,"workable_servers":["ia600706.us.archive.org","ia800706.us.archive.org"]}