{"alternate_locations":{"servers":[{"server":"dn721803.ca.archive.org","dir":"/0/items/12-life-goes-on"}],"workable":[{"server":"dn721803.ca.archive.org","dir":"/0/items/12-life-goes-on"}]},"created":1767564943,"d1":"ia601502.us.archive.org","d2":"ia801502.us.archive.org","dir":"/7/items/12-life-goes-on","files":[{"name":"01 - (There's A) New Dawn.mp3","source":"original","mtime":"1671721900","size":"9705086","md5":"ef9cbdbcb8b65ba6aed376f9f7e74158","crc32":"ff27f1e7","sha1":"3a6dab06ef7eb695e7e6db3652fd39e54a870344","format":"VBR MP3","length":"239.52","creator":"The New Dawn","album":"There's A New Dawn","track":"1","artist":"The New Dawn","genre":"Psychedelic Rock","comment":"by frank cappa psych marine"},{"name":"01 - (There's A) New Dawn.png","source":"derivative","format":"PNG","original":"01 - (There's A) New Dawn.mp3","mtime":"1671722937","size":"39256","md5":"85692195b05ba63357bbecd8d513f70e","crc32":"7162869e","sha1":"e58c1c931d6de32f37cf41d576aab2aa973fa33b"},{"name":"01 - (There's A) New Dawn_spectrogram.png","source":"derivative","format":"Spectrogram","original":"01 - (There's A) New Dawn.mp3","mtime":"1671728913","size":"285735","md5":"3789d3243916b5e371a3bd8461ddcc0e","crc32":"5073a052","sha1":"c91feabbe549e9a44afd2ee33b271221d40c391b"},{"name":"02 - I See A Day.mp3","source":"original","mtime":"1671721939","size":"9908841","md5":"0d847d3b48fbdd76762addf68a72d251","crc32":"ede5be29","sha1":"6eb022a26f619bc17204e85b3fb9512a5a338397","format":"VBR MP3","length":"244.61","creator":"The New Dawn","album":"There's A New Dawn","track":"2","artist":"The New Dawn","genre":"Psychedelic Rock","comment":"by frank cappa psych marine"},{"name":"02 - I See A Day.png","source":"derivative","format":"PNG","original":"02 - I See A Day.mp3","mtime":"1671724376","size":"37478","md5":"0002d9d6d6c40fbd13f28eef1220e011","crc32":"48604abf","sha1":"a6df51bf730df7660242a00147bfef3a452897b4"},{"name":"02 - I See A Day_spectrogram.png","source":"derivative","format":"Spectrogram","original":"02 - I See A Day.mp3","mtime":"1671725565","size":"277237","md5":"2deb2443b87aa2120ac7c030a1fa8353","crc32":"b97e1f8d","sha1":"6b7d4a4784aea377588859a5d7e62b4d65f1a241"},{"name":"03 - It's Time.mp3","source":"original","mtime":"1671721942","size":"6773102","md5":"2045e8c9db6c59a7c7cc8890925abcac","crc32":"6efd0225","sha1":"fa86c5834e999c74a1f66627f026f5a160654484","format":"VBR MP3","length":"166.22","creator":"The New Dawn","album":"There's A New Dawn","track":"3","artist":"The New Dawn","genre":"Psychedelic Rock","comment":"by frank cappa psych marine"},{"name":"03 - It's Time.png","source":"derivative","format":"PNG","original":"03 - It's Time.mp3","mtime":"1671724522","size":"41804","md5":"0936e084175e1130a1dcf7457aafac37","crc32":"f3328782","sha1":"32a0afbdc6bcd375519ec5f4912719fa6cd05bf9"},{"name":"03 - It's Time_spectrogram.png","source":"derivative","format":"Spectrogram","original":"03 - It's Time.mp3","mtime":"1671726012","size":"267502","md5":"d041cfe135a3a2d91a80a964d2c9d71e","crc32":"3211a188","sha1":"97a750f99349ef5ab28ab679e1f5618828665de9"},{"name":"04 - It's Rainin'.mp3","source":"original","mtime":"1671721945","size":"7999813","md5":"b3f6b13755601c01f3782c79b00bff3c","crc32":"b4801a7f","sha1":"c5bdc7fcbfd16efbd44f84d7405db727ed757bd9","format":"VBR MP3","length":"196.88","creator":"The New Dawn","album":"There's A New Dawn","track":"4","artist":"The New Dawn","genre":"Psychedelic Rock","comment":"by frank cappa psych marine"},{"name":"04 - It's Rainin'.png","source":"derivative","format":"PNG","original":"04 - It's Rainin'.mp3","mtime":"1671725325","size":"41286","md5":"2db9bd6a18aecb369b75a7f53d15af9c","crc32":"09346563","sha1":"79cd5a5114816a4215d1ab82b4b9f43f1e557866"},{"name":"04 - It's Rainin'_spectrogram.png","source":"derivative","format":"Spectrogram","original":"04 - It's Rainin'.mp3","mtime":"1671726525","size":"277480","md5":"38a5edbf9e5bb9c9b29887804b89ef25","crc32":"58df32aa","sha1":"ddd1c59d32427f4c565095ea2deec9a7bbeeb289"},{"name":"05 - Hear Me Cryin'.mp3","source":"original","mtime":"1671721949","size":"8665413","md5":"e07a255bb0b7b882f91896e1864ddb00","crc32":"835c0570","sha1":"d081c3fc4ea80bddeb35f4fb3d060661e2536c34","format":"VBR MP3","length":"213.52","creator":"The New Dawn","album":"There's A New Dawn","track":"5","artist":"The New Dawn","genre":"Psychedelic Rock","comment":"by frank cappa psych marine"},{"name":"05 - Hear Me Cryin'.png","source":"derivative","format":"PNG","original":"05 - Hear Me Cryin'.mp3","mtime":"1671724781","size":"40778","md5":"de8e10cf0253f2c79aa53f5b7b2433ca","crc32":"91a25b0b","sha1":"f1732aeb75ad8e32ba171ac7f9f15376b8ef98c7"},{"name":"05 - Hear Me Cryin'_spectrogram.png","source":"derivative","format":"Spectrogram","original":"05 - Hear Me Cryin'.mp3","mtime":"1671726223","size":"274639","md5":"a62f1eb90a7e550680be3853b74b2640","crc32":"06d9e113","sha1":"64e70d30774b76c2587a6aa49b399f2951948a66"},{"name":"06 - Dark Thoughts.mp3","source":"original","mtime":"1671721952","size":"7353021","md5":"0f348b2056c0be45aa4202891dc7a306","crc32":"e2b71a87","sha1":"03d593c48302481a33c52bfa55537d9df4e97902","format":"VBR MP3","length":"180.72","creator":"The New Dawn","album":"There's A New Dawn","track":"6","artist":"The New Dawn","genre":"Psychedelic Rock","comment":"by frank cappa psych marine"},{"name":"06 - Dark Thoughts.png","source":"derivative","format":"PNG","original":"06 - Dark Thoughts.mp3","mtime":"1671723582","size":"43660","md5":"bcbb3a58ca2766264a74bede442e2da6","crc32":"ace7e73d","sha1":"b28f90a2f7fd656a83e46681d2b9cff0405f930b"},{"name":"06 - Dark Thoughts_spectrogram.png","source":"derivative","format":"Spectrogram","original":"06 - Dark Thoughts.mp3","mtime":"1671726830","size":"276645","md5":"ea918cc5f7171959a7ee5a94edcb5b7b","crc32":"fc526003","sha1":"611d87f8f3b89ee4b9c5e20d81b23c04ef2decd8"},{"name":"07 - Proud Man.mp3","source":"original","mtime":"1671721955","size":"8374931","md5":"9d048f8b56f37d1503d65a33305d3c5e","crc32":"bd6d5ba0","sha1":"bcf6e11ebc0dfbdfa0834e369199ac8ad30b174c","format":"VBR MP3","length":"206.26","creator":"The New Dawn","album":"There's A New Dawn","track":"7","artist":"The New Dawn","genre":"Psychedelic Rock","comment":"by frank cappa psych marine"},{"name":"07 - Proud Man.png","source":"derivative","format":"PNG","original":"07 - Proud Man.mp3","mtime":"1671722443","size":"44117","md5":"63264269cdb0172ce11d38dc12b548df","crc32":"410db6f3","sha1":"ec44e0b5df4f954c48a4d10fb984f90e30efa1ba"},{"name":"07 - Proud Man_spectrogram.png","source":"derivative","format":"Spectrogram","original":"07 - Proud Man.mp3","mtime":"1671727103","size":"281468","md5":"1b155cfd0f4d693fbb9a735790d6c2fe","crc32":"6de11d9a","sha1":"8692e6c960e046797f6ad60e986760c845dff4a3"},{"name":"08 - Billy Come Lately.mp3","source":"original","mtime":"1671721959","size":"6397984","md5":"f35656be9927bfd4f7d310cbddfe1ecf","crc32":"785679b6","sha1":"a7d300291d4bc2ab4cd74b4630c1c5e897ea017e","format":"VBR MP3","length":"156.84","creator":"The New Dawn","album":"There's A New Dawn","track":"8","artist":"The New Dawn","genre":"Psychedelic Rock","comment":"by frank cappa psych marine"},{"name":"08 - Billy Come Lately.png","source":"derivative","format":"PNG","original":"08 - Billy Come Lately.mp3","mtime":"1671723325","size":"40393","md5":"0f21033c8b9606361f90702135fc2879","crc32":"f30d4dd3","sha1":"d2db1c1784fd607bfbe09427a6609f33865254f3"},{"name":"08 - Billy Come Lately_spectrogram.png","source":"derivative","format":"Spectrogram","original":"08 - Billy Come Lately.mp3","mtime":"1671727318","size":"284672","md5":"c99cd057bb19c9dbcdb5fe583b82192d","crc32":"e720c260","sha1":"9e93b3f42eaa37f500c1114645cb97f6d13529a6"},{"name":"09 - We'll Fall In Love.mp3","source":"original","mtime":"1671721962","size":"9073968","md5":"bad0893b589336fa023e84ff4c961381","crc32":"46a05f5b","sha1":"e29d7161956743cdb08946343fb420eef8bbe7d6","format":"VBR MP3","length":"223.74","creator":"The New Dawn","album":"There's A New Dawn","track":"9","artist":"The New Dawn","genre":"Psychedelic Rock","comment":"by frank cappa psych marine"},{"name":"09 - We'll Fall In Love.png","source":"derivative","format":"PNG","original":"09 - We'll Fall In Love.mp3","mtime":"1671723137","size":"41982","md5":"4c8a49bd1cb2b9f6b9d9a81416012cc0","crc32":"4a843e27","sha1":"51d5c2b97e8bb8c940f2191e80acb3cb9b2d0ad3"},{"name":"09 - We'll Fall In Love_spectrogram.png","source":"derivative","format":"Spectrogram","original":"09 - We'll Fall In Love.mp3","mtime":"1671727908","size":"278767","md5":"85ed10daad5dc29cfea4abc6333c3d4b","crc32":"5cbce227","sha1":"6397a18f8cac8876d281f756fea1ed0347536af9"},{"name":"10 - You.mp3","source":"original","mtime":"1671721966","size":"8017576","md5":"a924657a80f43da34e6325778a77dca5","crc32":"0c06f885","sha1":"9aee6b50ddabc0c269e2af1391ad94feddfee7a1","format":"VBR MP3","length":"197.33","creator":"The New Dawn","album":"There's A New Dawn","track":"10","artist":"The New Dawn","genre":"Psychedelic Rock","comment":"by frank cappa psych marine"},{"name":"10 - You.png","source":"derivative","format":"PNG","original":"10 - You.mp3","mtime":"1671723972","size":"41973","md5":"de3a5fd706ca9767ef568f4211e7dc04","crc32":"e2716102","sha1":"bab1064bbfa38a5ccc27ffaae7c53f8b82234b4f"},{"name":"10 - You_spectrogram.png","source":"derivative","format":"Spectrogram","original":"10 - You.mp3","mtime":"1671728026","size":"268616","md5":"03ccbe49abb9e9b9489f2a57dc4915d8","crc32":"5819bea6","sha1":"a21e33554c7a45e8e1aa3f7a38b05910361be35d"},{"name":"11 - Last Mornin'.mp3","source":"original","mtime":"1671721969","size":"9262049","md5":"7850765b4439cb69c83a3da252306925","crc32":"c2fcf16a","sha1":"387338c88e1fc399c77e40b2588bec7be055f9e6","format":"VBR MP3","length":"228.44","creator":"The New Dawn","album":"There's A New Dawn","track":"11","artist":"The New Dawn","genre":"Psychedelic Rock","comment":"by frank cappa psych marine"},{"name":"11 - Last Mornin'.png","source":"derivative","format":"PNG","original":"11 - Last Mornin'.mp3","mtime":"1671725104","size":"38062","md5":"c7b4ab891d7d24146a1df45a39145d05","crc32":"f9a94f91","sha1":"ea51207adb210dd6e653db3aeb25a72226897809"},{"name":"11 - Last Mornin'_spectrogram.png","source":"derivative","format":"Spectrogram","original":"11 - Last Mornin'.mp3","mtime":"1671728300","size":"286718","md5":"97e1fdbe634efbd90c55aca29735712a","crc32":"64a22d68","sha1":"af30c19381ac34bd1567b1dde2744e46977295e2"},{"name":"12 - Life Goes On.mp3","source":"original","mtime":"1671721978","size":"10659078","md5":"aad88f49f003f9b81784d3b0744b5c2e","crc32":"24faddf8","sha1":"2819f913909d2b3364bba449387bdda62bcfefdd","format":"VBR MP3","length":"263.37","creator":"The New Dawn","album":"There's A New Dawn","track":"12","artist":"The New Dawn","genre":"Psychedelic Rock","comment":"by frank cappa psych marine"},{"name":"12 - Life Goes On.png","source":"derivative","format":"PNG","original":"12 - Life Goes On.mp3","mtime":"1671724175","size":"43195","md5":"938ce81cea48fc884615ae57e132c9a1","crc32":"ee14642b","sha1":"9827d9ac6635ae52d51eed38326161816cc98161"},{"name":"12 - Life Goes On_spectrogram.png","source":"derivative","format":"Spectrogram","original":"12 - Life Goes On.mp3","mtime":"1671728723","size":"271690","md5":"7c1b4ead53c390e6f15945138e99696c","crc32":"4d42815e","sha1":"265b22ed0ed3f36ae04adf1ea9dcd8fe17a9124a"},{"name":"12-life-goes-on_archive.torrent","source":"metadata","btih":"991264ca759f321961155111110cadf5134ab3e7","mtime":"1671721934","size":"2019","md5":"9f6f7bc6cd5afed2d7c9553bf4aafbf1","crc32":"ed1937d8","sha1":"872f1927871ff534684d4307717711db44a76ed7","format":"Archive BitTorrent"},{"name":"12-life-goes-on_files.xml","source":"original","format":"Metadata","md5":"57705ca95e29058f86e221c9c3d587d7","summation":"md5"},{"name":"12-life-goes-on_meta.sqlite","source":"original","mtime":"1671722001","size":"57344","md5":"b356e33d93da2ac9ea9a2259836d1e62","crc32":"3bbcc569","sha1":"32458e06b2636db86adb2d6f5675f3d4b953268d","format":"Metadata"},{"name":"12-life-goes-on_meta.xml","source":"original","mtime":"1682240697","size":"946","md5":"2a44910d0be2d281319a573d87440d6c","crc32":"491e0967","sha1":"1750e097687c9e56788d0006170c7a56539e20c0","format":"Metadata"},{"name":"55756410.jpg","source":"original","mtime":"1671721982","size":"1173330","md5":"2be9f058d68bd2a129931bf53a41d01c","crc32":"06fd7a48","sha1":"36d6515713503f78bb988389097ecfbe7433ee54","format":"JPEG","rotation":"0"},{"name":"55756410_thumb.jpg","source":"derivative","format":"JPEG Thumb","original":"55756410.jpg","mtime":"1671722200","size":"9891","md5":"d3ee682d684f98e4bf830e6b8f004994","crc32":"c0372650","sha1":"5bb5a8da8d35dd14dca532f9bdabe7d323791e6b"},{"name":"Back.jpg","source":"original","mtime":"1671721984","size":"39028","md5":"f812993a063d33be86dab7ee3389ff6a","crc32":"3b05fe08","sha1":"2497aca11d70b348b329988b4d5eb542b34cdb88","format":"JPEG","rotation":"0"},{"name":"Back_thumb.jpg","source":"derivative","format":"JPEG Thumb","original":"Back.jpg","mtime":"1671722196","size":"8990","md5":"ff295e65e09ae2d2fd87de71784836bf","crc32":"8f85bd27","sha1":"d177cc6d9a90a7fd1e9a5435b62a133e5a30186f"},{"name":"Front.jpg","source":"original","mtime":"1671721989","size":"159206","md5":"a1bd9e46055c4d04194058fa457dbb13","crc32":"29853941","sha1":"925b1f726db3c381543356efe2dcada0711eb14a","format":"JPEG","rotation":"0"},{"name":"Front_thumb.jpg","source":"derivative","format":"JPEG Thumb","original":"Front.jpg","mtime":"1671722191","size":"7347","md5":"9211fadd11f7443cbd45cd854d391139","crc32":"f715ed35","sha1":"43f79ff0311412a46c7ac9e4acc292cd41a57bd3"},{"name":"Inside.jpg","source":"original","mtime":"1671721992","size":"48276","md5":"70571445879d1ed87b0ecd220ff508b9","crc32":"9df2aedd","sha1":"d7dc9630fbdc1e0621092e2e72a6f16a8b63caa5","format":"JPEG","rotation":"0"},{"name":"Inside_thumb.jpg","source":"derivative","format":"JPEG Thumb","original":"Inside.jpg","mtime":"1671722188","size":"6337","md5":"5e7a1f5a54df24c1f24aa8f6db78d521","crc32":"cf444882","sha1":"35ae66be8c230ebcbe2f9f1adbff4e4b52fc1d5a"},{"name":"__ia_thumb.jpg","source":"original","mtime":"1671722009","size":"14348","md5":"bb224cf5da47310d82d2c08178571f8b","crc32":"e9fbb650","sha1":"f6124c2210006964a2f7149678c7d99c1ad9b8e6","format":"Item Tile","rotation":"0"},{"name":"folder.jpg","source":"original","mtime":"1671721987","size":"120814","md5":"b8d6772b32c0bb974133347324f91a4f","crc32":"cc9481c7","sha1":"f6e79561ebe65ffba59be8ba2812f57f76325558","format":"JPEG","rotation":"0"},{"name":"folder_thumb.jpg","source":"derivative","format":"JPEG Thumb","original":"folder.jpg","mtime":"1671722195","size":"7409","md5":"69d52023ca3aefeab83e1e293fba0578","crc32":"22858dc9","sha1":"93f26bccec43558d313f0065e9661ac2420a8cd9"},{"name":"the band.jpg","source":"original","mtime":"1671721995","size":"314336","md5":"3257808567e22195d08ca3532eab15a7","crc32":"e5214a34","sha1":"5b5e92675cd557796e70d656cb1482d225f34e35","format":"JPEG","rotation":"0"},{"name":"the band_thumb.jpg","source":"derivative","format":"JPEG Thumb","original":"the band.jpg","mtime":"1671722185","size":"5521","md5":"9d203f2980bf74c2908c2c6c37503a04","crc32":"6ef3b267","sha1":"e7b55040707ca1cf29f2b1f83007afb8036f98e8"}],"files_count":53,"item_last_updated":1682240697,"item_size":107991157,"metadata":{"identifier":"12-life-goes-on","mediatype":"audio","collection":["hifidelity_potpourri","hifidelity"],"creator":"The New Dawn","date":"1970","description":"pissible vietnam veterans band","scanner":"Internet Archive HTML5 Uploader 1.7.0","subject":["USA","Oregon","The New Dawn","psychedelic rock","beat","pop rock","folk rock"],"title":"The New Dawn - there's a new dawn 1070 Oregon US","uploader":"fj.marineveteranm4@gmail.com","publicdate":"2022-12-22 15:12:05","addeddate":"2022-12-22 15:12:05","curation":"[curator]validator@archive.org[/curator][date]20221222151224[/date][comment]checked for malware[/comment]"},"server":"ia601502.us.archive.org","uniq":1016022365,"workable_servers":["ia601502.us.archive.org","ia801502.us.archive.org"]}