{"created":1767564956,"d1":"ia600309.us.archive.org","d2":"ia800309.us.archive.org","dir":"/32/items/1970-paulo-sergio-4","files":[{"name":"01 Você Não Presta.mp3","source":"original","mtime":"1749923173","size":"6862361","md5":"22f02665117cd83866be5eab0d92db0d","crc32":"db463234","sha1":"cc407a92d965eea78f641e4af417c6ec61dd6a38","format":"VBR MP3","length":"165.77","title":"Você Não Presta","creator":"Paulo Sérgio","album":"Paulo Sérgio 4","track":"1","artist":"Paulo Sérgio","genre":"Jovem Guarda"},{"name":"01 Você Não Presta.png","source":"derivative","format":"PNG","original":"01 Você Não Presta.mp3","mtime":"1749923790","size":"41972","md5":"1ea46b886097ad588e3cec8511c256bd","crc32":"36fbcd9b","sha1":"dae95ce7f64c4a88894ebc56aae23c51632cf3f6"},{"name":"01 Você Não Presta_spectrogram.png","source":"derivative","format":"Spectrogram","original":"01 Você Não Presta.mp3","mtime":"1749924119","size":"323298","md5":"9a86cac53055cb65131cd94a189d375f","crc32":"0e278c99","sha1":"b32bca547f297c52a061057803bbfc8181a1573c"},{"name":"02 A Verdede É Diferente.mp3","source":"original","mtime":"1749923266","size":"12233573","md5":"6e6ea48d8acdb89e48f860f5cca3f4a9","crc32":"c5f1b77c","sha1":"96f8ad28003cdb79fe2624a459225b6162cf2a28","format":"VBR MP3","length":"300.05","title":"A Verdede É Diferente","creator":"Paulo Sérgio","album":"Paulo Sérgio 4","track":"2","artist":"Paulo Sérgio","genre":"Jovem Guarda"},{"name":"02 A Verdede É Diferente.png","source":"derivative","format":"PNG","original":"02 A Verdede É Diferente.mp3","mtime":"1749923908","size":"41611","md5":"cdfc7dc84ddb846b42c61fc1cad0e6e5","crc32":"3f88032d","sha1":"f8c9dc7312523ef82ca476e4adb3ebca87a7c662"},{"name":"02 A Verdede É Diferente_spectrogram.png","source":"derivative","format":"Spectrogram","original":"02 A Verdede É Diferente.mp3","mtime":"1749923961","size":"318246","md5":"a5de18411d66a92bbbab97981287d63b","crc32":"3a8e0194","sha1":"d709621109e8698b870efaae4209a9afc067715c"},{"name":"03 Não Creio Em Mais Nada.mp3","source":"original","mtime":"1749923283","size":"5821735","md5":"d3b1c1cad4c992219c2a3f22a06f720d","crc32":"239ad1e5","sha1":"344379c6bf1b4a87b5c99a6b8fddbe983f564a36","format":"VBR MP3","length":"139.75","title":"Não Creio Em Mais Nada","creator":"Paulo Sérgio","album":"Paulo Sérgio 4","track":"3","artist":"Paulo Sérgio","genre":"Jovem Guarda"},{"name":"03 Não Creio Em Mais Nada.png","source":"derivative","format":"PNG","original":"03 Não Creio Em Mais Nada.mp3","mtime":"1749923893","size":"40590","md5":"db7852280ea1cd0994e167ac624698d0","crc32":"7338056f","sha1":"57b3035f243cc4f193c137a90c16e07166b1b160"},{"name":"03 Não Creio Em Mais Nada_spectrogram.png","source":"derivative","format":"Spectrogram","original":"03 Não Creio Em Mais Nada.mp3","mtime":"1749923976","size":"327923","md5":"e60e461099d20298d96703c1f360977d","crc32":"cb977235","sha1":"aed0d26a3ffd72a51ec7c4c8a86c323a835958d6"},{"name":"04 Eu Não Sei... Eu Não Sei... Eu Não Sei.mp3","source":"original","mtime":"1749923313","size":"9086727","md5":"22139e989e353f7a93384ab19e85ecbc","crc32":"c851ad61","sha1":"5ae0d202ef642e3ba55a67100abd2300b42959f9","format":"VBR MP3","length":"221.38","title":"Eu Não Sei... Eu Não Sei... Eu Não Sei","creator":"Paulo Sérgio","album":"Paulo Sérgio 4","track":"4","artist":"Paulo Sérgio","genre":"Jovem Guarda"},{"name":"04 Eu Não Sei... Eu Não Sei... Eu Não Sei.png","source":"derivative","format":"PNG","original":"04 Eu Não Sei... Eu Não Sei... Eu Não Sei.mp3","mtime":"1749923852","size":"40058","md5":"b5693b335db12649a902274e7a39e94e","crc32":"5f152779","sha1":"10489b6e79a592d24c7c40a086820cc54e8cac26"},{"name":"04 Eu Não Sei... Eu Não Sei... Eu Não Sei_spectrogram.png","source":"derivative","format":"Spectrogram","original":"04 Eu Não Sei... Eu Não Sei... Eu Não Sei.mp3","mtime":"1749923992","size":"307197","md5":"0909f2d8ecf122818ade37f54f18370b","crc32":"58fc6c7d","sha1":"60276018975fc2297c4b5cc6cd2367c5f56c0566"},{"name":"05 Preciso Acreditar.mp3","source":"original","mtime":"1749923319","size":"8020125","md5":"6e9384dc4800f39a2647179a29ae34d1","crc32":"92f9e5b2","sha1":"ec6824b04f14dee647a7b783ecbcc49c5a69476e","format":"VBR MP3","length":"194.71","title":"Preciso Acreditar","creator":"Paulo Sérgio","album":"Paulo Sérgio 4","track":"5","artist":"Paulo Sérgio","genre":"Jovem Guarda"},{"name":"05 Preciso Acreditar.png","source":"derivative","format":"PNG","original":"05 Preciso Acreditar.mp3","mtime":"1749923928","size":"36947","md5":"0c12be2cb4a0dc5e7163c17bddc72436","crc32":"725284f0","sha1":"6cc336bd513f095adad2f81a27901ad76d3d49e8"},{"name":"05 Preciso Acreditar_spectrogram.png","source":"derivative","format":"Spectrogram","original":"05 Preciso Acreditar.mp3","mtime":"1749924005","size":"322831","md5":"7a9b9c263e303fc0611abe8ed123fcf2","crc32":"fffb03ea","sha1":"850f943c5ef5c9a3df977182626a33e74e65c8d0"},{"name":"06 Não Importa O Que Os Outros Falam.mp3","source":"original","mtime":"1749923336","size":"5720957","md5":"cb312adea6ab1c58e30a2be3903681f5","crc32":"7a2bd475","sha1":"5b817ac64bf3ef9f5c5b61fb35b59865316587ac","format":"VBR MP3","length":"137.23","title":"Não Importa O Que Os Outros Falam","creator":"Paulo Sérgio","album":"Paulo Sérgio 4","track":"6","artist":"Paulo Sérgio","genre":"Jovem Guarda"},{"name":"06 Não Importa O Que Os Outros Falam.png","source":"derivative","format":"PNG","original":"06 Não Importa O Que Os Outros Falam.mp3","mtime":"1749923679","size":"42758","md5":"9985c2b395bd0a534bf59df7a5c234b1","crc32":"4aa9dc40","sha1":"b40e84914afba3dff7d29dcd9828c8755c035701"},{"name":"06 Não Importa O Que Os Outros Falam_spectrogram.png","source":"derivative","format":"Spectrogram","original":"06 Não Importa O Que Os Outros Falam.mp3","mtime":"1749923944","size":"323771","md5":"b9b939d10677f8f8710592e9c8eb05b2","crc32":"8c2c653f","sha1":"fc9ff9ec99f2369b936db9170742afa81581a1e0"},{"name":"07 Eu Quero Ver Você Viver Sem Mim.mp3","source":"original","mtime":"1749923375","size":"7545913","md5":"99a84dab45a1a9d3adeea64c8c2bb2ce","crc32":"b2a8e2a4","sha1":"5d69933c4704af7bbf993f5258089a36534e6d49","format":"VBR MP3","length":"182.86","title":"Eu Quero Ver Você Viver Sem Mim","creator":"Paulo Sérgio","album":"Paulo Sérgio 4","track":"7","artist":"Paulo Sérgio","genre":"Jovem Guarda"},{"name":"07 Eu Quero Ver Você Viver Sem Mim.png","source":"derivative","format":"PNG","original":"07 Eu Quero Ver Você Viver Sem Mim.mp3","mtime":"1749923758","size":"39134","md5":"e6d96cde0b699bdee73eb6a4245a9bf4","crc32":"baef63b4","sha1":"8f830c4bdec7bb96e83a2c4ec1a71c7315ecc1ee"},{"name":"07 Eu Quero Ver Você Viver Sem Mim_spectrogram.png","source":"derivative","format":"Spectrogram","original":"07 Eu Quero Ver Você Viver Sem Mim.mp3","mtime":"1749924028","size":"327474","md5":"7d83fada6db3eb423ed13dc163804d47","crc32":"cd743845","sha1":"bab951604906da525f7df7da754c30a3b8366536"},{"name":"08 Não Precisa Deixar Nada.mp3","source":"original","mtime":"1749923390","size":"6438057","md5":"e001dc46be0947a5dfc072560af274f8","crc32":"367506da","sha1":"c78883a7b98ddd60aef2dcea8b8e799d5d0d05ff","format":"VBR MP3","length":"155.16","title":"Não Precisa Deixar Nada","creator":"Paulo Sérgio","album":"Paulo Sérgio 4","track":"8","artist":"Paulo Sérgio","genre":"Jovem Guarda"},{"name":"08 Não Precisa Deixar Nada.png","source":"derivative","format":"PNG","original":"08 Não Precisa Deixar Nada.mp3","mtime":"1749923732","size":"42294","md5":"402fb45464b793d2b69105ad4b458f9e","crc32":"69db8978","sha1":"da4779d791bb19fcb6ff84804b4f7a75349bd44a"},{"name":"08 Não Precisa Deixar Nada_spectrogram.png","source":"derivative","format":"Spectrogram","original":"08 Não Precisa Deixar Nada.mp3","mtime":"1749924044","size":"316169","md5":"cc060552e03bab3657bad77f2d652de8","crc32":"f6998212","sha1":"ae572222c3185a75f0ccd843f11396990d2ac81f"},{"name":"09 A Procura De Um Novo Amor.mp3","source":"original","mtime":"1749923423","size":"6682861","md5":"eae8d03a04276be9a1f614f9fda8af96","crc32":"811672d1","sha1":"b2d8a3179cd3e72faa643ea82d4e7e840972bb07","format":"VBR MP3","length":"161.28","title":"A Procura De Um Novo Amor","creator":"Paulo Sérgio","album":"Paulo Sérgio 4","track":"9","artist":"Paulo Sérgio","genre":"Jovem Guarda"},{"name":"09 A Procura De Um Novo Amor.png","source":"derivative","format":"PNG","original":"09 A Procura De Um Novo Amor.mp3","mtime":"1749923812","size":"36629","md5":"9b104affa49c86352104cc58bd6110ec","crc32":"6d475676","sha1":"47537a3bc20ee59e5a5d612df745bbb706551464"},{"name":"09 A Procura De Um Novo Amor_spectrogram.png","source":"derivative","format":"Spectrogram","original":"09 A Procura De Um Novo Amor.mp3","mtime":"1749924060","size":"321280","md5":"cba29897e106c1eb71e509fee0e29371","crc32":"a785fb33","sha1":"5253d0d16ef498911d6207f670ed06c557380e4a"},{"name":"10 Fujo De Mim.mp3","source":"original","mtime":"1749923482","size":"7657234","md5":"f7254422734bf5f3e8eb2cae440e3014","crc32":"cc46d827","sha1":"cf6c0e9bd8c7df62e92bbda19649192a4d384397","format":"VBR MP3","length":"185.64","title":"Fujo De Mim","creator":"Paulo Sérgio","album":"Paulo Sérgio 4","track":"10","artist":"Paulo Sérgio","genre":"Jovem Guarda"},{"name":"10 Fujo De Mim.png","source":"derivative","format":"PNG","original":"10 Fujo De Mim.mp3","mtime":"1749923830","size":"44058","md5":"ca9c0afd4626ecce30d4e872c31ee2f9","crc32":"8171ea2f","sha1":"ca7993ca49339e66ae0b976e27b238b40a19c4a6"},{"name":"10 Fujo De Mim_spectrogram.png","source":"derivative","format":"Spectrogram","original":"10 Fujo De Mim.mp3","mtime":"1749924072","size":"321750","md5":"893284bba24be15a10d1deb4cf42c509","crc32":"7f4a10e0","sha1":"7167f3d80761848e0271fd2cf12d953cff5b0159"},{"name":"11 O Quanto Eu Te Amo.mp3","source":"original","mtime":"1749923547","size":"9199968","md5":"a6a329e6429aeb774dfaa88333f7c6bb","crc32":"c5d679e0","sha1":"535fa04d2cf705bca8710f54e92163117ae6231b","format":"VBR MP3","length":"224.21","title":"O Quanto Eu Te Amo","creator":"Paulo Sérgio","album":"Paulo Sérgio 4","track":"11","artist":"Paulo Sérgio","genre":"Jovem Guarda"},{"name":"11 O Quanto Eu Te Amo.png","source":"derivative","format":"PNG","original":"11 O Quanto Eu Te Amo.mp3","mtime":"1749923872","size":"39081","md5":"8f97deb114ee3ac08193bb2966f99388","crc32":"77fac6ca","sha1":"126e12168c0b754c90260013bf0e917d1e63f7e3"},{"name":"11 O Quanto Eu Te Amo_spectrogram.png","source":"derivative","format":"Spectrogram","original":"11 O Quanto Eu Te Amo.mp3","mtime":"1749924086","size":"320791","md5":"d5d36932753522763bd231c34c70b5c2","crc32":"5b95db7f","sha1":"392d50800b2dce4e96251ecc5ee0b62aadb7dc2f"},{"name":"12 Eu Venho De Longe Só Por Causa De Você.mp3","source":"original","mtime":"1749923558","size":"6533128","md5":"6704be572ab524ed52d72d6e487ea98b","crc32":"0dae8f7c","sha1":"7cbb04b0d78c918891d12911a35fbb9978773fe2","format":"VBR MP3","length":"157.54","title":"Eu Venho De Longe Só Por Causa De Você","creator":"Paulo Sérgio","album":"Paulo Sérgio 4","track":"12","artist":"Paulo Sérgio","genre":"Jovem Guarda"},{"name":"12 Eu Venho De Longe Só Por Causa De Você.png","source":"derivative","format":"PNG","original":"12 Eu Venho De Longe Só Por Causa De Você.mp3","mtime":"1749923704","size":"43370","md5":"30559479dae12f0247077d0a1006dd18","crc32":"cc77f796","sha1":"e800615375673d1e17fb03ca2f9f4f4b4bd0bbca"},{"name":"12 Eu Venho De Longe Só Por Causa De Você_spectrogram.png","source":"derivative","format":"Spectrogram","original":"12 Eu Venho De Longe Só Por Causa De Você.mp3","mtime":"1749924102","size":"326361","md5":"88c3e1b2e2c2db369a27102a54508f13","crc32":"8ca04a19","sha1":"4630ef1e219a84f0e90a0275f369ad5cf2d1abf2"},{"name":"1970-paulo-sergio-4_archive.torrent","source":"metadata","btih":"529475de75e9e9228ae19edabaf8a7c2004c8ecc","mtime":"1762883946","size":"12594","md5":"4b55e04afc0d0b25170bc7375c0e1a90","crc32":"e6574425","sha1":"01820dc30b1bf2480327b5f02dbce93aed96cd5c","format":"Archive BitTorrent"},{"name":"1970-paulo-sergio-4_files.xml","source":"original","format":"Metadata","md5":"892264654a3402ff3b4d348af844d768","summation":"md5"},{"name":"1970-paulo-sergio-4_meta.sqlite","source":"original","mtime":"1749923569","size":"49152","md5":"c580cdf670a2d050be574c62d36aee73","crc32":"5593d929","sha1":"181cc9c1779f93fa5e2a1c8ff49dda5c7fc5198b","format":"Metadata"},{"name":"1970-paulo-sergio-4_meta.xml","source":"original","mtime":"1762883944","size":"1035","md5":"288765f0ddbbdac7a3903e51ead65c67","crc32":"e8980d14","sha1":"8ab13c7a35510456a4588a4cf568b165c34f6828","format":"Metadata"},{"name":"__ia_thumb.jpg","source":"original","mtime":"1749923604","size":"4172","md5":"833a919303651c6f0f21dcca3ccf753b","crc32":"f4d6dc67","sha1":"c838d32c4ef4162e6a606e49426021966d40db4d","format":"Item Tile"},{"name":"cover.jpeg","source":"original","mtime":"1749923561","size":"227939","md5":"3c04f35e481255ee5311509af994ca3a","crc32":"67f6cbe2","sha1":"4617de2ffe702273a133125ab74cc9fd1450abfc","format":"JPEG"},{"name":"cover_thumb.jpg","source":"derivative","format":"JPEG Thumb","original":"cover.jpeg","mtime":"1749923654","size":"8690","md5":"828f848d4fb74936de4bbbcba2915692","crc32":"55251544","sha1":"ef9eb1529b89b1120cb0b1da4ddb10404a42e67f"}],"files_count":43,"item_last_updated":1762883946,"item_size":96451814,"metadata":{"identifier":"1970-paulo-sergio-4","mediatype":"audio","collection":["hifidelity_potpourri","hifidelity"],"creator":"Paulo Sérgio","date":"1970","description":"Released by Caravelle Records.","language":"por","scanner":"Internet Archive HTML5 Uploader 1.7.0","subject":["Jovem Guarda","Rock and Roll","Pop","Soul","Brega","MPB","Baroque","Rock","Brazil"],"title":"Paulo Sérgio 4","uploader":"marcioal3f@protonmail.com","publicdate":"2025-06-14 17:46:41","addeddate":"2025-06-14 17:46:41","curation":"[curator]validator@archive.org[/curator][date]20250614175138[/date][comment]checked for malware[/comment]","collection_added":"hifidelity"},"server":"ia800309.us.archive.org","uniq":236960451,"workable_servers":["ia800309.us.archive.org","ia600309.us.archive.org"]}