{"alternate_locations":{"servers":[{"server":"dn721903.ca.archive.org","dir":"/0/items/1970-curtis-mayfield"}],"workable":[{"server":"dn721903.ca.archive.org","dir":"/0/items/1970-curtis-mayfield"}]},"created":1767564950,"d1":"ia600309.us.archive.org","d2":"ia800309.us.archive.org","dir":"/22/items/1970-curtis-mayfield","files":[{"name":"01 - (Don't Worry) If There's A Hell Below We're All Going To Go.mp3","source":"original","mtime":"1714746808","size":"18851466","md5":"b25a5da198f455777d6cb97d41c8495c","crc32":"4303518c","sha1":"b45035686591dca015d29b07afd110d72cc9dcfa","format":"VBR MP3","length":"470.57","title":"(Don't Worry) If There's A Hell Below We're All Going To Go","creator":"Curtis Mayfield","album":"Curtis","track":"01","artist":"Curtis Mayfield","genre":"Soul/Funk/Classic"},{"name":"01 - (Don't Worry) If There's A Hell Below We're All Going To Go.png","source":"derivative","format":"PNG","original":"01 - (Don't Worry) If There's A Hell Below We're All Going To Go.mp3","mtime":"1714748565","size":"39005","md5":"42e0d49f5bb73262091196ad9a0809b5","crc32":"3cc67ace","sha1":"7792c216561bfbebf02269c0eea106637855aba2"},{"name":"01 - (Don't Worry) If There's A Hell Below We're All Going To Go_spectrogram.png","source":"derivative","format":"Spectrogram","original":"01 - (Don't Worry) If There's A Hell Below We're All Going To Go.mp3","mtime":"1714749124","size":"320387","md5":"bd1ac58d7b5d92196fbdd25273304849","crc32":"733df8c1","sha1":"bf199c0ea5c0232da91a76e796253a79252990ba"},{"name":"02 - The Other Side Of Town.mp3","source":"original","mtime":"1714746839","size":"9705438","md5":"a28571b85242286dbec156cab9fc650a","crc32":"da1225b7","sha1":"fe9e057d40aa854e9bc4b4f9f613c314e2e6bd81","format":"VBR MP3","length":"241.92","title":"The Other Side Of Town","creator":"Curtis Mayfield","album":"Curtis","track":"02","artist":"Curtis Mayfield","genre":"Soul/Funk/Classic"},{"name":"02 - The Other Side Of Town.png","source":"derivative","format":"PNG","original":"02 - The Other Side Of Town.mp3","mtime":"1714747907","size":"41733","md5":"3604b1714b0cb5699d183055423cb954","crc32":"852cd390","sha1":"07f9a0f2a550d62e967a0c86720415278b758d0e"},{"name":"02 - The Other Side Of Town_spectrogram.png","source":"derivative","format":"Spectrogram","original":"02 - The Other Side Of Town.mp3","mtime":"1714748777","size":"327367","md5":"b01ebfe6434143000be981f852d089e6","crc32":"4d7e2acb","sha1":"3cf1730368cccb7deb965b2d3d42ee37a9edd179"},{"name":"03 - The Makings Of You.mp3","source":"original","mtime":"1714746852","size":"8985499","md5":"ce96a4e5c03ac41225e9eba11b1c90cd","crc32":"29bfbb37","sha1":"e98b4828317776a6c89aadeeeb6ac6c3a81293c1","format":"VBR MP3","length":"223.92","title":"The Makings Of You","creator":"Curtis Mayfield","album":"Curtis","track":"03","artist":"Curtis Mayfield","genre":"Soul/Funk/Classic"},{"name":"03 - The Makings Of You.png","source":"derivative","format":"PNG","original":"03 - The Makings Of You.mp3","mtime":"1714748017","size":"39592","md5":"6b8ce9683501f37b4ea8640b09bc6fd7","crc32":"f912e6f3","sha1":"4d046083cb4af634d40eccdca953b2004cce2efa"},{"name":"03 - The Makings Of You_spectrogram.png","source":"derivative","format":"Spectrogram","original":"03 - The Makings Of You.mp3","mtime":"1714748836","size":"321384","md5":"2c651048197d975c22411326e9e8ec90","crc32":"3c6f3776","sha1":"a0f794efc5be3eb7dc45511237105026af50fe46"},{"name":"04 - We The People Who Are Darker Than Blue.mp3","source":"original","mtime":"1714746866","size":"14665584","md5":"fab61effdcd037a68ee0bd717cadece6","crc32":"e507d610","sha1":"5646ed6d51ff45d761883ba8031f62d88e7ca6dd","format":"VBR MP3","length":"365.92","title":"We The People Who Are Darker Than Blue","creator":"Curtis Mayfield","album":"Curtis","track":"04","artist":"Curtis Mayfield","genre":"Soul/Funk/Classic"},{"name":"04 - We The People Who Are Darker Than Blue.png","source":"derivative","format":"PNG","original":"04 - We The People Who Are Darker Than Blue.mp3","mtime":"1714748280","size":"37602","md5":"f0ee2293b87a7c55b923834f2f47de5e","crc32":"a50769cd","sha1":"4fa3dbdb3cdcbdd7208c0c89702fe96af698f706"},{"name":"04 - We The People Who Are Darker Than Blue_spectrogram.png","source":"derivative","format":"Spectrogram","original":"04 - We The People Who Are Darker Than Blue.mp3","mtime":"1714748947","size":"323265","md5":"abe008c3715fd53b06392373ea352300","crc32":"31c68685","sha1":"b89bbc4f7bc60f5577291c64c9b71731a5bd5103"},{"name":"05 - Move On Up.mp3","source":"original","mtime":"1714746882","size":"21404103","md5":"e2d182bd77bdbc25e74e24922111f78e","crc32":"4b5f2fa5","sha1":"af23014f840999488c27730a815e9449a16f786e","format":"VBR MP3","length":"534.39","title":"Move On Up","creator":"Curtis Mayfield","album":"Curtis","track":"05","artist":"Curtis Mayfield","genre":"Soul/Funk/Classic"},{"name":"05 - Move On Up.png","source":"derivative","format":"PNG","original":"05 - Move On Up.mp3","mtime":"1714747377","size":"40526","md5":"2e431a66a1ee5a944c104a1e9a731c90","crc32":"6ec3d763","sha1":"016d3b8510caab57463dab82210c21a36600c4d6"},{"name":"05 - Move On Up_spectrogram.png","source":"derivative","format":"Spectrogram","original":"05 - Move On Up.mp3","mtime":"1714749000","size":"288988","md5":"9ec0486a013ac24f8fe4874c1597807d","crc32":"1f206312","sha1":"f232458f78c4f54c60e9b422e0db65c1c5bf0bc6"},{"name":"06 - Miss Black America.mp3","source":"original","mtime":"1714746893","size":"7171556","md5":"d69012dcad8ff59be25ad88288d55401","crc32":"807f9393","sha1":"a8d221cf9247bff2606a4078190e0a1f2deb16ef","format":"VBR MP3","length":"178.57","title":"Miss Black America","creator":"Curtis Mayfield","album":"Curtis","track":"06","artist":"Curtis Mayfield","genre":"Soul/Funk/Classic"},{"name":"06 - Miss Black America.png","source":"derivative","format":"PNG","original":"06 - Miss Black America.mp3","mtime":"1714748378","size":"39346","md5":"d15f7d721f6bbdbc52d912496f20aee9","crc32":"7447f4ba","sha1":"eb63c3b4bcd02ecc0c5d332079a31a9125993a48"},{"name":"06 - Miss Black America_spectrogram.png","source":"derivative","format":"Spectrogram","original":"06 - Miss Black America.mp3","mtime":"1714749036","size":"330191","md5":"63c5fd4b29f7b144761798fc67670c40","crc32":"856f3ad2","sha1":"efab192c1179b68d558e73a49a0e7a8d27776569"},{"name":"07 - Wild And Free.mp3","source":"original","mtime":"1714746905","size":"7889396","md5":"16d4a5f281135d5e05baf26fef8803c3","crc32":"c2286ac1","sha1":"a73cd6ca660c47af4c42e1f2feb1846cab73e6e3","format":"VBR MP3","length":"196.52","title":"Wild And Free","creator":"Curtis Mayfield","album":"Curtis","track":"07","artist":"Curtis Mayfield","genre":"Soul/Funk/Classic"},{"name":"07 - Wild And Free.png","source":"derivative","format":"PNG","original":"07 - Wild And Free.mp3","mtime":"1714748420","size":"41302","md5":"d59f6252a56d0dabf2f653bead691251","crc32":"38893a99","sha1":"414f694b597f0e5feaff12c110c24c6158001af0"},{"name":"07 - Wild And Free_spectrogram.png","source":"derivative","format":"Spectrogram","original":"07 - Wild And Free.mp3","mtime":"1714749074","size":"320273","md5":"08ccd28d07c5cfd459a3499c24264323","crc32":"be7a5510","sha1":"dc0df1e772e7d19e38294d4bb85aed8500366338"},{"name":"08 - Give It Up.mp3","source":"original","mtime":"1714746922","size":"9203875","md5":"5e1461efb6d94fd41430a560315f7889","crc32":"cf53691f","sha1":"a1fd0ea643689b3e4a23efbf3e15e21d990927a8","format":"VBR MP3","length":"229.38","title":"Give It Up","creator":"Curtis Mayfield","album":"Curtis","track":"08","artist":"Curtis Mayfield","genre":"Soul/Funk/Classic"},{"name":"08 - Give It Up.png","source":"derivative","format":"PNG","original":"08 - Give It Up.mp3","mtime":"1714748504","size":"41890","md5":"cea2e21a0c4328a1e07a37882ee3ac7b","crc32":"f2373c0e","sha1":"197d2c828606ce3af568221f80fa97ae60420a9a"},{"name":"08 - Give It Up_spectrogram.png","source":"derivative","format":"Spectrogram","original":"08 - Give It Up.mp3","mtime":"1714748745","size":"326239","md5":"0a97edda3b3d29a701574cddfc8cc292","crc32":"53fb8e73","sha1":"1d091274f6420e44b414720ffa30c1026d0d1f28"},{"name":"09 - Power To The People (Demo).mp3","source":"original","mtime":"1714746935","size":"6720168","md5":"166a208fbd1cfba7af8a280758b4ca54","crc32":"b626cea4","sha1":"502d83848dd299b1e2fed6cfca6d3ffc13e48cf9","format":"VBR MP3","length":"167.29","title":"Power To The People (Demo)","creator":"Curtis Mayfield","album":"Curtis","track":"09","artist":"Curtis Mayfield","genre":"Soul/Funk/Classic"},{"name":"09 - Power To The People (Demo).png","source":"derivative","format":"PNG","original":"09 - Power To The People (Demo).mp3","mtime":"1714748326","size":"45621","md5":"7656fc4c3a1dbde215f715a19ce04372","crc32":"61abe6b4","sha1":"772bc2ce3c3f244986b96043f86302d86e7cf8cf"},{"name":"09 - Power To The People (Demo)_spectrogram.png","source":"derivative","format":"Spectrogram","original":"09 - Power To The People (Demo).mp3","mtime":"1714749175","size":"316211","md5":"5c858e03e2a71c203e70c3b2a645683f","crc32":"f3a99e0d","sha1":"2ca1c87a710d7faa4f31f842ad2313aa3c4274d6"},{"name":"10 - Underground (Demo).mp3","source":"original","mtime":"1714746949","size":"7701319","md5":"87dae3e8315407d45bf81ab134a7268c","crc32":"4b7548d3","sha1":"9fecf57bee190462e0cba2e62dadd9f5d39085b9","format":"VBR MP3","length":"191.82","title":"Underground (Demo)","creator":"Curtis Mayfield","album":"Curtis","track":"10","artist":"Curtis Mayfield","genre":"Soul/Funk/Classic"},{"name":"10 - Underground (Demo).png","source":"derivative","format":"PNG","original":"10 - Underground (Demo).mp3","mtime":"1714748654","size":"43248","md5":"81b43224efa85fd2f2db23333a4b0137","crc32":"688e48ed","sha1":"737ea313bf5cf4bd90499155d3ece0abf15d89d9"},{"name":"10 - Underground (Demo)_spectrogram.png","source":"derivative","format":"Spectrogram","original":"10 - Underground (Demo).mp3","mtime":"1714749218","size":"323344","md5":"3359d6616aa869eff0d759ffbcc32ce9","crc32":"80b52dfc","sha1":"123f2c7822ea74ba85072be451dd6453fde0e86b"},{"name":"11 - Ghetto Child (Demo).mp3","source":"original","mtime":"1714746963","size":"12442022","md5":"22b3c88a75dd6fd91cb7224330c45321","crc32":"7583961f","sha1":"da90a5e2e9e0428af66fbac9a979eced64bd5d83","format":"VBR MP3","length":"310.33","title":"Ghetto Child (Demo)","creator":"Curtis Mayfield","album":"Curtis","track":"11","artist":"Curtis Mayfield","genre":"Soul/Funk/Classic"},{"name":"11 - Ghetto Child (Demo).png","source":"derivative","format":"PNG","original":"11 - Ghetto Child (Demo).mp3","mtime":"1714747718","size":"38367","md5":"519c64e739ed2e3bfb7b228c9100de0b","crc32":"f90cadb0","sha1":"0c45b9f89a01323f965bdbce111617dada9c4032"},{"name":"11 - Ghetto Child (Demo)_spectrogram.png","source":"derivative","format":"Spectrogram","original":"11 - Ghetto Child (Demo).mp3","mtime":"1714749262","size":"316688","md5":"177e6ce0186143123abd7736944fea6c","crc32":"43a28bf2","sha1":"af02de5829b5d059c99bfb12f5f4149cd79744d5"},{"name":"12 - Readings In Astrology (Demo).mp3","source":"original","mtime":"1714746976","size":"8473509","md5":"ef8b3f278fcf0d022440e940d9bd8eeb","crc32":"744d1d7a","sha1":"2a39ef2fcadd9ec4a0c9bca1b2011bee3551ef6f","format":"VBR MP3","length":"211.12","title":"Readings In Astrology (Demo)","creator":"Curtis Mayfield","album":"Curtis","track":"12","artist":"Curtis Mayfield","genre":"Soul/Funk/Classic"},{"name":"12 - Readings In Astrology (Demo).png","source":"derivative","format":"PNG","original":"12 - Readings In Astrology (Demo).mp3","mtime":"1714748699","size":"40571","md5":"2488a9b53b6f5238773da97f2f8abd13","crc32":"77119e95","sha1":"16facafbd268abb310fec2761c8000d1514f9328"},{"name":"12 - Readings In Astrology (Demo)_spectrogram.png","source":"derivative","format":"Spectrogram","original":"12 - Readings In Astrology (Demo).mp3","mtime":"1714749297","size":"312210","md5":"8c45c2d7160def0771508fe93461c30a","crc32":"467da506","sha1":"9d89c9742204df3612711f31f4e67256eac60d06"},{"name":"13 - Suffer (Demo).mp3","source":"original","mtime":"1714746995","size":"6099486","md5":"de370e8eee3ed37dc02b74210052595d","crc32":"daf28649","sha1":"c9bd6ff5cfb24f96b1cc7a35f792e1bd9cbc1a20","format":"VBR MP3","length":"151.77","title":"Suffer (Demo)","creator":"Curtis Mayfield","album":"Curtis","track":"13","artist":"Curtis Mayfield","genre":"Soul/Funk/Classic"},{"name":"13 - Suffer (Demo).png","source":"derivative","format":"PNG","original":"13 - Suffer (Demo).mp3","mtime":"1714748613","size":"42982","md5":"35e91da52afc96a2a74496c610ee3e9c","crc32":"636238c4","sha1":"3f4e54b9c82ebd76ecf0d7b7e16c3b1c1b93f018"},{"name":"13 - Suffer (Demo)_spectrogram.png","source":"derivative","format":"Spectrogram","original":"13 - Suffer (Demo).mp3","mtime":"1714749341","size":"333488","md5":"fbc5e4f40c346ba05b94c58cddbc9da5","crc32":"e6fe1d08","sha1":"c977e5f3e81b4ba792842c7e2a9aaf8a62f05f8a"},{"name":"14 - Miss Black America (Demo).mp3","source":"original","mtime":"1714747005","size":"5749457","md5":"1cb1f17d3f86b60ef29712a22c161182","crc32":"313fd2e4","sha1":"364522978523d11afd65a58ab0ee1dccdb82ab60","format":"VBR MP3","length":"143.02","title":"Miss Black America (Demo)","creator":"Curtis Mayfield","album":"Curtis","track":"14","artist":"Curtis Mayfield","genre":"Soul/Funk/Classic"},{"name":"14 - Miss Black America (Demo).png","source":"derivative","format":"PNG","original":"14 - Miss Black America (Demo).mp3","mtime":"1714748461","size":"35257","md5":"ed4f87c27387a9b58cee097b6cd5f4bb","crc32":"07b0e15c","sha1":"bfe449e478cd7bd85dbf4f72b598cb7689355f3e"},{"name":"14 - Miss Black America (Demo)_spectrogram.png","source":"derivative","format":"Spectrogram","original":"14 - Miss Black America (Demo).mp3","mtime":"1714749394","size":"328517","md5":"ac3be1c7d2ef36e77532f7adf2dcd5f7","crc32":"3de9c04d","sha1":"72974661356ec8bc86b2bec68ebeb62567462b21"},{"name":"15 - The Makings Of You (Backing Tracks, Take 32).mp3","source":"original","mtime":"1714747017","size":"11037704","md5":"853fea6c3c41fdba4eff5f7c384424c5","crc32":"1ced11bb","sha1":"a0f10e488363307b6d6e30f0d681f5f134174d76","format":"VBR MP3","length":"275.23","title":"The Makings Of You (Backing Tracks, Take 32)","creator":"Curtis Mayfield","album":"Curtis","track":"15","artist":"Curtis Mayfield","genre":"Soul/Funk/Classic"},{"name":"15 - The Makings Of You (Backing Tracks, Take 32).png","source":"derivative","format":"PNG","original":"15 - The Makings Of You (Backing Tracks, Take 32).mp3","mtime":"1714747551","size":"42512","md5":"181223d679b63a6b494ff609301db5cc","crc32":"fe02fbf2","sha1":"3b5c017a544da2c9ba273dd218b3b0587837d24e"},{"name":"15 - The Makings Of You (Backing Tracks, Take 32)_spectrogram.png","source":"derivative","format":"Spectrogram","original":"15 - The Makings Of You (Backing Tracks, Take 32).mp3","mtime":"1714749419","size":"318871","md5":"e073a85426b2226e3ad51557f2084977","crc32":"934aafba","sha1":"8ff0f5c28678076206bf5a2d286d1e706d46e4a0"},{"name":"16 - (Don't Worry) If There's A Hell Below We're All Going To Go (Backing Tracks, Takes 1 & 2).mp3","source":"original","mtime":"1714747034","size":"23020639","md5":"7ba5c6dfacd5711f04b62b138825c58d","crc32":"fa65e64b","sha1":"aab40e1829bf37b3acabcd9d3438b329233a2850","format":"VBR MP3","length":"574.8","title":"(Don't Worry) If There's A Hell Below We're All Going To Go (Backing Tracks, Takes 1 & 2)","creator":"Curtis Mayfield","album":"Curtis","track":"16","artist":"Curtis Mayfield","genre":"Soul/Funk/Classic"},{"name":"16 - (Don't Worry) If There's A Hell Below We're All Going To Go (Backing Tracks, Takes 1 & 2).png","source":"derivative","format":"PNG","original":"16 - (Don't Worry) If There's A Hell Below We're All Going To Go (Backing Tracks, Takes 1 & 2).mp3","mtime":"1714748128","size":"39535","md5":"71196520d40588740d0df5ef3fc87729","crc32":"c3db754e","sha1":"450e972532fbc06d17eb8d2c6e67a95857b37ed8"},{"name":"16 - (Don't Worry) If There's A Hell Below We're All Going To Go (Backing Tracks, Takes 1 & 2)_spectrogram.png","source":"derivative","format":"Spectrogram","original":"16 - (Don't Worry) If There's A Hell Below We're All Going To Go (Backing Tracks, Takes 1 & 2).mp3","mtime":"1714749460","size":"297656","md5":"e64c3c66a4c82cfe1e72cb8a64d1c128","crc32":"537ea9ea","sha1":"98245ce689dffb15015371d7a2a86f3a4fc0ae3b"},{"name":"17 - (Don't Worry) If There's A Hell Below We're All Going To Go (Edited Single Version).mp3","source":"original","mtime":"1714747048","size":"8301156","md5":"867b091c4fd2def22d6718d13a7594ff","crc32":"97860167","sha1":"16715c12beb82d8b4b715d39663c4a2be1491e99","format":"VBR MP3","length":"206.81","title":"(Don't Worry) If There's A Hell Below We're All Going To Go (Edited Single Version)","creator":"Curtis Mayfield","album":"Curtis","track":"17","artist":"Curtis Mayfield","genre":"Soul/Funk/Classic"},{"name":"17 - (Don't Worry) If There's A Hell Below We're All Going To Go (Edited Single Version).png","source":"derivative","format":"PNG","original":"17 - (Don't Worry) If There's A Hell Below We're All Going To Go (Edited Single Version).mp3","mtime":"1714747817","size":"44813","md5":"e5e37b8df60df853078b0104b465ed65","crc32":"95ca794e","sha1":"8dc2c6e0d1b036c073ed15b36221af53649e1921"},{"name":"17 - (Don't Worry) If There's A Hell Below We're All Going To Go (Edited Single Version)_spectrogram.png","source":"derivative","format":"Spectrogram","original":"17 - (Don't Worry) If There's A Hell Below We're All Going To Go (Edited Single Version).mp3","mtime":"1714749375","size":"319023","md5":"4318051048416ed5b56b888168e4655e","crc32":"f2dfee1a","sha1":"364125d17184e7a4ad2e0ac16593f18a2b5a667b"},{"name":"1970-curtis-mayfield_files.xml","source":"original","format":"Metadata","md5":"d7c03868418ac2b4675b26f4c8d9c9a9","summation":"md5"},{"name":"1970-curtis-mayfield_meta.sqlite","source":"original","mtime":"1714747062","size":"94208","md5":"0cd64a55a6a428750fddeae3c95a537d","crc32":"8a8c8821","sha1":"a413308b3f6c058693376a97be7439530dd4d840","format":"Metadata"},{"name":"1970-curtis-mayfield_meta.xml","source":"original","mtime":"1714749479","size":"974","md5":"d7a9b783a5ca88f7b728b5b4eb465851","crc32":"8a569f2e","sha1":"6f5f16df0910311c10f40bd761bcd6deffd35dc8","format":"Metadata"},{"name":"__ia_thumb.jpg","source":"original","mtime":"1714747070","size":"12499","md5":"8cd43650af8315559936dc581de52ea6","crc32":"9685c871","sha1":"176c75246e4e05f1558ebb0cb013fc7303d5fc1c","format":"Item Tile"},{"name":"folder.jpg","source":"original","mtime":"1714747051","size":"25212","md5":"083c025b4dc3eb52f4ae407c06dd8d30","crc32":"85207d47","sha1":"26884b683dffbfbe6251339c67ecaac1cb61bc26","format":"JPEG"},{"name":"folder_thumb.jpg","source":"derivative","format":"JPEG Thumb","original":"folder.jpg","mtime":"1714747210","size":"9105","md5":"9f704043e4b0c55eb7e62a9007109725","crc32":"f5382d04","sha1":"45d8c14b2cbf3d39e93ebffd5f6cce5ecb5c0c80"}],"files_count":57,"item_last_updated":1714749479,"item_size":193682379,"metadata":{"identifier":"1970-curtis-mayfield","mediatype":"audio","collection":"opensource_audio","creator":"Curtis Mayfield","date":"1970-09","description":"Released by Curtom Records","language":"eng","licenseurl":"https://creativecommons.org/publicdomain/zero/1.0/","scanner":"Internet Archive HTML5 Uploader 1.7.0","subject":["Funk","Soul","Psychedelic","Prog","RnB","Pop","Jazz","Chicago"],"title":"Curtis","uploader":"neue_monarchie@proton.me","publicdate":"2024-05-03 14:33:49","addeddate":"2024-05-03 14:33:49","curation":"[curator]validator@archive.org[/curator][date]20240503143430[/date][comment]checked for malware[/comment]"},"server":"ia800309.us.archive.org","uniq":2109605173,"workable_servers":["ia800309.us.archive.org","ia600309.us.archive.org"]}