{"created":1767564977,"d1":"ia600100.us.archive.org","d2":"ia800100.us.archive.org","dir":"/7/items/1971-the-beach-boys-surfs-up","files":[{"name":"01 - Don't Go Near The Water.flac","source":"original","mtime":"1759195643","size":"16287732","md5":"1b6601a21a636ff6486ccac06ea7a34a","crc32":"2b79431a","sha1":"075a1bc2a22df1c2fcf28f583792b9beb56cf0c6","format":"Flac","length":"161.81","viruscheck":"1759197907","title":"Don’t Go Near the Water","creator":"The Beach Boys","album":"Surf’s Up","track":"1","artist":"The Beach Boys","genre":"Pop"},{"name":"01 - Don't Go Near The Water.mp3","source":"derivative","creator":"The Beach Boys","title":"Don’t Go Near the Water","track":"1","album":"Surf’s Up","genre":"Pop","bitrate":"185","length":"02:42","format":"VBR MP3","original":"01 - Don't Go Near The Water.flac","mtime":"1759197999","size":"3748847","md5":"845642f0be39ef37ebd3e5f3f7d93ec3","crc32":"b7345b58","sha1":"2f51470536404cecc0a096ff2dfb87790650a321"},{"name":"01 - Don't Go Near The Water.png","source":"derivative","format":"PNG","original":"01 - Don't Go Near The Water.flac","mtime":"1759198554","size":"30306","md5":"e2178f42a441cf5b1ebae60d6c7a84d6","crc32":"ed748f3f","sha1":"bc8d8bbfc26e0818b0d20e5221adb7ddedfb7005"},{"name":"01 - Don't Go Near The Water_spectrogram.png","source":"derivative","format":"Spectrogram","original":"01 - Don't Go Near The Water.flac","mtime":"1759198987","size":"304339","md5":"e14d70c6b3ea82a502b3c05f12e8963a","crc32":"a2ee67d9","sha1":"46306c2dc92f0a4e4e91be675bc956d3c78caed1"},{"name":"02 - Long Promised Road.flac","source":"original","mtime":"1759195874","size":"21549636","md5":"cec9b40cea993339e56d96224125e527","crc32":"ff8573a4","sha1":"ae25eaf155b9c46cf63615e99eb795ea8c4f7534","format":"Flac","length":"212.57","viruscheck":"1759197907","title":"Long Promised Road","creator":"The Beach Boys","album":"Surf’s Up","track":"2","artist":"The Beach Boys","genre":"Pop"},{"name":"02 - Long Promised Road.mp3","source":"derivative","creator":"The Beach Boys","title":"Long Promised Road","track":"2","album":"Surf’s Up","genre":"Pop","bitrate":"192","length":"03:33","format":"VBR MP3","original":"02 - Long Promised Road.flac","mtime":"1759198381","size":"5119547","md5":"9b59f3dcff4a2e5b99d3b04c4e795a2f","crc32":"50464ee4","sha1":"65eb94c13dee66bfe2aa2c5e1050763e6d126f1b"},{"name":"02 - Long Promised Road.png","source":"derivative","format":"PNG","original":"02 - Long Promised Road.flac","mtime":"1759198904","size":"36911","md5":"77b9e96330f9df33cab7eee5aaaaf01d","crc32":"efad64ac","sha1":"b33ce3b2143c63b8137e3dda8741c5f2a18c4aa2"},{"name":"02 - Long Promised Road_spectrogram.png","source":"derivative","format":"Spectrogram","original":"02 - Long Promised Road.flac","mtime":"1759199062","size":"324453","md5":"005d19317800e0aeacc336455e003f65","crc32":"e1d0d5e8","sha1":"05c2ff6bb37eb3d475b5d6aca34d45cc6a59028c"},{"name":"03 - Take A Load Off Your Feet.flac","source":"original","mtime":"1759196019","size":"17900624","md5":"eec9343d92e1c725ef09526e74ff890a","crc32":"b56ed3a8","sha1":"bb10c1c18fb70ddcbaa967a5be02e2108d194d09","format":"Flac","length":"151.93","viruscheck":"1759197907","title":"Take a Load Off Your Feet","creator":"The Beach Boys","album":"Surf’s Up","track":"3","artist":"The Beach Boys","genre":"Pop"},{"name":"03 - Take A Load Off Your Feet.mp3","source":"derivative","creator":"The Beach Boys","title":"Take a Load Off Your Feet","track":"3","album":"Surf’s Up","genre":"Pop","bitrate":"195","length":"02:32","format":"VBR MP3","original":"03 - Take A Load Off Your Feet.flac","mtime":"1759198411","size":"3705687","md5":"5f49cd7173d217ddeb8b8b4ca8add8bc","crc32":"9c618a71","sha1":"d7c7ff1107290bd23ea9a8aafa35a0bf5bcb30d0"},{"name":"03 - Take A Load Off Your Feet.png","source":"derivative","format":"PNG","original":"03 - Take A Load Off Your Feet.flac","mtime":"1759198578","size":"36897","md5":"e30ea54c694068714b66703ba60c107b","crc32":"34ac1998","sha1":"9bbd185d5d14541a3089a738bc0a533abddae3b3"},{"name":"03 - Take A Load Off Your Feet_spectrogram.png","source":"derivative","format":"Spectrogram","original":"03 - Take A Load Off Your Feet.flac","mtime":"1759199341","size":"339991","md5":"3c4681e10803ad6fcab53c1b160003af","crc32":"f7bb3840","sha1":"f0c617bf1d621379f68bbef574ad1ff4f5e2c5b0"},{"name":"04 - Disney Girls (1957) (Remastered 2009).flac","source":"original","mtime":"1759196193","size":"24339806","md5":"a4eee4ae5de0aafc61ee39aa5749d763","crc32":"04cfc950","sha1":"fc7758af21c1f27df248e3327653261ee6f71212","format":"Flac","length":"250.96","viruscheck":"1759197907","title":"Disney Girls (1957)","creator":"The Beach Boys","album":"Surf’s Up","track":"4","artist":"The Beach Boys","genre":"Pop"},{"name":"04 - Disney Girls (1957) (Remastered 2009).mp3","source":"derivative","creator":"The Beach Boys","title":"Disney Girls (1957)","track":"4","album":"Surf’s Up","genre":"Pop","bitrate":"180","length":"04:11","format":"VBR MP3","original":"04 - Disney Girls (1957) (Remastered 2009).flac","mtime":"1759198045","size":"5662783","md5":"9754f054414502303467efebb1de3623","crc32":"3cac6d03","sha1":"b6654d23ec8d9eb9959353eec3f0c20d4f341286"},{"name":"04 - Disney Girls (1957) (Remastered 2009).png","source":"derivative","format":"PNG","original":"04 - Disney Girls (1957) (Remastered 2009).flac","mtime":"1759198613","size":"35289","md5":"8e12fa16b3ce0193525f329ac5a8371c","crc32":"9ef6f22b","sha1":"9d05c51763f1384407a667287bb5946f94eb06e4"},{"name":"04 - Disney Girls (1957) (Remastered 2009)_spectrogram.png","source":"derivative","format":"Spectrogram","original":"04 - Disney Girls (1957) (Remastered 2009).flac","mtime":"1759199010","size":"288104","md5":"31280a60b9240821f376287ebccc7cd1","crc32":"e2baa07e","sha1":"8cf05bd12dff23d7eac4507b64698e0f8e1d56fa"},{"name":"05 - Student Demonstration Time.flac","source":"original","mtime":"1759196470","size":"29082675","md5":"67f9ef4c76ae2666ff341c2f6796b3a3","crc32":"8c191bb8","sha1":"ece5f77471f9e77a92288e34d2bbb22eb1b40289","format":"Flac","length":"240.21","viruscheck":"1759197907","title":"Student Demonstration Time","creator":"The Beach Boys","album":"Surf’s Up","track":"5","artist":"The Beach Boys","genre":"Pop"},{"name":"05 - Student Demonstration Time.mp3","source":"derivative","creator":"The Beach Boys","title":"Student Demonstration Time","track":"5","album":"Surf’s Up","genre":"Pop","bitrate":"204","length":"04:00","format":"VBR MP3","original":"05 - Student Demonstration Time.flac","mtime":"1759198287","size":"6125946","md5":"7ee371dc6af6993b3da83fd585fcbdcd","crc32":"0a111e2a","sha1":"facf1902fae73bb02b3c76860a9b1e5e608b9643"},{"name":"05 - Student Demonstration Time.png","source":"derivative","format":"PNG","original":"05 - Student Demonstration Time.flac","mtime":"1759198790","size":"42509","md5":"c1b4a3d801bc64ab334f449170c8c1f8","crc32":"3fb1e53d","sha1":"d5deef02f3940d6dd5e3fbe88c283250953c858a"},{"name":"05 - Student Demonstration Time_spectrogram.png","source":"derivative","format":"Spectrogram","original":"05 - Student Demonstration Time.flac","mtime":"1759199030","size":"312171","md5":"e0caa2606f8cc09ce011f29584222b25","crc32":"953a58c0","sha1":"22e6df0ba9a2b2ea0b7519eee8a207e458af4e62"},{"name":"06 - Feel Flows.flac","source":"original","mtime":"1759196687","size":"30248385","md5":"d4959d1609301ea8f002c2202b48bf60","crc32":"205b087c","sha1":"47f4cb4379e6a0ec0559d60f6ded057111285ba2","format":"Flac","length":"288.6","viruscheck":"1759197907","title":"Feel Flows","creator":"The Beach Boys","album":"Surf’s Up","track":"6","artist":"The Beach Boys","genre":"Pop"},{"name":"06 - Feel Flows.mp3","source":"derivative","creator":"The Beach Boys","title":"Feel Flows","track":"6","album":"Surf’s Up","genre":"Pop","bitrate":"185","length":"04:49","format":"VBR MP3","original":"06 - Feel Flows.flac","mtime":"1759198353","size":"6693117","md5":"c836e8410f71e8fdcd5ce9f6c0a711fd","crc32":"96778333","sha1":"08edff59311d4d149be7656bfcd66b81318a5a1c"},{"name":"06 - Feel Flows.png","source":"derivative","format":"PNG","original":"06 - Feel Flows.flac","mtime":"1759198958","size":"37038","md5":"7e8198430bf543b18b9c0c32f92222fb","crc32":"c4eca1fe","sha1":"0ee25c96628d1d0d1dcf02c1b12f16c40d6375c0"},{"name":"06 - Feel Flows_spectrogram.png","source":"derivative","format":"Spectrogram","original":"06 - Feel Flows.flac","mtime":"1759199110","size":"295482","md5":"47f4f6e0129cb04a7a2d4937e7c8acc7","crc32":"5e80ce0c","sha1":"44ee7a791e277088f5c3b503a9bf2fe03fa7e4cd"},{"name":"07 - Lookin' At Tomorrow (A Welfare Song).flac","source":"original","mtime":"1759196795","size":"12338733","md5":"ab3f3f12ee6030dc7bbd8fc0b54ddffe","crc32":"fb3b8cc1","sha1":"147a4d68dd15ed5d2d9c76092fddfd69aba2cb7b","format":"Flac","length":"118.83","viruscheck":"1759197907","title":"Lookin’ at Tomorrow (A Welfare Song)","creator":"The Beach Boys","album":"Surf’s Up","track":"7","artist":"The Beach Boys","genre":"Pop"},{"name":"07 - Lookin' At Tomorrow (A Welfare Song).mp3","source":"derivative","creator":"The Beach Boys","title":"Lookin’ at Tomorrow (A Welfare Song)","track":"7","album":"Surf’s Up","genre":"Pop","bitrate":"180","length":"01:59","format":"VBR MP3","original":"07 - Lookin' At Tomorrow (A Welfare Song).flac","mtime":"1759198256","size":"2673623","md5":"ea06475ebfaac0f4e16660a67ac05858","crc32":"48381aef","sha1":"725a24f2e90470275add1aa3774e07c88385a498"},{"name":"07 - Lookin' At Tomorrow (A Welfare Song).png","source":"derivative","format":"PNG","original":"07 - Lookin' At Tomorrow (A Welfare Song).flac","mtime":"1759198809","size":"34988","md5":"ed5bf0bf5c33d579ad1e6d04f06748b1","crc32":"521b31dc","sha1":"de3170c7c7a4ddea11760f8f7f3a82eb2150c63b"},{"name":"07 - Lookin' At Tomorrow (A Welfare Song)_spectrogram.png","source":"derivative","format":"Spectrogram","original":"07 - Lookin' At Tomorrow (A Welfare Song).flac","mtime":"1759199224","size":"301339","md5":"c9fb46970f216a7cae653cfd2f06dd4b","crc32":"10e70ba0","sha1":"d3fae22dedc6c1a31c0f6af18ec49bd9915b04ea"},{"name":"08 - A Day In The Life Of A Tree.flac","source":"original","mtime":"1759197013","size":"18642900","md5":"502dcba22b98f39822e1049f13dd24a8","crc32":"51d28416","sha1":"a04c1346c7eb686a464394479d17c9898aa248ae","format":"Flac","length":"188.83","viruscheck":"1759197907","title":"A Day in the Life of a Tree","creator":"The Beach Boys","album":"Surf’s Up","track":"8","artist":"The Beach Boys","genre":"Pop"},{"name":"08 - A Day In The Life Of A Tree.mp3","source":"derivative","creator":"The Beach Boys","title":"A Day in the Life of a Tree","track":"8","album":"Surf’s Up","genre":"Pop","bitrate":"180","length":"03:09","format":"VBR MP3","original":"08 - A Day In The Life Of A Tree.flac","mtime":"1759198225","size":"4259173","md5":"401729eaadf4c989ce63cfd31e804500","crc32":"5ea0016d","sha1":"a4a4fb1cbf24a6217a1bad0c77462be91dbb5265"},{"name":"08 - A Day In The Life Of A Tree.png","source":"derivative","format":"PNG","original":"08 - A Day In The Life Of A Tree.flac","mtime":"1759198658","size":"32515","md5":"aafb2cd75a1e33ee617e286abbb1f141","crc32":"1e340395","sha1":"cff417e93b9b2ff821111523f6d14ff9d0cfeee6"},{"name":"08 - A Day In The Life Of A Tree_spectrogram.png","source":"derivative","format":"Spectrogram","original":"08 - A Day In The Life Of A Tree.flac","mtime":"1759199264","size":"281288","md5":"0d350fc251b4e0fe36db5c7061362dd3","crc32":"41e58bdc","sha1":"b0421365db7ec280aacd1f445f4ff5a1736a404a"},{"name":"09 - 'Til I Die.flac","source":"original","mtime":"1759197243","size":"16853912","md5":"83c4863ba9061c134ac496339f5de63b","crc32":"8a7d44fd","sha1":"5e84732a5081c8bad9fbedf0ae2e5fcd007b357d","format":"Flac","length":"153.24","viruscheck":"1759197907","title":"’Til I Die","creator":"The Beach Boys","album":"Surf’s Up","track":"9","artist":"The Beach Boys","genre":"Pop"},{"name":"09 - 'Til I Die.mp3","source":"derivative","creator":"The Beach Boys","title":"’Til I Die","track":"9","album":"Surf’s Up","genre":"Pop","bitrate":"185","length":"02:33","format":"VBR MP3","original":"09 - 'Til I Die.flac","mtime":"1759198153","size":"3547047","md5":"4d0bb0c200b6d9339cb7920774322f6f","crc32":"5937a5f6","sha1":"8971579d16a124da7c95689baef3b81180cf2de8"},{"name":"09 - 'Til I Die.png","source":"derivative","format":"PNG","original":"09 - 'Til I Die.flac","mtime":"1759198510","size":"34294","md5":"327970c503e77ef0f7fb835ee3bce574","crc32":"745385d0","sha1":"ff35f69e833579eaf3876f0eb833cb3f61d3ccfb"},{"name":"09 - 'Til I Die_spectrogram.png","source":"derivative","format":"Spectrogram","original":"09 - 'Til I Die.flac","mtime":"1759199306","size":"299501","md5":"d6d9a0a99434c03023a0cd883f933217","crc32":"492b4ac8","sha1":"d62d07a51961129958274d40266a54c8f66824ba"},{"name":"10 - Surf's Up.flac","source":"original","mtime":"1759197500","size":"24982776","md5":"5901733ec7080720f295e443b99045f8","crc32":"089595ff","sha1":"c188fb3981f7839524593fc99907b10b1efcebc0","format":"Flac","length":"253.76","viruscheck":"1759197907","title":"Surf’s Up","creator":"The Beach Boys","album":"Surf’s Up","track":"10","artist":"The Beach Boys","genre":"Pop"},{"name":"10 - Surf's Up.mp3","source":"derivative","creator":"The Beach Boys","title":"Surf’s Up","track":"10","album":"Surf’s Up","genre":"Pop","bitrate":"180","length":"04:14","format":"VBR MP3","original":"10 - Surf's Up.flac","mtime":"1759198081","size":"5720517","md5":"40dab5ded8bfa0b1970c2737e7ff443a","crc32":"81eb7cc8","sha1":"c4d28b5d0b8fc5e22ced36d386e4a92f05a252ad"},{"name":"10 - Surf's Up.png","source":"derivative","format":"PNG","original":"10 - Surf's Up.flac","mtime":"1759198861","size":"32184","md5":"0cdce8df0683662efbf3a8c949ef4a66","crc32":"35acacfc","sha1":"9fcf77b962bbf3feb28190460c1b48f11004edc9"},{"name":"10 - Surf's Up_spectrogram.png","source":"derivative","format":"Spectrogram","original":"10 - Surf's Up.flac","mtime":"1759199323","size":"314514","md5":"161c5cdbd8051ad564c4c8a4c0a33029","crc32":"bc28834c","sha1":"ff1acea192a3416aa5fabbb5dbc728ba546bef46"},{"name":"1971-the-beach-boys-surfs-up_archive.torrent","source":"metadata","btih":"313ea4976aa447bbec0a76864b46607cc5401df8","mtime":"1759199408","size":"17761","md5":"77528978d56b6b270cef041817b57f7d","crc32":"524aeea4","sha1":"fa186986124ffe0286275efef4d9c88d9a3cbb64","format":"Archive BitTorrent"},{"name":"1971-the-beach-boys-surfs-up_files.xml","source":"original","format":"Metadata","md5":"ef7fb4f8866c690b7d0dd79861257110","summation":"md5"},{"name":"1971-the-beach-boys-surfs-up_meta.sqlite","source":"original","mtime":"1759197541","size":"45056","md5":"816869067136a80de119464b245e5408","crc32":"f1363b42","sha1":"5bc868c426da90e804b75deeb5c65b965d5c6abe","format":"Metadata"},{"name":"1971-the-beach-boys-surfs-up_meta.xml","source":"original","mtime":"1759199365","size":"875","md5":"a462afbef60b4fb659e8a8a99454ca56","crc32":"75696061","sha1":"4c19ec39d01b02418f159aced7b3a1e64199a7c9","format":"Metadata"},{"name":"__ia_thumb.jpg","source":"original","mtime":"1759195524","size":"12455","md5":"e884e05c3d4dae361ad47b4a9a6a84ac","crc32":"48a2ab95","sha1":"1401db280ab9e2cbbdba20a8d3fb26ff9534c59a","format":"Item Tile"},{"name":"cover.jpg","source":"original","mtime":"1759195444","size":"994441","md5":"7a74c492d0afab89c1a2f941003979e3","crc32":"3b33e6b5","sha1":"06267f238c72917f734f212c0b1607469c07b34f","format":"JPEG"},{"name":"cover_thumb.jpg","source":"derivative","format":"JPEG Thumb","original":"cover.jpg","mtime":"1759198452","size":"8370","md5":"da9cc656bf4683a41054a487866fc1bd","crc32":"f528934b","sha1":"104dff219b5c56300cac7cc6db81d9f13b28d72d"}],"files_count":47,"item_last_updated":1759199408,"item_size":263976537,"metadata":{"identifier":"1971-the-beach-boys-surfs-up","mediatype":"audio","collection":"opensource_audio","creator":"The Beach Boys","date":"1971-08-30","description":"Released by Brother Records.","language":"eng","scanner":"Internet Archive HTML5 Uploader 1.7.0","subject":["Pop","Psychedelic","Progressive Pop","Rock","Baroque","Art Pop"],"title":"Surf's Up","uploader":"marcioal3f@protonmail.com","publicdate":"2025-09-30 01:24:29","addeddate":"2025-09-30 01:24:29","curation":"[curator]validator@archive.org[/curator][date]20250930012555[/date][comment]checked for malware[/comment]"},"server":"ia600100.us.archive.org","uniq":1987786189,"workable_servers":["ia600100.us.archive.org","ia800100.us.archive.org"]}