{"alternate_locations":{"servers":[{"server":"dn710105.ca.archive.org","dir":"/0/items/1971-caravan-in-the-land-of-grey-and-pink"}],"workable":[{"server":"dn710105.ca.archive.org","dir":"/0/items/1971-caravan-in-the-land-of-grey-and-pink"}]},"created":1767564961,"d1":"ia601904.us.archive.org","d2":"ia801904.us.archive.org","dir":"/10/items/1971-caravan-in-the-land-of-grey-and-pink","files":[{"name":"01 - Golf Girl.flac","source":"original","mtime":"1764250855","size":"32214659","md5":"13f443bbebd8a7d3f560b6ee73493ea8","crc32":"fb6281de","sha1":"d70a0e9afbf35e72413098b20470e774be9677e8","format":"Flac","length":"300.65","viruscheck":"1764253091","title":"Golf Girl","creator":"Caravan","album":"In The Land Of Grey And Pink","track":"1","artist":"Caravan","genre":"Progressive Rock"},{"name":"01 - Golf Girl.mp3","source":"derivative","creator":"Caravan","title":"Golf Girl","track":"1","album":"In The Land Of Grey And Pink","genre":"Progressive Rock","bitrate":"203","length":"05:01","format":"VBR MP3","original":"01 - Golf Girl.flac","mtime":"1764253427","size":"7625332","md5":"88f6871c99046c52fd218dee26d55606","crc32":"2ff1d2db","sha1":"5e19cf1c3b893ee004ff4f4dfe3c018e9f52a058"},{"name":"01 - Golf Girl.png","source":"derivative","format":"PNG","original":"01 - Golf Girl.flac","mtime":"1764254007","size":"45407","md5":"c22e7cc0bf5ac61c90b7d8694980f693","crc32":"d2867ccc","sha1":"994e4b613a0b1b12e7438fb643ab5ab54c93fe63"},{"name":"01 - Golf Girl_spectrogram.png","source":"derivative","format":"Spectrogram","original":"01 - Golf Girl.flac","mtime":"1764254282","size":"323991","md5":"a2626911c2c1004518f9bbd79c86b113","crc32":"66087f06","sha1":"19a91661d38d375dd37f31ffc95efe67f34cfe22"},{"name":"02 - Winter Wine.flac","source":"original","mtime":"1764251035","size":"48207917","md5":"00a58eed92f5841ad5f49f64b7efac3c","crc32":"b01399ab","sha1":"3e98e9a6496a88cce9ce1ac1e4b279121707b434","format":"Flac","length":"456.13","title":"Winter Wine","creator":"Caravan","album":"In The Land Of Grey And Pink","track":"2","artist":"Caravan","genre":"Progressive Rock"},{"name":"02 - Winter Wine.mp3","source":"derivative","creator":"Caravan","title":"Winter Wine","track":"2","album":"In The Land Of Grey And Pink","genre":"Progressive Rock","bitrate":"193","length":"07:36","format":"VBR MP3","original":"02 - Winter Wine.flac","mtime":"1764253534","size":"11015017","md5":"0b5d018eaaf82840c36b3965fa616f67","crc32":"ca971a40","sha1":"d7a9dc1c6ef77b845be359f23f7a488b15cb5c32"},{"name":"02 - Winter Wine.png","source":"derivative","format":"PNG","original":"02 - Winter Wine.flac","mtime":"1764254071","size":"39990","md5":"692da5990cb9ccf99c7ffdedb86239b3","crc32":"c25a8258","sha1":"fddd47fa0cc9b43de2d28d3ef1226825ee45eba1"},{"name":"02 - Winter Wine_spectrogram.png","source":"derivative","format":"Spectrogram","original":"02 - Winter Wine.flac","mtime":"1764254330","size":"318522","md5":"d0fc09f56cc805d54b54b3965be81818","crc32":"e9224a0c","sha1":"9f67c706e5530159500c3e8abccb4c89bed7ba46"},{"name":"03 - Love To Love You (And Tonight Pigs Will Fly).flac","source":"original","mtime":"1764251088","size":"20271391","md5":"b7f8e40d95fd823c8424b7ac5da75384","crc32":"e5699a8b","sha1":"76b25c400bf8cd33af71fa6cf244a83ec1bfd43f","format":"Flac","length":"184.18","viruscheck":"1764253091","title":"Love To Love You (And Tonight Pigs Will Fly)","creator":"Caravan","album":"In The Land Of Grey And Pink","track":"3","artist":"Caravan","genre":"Progressive Rock"},{"name":"03 - Love To Love You (And Tonight Pigs Will Fly).mp3","source":"derivative","creator":"Caravan","title":"Love To Love You (And Tonight Pigs Will Fly)","track":"3","album":"In The Land Of Grey And Pink","genre":"Progressive Rock","bitrate":"194","length":"03:04","format":"VBR MP3","original":"03 - Love To Love You (And Tonight Pigs Will Fly).flac","mtime":"1764253668","size":"4482695","md5":"e43a9bcf4fbb32266fc6c30d95a2d991","crc32":"57fd89ee","sha1":"721ebf3d4ee1c0788ffffaf974d356740a0c11b2"},{"name":"03 - Love To Love You (And Tonight Pigs Will Fly).png","source":"derivative","format":"PNG","original":"03 - Love To Love You (And Tonight Pigs Will Fly).flac","mtime":"1764254132","size":"43506","md5":"0b0091b7edc86a5f71cbcb0624e34151","crc32":"dd497c6f","sha1":"cb9f662dc909d18c08dd1d0d507513da176063ab"},{"name":"03 - Love To Love You (And Tonight Pigs Will Fly)_spectrogram.png","source":"derivative","format":"Spectrogram","original":"03 - Love To Love You (And Tonight Pigs Will Fly).flac","mtime":"1764254380","size":"319376","md5":"df3dd92cd9277f4f12c9c5f78ddadf0a","crc32":"46c7570b","sha1":"5cf561d5ca8587aaeb08b3217d6770790de3de11"},{"name":"04 - In The Land Of Grey And Pink.flac","source":"original","mtime":"1764251130","size":"31369969","md5":"9f51ef708f988a12cd5e7bd98de3c95b","crc32":"9405b1e5","sha1":"eced2ae3488be8231427fafe9c334bd270aa07a1","format":"Flac","length":"299.82","viruscheck":"1764253091","title":"In The Land Of Grey And Pink","creator":"Caravan","album":"In The Land Of Grey And Pink","track":"4","artist":"Caravan","genre":"Progressive Rock"},{"name":"04 - In The Land Of Grey And Pink.mp3","source":"derivative","creator":"Caravan","title":"In The Land Of Grey And Pink","track":"4","album":"In The Land Of Grey And Pink","genre":"Progressive Rock","bitrate":"203","length":"05:00","format":"VBR MP3","original":"04 - In The Land Of Grey And Pink.flac","mtime":"1764253760","size":"7612486","md5":"3c87ac02b39a14ef23f9f2df00c8149c","crc32":"4620c5af","sha1":"25359e6a3c8976543726715ae278fdb7f1f25c7b"},{"name":"04 - In The Land Of Grey And Pink.png","source":"derivative","format":"PNG","original":"04 - In The Land Of Grey And Pink.flac","mtime":"1764254171","size":"45678","md5":"ff56e65971f3b6a525bc47d2473c9cb0","crc32":"904596b3","sha1":"d21ad08cf2f49e38f0fdf88b654aab0ab91ad9de"},{"name":"04 - In The Land Of Grey And Pink_spectrogram.png","source":"derivative","format":"Spectrogram","original":"04 - In The Land Of Grey And Pink.flac","mtime":"1764254414","size":"324220","md5":"63ada337706775eda0927ae214745346","crc32":"69e56809","sha1":"d3967be3ea6bc9823be15459b53468608bdb2ba6"},{"name":"05 - Nine Feet Underground (a. Nigel Blows a Tune - b. Love's a Friend -  c. Make It 76 - d. Dance of the Seven Paper Hankies -  e. Hold Grandad by the Nose -  f. Honest I Did! - g. Disassociation -  h. 100% Proof).flac","source":"original","mtime":"1764251344","size":"144380094","md5":"7088a769769f444fe932a2f1ed91097e","crc32":"2b7f74b6","sha1":"0dd32a1281510b60ebd2ba3621177241665c0e15","format":"Flac","length":"1362.45","title":"Nine Feet Underground (a. Nigel Blows a Tune - b. Love's a Friend - c. Make It 76 - d. Dance of the Seven Paper Hankies - e. Hold Grandad by the Nose - f. Honest I Did! - g. Disassociation - h. 100% Proof)","creator":"Caravan","album":"In The Land Of Grey And Pink","track":"5","artist":"Caravan","genre":"Progressive Rock"},{"name":"05 - Nine Feet Underground (a. Nigel Blows a Tune - b. Love's a Friend -  c. Make It 76 - d. Dance of the Seven Paper Hankies -  e. Hold Grandad by the Nose -  f. Honest I Did! - g. Disassociation -  h. 100% Proof).mp3","source":"derivative","creator":"Caravan","title":"Nine Feet Underground (a. Nigel Blows a Tune - b. Love's a Friend - c. Make It 76 - d. Dance of the Seven Paper Hankies - e. Hold Grandad by the Nose - f. Honest I Did! - g. Disassociation - h. 100% Proof)","track":"5","album":"In The Land Of Grey And Pink","genre":"Progressive Rock","bitrate":"191","length":"22:38","format":"VBR MP3","original":"05 - Nine Feet Underground (a. Nigel Blows a Tune - b. Love's a Friend -  c. Make It 76 - d. Dance of the Seven Paper Hankies -  e. Hold Grandad by the Nose -  f. Honest I Did! - g. Disassociation -  h. 100% Proof).flac","mtime":"1764253856","size":"32417458","md5":"0efd92d802edfffb9f12de38b883df33","crc32":"1387db60","sha1":"bba51a38c8e94d1d36c9b2d10de9ffb868d82c11"},{"name":"05 - Nine Feet Underground (a. Nigel Blows a Tune - b. Love's a Friend -  c. Make It 76 - d. Dance of the Seven Paper Hankies -  e. Hold Grandad by the Nose -  f. Honest I Did! - g. Disassociation -  h. 100% Proof).png","source":"derivative","format":"PNG","original":"05 - Nine Feet Underground (a. Nigel Blows a Tune - b. Love's a Friend -  c. Make It 76 - d. Dance of the Seven Paper Hankies -  e. Hold Grandad by the Nose -  f. Honest I Did! - g. Disassociation -  h. 100% Proof).flac","mtime":"1764254232","size":"37893","md5":"4e2e044494a5f57c515869f9641b7bc8","crc32":"6a11563e","sha1":"6871d74eb0e1d49e4f29d1193af3373b72295a2f"},{"name":"05 - Nine Feet Underground (a. Nigel Blows a Tune - b. Love's a Friend -  c. Make It 76 - d. Dance of the Seven Paper Hankies -  e. Hold Grandad by the Nose -  f. Honest I Did! - g. Disassociation -  h. 100% Proof)_spectrogram.png","source":"derivative","format":"Spectrogram","original":"05 - Nine Feet Underground (a. Nigel Blows a Tune - b. Love's a Friend -  c. Make It 76 - d. Dance of the Seven Paper Hankies -  e. Hold Grandad by the Nose -  f. Honest I Did! - g. Disassociation -  h. 100% Proof).flac","mtime":"1764254468","size":"291351","md5":"99593bf2e219079c0fa353ad92a85cec","crc32":"19bb245b","sha1":"6588eef93eed26e021125e9a5b6a7ffd31dd3f90"},{"name":"1971-caravan-in-the-land-of-grey-and-pink_archive.torrent","source":"metadata","btih":"4c12a9175e9ee0c830d9437aa7ccfa7da91cd10b","mtime":"1764254548","size":"19327","md5":"d5ac1643c27a3b0eeee1254ada700c63","crc32":"3d3a9234","sha1":"8c594745c3ca8ce022b2598ef0af7465e009824e","format":"Archive BitTorrent"},{"name":"1971-caravan-in-the-land-of-grey-and-pink_files.xml","source":"original","format":"Metadata","md5":"105ef10ca6f9cd13cbcd08b3b9d0a71b","summation":"md5"},{"name":"1971-caravan-in-the-land-of-grey-and-pink_meta.sqlite","source":"original","mtime":"1764251987","size":"40960","md5":"08e43df37c27488bff9feacc3a657c90","crc32":"e70daf84","sha1":"cbf3b6055ece1c27f607ec5cf71a201482b23af6","format":"Metadata"},{"name":"1971-caravan-in-the-land-of-grey-and-pink_meta.xml","source":"original","mtime":"1764254516","size":"928","md5":"6b0a6d6b0249b2144557147d388f8ff1","crc32":"329fdc03","sha1":"9d5abd5988dc8a6b12135b4a550b8428725e120d","format":"Metadata"},{"name":"__ia_thumb.jpg","source":"original","mtime":"1764252000","size":"15384","md5":"6be8eb88d866f3021ae9fdcb5e85d515","crc32":"511c6ed2","sha1":"68febb481e1dc83b66118cc801057bf27b82b625","format":"Item Tile"},{"name":"cover.jpeg","source":"original","mtime":"1764251348","size":"182578","md5":"ccb8d48ced74a7ebd57eea1eb54fead1","crc32":"4e78f6f6","sha1":"f08f2ee4fe058a48a186c68c7f8e61a752beb5a7","format":"JPEG"},{"name":"cover_thumb.jpg","source":"derivative","format":"JPEG Thumb","original":"cover.jpeg","mtime":"1764253963","size":"10082","md5":"b9258df5c74e9e8bb7287a390e651b5a","crc32":"fc36cfc8","sha1":"75c7f0b4e7c2b39df1de6083b1b67035b93caff8"}],"files_count":27,"item_last_updated":1764254548,"item_size":341656211,"metadata":{"identifier":"1971-caravan-in-the-land-of-grey-and-pink","mediatype":"audio","collection":"opensource_audio","creator":"Caravan","date":"1976-04-08","description":"Released by Deram Records.","language":"eng","scanner":"Internet Archive HTML5 Uploader 1.7.0","subject":["Prog","Rock","Canterbury Scene","Psychedelic","Progressive Pop","Pop","UK"],"title":"In the Land of Grey and Pink","uploader":"marcioal3f@protonmail.com","publicdate":"2025-11-27 13:42:16","addeddate":"2025-11-27 13:42:16","curation":"[curator]validator@archive.org[/curator][date]20251127141811[/date][comment]checked for malware[/comment]"},"server":"ia801904.us.archive.org","uniq":1380007529,"workable_servers":["ia801904.us.archive.org","ia601904.us.archive.org"]}