{"alternate_locations":{"servers":[{"server":"dn721901.ca.archive.org","dir":"/0/items/1972-quarteto-em-cy"}],"workable":[{"server":"dn721901.ca.archive.org","dir":"/0/items/1972-quarteto-em-cy"}]},"created":1767564991,"d1":"ia601602.us.archive.org","d2":"ia801602.us.archive.org","dir":"/17/items/1972-quarteto-em-cy","files":[{"name":"01. Quando O Carnaval Chegar.flac","source":"original","mtime":"1759342792","size":"20229278","md5":"c6050fa80cbc3a0d1cbb020088531c67","crc32":"47ef4403","sha1":"aec8876db82e99c849006492e010083e30103d51","format":"Flac","length":"172.89","viruscheck":"1759343833","title":"Quando O Carnaval Chegar","creator":"Quarteto Em Cy","album":"Quarteto Em Cy","track":"1","artist":"Quarteto Em Cy","genre":"MPB"},{"name":"01. Quando O Carnaval Chegar.mp3","source":"derivative","creator":"Quarteto Em Cy","title":"Quando O Carnaval Chegar","track":"1","album":"Quarteto Em Cy","genre":"MPB","bitrate":"181","length":"02:53","format":"VBR MP3","original":"01. Quando O Carnaval Chegar.flac","mtime":"1759343859","size":"3922693","md5":"ce19937b76a09cd92bbb1db2a01058b2","crc32":"7dbd7ab0","sha1":"7f623c3ed3d11bf73097323fa8f20617a2c8e6a6"},{"name":"01. Quando O Carnaval Chegar.png","source":"derivative","format":"PNG","original":"01. Quando O Carnaval Chegar.flac","mtime":"1759344170","size":"35575","md5":"0e46ba93e8ad48b41c6c0a7a8a21ca02","crc32":"ebc5df0d","sha1":"3ac1ef1830bebe3bb22bcbaf0723e2726ab78e31"},{"name":"01. Quando O Carnaval Chegar_spectrogram.png","source":"derivative","format":"Spectrogram","original":"01. Quando O Carnaval Chegar.flac","mtime":"1759344440","size":"310141","md5":"98d16e450db085937025baf0e50f410f","crc32":"019a1f32","sha1":"e7ebf848e0b5e0fbe8705b98456122411fc24437"},{"name":"02. Talvez.flac","source":"original","mtime":"1759342801","size":"16775181","md5":"e9b6c6bb90a0c3e97d839d92628e4b0e","crc32":"0ffd8a03","sha1":"f25a2cf6ac447be0eea7d70eee97b5e94e17010f","format":"Flac","length":"142.04","viruscheck":"1759343833","title":"Talvez","creator":"Quarteto Em Cy","album":"Quarteto Em Cy","track":"2","artist":"Quarteto Em Cy","genre":"MPB"},{"name":"02. Talvez.mp3","source":"derivative","creator":"Quarteto Em Cy","title":"Talvez","track":"2","album":"Quarteto Em Cy","genre":"MPB","bitrate":"185","length":"02:22","format":"VBR MP3","original":"02. Talvez.flac","mtime":"1759344096","size":"3283345","md5":"2715b464b933c8e385491e4307da7fb5","crc32":"5c5b6ea2","sha1":"1d6e7ce5359d5b479a41018f7b0b72a76e0d05cc"},{"name":"02. Talvez.png","source":"derivative","format":"PNG","original":"02. Talvez.flac","mtime":"1759344217","size":"35650","md5":"af8311e59163fb56b55f37b4456dea9f","crc32":"da6e7881","sha1":"768a087c9fbb92fbf8822458ed055d123409e725"},{"name":"02. Talvez_spectrogram.png","source":"derivative","format":"Spectrogram","original":"02. Talvez.flac","mtime":"1759344305","size":"320549","md5":"7c2fdf534eb04300cfb5999421419b86","crc32":"cc9d2845","sha1":"62e1371b7a73cf7786956bccb29718771572f297"},{"name":"03. Cavalo-Ferro.flac","source":"original","mtime":"1759342890","size":"18509937","md5":"9bdcd9523da1d28cacd9ef480407e047","crc32":"3db2b786","sha1":"c19735bf8277ed5c9b405ce703f52cf91ded49a3","format":"Flac","length":"141.03","viruscheck":"1759343833","title":"Cavalo-Ferro","creator":"Quarteto Em Cy","album":"Quarteto Em Cy","track":"3","artist":"Quarteto Em Cy","genre":"MPB"},{"name":"03. Cavalo-Ferro.mp3","source":"derivative","creator":"Quarteto Em Cy","title":"Cavalo-Ferro","track":"3","album":"Quarteto Em Cy","genre":"MPB","bitrate":"194","length":"02:21","format":"VBR MP3","original":"03. Cavalo-Ferro.flac","mtime":"1759344059","size":"3422835","md5":"453243d401b7231c800a1094abe1a18c","crc32":"fab97671","sha1":"cf20e46f893d71d48c12a0f2d712d419edaaf938"},{"name":"03. Cavalo-Ferro.png","source":"derivative","format":"PNG","original":"03. Cavalo-Ferro.flac","mtime":"1759344263","size":"40128","md5":"d7711703b01e126e0c7eb9142dfdd55a","crc32":"4a182dd0","sha1":"15f286162e3e0c258ea87b7a3fcf2161d336310c"},{"name":"03. Cavalo-Ferro_spectrogram.png","source":"derivative","format":"Spectrogram","original":"03. Cavalo-Ferro.flac","mtime":"1759344319","size":"320931","md5":"c10063f5dfe4527199dc26a0cea2d61e","crc32":"c58175c4","sha1":"26fe63be92d96c80bc117f7a38dd1197e41e4524"},{"name":"04. Tudo Que Você Podia Ser.flac","source":"original","mtime":"1759343467","size":"20265405","md5":"4f0fd9a24717cac726f65c38ee19ca4f","crc32":"24ddd1d9","sha1":"86b20c82988405302789dae57fc6fd40c30b0218","format":"Flac","length":"161.11","viruscheck":"1759343833","title":"Tudo Que Você Podia Ser","creator":"Quarteto Em Cy","album":"Quarteto Em Cy","track":"4","artist":"Quarteto Em Cy","genre":"MPB"},{"name":"04. Tudo Que Você Podia Ser.mp3","source":"derivative","creator":"Quarteto Em Cy","title":"Tudo Que Você Podia Ser","track":"4","album":"Quarteto Em Cy","genre":"MPB","bitrate":"196","length":"02:41","format":"VBR MP3","original":"04. Tudo Que Você Podia Ser.flac","mtime":"1759344042","size":"3946364","md5":"b84dde532279216a7e69872856253b26","crc32":"fe99800c","sha1":"1f7d56ee0d0322aa47780c899041562e05283031"},{"name":"04. Tudo Que Você Podia Ser.png","source":"derivative","format":"PNG","original":"04. Tudo Que Você Podia Ser.flac","mtime":"1759344153","size":"38155","md5":"0007087306e8b8862ed46726c8a43f96","crc32":"e466ef9c","sha1":"0c27e7b6ee17df6707610ab016cc3a4d710f2956"},{"name":"04. Tudo Que Você Podia Ser_spectrogram.png","source":"derivative","format":"Spectrogram","original":"04. Tudo Que Você Podia Ser.flac","mtime":"1759344331","size":"328541","md5":"84c60ee60636f238a4d9392119067b41","crc32":"6f8fbd07","sha1":"776c4d439ce4e9419f9c0ff27a2a5f56544c340d"},{"name":"05. Incelensa.flac","source":"original","mtime":"1759343071","size":"27386940","md5":"d0004296d07872225b0f75d633356abb","crc32":"81f29422","sha1":"5af483765191d9d4a6126a1b7cb666b1a4747ef5","format":"Flac","length":"240.4","viruscheck":"1759343833","title":"Incelensa","creator":"Quarteto Em Cy","album":"Quarteto Em Cy","track":"5","artist":"Quarteto Em Cy","genre":"MPB"},{"name":"05. Incelensa.mp3","source":"derivative","creator":"Quarteto Em Cy","title":"Incelensa","track":"5","album":"Quarteto Em Cy","genre":"MPB","bitrate":"187","length":"04:00","format":"VBR MP3","original":"05. Incelensa.flac","mtime":"1759343941","size":"5632139","md5":"e601cb665cde89e8c3c1252c4dd928c9","crc32":"0ab712ad","sha1":"24448d9c56580a41d027728fdc502d66690f74a9"},{"name":"05. Incelensa.png","source":"derivative","format":"PNG","original":"05. Incelensa.flac","mtime":"1759344294","size":"37781","md5":"acbac28dad2e348ed9151b2b89a4a380","crc32":"2e705815","sha1":"e234b17a36d8e7b70bc2e56ddc06a1c985b5f120"},{"name":"05. Incelensa_spectrogram.png","source":"derivative","format":"Spectrogram","original":"05. Incelensa.flac","mtime":"1759344414","size":"314197","md5":"b4c1b42fceeadbad2a7d4d06d30c4694","crc32":"9498f3e2","sha1":"02c522b71e9b0dd891a413904cb9a7190b0d7923"},{"name":"06. Sapato Mole.flac","source":"original","mtime":"1759343254","size":"26168294","md5":"e01769aacc0900f3b2daeea494691e03","crc32":"a8b194ae","sha1":"9f5a63ae0aba1c8d215156f38a26e88a07549e1d","format":"Flac","length":"219.67","viruscheck":"1759343833","title":"Sapato Mole","creator":"Quarteto Em Cy","album":"Quarteto Em Cy","track":"6","artist":"Quarteto Em Cy","genre":"MPB"},{"name":"06. Sapato Mole.mp3","source":"derivative","creator":"Quarteto Em Cy","title":"Sapato Mole","track":"6","album":"Quarteto Em Cy","genre":"MPB","bitrate":"193","length":"03:40","format":"VBR MP3","original":"06. Sapato Mole.flac","mtime":"1759343899","size":"5310119","md5":"2e37df4714ca681a9836a16526ccc150","crc32":"40ce0f9b","sha1":"9a72319cac312a95d1325ba4fc43a0dafa6d2ed8"},{"name":"06. Sapato Mole.png","source":"derivative","format":"PNG","original":"06. Sapato Mole.flac","mtime":"1759344231","size":"40711","md5":"143fb890e83a297389fcee49d599382b","crc32":"c1aa127c","sha1":"d2c144d3134f994bfbb2ae97a8fa6f2514ac7496"},{"name":"06. Sapato Mole_spectrogram.png","source":"derivative","format":"Spectrogram","original":"06. Sapato Mole.flac","mtime":"1759344495","size":"321736","md5":"ca949c75a118f9d1293514c99ee3efb8","crc32":"897a9806","sha1":"a508f4cdf4ad031d3848e7e994574383bd20db79"},{"name":"07. Underground.flac","source":"original","mtime":"1759343261","size":"15993876","md5":"99ebbbd92a10b8315c023d90f45e604e","crc32":"ba787522","sha1":"f07d813cc06758f28c434d7e3a0f93b7d3b9f893","format":"Flac","length":"129.87","viruscheck":"1759343833","title":"Underground","creator":"Quarteto Em Cy","album":"Quarteto Em Cy","track":"7","artist":"Quarteto Em Cy","genre":"MPB"},{"name":"07. Underground.mp3","source":"derivative","creator":"Quarteto Em Cy","title":"Underground","track":"7","album":"Quarteto Em Cy","genre":"MPB","bitrate":"198","length":"02:10","format":"VBR MP3","original":"07. Underground.flac","mtime":"1759344112","size":"3213754","md5":"f1ecb7524d543e31ed12a2670e346653","crc32":"e7545d2d","sha1":"98a07c7fbf5ec186176afb7f76945765297cb684"},{"name":"07. Underground.png","source":"derivative","format":"PNG","original":"07. Underground.flac","mtime":"1759344247","size":"39549","md5":"87b96a6ab2a479c5ec77df8db6c59318","crc32":"051b75b2","sha1":"bced4aec295091e3acf138ae15a82d6e02f82c5f"},{"name":"07. Underground_spectrogram.png","source":"derivative","format":"Spectrogram","original":"07. Underground.flac","mtime":"1759344450","size":"325992","md5":"2e012c205ea904ef4734c038c1376b7a","crc32":"d3cf5ce2","sha1":"0abf4d04926957d3592bdfc5b92e05c5bd5ddc19"},{"name":"08. Antes Da Primeira Hora.flac","source":"original","mtime":"1759343322","size":"11025427","md5":"09acc3886173acc8f36bc5bf864fddbb","crc32":"ad29fb5f","sha1":"316376c1fc2de3110a8373ae63056f0e93cdeb40","format":"Flac","length":"84.56","viruscheck":"1759343833","title":"Antes Da Primeira Hora","creator":"Quarteto Em Cy","album":"Quarteto Em Cy","track":"8","artist":"Quarteto Em Cy","genre":"MPB"},{"name":"08. Antes Da Primeira Hora.mp3","source":"derivative","creator":"Quarteto Em Cy","title":"Antes Da Primeira Hora","track":"8","album":"Quarteto Em Cy","genre":"MPB","bitrate":"184","length":"01:25","format":"VBR MP3","original":"08. Antes Da Primeira Hora.flac","mtime":"1759343879","size":"1954156","md5":"72ad1cbc618bd38589e72f8bb775b1c0","crc32":"e7a78905","sha1":"8e9f54694eac61fb4b55a21bf11319aa6760f63f"},{"name":"08. Antes Da Primeira Hora.png","source":"derivative","format":"PNG","original":"08. Antes Da Primeira Hora.flac","mtime":"1759344134","size":"33796","md5":"7a240704f7d7235428128a6d8c5a3bc5","crc32":"9eafb345","sha1":"2eaede0fefc6454c6b3d1df27acee380ea5a0d60"},{"name":"08. Antes Da Primeira Hora_spectrogram.png","source":"derivative","format":"Spectrogram","original":"08. Antes Da Primeira Hora.flac","mtime":"1759344460","size":"329615","md5":"6a69bcf239ad57e2293fe0d7b53fb3bf","crc32":"96f3d4c5","sha1":"4cddb4d22423105256c12ee0edfaf8163ef39ffd"},{"name":"09. Zanga, Zangada.flac","source":"original","mtime":"1759343349","size":"19634151","md5":"68d73ba84ed5bd01c0ae68a4bf8dc344","crc32":"5d25f324","sha1":"aecbdd6938becedef0327e9a34aa048f29fada9f","format":"Flac","length":"155.17","viruscheck":"1759343833","title":"Zanga, Zangada","creator":"Quarteto Em Cy","album":"Quarteto Em Cy","track":"9","artist":"Quarteto Em Cy","genre":"MPB"},{"name":"09. Zanga, Zangada.mp3","source":"derivative","creator":"Quarteto Em Cy","title":"Zanga, Zangada","track":"9","album":"Quarteto Em Cy","genre":"MPB","bitrate":"192","length":"02:35","format":"VBR MP3","original":"09. Zanga, Zangada.flac","mtime":"1759343921","size":"3724414","md5":"4b49e22d4cb701c2ad6cc74653f2be36","crc32":"5f921d8f","sha1":"24dfe67dac1337dba047fe79c79a8c62191c0319"},{"name":"09. Zanga, Zangada.png","source":"derivative","format":"PNG","original":"09. Zanga, Zangada.flac","mtime":"1759344279","size":"38007","md5":"51b999475698f0c6579c6ce8458aa9c7","crc32":"d8f494e2","sha1":"c38dd30019f7eb07ad75a3d5b68d13c92b4098c5"},{"name":"09. Zanga, Zangada_spectrogram.png","source":"derivative","format":"Spectrogram","original":"09. Zanga, Zangada.flac","mtime":"1759344471","size":"323645","md5":"4f6d177ef0b327b0622549ce2df45985","crc32":"cd6911f7","sha1":"165b11b9fa2fd64facb421503389418d13b2d47a"},{"name":"10. Cantoria.flac","source":"original","mtime":"1759343357","size":"15410473","md5":"0ef84bcf47252b307fb0be1467568b0b","crc32":"6293a4f3","sha1":"75341a39ae88dfdefcc8b58b910742e3f39a4232","format":"Flac","length":"123","viruscheck":"1759343833","title":"Cantoria","creator":"Quarteto Em Cy","album":"Quarteto Em Cy","track":"10","artist":"Quarteto Em Cy","genre":"MPB"},{"name":"10. Cantoria.mp3","source":"derivative","creator":"Quarteto Em Cy","title":"Cantoria","track":"10","album":"Quarteto Em Cy","genre":"MPB","bitrate":"192","length":"02:03","format":"VBR MP3","original":"10. Cantoria.flac","mtime":"1759343960","size":"2963503","md5":"189868d5b5632bfc64e261e2fb4677fd","crc32":"c79153a5","sha1":"b6d3e2967738e22e49a655d12833ba72c95b7e5c"},{"name":"10. Cantoria.png","source":"derivative","format":"PNG","original":"10. Cantoria.flac","mtime":"1759344202","size":"40283","md5":"e82217edaa9d137f53f1a81e9a1c030c","crc32":"f61d240e","sha1":"efc09caaa3320b7a26ed575ae62a4360e606012c"},{"name":"10. Cantoria_spectrogram.png","source":"derivative","format":"Spectrogram","original":"10. Cantoria.flac","mtime":"1759344362","size":"325907","md5":"9fca3c0525233d764352b35d2ee6f269","crc32":"766fb235","sha1":"1770cf11bc3727013e9ba51af6ae309771630857"},{"name":"11. Canto De Obá (part. Dorival Caymmi).flac","source":"original","mtime":"1759343420","size":"18994588","md5":"e2e33759f698607ab9d798bcbf737c53","crc32":"8b0a6c0d","sha1":"0cd59458812a29801ee4509c8538909f2c9b228c","format":"Flac","length":"151.09","viruscheck":"1759343833","title":"Canto De Obá (part. Dorival Caymmi)","creator":"Quarteto Em Cy","album":"Quarteto Em Cy","track":"11","artist":"Quarteto Em Cy","genre":"MPB"},{"name":"11. Canto De Obá (part. Dorival Caymmi).mp3","source":"derivative","creator":"Quarteto Em Cy","title":"Canto De Obá (part. Dorival Caymmi)","track":"11","album":"Quarteto Em Cy","genre":"MPB","bitrate":"205","length":"02:31","format":"VBR MP3","original":"11. Canto De Obá (part. Dorival Caymmi).flac","mtime":"1759344077","size":"3882650","md5":"721eb0e74ef85441adb10011d4fb4448","crc32":"f06893d5","sha1":"5d892d028a10addc87ff40e7101d7b4ef89074e7"},{"name":"11. Canto De Obá (part. Dorival Caymmi).png","source":"derivative","format":"PNG","original":"11. Canto De Obá (part. Dorival Caymmi).flac","mtime":"1759344186","size":"38826","md5":"538cd6581e681f97f3eb659a41a22d16","crc32":"a0fa9a62","sha1":"d8d27eb696aca46e844dfd7568a0209b7f30dcff"},{"name":"11. Canto De Obá (part. Dorival Caymmi)_spectrogram.png","source":"derivative","format":"Spectrogram","original":"11. Canto De Obá (part. Dorival Caymmi).flac","mtime":"1759344483","size":"318087","md5":"558d6383f2ad186a9224db17ff4e33c6","crc32":"a3bb8831","sha1":"88072f02d30a9d0f0fb7a8e5bdf130b68fb7a61a"},{"name":"1972-quarteto-em-cy_archive.torrent","source":"metadata","btih":"09a72d08c58f110f156bfd2b1b6d7b8dc8314804","mtime":"1764431715","size":"19930","md5":"775b8fd7753518233ea96c97b92757bb","crc32":"2789451f","sha1":"3d587689513f65f7b381e835b4eb635421a5fab4","format":"Archive BitTorrent"},{"name":"1972-quarteto-em-cy_files.xml","source":"original","format":"Metadata","md5":"eac0cb273cd11e7d7c3d8c424e0a30bb","summation":"md5"},{"name":"1972-quarteto-em-cy_meta.sqlite","source":"original","mtime":"1759343477","size":"53248","md5":"e418c6f5397d8cdc512bb3d65cecd0df","crc32":"bdc23cec","sha1":"d66a82d5a34dd23849a8bda662cce19d2085d7c9","format":"Metadata"},{"name":"1972-quarteto-em-cy_meta.xml","source":"original","mtime":"1764431712","size":"988","md5":"bcf4b7117572b77166020a565cc82b70","crc32":"35871956","sha1":"cdd41835ba7a64203c112d3f359814a9a4bd9c2e","format":"Metadata"},{"name":"Cover.jpg","source":"original","mtime":"1759342767","size":"2362752","md5":"08251c6975127e6f8c74de6320fdfe77","crc32":"8788ed21","sha1":"c998d408e30a3a576d32bd25cb20541a33821416","format":"JPEG"},{"name":"Cover_thumb.jpg","source":"derivative","format":"JPEG Thumb","original":"Cover.jpg","mtime":"1759344124","size":"12446","md5":"0d23ed223abcdb90178328e30fa4fdc5","crc32":"32893a98","sha1":"b8e85f1e547bdedcfc4209a15e06a86240e91958"},{"name":"__ia_thumb.jpg","source":"original","mtime":"1759342841","size":"26717","md5":"2bc96c26dba2ffaaf322080ac2947612","crc32":"04885670","sha1":"beddff980c8b713b8f6f61120ba12c31e6f39010","format":"Item Tile"}],"files_count":51,"item_last_updated":1764431715,"item_size":258083405,"metadata":{"identifier":"1972-quarteto-em-cy","mediatype":"audio","collection":"opensource_audio","creator":"Quarteto em Cy","date":"1972-09","description":"Released by Odeon Records.","language":"por","scanner":"Internet Archive HTML5 Uploader 1.7.0","subject":["MPB","Vocal Group","Samba Canção","Samba","Baroque","Pop","Bossa Nova","Psychedelic","Jazz","Brazil"],"title":"Quarteto em Cy (1972)","uploader":"marcioal3f@protonmail.com","publicdate":"2025-10-01 18:19:47","addeddate":"2025-10-01 18:19:47","curation":"[curator]validator@archive.org[/curator][date]20251001183713[/date][comment]checked for malware[/comment]"},"server":"ia601602.us.archive.org","uniq":3410542,"workable_servers":["ia601602.us.archive.org","ia801602.us.archive.org"]}