{"alternate_locations":{"servers":[{"server":"dn710109.ca.archive.org","dir":"/0/items/1972-elis-regina"}],"workable":[{"server":"dn710109.ca.archive.org","dir":"/0/items/1972-elis-regina"}]},"created":1767564980,"d1":"ia600600.us.archive.org","d2":"ia800600.us.archive.org","dir":"/8/items/1972-elis-regina","files":[{"name":"01 - 20 Anos Blue (Remastered 2021).mp3","source":"original","mtime":"1722096359","size":"7704673","md5":"97d6a5cfe63242430e3002313a80cd4a","crc32":"adc9ee69","sha1":"3ce542420c4a7b0f296a8b706118e8ffadf0c2c6","format":"VBR MP3","length":"191.11","title":"20 Anos Blue (Remastered 2021)","creator":"Elis Regina","album":"Elis (Remastered)","track":"01/12","artist":"Elis Regina","genre":"MPB","comment":"Visite: https://www.musicasdonordeste.net/ https://www.musicasdonordeste.net/ https://www.musicasdonordeste.net/ Mantenha os créditos! Obrigado!"},{"name":"01 - 20 Anos Blue (Remastered 2021).png","source":"derivative","format":"PNG","original":"01 - 20 Anos Blue (Remastered 2021).mp3","mtime":"1722097052","size":"37047","md5":"cfd6c9bd91cac22c19032bd876159f73","crc32":"88f4e654","sha1":"c52d7fcd025093f760616de63fd1b1525eda61b7"},{"name":"01 - 20 Anos Blue (Remastered 2021)_spectrogram.png","source":"derivative","format":"Spectrogram","original":"01 - 20 Anos Blue (Remastered 2021).mp3","mtime":"1722099001","size":"310027","md5":"7d17eb833db5b9346ee82518942c2f03","crc32":"9548c980","sha1":"2dde40914d800d3e6e9c107eb83cbb745c4a4a0c"},{"name":"02 - Bala Com Bala (Remastered 2021).mp3","source":"original","mtime":"1722096386","size":"9200596","md5":"40e5596b89508e1bfffb853e01d62910","crc32":"e390d658","sha1":"072fc5db07920d24e02393ecf1cb35067fcf9ff4","format":"VBR MP3","length":"228.44","title":"Bala Com Bala (Remastered 2021)","creator":"Elis Regina","album":"Elis (Remastered)","track":"02/12","artist":"Elis Regina","genre":"MPB","comment":"Visite: https://www.musicasdonordeste.net/ https://www.musicasdonordeste.net/ https://www.musicasdonordeste.net/ Mantenha os créditos! Obrigado!"},{"name":"02 - Bala Com Bala (Remastered 2021).png","source":"derivative","format":"PNG","original":"02 - Bala Com Bala (Remastered 2021).mp3","mtime":"1722097567","size":"43856","md5":"c970fe60a89b7be9d13a81cfa40d1b8c","crc32":"2e522bfe","sha1":"fdd4035e6d7acddc6868ce87584a90bc60c24345"},{"name":"02 - Bala Com Bala (Remastered 2021)_spectrogram.png","source":"derivative","format":"Spectrogram","original":"02 - Bala Com Bala (Remastered 2021).mp3","mtime":"1722097775","size":"326975","md5":"a174986da97154e46befc5725d6ede3c","crc32":"4c088791","sha1":"4485a1543af300a64d3ee38e0538fc3fb92f8b11"},{"name":"03 - Nada Será Como Antes (Remastered 2021).mp3","source":"original","mtime":"1722096401","size":"6499059","md5":"253c9186af675c765228da57bf988a7e","crc32":"d946fbf9","sha1":"3809ea71c75521ff5b722ed88932111a387c8910","format":"VBR MP3","length":"160.97","title":"Nada Será Como Antes (Remastered 2021)","creator":"Elis Regina","album":"Elis (Remastered)","track":"03/12","artist":"Elis Regina","genre":"MPB","comment":"Visite: https://www.musicasdonordeste.net/ https://www.musicasdonordeste.net/ https://www.musicasdonordeste.net/ Mantenha os créditos! Obrigado!"},{"name":"03 - Nada Será Como Antes (Remastered 2021).png","source":"derivative","format":"PNG","original":"03 - Nada Será Como Antes (Remastered 2021).mp3","mtime":"1722097470","size":"45005","md5":"94953684181a383ddbb257969d7aee14","crc32":"4c41fb67","sha1":"23910c263e0893b575ec53b956372935520be81d"},{"name":"03 - Nada Será Como Antes (Remastered 2021)_spectrogram.png","source":"derivative","format":"Spectrogram","original":"03 - Nada Será Como Antes (Remastered 2021).mp3","mtime":"1722097832","size":"324117","md5":"86bc81d42aa48969d2480e6c1dcad8cd","crc32":"648c91a3","sha1":"d49961ebbd571f3362b8b228a7b73223f1c3eb7d"},{"name":"04 - Mucuripe (Remastered 2021).mp3","source":"original","mtime":"1722096411","size":"5924508","md5":"09dc4508f359fdf9e263b042aa11f135","crc32":"f6c633cd","sha1":"a7ec85dedf0c12e71f25b5c9498391e8bfe67b43","format":"VBR MP3","length":"146.63","title":"Mucuripe (Remastered 2021)","creator":"Elis Regina","album":"Elis (Remastered)","track":"04/12","artist":"Elis Regina","genre":"MPB","comment":"Visite: https://www.musicasdonordeste.net/ https://www.musicasdonordeste.net/ https://www.musicasdonordeste.net/ Mantenha os créditos! Obrigado!"},{"name":"04 - Mucuripe (Remastered 2021).png","source":"derivative","format":"PNG","original":"04 - Mucuripe (Remastered 2021).mp3","mtime":"1722097323","size":"31805","md5":"a51e358953c7257d553154f864e84b19","crc32":"d64b3584","sha1":"b9280f073f93f94f15e22912c6fc5bf4cee2b67f"},{"name":"04 - Mucuripe (Remastered 2021)_spectrogram.png","source":"derivative","format":"Spectrogram","original":"04 - Mucuripe (Remastered 2021).mp3","mtime":"1722097921","size":"317472","md5":"0c857a211a4c777502f58f42d3f2be9d","crc32":"ef227463","sha1":"1ec7a644e8aae4a46e364a9daf1b254e26ff22c3"},{"name":"05 - Olhos Abertos (Remastered 2021).mp3","source":"original","mtime":"1722096430","size":"7407017","md5":"0e43de45fecc0ce27f51403b6f6bf919","crc32":"e21c07aa","sha1":"7bbaf1c93e2720c04cc5dddbb8db602cbe81e04e","format":"VBR MP3","length":"183.67","title":"Olhos Abertos (Remastered 2021)","creator":"Elis Regina","album":"Elis (Remastered)","track":"05/12","artist":"Elis Regina","genre":"MPB","comment":"Visite: https://www.musicasdonordeste.net/ https://www.musicasdonordeste.net/ https://www.musicasdonordeste.net/ Mantenha os créditos! Obrigado!"},{"name":"05 - Olhos Abertos (Remastered 2021).png","source":"derivative","format":"PNG","original":"05 - Olhos Abertos (Remastered 2021).mp3","mtime":"1722097651","size":"38167","md5":"c27b77d83d8fea8cab25635fb34e9aad","crc32":"f746befc","sha1":"23165d5c149f437dd1b2a8bcfb41cf3420ebd581"},{"name":"05 - Olhos Abertos (Remastered 2021)_spectrogram.png","source":"derivative","format":"Spectrogram","original":"05 - Olhos Abertos (Remastered 2021).mp3","mtime":"1722097982","size":"337731","md5":"26c4fc54f70e976cf7b600936242b84e","crc32":"34db3270","sha1":"de2d60a73d02a038814b600d3bcea810bbdae2c5"},{"name":"06 - Vida De Bailarina (Remastered 2021).mp3","source":"original","mtime":"1722096449","size":"5876619","md5":"8cc969f2ac79378a2e547c8015d5116d","crc32":"6f763954","sha1":"74c575b6c0d49c943421d1958ca209e4c6db0b5c","format":"VBR MP3","length":"145.45","title":"Vida De Bailarina (Remastered 2021)","creator":"Elis Regina","album":"Elis (Remastered)","track":"06/12","artist":"Elis Regina","genre":"MPB","comment":"Visite: https://www.musicasdonordeste.net/ https://www.musicasdonordeste.net/ https://www.musicasdonordeste.net/ Mantenha os créditos! Obrigado!"},{"name":"06 - Vida De Bailarina (Remastered 2021).png","source":"derivative","format":"PNG","original":"06 - Vida De Bailarina (Remastered 2021).mp3","mtime":"1722096676","size":"36582","md5":"c88cae66c9b8751287721e15afc9a0fd","crc32":"f9ad07e6","sha1":"b4756b40568af968279f99403162f5d0a68475d9"},{"name":"06 - Vida De Bailarina (Remastered 2021)_spectrogram.png","source":"derivative","format":"Spectrogram","original":"06 - Vida De Bailarina (Remastered 2021).mp3","mtime":"1722097716","size":"324114","md5":"17df71e6103a478e6a7baefd4805d660","crc32":"43034852","sha1":"571d63551760d9ecee5984c354afba32a8a319c5"},{"name":"07 - Águas De Março (Remastered 2021).mp3","source":"original","mtime":"1722096464","size":"8357829","md5":"d2ba149686d543f765fb776e9f0af219","crc32":"31739796","sha1":"d5824a7e8d5ebdfca16a946cae3aac39ba648b38","format":"VBR MP3","length":"207.33","title":"Águas De Março (Remastered 2021)","creator":"Elis Regina","album":"Elis (Remastered)","track":"07/12","artist":"Elis Regina","genre":"MPB","comment":"Visite: https://www.musicasdonordeste.net/ https://www.musicasdonordeste.net/ https://www.musicasdonordeste.net/ Mantenha os créditos! Obrigado!"},{"name":"07 - Águas De Março (Remastered 2021).png","source":"derivative","format":"PNG","original":"07 - Águas De Março (Remastered 2021).mp3","mtime":"1722096969","size":"45203","md5":"59c9d7a9787aee455f88eca10ed47437","crc32":"371126d5","sha1":"ffafcd99e449befa8a2ac62e37040556a980d53a"},{"name":"07 - Águas De Março (Remastered 2021)_spectrogram.png","source":"derivative","format":"Spectrogram","original":"07 - Águas De Março (Remastered 2021).mp3","mtime":"1722098063","size":"328628","md5":"6507a0fa81ecac5cd62a8d1b2c71cad3","crc32":"815e9092","sha1":"f53165bc6ffd25a4db64464c09dc2b1aa62edaff"},{"name":"08 - Atrás Da Porta (Remastered 2021).mp3","source":"original","mtime":"1722096480","size":"6908428","md5":"d64515c5af40001552dfb254a16b6344","crc32":"d925ccb1","sha1":"9511d793c68417f0da2fe632c57946c1cb83c383","format":"VBR MP3","length":"171.23","title":"Atrás Da Porta (Remastered 2021)","creator":"Elis Regina","album":"Elis (Remastered)","track":"08/12","artist":"Elis Regina","genre":"MPB","comment":"Visite: https://www.musicasdonordeste.net/ https://www.musicasdonordeste.net/ https://www.musicasdonordeste.net/ Mantenha os créditos! Obrigado!"},{"name":"08 - Atrás Da Porta (Remastered 2021).png","source":"derivative","format":"PNG","original":"08 - Atrás Da Porta (Remastered 2021).mp3","mtime":"1722096867","size":"35563","md5":"09620f75654f18b1537f86d311397db7","crc32":"3e6fab7d","sha1":"ec9a535ad62906e01612503fd6c197f70a3ffa85"},{"name":"08 - Atrás Da Porta (Remastered 2021)_spectrogram.png","source":"derivative","format":"Spectrogram","original":"08 - Atrás Da Porta (Remastered 2021).mp3","mtime":"1722098109","size":"318969","md5":"85fc3660e64c07e278101cf25656c82c","crc32":"2764704e","sha1":"057c88ac95157f32879d572ace9a15fd0597a99c"},{"name":"09 - Cais (Remastered 2021).mp3","source":"original","mtime":"1722096512","size":"8509608","md5":"f0ed7dcd1fbdf3cb79bca7b6346bce1f","crc32":"1b45f0b1","sha1":"53bfc73aed39c98ca5a5edb755437e7e0ad74d69","format":"VBR MP3","length":"211.28","title":"Cais (Remastered 2021)","creator":"Elis Regina","album":"Elis (Remastered)","track":"09/12","artist":"Elis Regina","genre":"MPB","comment":"Visite: https://www.musicasdonordeste.net/ https://www.musicasdonordeste.net/ https://www.musicasdonordeste.net/ Mantenha os créditos! Obrigado!"},{"name":"09 - Cais (Remastered 2021).png","source":"derivative","format":"PNG","original":"09 - Cais (Remastered 2021).mp3","mtime":"1722097164","size":"34567","md5":"5325922f00e95815f20c67b3aa736857","crc32":"fee2976e","sha1":"15f6276116ef1a40eda199601ee821dcf7a9f8ed"},{"name":"09 - Cais (Remastered 2021)_spectrogram.png","source":"derivative","format":"Spectrogram","original":"09 - Cais (Remastered 2021).mp3","mtime":"1722098169","size":"318190","md5":"128f724b579071bb52afbd09667a085b","crc32":"2fcee57a","sha1":"f7f42c379d1578e7794dbaeb1909e54207f54ad9"},{"name":"10 - Me Deixa Em Paz (Remastered 2021).mp3","source":"original","mtime":"1722096519","size":"5343376","md5":"256157d5d46d10bbc19ada9767cbe394","crc32":"0ce46d85","sha1":"7ac20b507e5ef138c2b9b49d800b09a37f4c6a36","format":"VBR MP3","length":"132.08","title":"Me Deixa Em Paz (Remastered 2021)","creator":"Elis Regina","album":"Elis (Remastered)","track":"10/12","artist":"Elis Regina","genre":"MPB","comment":"Visite: https://www.musicasdonordeste.net/ https://www.musicasdonordeste.net/ https://www.musicasdonordeste.net/ Mantenha os créditos! Obrigado!"},{"name":"10 - Me Deixa Em Paz (Remastered 2021).png","source":"derivative","format":"PNG","original":"10 - Me Deixa Em Paz (Remastered 2021).mp3","mtime":"1722097241","size":"46619","md5":"9d461a55336cd8eb928f5e0586aa1685","crc32":"d9d2f933","sha1":"a4eb568bad23facc50bacba45c0e91e6e640a103"},{"name":"10 - Me Deixa Em Paz (Remastered 2021)_spectrogram.png","source":"derivative","format":"Spectrogram","original":"10 - Me Deixa Em Paz (Remastered 2021).mp3","mtime":"1722098727","size":"324799","md5":"0970751aca11a028e3f1e574132fdb5e","crc32":"291dd078","sha1":"e5ad35640d92fe1be9f0d295c3b00c23e44eb6fe"},{"name":"11 - Casa No Campo (Remastered 2021).mp3","source":"original","mtime":"1722096529","size":"6922995","md5":"95e3e243ce61d7a19809f47aedc99e47","crc32":"3b309b0b","sha1":"23ff577c93e0cb0b784c741c2d76474e41c808ac","format":"VBR MP3","length":"171.57","title":"Casa No Campo (Remastered 2021)","creator":"Elis Regina","album":"Elis (Remastered)","track":"11/12","artist":"Elis Regina","genre":"MPB","comment":"Visite: https://www.musicasdonordeste.net/ https://www.musicasdonordeste.net/ https://www.musicasdonordeste.net/ Mantenha os créditos! Obrigado!"},{"name":"11 - Casa No Campo (Remastered 2021).png","source":"derivative","format":"PNG","original":"11 - Casa No Campo (Remastered 2021).mp3","mtime":"1722097397","size":"33918","md5":"dfe2c20bacb2b577b8b78ba3e194f3c2","crc32":"38af4df4","sha1":"95cc54d8b9e2109f962c9f82227d100904255012"},{"name":"11 - Casa No Campo (Remastered 2021)_spectrogram.png","source":"derivative","format":"Spectrogram","original":"11 - Casa No Campo (Remastered 2021).mp3","mtime":"1722098825","size":"332659","md5":"eeb6fbdd1065de51f9b189896f3f4ce6","crc32":"e9481ddf","sha1":"74e005b39c104b8d7f7be4f5e2eaa6a4a3921ead"},{"name":"12 - Boa Noite Amor (Remastered 2021).mp3","source":"original","mtime":"1722096541","size":"5751895","md5":"e44d3d87fd990e6a0ec43db79f64661a","crc32":"39145ed2","sha1":"16e223ed2b5913e5b51cab67904d38c47e11915e","format":"VBR MP3","length":"142.34","title":"Boa Noite Amor (Remastered 2021)","creator":"Elis Regina","album":"Elis (Remastered)","track":"12/12","artist":"Elis Regina","genre":"MPB","comment":"Visite: https://www.musicasdonordeste.net/ https://www.musicasdonordeste.net/ https://www.musicasdonordeste.net/ Mantenha os créditos! Obrigado!"},{"name":"12 - Boa Noite Amor (Remastered 2021).png","source":"derivative","format":"PNG","original":"12 - Boa Noite Amor (Remastered 2021).mp3","mtime":"1722096759","size":"33247","md5":"56e42696480aeaa2f9e3234bd530ae26","crc32":"c9101f64","sha1":"bd79c6013dace396c058d6bbf9211ebc3bc6893b"},{"name":"12 - Boa Noite Amor (Remastered 2021)_spectrogram.png","source":"derivative","format":"Spectrogram","original":"12 - Boa Noite Amor (Remastered 2021).mp3","mtime":"1722098903","size":"315954","md5":"92be4111470b981fb3ca4bbe7702d234","crc32":"60e74294","sha1":"bad24d320a53f4a08f95b76f4c1a7adbcc8f12db"},{"name":"1972-elis-regina_archive.torrent","source":"metadata","btih":"b9b28abb4c487ff2e45763441be3ff6cd23df903","mtime":"1722099051","size":"12571","md5":"b05d3da5c1db2bbde6342ce82df672b9","crc32":"93c8b44d","sha1":"0da37b626f374debd91d5607b607aa984e468efe","format":"Archive BitTorrent"},{"name":"1972-elis-regina_files.xml","source":"original","format":"Metadata","md5":"fc4ed979c8a9b37a9cffc866211f049b","summation":"md5"},{"name":"1972-elis-regina_meta.sqlite","source":"original","mtime":"1722096548","size":"73728","md5":"3350c269a6c1b205b208f373af52bc19","crc32":"009405a9","sha1":"618db8da505413b89081a66f6c50d3d99d66401c","format":"Metadata"},{"name":"1972-elis-regina_meta.xml","source":"original","mtime":"1722099022","size":"1055","md5":"0125e7340501fa9ed4c611b52ea08b45","crc32":"e81f1c5c","sha1":"8b36b2df0abfd1b6004aceef6a92b8d5138e1c91","format":"Metadata"},{"name":"__ia_thumb.jpg","source":"original","mtime":"1722096555","size":"11584","md5":"736113d80b5501794d46cb8bf5b472f3","crc32":"45f414e0","sha1":"ff253067abf77f98ae290af1207acfc380de5e4d","format":"Item Tile"},{"name":"capa.jpg","source":"original","mtime":"1722096543","size":"50765","md5":"3fd22e264549b746f357ae0f6fb6c128","crc32":"15cfe410","sha1":"c8ecd87f8a2d5cabdc2414642eea5a2e3f88d585","format":"JPEG"},{"name":"capa_thumb.jpg","source":"derivative","format":"JPEG Thumb","original":"capa.jpg","mtime":"1722096618","size":"9232","md5":"8812a9f359a681e47ac72c67f2ef36fa","crc32":"4f4a4f83","sha1":"10d3f4322059ba1f5174fc1a31202442e3052a73"}],"files_count":43,"item_last_updated":1722099051,"item_size":88906752,"metadata":{"identifier":"1972-elis-regina","mediatype":"audio","collection":"opensource_audio","creator":"Elis Regina","date":"1972-05-26","description":"Lançado pela Polygram","language":"por","licenseurl":"https://creativecommons.org/publicdomain/zero/1.0/","scanner":"Internet Archive HTML5 Uploader 1.7.0","subject":["MPB","Jazz","Traditional","Pop","Baroque","Samba","Bossa Nova","Latin","Brasil","Brazil","Bostil"],"title":"Elis","uploader":"neue_monarchie@proton.me","publicdate":"2024-07-27 16:06:19","addeddate":"2024-07-27 16:06:19","curation":"[curator]validator@archive.org[/curator][date]20240727160642[/date][comment]checked for malware[/comment]"},"server":"ia800600.us.archive.org","uniq":529037111,"workable_servers":["ia800600.us.archive.org","ia600600.us.archive.org"]}