{"alternate_locations":{"servers":[{"server":"dn721801.ca.archive.org","dir":"/0/items/1973-kaoru-yumi-new-album"}],"workable":[{"server":"dn721801.ca.archive.org","dir":"/0/items/1973-kaoru-yumi-new-album"}]},"created":1767561581,"d1":"ia601509.us.archive.org","d2":"ia801509.us.archive.org","dir":"/22/items/1973-kaoru-yumi-new-album","files":[{"name":"01. 炎の女.flac","source":"original","mtime":"1741129338","size":"22783692","md5":"5c2734375828bccf25971c7ad04c2829","crc32":"b794fff6","sha1":"28ff1e60af6ece799fdd3987458f4f5d1c5054e6","format":"Flac","length":"189.8","viruscheck":"1741129729","title":"炎の女","creator":"由美かおる","album":"由美かおる ニュー・アルバム","track":"1","artist":"由美かおる","genre":"Enka"},{"name":"01. 炎の女.mp3","source":"derivative","creator":"由美かおる","title":"炎の女","track":"1","album":"由美かおる ニュー・アルバム","genre":"Enka","bitrate":"198","length":"03:10","format":"VBR MP3","original":"01. 炎の女.flac","mtime":"1741129773","size":"4706385","md5":"0dea5b37902ba4d4a44b4e51b2604a98","crc32":"787b2dbb","sha1":"24ec10d44f6235f95962a999b5cb742b5116bd53"},{"name":"01. 炎の女.png","source":"derivative","format":"PNG","original":"01. 炎の女.flac","mtime":"1741130834","size":"42247","md5":"9af43349738e4b2d915a9a93c48d8b0f","crc32":"fb12cc5c","sha1":"67e9350dcf50761989c8e66a99b73b38e05eb1cd"},{"name":"01. 炎の女_spectrogram.png","source":"derivative","format":"Spectrogram","original":"01. 炎の女.flac","mtime":"1741130937","size":"317299","md5":"098963495a9779f6ea904bc0eae3d308","crc32":"bb0d44a3","sha1":"8ffb3f0f5e1287bf302936b6a17720940daee3e9"},{"name":"02. タバコの火を消して.flac","source":"original","mtime":"1741129025","size":"26019939","md5":"f1ed1171762e576486190649f2809915","crc32":"ec274325","sha1":"84acd70ebf3fb83ff22463d76fcc51d2336e9287","format":"Flac","length":"210.13","viruscheck":"1741129729","title":"タバコの火を消して","creator":"由美かおる","album":"由美かおる ニュー・アルバム","track":"2","artist":"由美かおる","genre":"Enka"},{"name":"02. タバコの火を消して.mp3","source":"derivative","creator":"由美かおる","title":"タバコの火を消して","track":"2","album":"由美かおる ニュー・アルバム","genre":"Enka","bitrate":"213","length":"03:30","format":"VBR MP3","original":"02. タバコの火を消して.flac","mtime":"1741130537","size":"5608416","md5":"e8ae657ee9a108492220853a057abaed","crc32":"ffd46e41","sha1":"3c4b2a788d102eff8518d465242ec86161aaf337"},{"name":"02. タバコの火を消して.png","source":"derivative","format":"PNG","original":"02. タバコの火を消して.flac","mtime":"1741130778","size":"38784","md5":"6c09c61ae1596ace66942f3557bd6dbc","crc32":"906541c8","sha1":"27d463d48bd75c49719da690d2e7c9fc0cd654ef"},{"name":"02. タバコの火を消して_spectrogram.png","source":"derivative","format":"Spectrogram","original":"02. タバコの火を消して.flac","mtime":"1741130868","size":"320741","md5":"0e339ce7a26569a70d5eb1f67cb94a7f","crc32":"bfd70a0c","sha1":"d3f39cbaf4d89f1b30cbd97ce6e8825d3ad773a8"},{"name":"03. 考え直して.flac","source":"original","mtime":"1741128661","size":"23515429","md5":"476e918305dd691b44d36dd998484be8","crc32":"63fa5e34","sha1":"5e6ab265cb0ec75fc6fee15bc4d78f6210c5fe3a","format":"Flac","length":"192.96","viruscheck":"1741129729","title":"考え直して","creator":"由美かおる","album":"由美かおる ニュー・アルバム","track":"3","artist":"由美かおる","genre":"Enka"},{"name":"03. 考え直して.mp3","source":"derivative","creator":"由美かおる","title":"考え直して","track":"3","album":"由美かおる ニュー・アルバム","genre":"Enka","bitrate":"206","length":"03:13","format":"VBR MP3","original":"03. 考え直して.flac","mtime":"1741130560","size":"4971953","md5":"485ccbc6bb6bfab8fb40f4a6daac9985","crc32":"63a05de6","sha1":"5bb4cf5b588fb034d0822f29216ac7e0a7428737"},{"name":"03. 考え直して.png","source":"derivative","format":"PNG","original":"03. 考え直して.flac","mtime":"1741130660","size":"40062","md5":"b64af3acde8c8d0bbfa3f8d29aa54b2c","crc32":"5e3657da","sha1":"9bc59a2989df5d783a319b687ca2545e43b8b37a"},{"name":"03. 考え直して_spectrogram.png","source":"derivative","format":"Spectrogram","original":"03. 考え直して.flac","mtime":"1741130963","size":"309416","md5":"31598d44cb51cdc42189996faaebaa8c","crc32":"3e329145","sha1":"0920e9a398cb5b814edd9e9b79aa2088f93a6d5c"},{"name":"04. ふるさとの初恋.flac","source":"original","mtime":"1741127941","size":"22772733","md5":"89d4ee39f31e23e3515b96b336b418fd","crc32":"c0b7025b","sha1":"7f2aa50f18c416816e2cb68428eb06386cb4f909","format":"Flac","length":"185.47","viruscheck":"1741128335","title":"ふるさとの初恋","creator":"由美かおる","album":"由美かおる ニュー・アルバム","track":"4","artist":"由美かおる","genre":"Enka"},{"name":"04. ふるさとの初恋.mp3","source":"derivative","creator":"由美かおる","title":"ふるさとの初恋","track":"4","album":"由美かおる ニュー・アルバム","genre":"Enka","bitrate":"196","length":"03:05","format":"VBR MP3","original":"04. ふるさとの初恋.flac","mtime":"1741130507","size":"4546783","md5":"6cd89e5fb11309e533f3a14ef60a324e","crc32":"f2dbca99","sha1":"26e2802aa1dd2875662538c417614d7054c99056"},{"name":"04. ふるさとの初恋.png","source":"derivative","format":"PNG","original":"04. ふるさとの初恋.flac","mtime":"1741130637","size":"36179","md5":"8fae80ccae975ffc8201099d1aa18eae","crc32":"7efbdb96","sha1":"f5c0399d11ac1ef2c1d42f68a9d5e9fbb6e4784a"},{"name":"04. ふるさとの初恋_spectrogram.png","source":"derivative","format":"Spectrogram","original":"04. ふるさとの初恋.flac","mtime":"1741130880","size":"322675","md5":"e9a598bb3bacf1127f0c2521d3636298","crc32":"f4216a00","sha1":"94624db12d5bd296fd1ff5103740467d1115652f"},{"name":"05. もいちど河原町.flac","source":"original","mtime":"1741127710","size":"29301387","md5":"14df5d714e4afcbb68dd41dae02bd084","crc32":"53dc1c2f","sha1":"1e9289f1dc7f50826b7f4c44a2733da65da22415","format":"Flac","length":"231.64","viruscheck":"1741128335","title":"もいちど河原町","creator":"由美かおる","album":"由美かおる ニュー・アルバム","track":"5","artist":"由美かおる","genre":"Enka"},{"name":"05. もいちど河原町.mp3","source":"derivative","creator":"由美かおる","title":"もいちど河原町","track":"5","album":"由美かおる ニュー・アルバム","genre":"Enka","bitrate":"200","length":"03:52","format":"VBR MP3","original":"05. もいちど河原町.flac","mtime":"1741129864","size":"5787115","md5":"40d544e0a3bc44191609d8ad515b0578","crc32":"4edc4982","sha1":"feea5281ae595ba4dfbb1d83ea9e32176fbcdc34"},{"name":"05. もいちど河原町.png","source":"derivative","format":"PNG","original":"05. もいちど河原町.flac","mtime":"1741130699","size":"37982","md5":"e87c348b1c56b1fb8b1bbaa23aa76bff","crc32":"a6cd77fa","sha1":"64de9959a55b6cfab0235a9847759dd656aeb411"},{"name":"05. もいちど河原町_spectrogram.png","source":"derivative","format":"Spectrogram","original":"05. もいちど河原町.flac","mtime":"1741130990","size":"318817","md5":"ca443b4afb889e33e5921b39b66097dc","crc32":"2fc9acf4","sha1":"697a937a89f1d4fff58e0ab1f1abd624f3cb01f0"},{"name":"06. Love Scandal.flac","source":"original","mtime":"1741127344","size":"30049102","md5":"241722f23de8936853bb03ebe077ed94","crc32":"351b54b5","sha1":"030225c1c794914e899aba8dc42838e1d39f1b01","format":"Flac","length":"241.07","viruscheck":"1741128335","title":"Love Scandal","creator":"由美かおる","album":"由美かおる ニュー・アルバム","track":"6","artist":"由美かおる","genre":"Enka"},{"name":"06. Love Scandal.mp3","source":"derivative","creator":"由美かおる","title":"Love Scandal","track":"6","album":"由美かおる ニュー・アルバム","genre":"Enka","bitrate":"201","length":"04:01","format":"VBR MP3","original":"06. Love Scandal.flac","mtime":"1741130463","size":"6074100","md5":"7549a28bfeb95583e9c6b78f2278c911","crc32":"5f061d3d","sha1":"dfe2870f0fb4138143c5be3cd9ebf7fc933ddc75"},{"name":"06. Love Scandal.png","source":"derivative","format":"PNG","original":"06. Love Scandal.flac","mtime":"1741130721","size":"38968","md5":"47827e8f6a4e02c031f61816f02eb9f9","crc32":"d12839f1","sha1":"1604261334fa1f124fbb29533e5b8ace4841ecb9"},{"name":"06. Love Scandal_spectrogram.png","source":"derivative","format":"Spectrogram","original":"06. Love Scandal.flac","mtime":"1741130951","size":"322595","md5":"ad450700bae98a343f9a7e3bab20dcaf","crc32":"460b594c","sha1":"7c51f8c65e714f5e2aae99619b424b98dcd591f0"},{"name":"07. 同棲時代.flac","source":"original","mtime":"1741126933","size":"24952292","md5":"77d7639e6d341ff9d210f0b839bcd06e","crc32":"9bec6606","sha1":"eea6949842f2fe0fdb929b7f3339747496e3241f","format":"Flac","length":"215.87","viruscheck":"1741128335","title":"同棲時代","creator":"由美かおる","album":"由美かおる ニュー・アルバム","track":"7","artist":"由美かおる","genre":"Enka"},{"name":"07. 同棲時代.mp3","source":"derivative","creator":"由美かおる","title":"同棲時代","track":"7","album":"由美かおる ニュー・アルバム","genre":"Enka","bitrate":"200","length":"03:36","format":"VBR MP3","original":"07. 同棲時代.flac","mtime":"1741130486","size":"5406559","md5":"d4661eeee14648a083e103c6ec5a615b","crc32":"08e7ed66","sha1":"f37c8c78caa806f6c9e3db4bc150b8994748ce5a"},{"name":"07. 同棲時代.png","source":"derivative","format":"PNG","original":"07. 同棲時代.flac","mtime":"1741130740","size":"40258","md5":"b4b60ff54b91d04f4d196f19911122d2","crc32":"b2bc7e1b","sha1":"69892f799bd385c0104011309010ce7928557e95"},{"name":"07. 同棲時代_spectrogram.png","source":"derivative","format":"Spectrogram","original":"07. 同棲時代.flac","mtime":"1741130923","size":"317913","md5":"ec29c934c9868cfae8a98164af2895c7","crc32":"8807067e","sha1":"6ccea7f702423db318b04558c98f00a9271cb2ca"},{"name":"08. ひき潮.flac","source":"original","mtime":"1741126588","size":"24184669","md5":"40ce8bcab22e612dd1d47e36b481d763","crc32":"8a53affe","sha1":"9011fda7f596b73f7873b1950464f593996f772d","format":"Flac","length":"203.09","viruscheck":"1741128335","title":"ひき潮","creator":"由美かおる","album":"由美かおる ニュー・アルバム","track":"8","artist":"由美かおる","genre":"Enka"},{"name":"08. ひき潮.mp3","source":"derivative","creator":"由美かおる","title":"ひき潮","track":"8","album":"由美かおる ニュー・アルバム","genre":"Enka","bitrate":"197","length":"03:23","format":"VBR MP3","original":"08. ひき潮.flac","mtime":"1741130237","size":"4999618","md5":"878276703b9d79b3ce17539f6969af6c","crc32":"cb2226f3","sha1":"09c640c84290cda1fd2976aac020a1795ac2f8a7"},{"name":"08. ひき潮.png","source":"derivative","format":"PNG","original":"08. ひき潮.flac","mtime":"1741130612","size":"39717","md5":"d7d1689642501254a025f568cc56cb8d","crc32":"414564f5","sha1":"46d35125a0cf303813759f58956ba569b122e523"},{"name":"08. ひき潮_spectrogram.png","source":"derivative","format":"Spectrogram","original":"08. ひき潮.flac","mtime":"1741131003","size":"320699","md5":"69365ed32c6ad72b842f1857b1b4435f","crc32":"4fc9f6e4","sha1":"7c6ad48d5027b79d2c1e6d17be524ed1800751aa"},{"name":"09. 他人の関係.flac","source":"original","mtime":"1741128361","size":"24160495","md5":"2f09924b23ca65d412970a31a9df31ed","crc32":"2eee62ff","sha1":"cda2c68aa724b0cb8a6bf0bcd67342f25d4537aa","format":"Flac","length":"210.91","viruscheck":"1741129729","title":"他人の関係","creator":"由美かおる","album":"由美かおる ニュー・アルバム","track":"9","artist":"由美かおる","genre":"Enka"},{"name":"09. 他人の関係.mp3","source":"derivative","creator":"由美かおる","title":"他人の関係","track":"9","album":"由美かおる ニュー・アルバム","genre":"Enka","bitrate":"197","length":"03:31","format":"VBR MP3","original":"09. 他人の関係.flac","mtime":"1741130192","size":"5208767","md5":"12bca9f6ed852df419900a1162693548","crc32":"f1f1403a","sha1":"a0b40ab9964047501f7885705673af0fcc939ff5"},{"name":"09. 他人の関係.png","source":"derivative","format":"PNG","original":"09. 他人の関係.flac","mtime":"1741130796","size":"40005","md5":"13179089c4ca0ec6cedbbce421a14b85","crc32":"219f430b","sha1":"bd4bb54a7a10c08c18ccac3b4270142652b62dd0"},{"name":"09. 他人の関係_spectrogram.png","source":"derivative","format":"Spectrogram","original":"09. 他人の関係.flac","mtime":"1741130856","size":"313059","md5":"8f45a8ec8608fe28b67e4c9cc0261fcf","crc32":"3b0add23","sha1":"8bc1f26e20961e9d867d2353a833a51a2f2eeb41"},{"name":"10. Delta Queen.flac","source":"original","mtime":"1741126176","size":"23964495","md5":"d8eed95e3037d16fb601addc61a8e3d8","crc32":"e98e3db5","sha1":"2efd756981ce487c0c9a80ec6867d57590b4683d","format":"Flac","length":"211.07","viruscheck":"1741126545","title":"Delta Queen","creator":"由美かおる","album":"由美かおる ニュー・アルバム","track":"10","artist":"由美かおる","genre":"Enka"},{"name":"10. Delta Queen.mp3","source":"derivative","creator":"由美かおる","title":"Delta Queen","track":"10","album":"由美かおる ニュー・アルバム","genre":"Enka","bitrate":"189","length":"03:31","format":"VBR MP3","original":"10. Delta Queen.flac","mtime":"1741130169","size":"4996355","md5":"53568709329c27a46ccba1883cca1041","crc32":"090de2d2","sha1":"d97a903d89ff9ba65f5dbd47a1b629f2f31e8b9d"},{"name":"10. Delta Queen.png","source":"derivative","format":"PNG","original":"10. Delta Queen.flac","mtime":"1741130760","size":"40018","md5":"e188605ed3f0c666c389f6908482b62f","crc32":"6c54ebcc","sha1":"1d57bfa53078ed60b823ae7d1925617ccd407672"},{"name":"10. Delta Queen_spectrogram.png","source":"derivative","format":"Spectrogram","original":"10. Delta Queen.flac","mtime":"1741130909","size":"323836","md5":"178de074d1b12f311f9c69d3f47a11cc","crc32":"ca73060d","sha1":"dca986ed10ec72fa2a5c1b52bdc71acd2053e91d"},{"name":"11. Miami Beach Rumba.flac","source":"original","mtime":"1741125807","size":"16720393","md5":"52ed349fe56e66dc451b0c783a698ea8","crc32":"c0311209","sha1":"b4d02589b9c2fb9cf6a0bf94eb54e561f8bedbe4","format":"Flac","length":"139.87","viruscheck":"1741126545","title":"Miami Beach Rumba","creator":"由美かおる","album":"由美かおる ニュー・アルバム","track":"11","artist":"由美かおる","genre":"Enka"},{"name":"11. Miami Beach Rumba.mp3","source":"derivative","creator":"由美かおる","title":"Miami Beach Rumba","track":"11","album":"由美かおる ニュー・アルバム","genre":"Enka","bitrate":"200","length":"02:20","format":"VBR MP3","original":"11. Miami Beach Rumba.flac","mtime":"1741130145","size":"3494731","md5":"e7797cf52054f5ea7ef3c6ddec37c6e5","crc32":"7eb9da87","sha1":"a337887b3b4ff8b9bb1dd62f2d8ecd585eddac36"},{"name":"11. Miami Beach Rumba.png","source":"derivative","format":"PNG","original":"11. Miami Beach Rumba.flac","mtime":"1741130814","size":"43038","md5":"26ee37e6d2cc400dc31d6fcdc5b189ce","crc32":"a4a19a17","sha1":"72749c93afec1faaa781e41c74dc19cccc6fe487"},{"name":"11. Miami Beach Rumba_spectrogram.png","source":"derivative","format":"Spectrogram","original":"11. Miami Beach Rumba.flac","mtime":"1741130978","size":"326809","md5":"dff60e07fa2d5be247a8510bc05ee04b","crc32":"2152bc12","sha1":"7c160030697e79323b7bb00ec15895b2117e3199"},{"name":"12. Taboo.flac","source":"original","mtime":"1741125560","size":"18905042","md5":"26f46378a2c100de7155e0077eddf545","crc32":"8bffd154","sha1":"6bc89ae9a2bdff3c5ce9822daf8c178041666a8b","format":"Flac","length":"148.2","viruscheck":"1741126545","title":"Taboo","creator":"由美かおる","album":"由美かおる ニュー・アルバム","track":"12","artist":"由美かおる","genre":"Enka"},{"name":"12. Taboo.mp3","source":"derivative","creator":"由美かおる","title":"Taboo","track":"12","album":"由美かおる ニュー・アルバム","genre":"Enka","bitrate":"203","length":"02:28","format":"VBR MP3","original":"12. Taboo.flac","mtime":"1741130022","size":"3770435","md5":"6c4d95c254e566ee758bf25ef60d9cbc","crc32":"3d63ca9b","sha1":"814eb607f6bcd21f24a5eb2a8073d9a865bd2430"},{"name":"12. Taboo.png","source":"derivative","format":"PNG","original":"12. Taboo.flac","mtime":"1741130584","size":"39809","md5":"ba946efd7fa4d5e99aee36b2e565a827","crc32":"dfe3d67a","sha1":"433d862ecdd3bf30f16716ebdd681bf4b609694a"},{"name":"12. Taboo_spectrogram.png","source":"derivative","format":"Spectrogram","original":"12. Taboo.flac","mtime":"1741130897","size":"316677","md5":"5d6a26bd6a6abb92fb087b16f1e691de","crc32":"ab85dde1","sha1":"666fb55b1b4a6003b3e8772b5fe30212ce0c717b"},{"name":"1973-kaoru-yumi-new-album_archive.torrent","source":"metadata","btih":"6e564384f74a9c815d2bbe657b19ff3f35c9383c","mtime":"1765850194","size":"24205","md5":"c47591ab8a02185c296a152d6192a448","crc32":"0e174096","sha1":"69270761eaa5ef77c9d528f8b278811ff523723f","format":"Archive BitTorrent"},{"name":"1973-kaoru-yumi-new-album_files.xml","source":"original","format":"Metadata","md5":"25c396dbb7ef42e8a27f79b64fef3791","summation":"md5"},{"name":"1973-kaoru-yumi-new-album_meta.sqlite","source":"original","mtime":"1741129378","size":"49152","md5":"e76ff606d5aadacf75b289d1f216f236","crc32":"dacd4e03","sha1":"f443eed9849a7c0229e7a06d754b34021056e51b","format":"Metadata"},{"name":"1973-kaoru-yumi-new-album_meta.xml","source":"original","mtime":"1765850190","size":"1051","md5":"b918d769aec90d08bcda85d3b96dde60","crc32":"cbeafb62","sha1":"6ca0830db3b130adf7d413378028202c421fb26b","format":"Metadata"},{"name":"1973-kaoru-yumi-new-album_reviews.xml","source":"original","mtime":"1765850190","size":"737","md5":"62cbced637e63ecde8e7f9a2f4d29b46","crc32":"0086c004","sha1":"a5533a23f81db197210414015da45d9433889fa7","format":"Metadata"},{"name":"8184469.jpeg","source":"original","mtime":"1741129366","size":"111553","md5":"b2f2b10ebb5f878aae59e8e040a22cca","crc32":"51fdcb40","sha1":"984bb27546cebbb5ab2bc45ed7ff6c8552979b53","format":"JPEG"},{"name":"8184469_thumb.jpg","source":"derivative","format":"JPEG Thumb","original":"8184469.jpeg","mtime":"1741130573","size":"8986","md5":"85edf76d3f0d12bc9b73d627fed1f21d","crc32":"87d19f91","sha1":"5662f741eb68851062a313e06fa4492692a2f77d"},{"name":"__ia_thumb.jpg","source":"original","mtime":"1741129412","size":"15581","md5":"28ef0a3a5c258325176fa2523a613bf4","crc32":"964c5c50","sha1":"ad504d568d24d56ed5d970c952a9b8906e83342d","format":"Item Tile"}],"files_count":56,"item_last_updated":1765850194,"item_size":351419753,"metadata":{"identifier":"1973-kaoru-yumi-new-album","mediatype":"audio","collection":["hifidelity_potpourri","hifidelity"],"creator":"Yumi Kaoru","date":"1973","description":"<div>Released by Philips Records.</div><div><br /></div><div>I know very well why you clicked...</div>","language":"jpn","scanner":"Internet Archive HTML5 Uploader 1.7.0","subject":["Enka","Kayōkyoku","Pop","Japan"],"title":"由美かおるニューアルバム [Kaoru Yumi New Album]","uploader":"marcioal3f@protonmail.com","publicdate":"2025-03-04 21:59:46","addeddate":"2025-03-04 21:59:46","curation":"[curator]validator@archive.org[/curator][date]20250304221545[/date][comment]checked for malware[/comment]","collection_added":"hifidelity"},"reviews":[{"reviewtitle":"The Cover Isn't Just Click Bait","reviewbody":"I'm a big fan of Kaji Meiko, Kubota Saki, Iwasaki Hiromi, &c - and Yumi Kaoru is really good! Very interesting music, a rich vocal tone, a timeless \"funky-folk\" sound . . . a well-rounded artist in all respects.","stars":"5","reviewer":"CRCopeland345","reviewdate":"2025-12-16 00:09:47","createdate":"2025-12-16 00:09:47","reviewer_itemname":"@cr_copeland206"}],"server":"ia601509.us.archive.org","uniq":2064510311,"workable_servers":["ia601509.us.archive.org","ia801509.us.archive.org"]}