{"alternate_locations":{"servers":[{"server":"dn710200.ca.archive.org","dir":"/0/items/1974-casa-das-maquinas"}],"workable":[{"server":"dn710200.ca.archive.org","dir":"/0/items/1974-casa-das-maquinas"}]},"created":1767565013,"d1":"ia600601.us.archive.org","d2":"ia800601.us.archive.org","dir":"/18/items/1974-casa-das-maquinas","files":[{"name":"01 - A Natureza.mp3","source":"original","mtime":"1722111432","size":"10324399","md5":"9b3685f30cff3ff647268fb71f79de83","crc32":"3114f29a","sha1":"ce35ae9cc47483fb9116b1be25f10dad9d3eb91a","format":"VBR MP3","length":"255.14","title":"A Natureza","creator":"Casa Das Máquinas","album":"Casa Das Máquinas","track":"01/10","artist":"Casa Das Máquinas","genre":"None","comment":"Visite: https://www.musicasdonordeste.net/ https://www.musicasdonordeste.net/ https://www.musicasdonordeste.net/ Mantenha os créditos! Obrigado!"},{"name":"01 - A Natureza.png","source":"derivative","format":"PNG","original":"01 - A Natureza.mp3","mtime":"1722111920","size":"44537","md5":"ac8944aec6dc827f1689fa9de3da6f83","crc32":"17238ae3","sha1":"899c2c0dd1b6c549739cd0422b01e207f08ae53c"},{"name":"01 - A Natureza_spectrogram.png","source":"derivative","format":"Spectrogram","original":"01 - A Natureza.mp3","mtime":"1722114198","size":"319891","md5":"c42940ecf2dc435edfed2b39a87d27d0","crc32":"2912569b","sha1":"498bd6e5c527eabe7e062f6e2ce72e2dac756ec0"},{"name":"02 - Tudo Porque Eu Te Amo.mp3","source":"original","mtime":"1722111460","size":"7881438","md5":"ea56ae59d6142192c67af8ebbbc14a8a","crc32":"087d9b65","sha1":"b3c59eb015b10456d04766c87c994a9727a88c0f","format":"VBR MP3","length":"194.06","title":"Tudo Porque Eu Te Amo","creator":"Casa Das Máquinas","album":"Casa Das Máquinas","track":"02/10","artist":"Casa Das Máquinas","genre":"None","comment":"Visite: https://www.musicasdonordeste.net/ https://www.musicasdonordeste.net/ https://www.musicasdonordeste.net/ Mantenha os créditos! Obrigado!"},{"name":"02 - Tudo Porque Eu Te Amo.png","source":"derivative","format":"PNG","original":"02 - Tudo Porque Eu Te Amo.mp3","mtime":"1722113079","size":"42000","md5":"4a4db928b5c3fb140c7045cb96618469","crc32":"ef769dd3","sha1":"33b7aed7e52c2a676a08ddcfdb6d856f14db4774"},{"name":"02 - Tudo Porque Eu Te Amo_spectrogram.png","source":"derivative","format":"Spectrogram","original":"02 - Tudo Porque Eu Te Amo.mp3","mtime":"1722114068","size":"325301","md5":"fc54ce1db8d7b21213f99ffc6d51b994","crc32":"4d06b400","sha1":"cb6d599e6112eaa6083b8a387203edb8c19af87b"},{"name":"03 - Mundo de Paz.mp3","source":"original","mtime":"1722111500","size":"10180181","md5":"4a39f16618603195eca754f2ed4111f6","crc32":"300c1877","sha1":"6f21faaaf1ecd217c47ce0b27bf0be3af31be7f9","format":"VBR MP3","length":"251.53","title":"Mundo de Paz","creator":"Casa Das Máquinas","album":"Casa Das Máquinas","track":"03/10","artist":"Casa Das Máquinas","genre":"None","comment":"Visite: https://www.musicasdonordeste.net/ https://www.musicasdonordeste.net/ https://www.musicasdonordeste.net/ Mantenha os créditos! Obrigado!"},{"name":"03 - Mundo de Paz.png","source":"derivative","format":"PNG","original":"03 - Mundo de Paz.mp3","mtime":"1722112986","size":"41455","md5":"510fa7b56125a0133e396dd7d1b37615","crc32":"e874bded","sha1":"8cf3eca73b7811ee8810ca91507cafd1699e1f34"},{"name":"03 - Mundo de Paz_spectrogram.png","source":"derivative","format":"Spectrogram","original":"03 - Mundo de Paz.mp3","mtime":"1722113979","size":"326327","md5":"5f01a45d990b23cf4fa441ed7417796a","crc32":"d4fbdb43","sha1":"75ab565a5432067766e6f2e4c660834cfa1bdb21"},{"name":"04 - Quero Que Você Me Diga.mp3","source":"original","mtime":"1722111515","size":"7794699","md5":"97534421c4fdd24e61b4e9f11467066c","crc32":"d3600fbb","sha1":"3b3ce3fc15f453008448f75611f64c6662112b0b","format":"VBR MP3","length":"191.9","title":"Quero Que Você Me Diga","creator":"Casa Das Máquinas","album":"Casa Das Máquinas","track":"04/10","artist":"Casa Das Máquinas","genre":"None","comment":"Visite: https://www.musicasdonordeste.net/ https://www.musicasdonordeste.net/ https://www.musicasdonordeste.net/ Mantenha os créditos! Obrigado!"},{"name":"04 - Quero Que Você Me Diga.png","source":"derivative","format":"PNG","original":"04 - Quero Que Você Me Diga.mp3","mtime":"1722112749","size":"43108","md5":"b216966e5b38d90efd042aac6f412d81","crc32":"766e28da","sha1":"b46bcbdf03b158d9b0a46ab31c9228ce37fa5267"},{"name":"04 - Quero Que Você Me Diga_spectrogram.png","source":"derivative","format":"Spectrogram","original":"04 - Quero Que Você Me Diga.mp3","mtime":"1722113903","size":"318455","md5":"2674b3110c6aea3f1e7814132752e67a","crc32":"d9aca817","sha1":"c218b1fd7d34cf6608e3f4835fee7703bc90eed2"},{"name":"05 - Canto Livre.mp3","source":"original","mtime":"1722111530","size":"10899115","md5":"4d0218e4f6dcaad5164b8d4fa82a5dbd","crc32":"e1a3f80a","sha1":"578ed093b5809ea6778e7d8be58335460528d2a8","format":"VBR MP3","length":"269.51","title":"Canto Livre","creator":"Casa Das Máquinas","album":"Casa Das Máquinas","track":"05/10","artist":"Casa Das Máquinas","genre":"None","comment":"Visite: https://www.musicasdonordeste.net/ https://www.musicasdonordeste.net/ https://www.musicasdonordeste.net/ Mantenha os créditos! Obrigado!"},{"name":"05 - Canto Livre.png","source":"derivative","format":"PNG","original":"05 - Canto Livre.mp3","mtime":"1722112661","size":"37826","md5":"9847c0c4c140cc081a0e71aa900d5498","crc32":"b2c0a232","sha1":"8269789942952c2413aad950b428ee4adf5e05f2"},{"name":"05 - Canto Livre_spectrogram.png","source":"derivative","format":"Spectrogram","original":"05 - Canto Livre.mp3","mtime":"1722113761","size":"317524","md5":"639904b3ee669a644871d1ac9264fa28","crc32":"a1bc2441","sha1":"445cbad026bf690efa86d696e93584039c364c73"},{"name":"06 - Trem de Verdade.mp3","source":"original","mtime":"1722111542","size":"7629603","md5":"12a66117ea9bc850c229d3207b8836d1","crc32":"6337714e","sha1":"3f34f8f65c10074932343d761fac841797ba9913","format":"VBR MP3","length":"187.77","title":"Trem de Verdade","creator":"Casa Das Máquinas","album":"Casa Das Máquinas","track":"06/10","artist":"Casa Das Máquinas","genre":"None","comment":"Visite: https://www.musicasdonordeste.net/ https://www.musicasdonordeste.net/ https://www.musicasdonordeste.net/ Mantenha os créditos! Obrigado!"},{"name":"06 - Trem de Verdade.png","source":"derivative","format":"PNG","original":"06 - Trem de Verdade.mp3","mtime":"1722112457","size":"42838","md5":"db7761835dd06c980078f7e84fd8ddb3","crc32":"bca52e08","sha1":"6b01ba428967651ef3f07672ab77cc676b928cd1"},{"name":"06 - Trem de Verdade_spectrogram.png","source":"derivative","format":"Spectrogram","original":"06 - Trem de Verdade.mp3","mtime":"1722113516","size":"320690","md5":"a671c3057342f357fc267fffc81e33a1","crc32":"e86553ba","sha1":"9e018efb0abe832a571b13510b0e25bcda8187e5"},{"name":"07 - Preciso Lhe Ouvir.mp3","source":"original","mtime":"1722111552","size":"7517791","md5":"913c337295b7d97d7376600804d866ea","crc32":"e28713dc","sha1":"30f685046ef183d3dcd19b0d9acb08acc1445a36","format":"VBR MP3","length":"184.97","title":"Preciso Lhe Ouvir","creator":"Casa Das Máquinas","album":"Casa Das Máquinas","track":"07/10","artist":"Casa Das Máquinas","genre":"None","comment":"Visite: https://www.musicasdonordeste.net/ https://www.musicasdonordeste.net/ https://www.musicasdonordeste.net/ Mantenha os créditos! Obrigado!"},{"name":"07 - Preciso Lhe Ouvir.png","source":"derivative","format":"PNG","original":"07 - Preciso Lhe Ouvir.mp3","mtime":"1722112546","size":"39096","md5":"794d3dab6a735161e1e3d8ada7a6521d","crc32":"e16fe2d5","sha1":"a59bc0c5fa87ec9e7252a0432515441e6267a96f"},{"name":"07 - Preciso Lhe Ouvir_spectrogram.png","source":"derivative","format":"Spectrogram","original":"07 - Preciso Lhe Ouvir.mp3","mtime":"1722113688","size":"329454","md5":"f3335b2525d4f4769343e42454ab0cf9","crc32":"a6240e91","sha1":"a39e44cf90c7eebaf47dd6471adb14f9f064f01c"},{"name":"08 - Cantem Este Som Com a Gente.mp3","source":"original","mtime":"1722111562","size":"8776927","md5":"0d47d2f3845b0ea45bbcdcc005e7d419","crc32":"400a3a90","sha1":"9554b07ac43e622d4a4fe2e1d0de91023f9cfdc8","format":"VBR MP3","length":"216.45","title":"Cantem Este Som Com a Gente","creator":"Casa Das Máquinas","album":"Casa Das Máquinas","track":"08/10","artist":"Casa Das Máquinas","genre":"None","comment":"Visite: https://www.musicasdonordeste.net/ https://www.musicasdonordeste.net/ https://www.musicasdonordeste.net/ Mantenha os créditos! Obrigado!"},{"name":"08 - Cantem Este Som Com a Gente.png","source":"derivative","format":"PNG","original":"08 - Cantem Este Som Com a Gente.mp3","mtime":"1722112207","size":"40313","md5":"f22c683d46e51c55cc0e554d41461118","crc32":"5d01b0d2","sha1":"de85b915560ea1ed81cb6f542cc3031147ad7f35"},{"name":"08 - Cantem Este Som Com a Gente_spectrogram.png","source":"derivative","format":"Spectrogram","original":"08 - Cantem Este Som Com a Gente.mp3","mtime":"1722113600","size":"318104","md5":"67016c33e7c3947178a0642382fdc7ca","crc32":"35f786cb","sha1":"a2dc38afd3c19554da2f3e39f5f2217a54144b8b"},{"name":"09 - Domingo à Tarde.mp3","source":"original","mtime":"1722111578","size":"6388252","md5":"51eb151c6392a6e0b256eee01f0bda1f","crc32":"e4f41de5","sha1":"c9c1ccf9e75c1005b95951f2d399b5b38a87efec","format":"VBR MP3","length":"156.74","title":"Domingo à Tarde","creator":"Casa Das Máquinas","album":"Casa Das Máquinas","track":"09/10","artist":"Casa Das Máquinas","genre":"None","comment":"Visite: https://www.musicasdonordeste.net/ https://www.musicasdonordeste.net/ https://www.musicasdonordeste.net/ Mantenha os créditos! Obrigado!"},{"name":"09 - Domingo à Tarde.png","source":"derivative","format":"PNG","original":"09 - Domingo à Tarde.mp3","mtime":"1722112910","size":"42731","md5":"cb456c9be2007dfb5d9756a65586b099","crc32":"bbc555b7","sha1":"8990d1d7dcf6fae7169082bb48e0d4951987efe4"},{"name":"09 - Domingo à Tarde_spectrogram.png","source":"derivative","format":"Spectrogram","original":"09 - Domingo à Tarde.mp3","mtime":"1722113422","size":"324433","md5":"6220621ea7ca8621b23163ca23a91fbb","crc32":"eabe2195","sha1":"28f5bf60083a13665784daacc76d2c21a9116cfa"},{"name":"10 - Sanduiche de Queijo.mp3","source":"original","mtime":"1722111584","size":"4306826","md5":"5a6ea395524c81168566e43002744cc7","crc32":"eeb725c5","sha1":"93678070f59258b8470d55ec7fa8de925da4015c","format":"VBR MP3","length":"104.7","title":"Sanduiche de Queijo","creator":"Casa Das Máquinas","album":"Casa Das Máquinas","track":"10/10","artist":"Casa Das Máquinas","genre":"None","comment":"Visite: https://www.musicasdonordeste.net/ https://www.musicasdonordeste.net/ https://www.musicasdonordeste.net/ Mantenha os créditos! Obrigado!"},{"name":"10 - Sanduiche de Queijo.png","source":"derivative","format":"PNG","original":"10 - Sanduiche de Queijo.mp3","mtime":"1722112093","size":"41072","md5":"1a1aac5f77a6356bfd84eef3e6e104a3","crc32":"2de2c43c","sha1":"98a695f7dc886069cae0c9312d755dba433ea1a0"},{"name":"10 - Sanduiche de Queijo_spectrogram.png","source":"derivative","format":"Spectrogram","original":"10 - Sanduiche de Queijo.mp3","mtime":"1722113345","size":"314982","md5":"b39e9961fa0a6a4365e05a8c39f63a16","crc32":"1154a664","sha1":"6cabe1cdbf2910a0b146de9a9aadaa2dac4c0b3d"},{"name":"1974-casa-das-maquinas_archive.torrent","source":"metadata","btih":"c1a26d567273d62a14b42602e629b016f046f483","mtime":"1722114520","size":"10885","md5":"b34c49a5327e71fdbf91f5565dbed569","crc32":"a9641ede","sha1":"7c7008f469651c0aca4a012c96dcad322f3971f9","format":"Archive BitTorrent"},{"name":"1974-casa-das-maquinas_files.xml","source":"original","format":"Metadata","md5":"68bad2cec9e3c70adb2266afb4c7d298","summation":"md5"},{"name":"1974-casa-das-maquinas_meta.sqlite","source":"original","mtime":"1722111600","size":"61440","md5":"94e69521660df21bd60da1c1c882da84","crc32":"26665a14","sha1":"9c13c0e056beeebbc11ad850ccb956e46da244f6","format":"Metadata"},{"name":"1974-casa-das-maquinas_meta.xml","source":"original","mtime":"1722114513","size":"987","md5":"5dd9d1ced2f015f0f2009dd47f6b4356","crc32":"a64dfe8b","sha1":"d781b28792409bd6372ca484fc29a817f0de36f2","format":"Metadata"},{"name":"__ia_thumb.jpg","source":"original","mtime":"1722111603","size":"23281","md5":"b396089144a70470a594420488b4c659","crc32":"8dbaea6d","sha1":"6d931571441bdd212b1632e5dfc5f6da473cc637","format":"Item Tile"},{"name":"capa.jpg","source":"original","mtime":"1722111587","size":"112702","md5":"0811c3d98ab57f21bffee9bf190374d5","crc32":"68a11329","sha1":"63651b355a8f8e0df02b626d8abaadd0c4b9a066","format":"JPEG"},{"name":"capa_thumb.jpg","source":"derivative","format":"JPEG Thumb","original":"capa.jpg","mtime":"1722111657","size":"11585","md5":"441cd9cdba235ce47abcb2063a45cbf2","crc32":"cd495da6","sha1":"3cf062305147dde9893143056f58561e87e56165"}],"files_count":37,"item_last_updated":1722114520,"item_size":85550248,"metadata":{"identifier":"1974-casa-das-maquinas","mediatype":"audio","collection":"opensource_audio","creator":"Casa das Máquinas","date":"1974","description":"Lançado pela Som Livre","language":"por","licenseurl":"https://creativecommons.org/publicdomain/zero/1.0/","scanner":"Internet Archive HTML5 Uploader 1.7.0","subject":["Hard Rock","Glam","Pop","Prog","Latin","Brazil","Bostil"],"title":"Casa das Máquinas (1974)","uploader":"neue_monarchie@proton.me","publicdate":"2024-07-27 20:17:31","addeddate":"2024-07-27 20:17:31","curation":"[curator]validator@archive.org[/curator][date]20240727201748[/date][comment]checked for malware[/comment]","year":"1974"},"server":"ia800601.us.archive.org","uniq":996580702,"workable_servers":["ia800601.us.archive.org","ia600601.us.archive.org"]}