{"alternate_locations":{"servers":[{"server":"dn721905.ca.archive.org","dir":"/0/items/1974-renato-mednes-electronicus"}],"workable":[{"server":"dn721905.ca.archive.org","dir":"/0/items/1974-renato-mednes-electronicus"}]},"created":1767565025,"d1":"ia600102.us.archive.org","d2":"ia800102.us.archive.org","dir":"/21/items/1974-renato-mednes-electronicus","files":[{"name":"01 A Noite do Meu Bem.mp3","source":"original","mtime":"1726797422","size":"7688883","md5":"dd306bea642bed515cf5ad733f1023a6","crc32":"4250172c","sha1":"a0d07ec81c447057200f21e6a731b7884ee32052","format":"VBR MP3","length":"315.69","title":"A Noite do Meu Bem","creator":"Renato Mendes","album":"Electronicus","track":"01","artist":"Renato Mendes","genre":"Electronic"},{"name":"01 A Noite do Meu Bem.png","source":"derivative","format":"PNG","original":"01 A Noite do Meu Bem.mp3","mtime":"1726797764","size":"39727","md5":"fe14f6ed3b993b4c6b3728ac2ee2218c","crc32":"cb3349e3","sha1":"6c2c07a783b772427de0f3daf1adb2b2d35eff94"},{"name":"01 A Noite do Meu Bem_spectrogram.png","source":"derivative","format":"Spectrogram","original":"01 A Noite do Meu Bem.mp3","mtime":"1726801369","size":"298889","md5":"1c61536df8ff0addb00ba94467f6a4e4","crc32":"e7624193","sha1":"41b333838bbc178f4bf4851d6dc73290cc3509a4"},{"name":"02 A Banda.mp3","source":"original","mtime":"1726797440","size":"2907899","md5":"7c1fad57db2b59af0b6892f2500678d7","crc32":"a59a8d07","sha1":"967461ebdd4a3cdbf50dd9da208896f9b97cd9fa","format":"VBR MP3","length":"116.69","title":"A Banda","creator":"Renato Mendes","album":"Electronicus","track":"02","artist":"Renato Mendes","genre":"Electronic"},{"name":"02 A Banda.png","source":"derivative","format":"PNG","original":"02 A Banda.mp3","mtime":"1726799504","size":"40288","md5":"b529c94fd424da8d03224daf74d9aa7e","crc32":"475c0945","sha1":"fb7a8c68d9bf587d1244ca2996151f845b697358"},{"name":"02 A Banda_spectrogram.png","source":"derivative","format":"Spectrogram","original":"02 A Banda.mp3","mtime":"1726801161","size":"294387","md5":"e49c19b3360dd52ade3a7172149553dd","crc32":"1a4d1ef6","sha1":"96e012516787ef2286f820bbaac47ce4848931ec"},{"name":"03 Menina.mp3","source":"original","mtime":"1726797459","size":"3239442","md5":"c3920020b00b9e4d16bdda74085498fb","crc32":"b3ae17b2","sha1":"dcc2851e0cc0d5d7733b0ce6f47914f6f35892a2","format":"VBR MP3","length":"130.48","title":"Menina","creator":"Renato Mendes","album":"Electronicus","track":"03","artist":"Renato Mendes","genre":"Electronic"},{"name":"03 Menina.png","source":"derivative","format":"PNG","original":"03 Menina.mp3","mtime":"1726799283","size":"36469","md5":"a0691a6f315b56655d416b345fca862c","crc32":"dfe7399f","sha1":"17b1316d6040f92577972fb44e9b9f33ecf6d915"},{"name":"03 Menina_spectrogram.png","source":"derivative","format":"Spectrogram","original":"03 Menina.mp3","mtime":"1726800974","size":"311994","md5":"3d33d4832b84a95cea2cac67fa46c5f4","crc32":"ec5b6c4b","sha1":"e24d386e43c9664f0cfbcf1c8db6e3040125daaf"},{"name":"04 Tristesa.mp3","source":"original","mtime":"1726797471","size":"4874878","md5":"17351b86e794e5bcefda332bf8fff8f3","crc32":"21d3e8b8","sha1":"7a807d21456dc1d3140a6ef3ed2209a3beb8bbdc","format":"VBR MP3","length":"198.56","title":"Tristesa","creator":"Renato Mendes","album":"Electronicus","track":"04","artist":"Renato Mendes","genre":"Electronic"},{"name":"04 Tristesa.png","source":"derivative","format":"PNG","original":"04 Tristesa.mp3","mtime":"1726798901","size":"36130","md5":"2c198c3c49fa9e417aa38456a3a56844","crc32":"14244916","sha1":"6b0675031700fda47290cd85574313c4879c7ce3"},{"name":"04 Tristesa_spectrogram.png","source":"derivative","format":"Spectrogram","original":"04 Tristesa.mp3","mtime":"1726800874","size":"304687","md5":"21a71c34fb9c7bcafdf7afc26c978425","crc32":"f18aaf61","sha1":"081f74d6c2ada61a8999ba59a756edf79346ea77"},{"name":"05 Balanço Zona Sul.mp3","source":"original","mtime":"1726797484","size":"2133252","md5":"38895b38b43fdf679db5fa2df85e2866","crc32":"d4cca130","sha1":"cb9ce47b5c993c0e374a87899fcf3a5926501482","format":"VBR MP3","length":"126.67","title":"Balanço Zona Sul","creator":"Renato Mendes","album":"Electronicus","track":"05","artist":"Renato Mendes","genre":"Electronic"},{"name":"05 Balanço Zona Sul.png","source":"derivative","format":"PNG","original":"05 Balanço Zona Sul.mp3","mtime":"1726798569","size":"39556","md5":"96bfbdb679bf5ec5a15b9b7519cfef23","crc32":"eeed6784","sha1":"5d01020ad17c8ff393a203370e6cab7013ad1845"},{"name":"05 Balanço Zona Sul_spectrogram.png","source":"derivative","format":"Spectrogram","original":"05 Balanço Zona Sul.mp3","mtime":"1726800768","size":"293924","md5":"6eca0b54656fe1c0a8b3bc00835428d1","crc32":"e4809561","sha1":"8e52d1cb478768b6a78724319e7bfcfe9da131f7"},{"name":"06 Tarde em Itapoan.mp3","source":"original","mtime":"1726797505","size":"7204402","md5":"a3fc5ff33be31a743dde2c3df9718968","crc32":"1adc9058","sha1":"345891953b1c89f0837e907d81455c8f9eea1af1","format":"VBR MP3","length":"295.52","title":"Tarde em Itapoan","creator":"Renato Mendes","album":"Electronicus","track":"06","artist":"Renato Mendes","genre":"Electronic"},{"name":"06 Tarde em Itapoan.png","source":"derivative","format":"PNG","original":"06 Tarde em Itapoan.mp3","mtime":"1726798275","size":"42606","md5":"bf94a02483dd355e5133d65440ef2cf9","crc32":"039a5e75","sha1":"115bbc564ad7172ca70d8683311c03ee60c6476f"},{"name":"06 Tarde em Itapoan_spectrogram.png","source":"derivative","format":"Spectrogram","original":"06 Tarde em Itapoan.mp3","mtime":"1726800130","size":"293244","md5":"7e2f96712635344e09a55c5c7eda6890","crc32":"154c99f9","sha1":"fa71f9dd1f1abf61f3a0cf6853237b4553090753"},{"name":"07 Bolinha de Sabão.mp3","source":"original","mtime":"1726797510","size":"3302010","md5":"30ef79ddf6fd46ddaba8663d297670d6","crc32":"1ccceef2","sha1":"edc2d9adfa4a43f6325b740967443f5bcf37e93b","format":"VBR MP3","length":"133.09","title":"Bolinha de Sabão","creator":"Renato Mendes","album":"Electronicus","track":"07","artist":"Renato Mendes","genre":"Electronic"},{"name":"07 Bolinha de Sabão.png","source":"derivative","format":"PNG","original":"07 Bolinha de Sabão.mp3","mtime":"1726798402","size":"40040","md5":"d06617fad498fe9419bfde8837994462","crc32":"91c156ed","sha1":"7b403b9c1dbf68ccee2a48ec03f716c354d217e8"},{"name":"07 Bolinha de Sabão_spectrogram.png","source":"derivative","format":"Spectrogram","original":"07 Bolinha de Sabão.mp3","mtime":"1726800656","size":"301471","md5":"478dc35aa4ef62712680d545d3d20bf2","crc32":"ee080e40","sha1":"0168d2fd3eaa9e4dd5da3023ee66d8c4a4278519"},{"name":"08 Desafinado.mp3","source":"original","mtime":"1726797516","size":"4534737","md5":"8588b7d85c4fd9d69769180a1b542de2","crc32":"983dc5a6","sha1":"999d0b04a8f68205cfc33726a8cc02f102a73c0b","format":"VBR MP3","length":"184.4","title":"Desafinado","creator":"Renato Mendes","album":"Electronicus","track":"08","artist":"Renato Mendes","genre":"Electronic"},{"name":"08 Desafinado.png","source":"derivative","format":"PNG","original":"08 Desafinado.mp3","mtime":"1726798061","size":"40688","md5":"1870ff25f1c6c1a48e00ba23b32dc87c","crc32":"270280c8","sha1":"5172a9c25244a9aafe974dbe5acbe57fec34d8f1"},{"name":"08 Desafinado_spectrogram.png","source":"derivative","format":"Spectrogram","original":"08 Desafinado.mp3","mtime":"1726800521","size":"299627","md5":"103878cde25188b283259979efae483d","crc32":"3aaae407","sha1":"524b59de6c529c578ac5d45e873fef91e9094277"},{"name":"09 Marcha da 4.ª Feira de Cinzas.mp3","source":"original","mtime":"1726797520","size":"5249347","md5":"1ae4431b895d8c43a57413e61062be75","crc32":"1b87454b","sha1":"885709f59f40f2085596e45187ecf5e1776778d2","format":"VBR MP3","length":"214.15","title":"Marcha da 4.ª Feira de Cinzas","creator":"Renato Mendes","album":"Electronicus","track":"09","artist":"Renato Mendes","genre":"Electronic"},{"name":"09 Marcha da 4.ª Feira de Cinzas.png","source":"derivative","format":"PNG","original":"09 Marcha da 4.ª Feira de Cinzas.mp3","mtime":"1726799114","size":"44100","md5":"53dbe7fbd4345b96efea6f4701cb6cea","crc32":"bd0b2961","sha1":"090425ae717fe7043dde0b692bfb5e331dc9b096"},{"name":"09 Marcha da 4.ª Feira de Cinzas_spectrogram.png","source":"derivative","format":"Spectrogram","original":"09 Marcha da 4.ª Feira de Cinzas.mp3","mtime":"1726800002","size":"282340","md5":"b10e5b760095fef95eeb261d6f3db3e2","crc32":"55950486","sha1":"44b160457066b03e89108e7e6520adea6453402d"},{"name":"10 A Tonga da Mironga do Kabuletê.mp3","source":"original","mtime":"1726797541","size":"5047898","md5":"92d81cdf1fc0d1d299bbead604a0a1a3","crc32":"1e3ae1d3","sha1":"f215606c52d646249624e6bfe6b4b22823826c3a","format":"VBR MP3","length":"205.77","title":"A Tonga da Mironga do Kabuletê","creator":"Renato Mendes","album":"Electronicus","track":"10","artist":"Renato Mendes","genre":"Electronic"},{"name":"10 A Tonga da Mironga do Kabuletê.png","source":"derivative","format":"PNG","original":"10 A Tonga da Mironga do Kabuletê.mp3","mtime":"1726797932","size":"40995","md5":"1a4b78dd0b64352c3cb3d10af5409bf1","crc32":"909ede7b","sha1":"2af6557579fc7e19f4962dbd8c43c2c4cc3b84ae"},{"name":"10 A Tonga da Mironga do Kabuletê_spectrogram.png","source":"derivative","format":"Spectrogram","original":"10 A Tonga da Mironga do Kabuletê.mp3","mtime":"1726799628","size":"283005","md5":"12a5795ab76eddeefeafe29996008593","crc32":"0fd342db","sha1":"1df1f353cbfaa448fa2b1b852b0e89cab1b8ff22"},{"name":"1974-renato-mednes-electronicus_archive.torrent","source":"metadata","btih":"86a0c116e72d3d90338e041dfb8a0aa8b10de879","mtime":"1727096076","size":"9507","md5":"20f96f882caf18bf4cb788e80f29ea1d","crc32":"2b5ee641","sha1":"6b1bc4a47052bd9dd4a49e06b81bf9f34a07b4be","format":"Archive BitTorrent"},{"name":"1974-renato-mednes-electronicus_files.xml","source":"original","format":"Metadata","md5":"f95a6ae2976fe1174f045c4b87a24bef","summation":"md5"},{"name":"1974-renato-mednes-electronicus_meta.sqlite","source":"original","mtime":"1726797566","size":"77824","md5":"a22844d9f07ee42b9d6878d474276326","crc32":"6fbc2761","sha1":"b11d92d3b2b4ebcb0bb50bb202fe547924333dd6","format":"Metadata"},{"name":"1974-renato-mednes-electronicus_meta.xml","source":"original","mtime":"1727096074","size":"2559","md5":"0c41ccb046710386a3d3397b20e525b1","crc32":"c9c15b30","sha1":"787c325e1ba4e0e5e918d52757559fed8af44b8f","format":"Metadata"},{"name":"Electronicus.jpg","source":"original","mtime":"1726797543","size":"102726","md5":"26ab10348b2375bf690324a161738894","crc32":"772d95c4","sha1":"8319ea82a9ca05414b1d1c4a0e5f96e25e4a5b51","format":"JPEG"},{"name":"Electronicus_thumb.jpg","source":"derivative","format":"JPEG Thumb","original":"Electronicus.jpg","mtime":"1726797634","size":"9258","md5":"870b5ed8aba67639d9e7f9024ccc03ff","crc32":"3df0fca1","sha1":"cb51d5524d22936e33b28238e0c621e1d5135254"},{"name":"__ia_thumb.jpg","source":"original","mtime":"1726797574","size":"17302","md5":"c797fe6a7bb28d83d9cf774c4af785ca","crc32":"b4eb4e24","sha1":"7e5480fcdbf8760e50ab7fd014e39fdc0050a78c","format":"Item Tile"}],"files_count":37,"item_last_updated":1727096076,"item_size":49766091,"metadata":{"identifier":"1974-renato-mednes-electronicus","mediatype":"audio","collection":"opensource_audio","creator":"Renato Mendes","date":"1974","description":"ATENÇÃO: Honestamente, eu não faço a menor ideia de quem possivelmente seja Renato Mendes, eu apenas estava procurando por discos de música eletrônica feitos no Brasil durante os anos 70, até que me deparei com este álbum. Procurei pela internet e não encontrei muita coisa, além alguns comentários em um upload no YouTube deste mesmo disco o qual haviam indivíduos expressando \"como eles já tiveram a honra de estudar com o mestre Renato Mendes\" e outros falando que \"estão ouvindo por causa do Ed Motta\", procurando mais a fundo encontrei um blog afirmando que o mesmo ganhou prêmios mundo a fora por este álbum inovador, e que há participação de um certo Norival Ricardo D'Angelo na bateria e percussão, e que Ricardo Mendes infelizmente veio a falecer em 2013 aos 73 anos. Por favor, se souber de alguma coisa informe nas reviews, não deixe que esta parte da história de nossa música e cultura seja esquecida, especialmente considerando nossa situação atual...<div><br /></div><div>Blog citado: <a href=\"https://rocknrollperolas.blogspot.com/2016/11/electronic-mpb-renato-mendes.html\" rel=\"nofollow\">https://rocknrollperolas.blogspot.com/2016/11/electronic-mpb-renato-mendes.html</a></div><div><br /></div><div>Não deixe a música morrer.</div>","language":"por","licenseurl":"https://creativecommons.org/publicdomain/zero/1.0/","scanner":"Internet Archive HTML5 Uploader 1.7.0","subject":["MPB","Krautrock","Space Age Pop","Synth Pop","Electronic","Experimental","Avant Garde","Prog","Lost Wave","Moog","Synthesizer","Latin","Brasil","Brazil","Bostil"],"title":"Electronicus","uploader":"neue_monarchie@proton.me","publicdate":"2024-09-20 01:57:19","addeddate":"2024-09-20 01:57:19","curation":"[curator]validator@archive.org[/curator][date]20240920015741[/date][comment]checked for malware[/comment]","year":"1974"},"server":"ia800102.us.archive.org","uniq":765834442,"workable_servers":["ia800102.us.archive.org","ia600102.us.archive.org"]}