{"alternate_locations":{"servers":[{"server":"dn721302.ca.archive.org","dir":"/0/items/1974-moto-perpetuo_202506"}],"workable":[{"server":"dn721302.ca.archive.org","dir":"/0/items/1974-moto-perpetuo_202506"}]},"created":1767565022,"d1":"ia600707.us.archive.org","d2":"ia800707.us.archive.org","dir":"/10/items/1974-moto-perpetuo_202506","files":[{"name":"01 - Mal o sol.flac","source":"original","mtime":"1749995750","size":"19330143","md5":"195b028a06daa89a8b118c8d445e654d","crc32":"ac595744","sha1":"155a802e13f8a7e06f615bb4e628b9a918482399","format":"Flac","length":"171.93","viruscheck":"1749996883","title":"Mal o sol","creator":"Moto Perpétuo","album":"Moto Perpétuo","track":"1","artist":"Moto Perpétuo","genre":"Progressive Rock"},{"name":"01 - Mal o sol.mp3","source":"derivative","creator":"Moto Perpétuo","title":"Mal o sol","track":"1","album":"Moto Perpétuo","genre":"Progressive Rock","bitrate":"183","length":"02:52","format":"VBR MP3","original":"01 - Mal o sol.flac","mtime":"1749996904","size":"3939316","md5":"97158d8aa606c455ad447ac879568ab6","crc32":"1a51c94e","sha1":"4d2f2cdc002634404f7260e8c085baca55692f8f"},{"name":"01 - Mal o sol.png","source":"derivative","format":"PNG","original":"01 - Mal o sol.flac","mtime":"1749997231","size":"36127","md5":"c7f09bea9ca70f1310cd4f7308a2bb2b","crc32":"217932e7","sha1":"dfaf3593a14bf7e5ceadb6b15ecc74405a185473"},{"name":"01 - Mal o sol_spectrogram.png","source":"derivative","format":"Spectrogram","original":"01 - Mal o sol.flac","mtime":"1749997474","size":"329465","md5":"582daf81119afe71979cd8e76fe4a4fb","crc32":"ea83bedb","sha1":"0238ce835c4680b2fb26b88c4b7f1606980cf668"},{"name":"02 - Conto contigo.flac","source":"original","mtime":"1749995882","size":"22314311","md5":"a7ab4365a2597fa3815246b0fe642c32","crc32":"edb37f22","sha1":"5ed8b792885aa126fe26f1d7518d156843615c38","format":"Flac","length":"173.87","viruscheck":"1749996883","title":"Conto contigo","creator":"Moto Perpétuo","album":"Moto Perpétuo","track":"2","artist":"Moto Perpétuo","genre":"Progressive Rock"},{"name":"02 - Conto contigo.mp3","source":"derivative","creator":"Moto Perpétuo","title":"Conto contigo","track":"2","album":"Moto Perpétuo","genre":"Progressive Rock","bitrate":"200","length":"02:54","format":"VBR MP3","original":"02 - Conto contigo.flac","mtime":"1749997139","size":"4357761","md5":"f487afbee0b9001768473e42b835208b","crc32":"a283b013","sha1":"2d5ab5db439da8a77e39a1d1a6d5341b66f95988"},{"name":"02 - Conto contigo.png","source":"derivative","format":"PNG","original":"02 - Conto contigo.flac","mtime":"1749997284","size":"43060","md5":"420aab6343794c3902d2cef02a2f0883","crc32":"3252d2e6","sha1":"38811fd10fca319fa901170b774913b7daded244"},{"name":"02 - Conto contigo_spectrogram.png","source":"derivative","format":"Spectrogram","original":"02 - Conto contigo.flac","mtime":"1749997403","size":"309741","md5":"67cd58d77090bcb9ec0bf3a744e3f60e","crc32":"86df1381","sha1":"668990e26ad5ade66fe182c9d4c2a53baa76b89d"},{"name":"03 - Verde vertente.flac","source":"original","mtime":"1749995988","size":"24349318","md5":"436a8cb4c00a6c349d385d7931db7c22","crc32":"339e3fd8","sha1":"46297392b4a99154c9058d440bdc2425edbfb0ab","format":"Flac","length":"196.93","viruscheck":"1749996883","title":"Verde vertente","creator":"Moto Perpétuo","album":"Moto Perpétuo","track":"3","artist":"Moto Perpétuo","genre":"Progressive Rock"},{"name":"03 - Verde vertente.mp3","source":"derivative","creator":"Moto Perpétuo","title":"Verde vertente","track":"3","album":"Moto Perpétuo","genre":"Progressive Rock","bitrate":"200","length":"03:17","format":"VBR MP3","original":"03 - Verde vertente.flac","mtime":"1749997081","size":"4919657","md5":"bb8e726fa30e57284d9b11314b3f93ef","crc32":"aed690c7","sha1":"4ee9df5c31932ce6fb5024bfb6ede1c20ca64d87"},{"name":"03 - Verde vertente.png","source":"derivative","format":"PNG","original":"03 - Verde vertente.flac","mtime":"1749997342","size":"36891","md5":"aac8c5db3c92d22c7e4081a1041f10cb","crc32":"68698970","sha1":"807e7128eb725b17e3ba39b9ebb34719d295afae"},{"name":"03 - Verde vertente_spectrogram.png","source":"derivative","format":"Spectrogram","original":"03 - Verde vertente.flac","mtime":"1749997414","size":"311464","md5":"bb9e0e78fb85df4315e7fb3d317f822b","crc32":"67e3cace","sha1":"613e0b59f723f238e7b1655609c373a9107085d1"},{"name":"04 - Matinal.flac","source":"original","mtime":"1749996150","size":"31157832","md5":"46ec8c6f8a88ad5c507b6bf22a7d9335","crc32":"8f3e34e2","sha1":"a3818924ae8416c946a03edfde798353d56cbc8c","format":"Flac","length":"273.89","viruscheck":"1749996883","title":"Matinal","creator":"Moto Perpétuo","album":"Moto Perpétuo","track":"4","artist":"Moto Perpétuo","genre":"Progressive Rock"},{"name":"04 - Matinal.mp3","source":"derivative","creator":"Moto Perpétuo","title":"Matinal","track":"4","album":"Moto Perpétuo","genre":"Progressive Rock","bitrate":"180","length":"04:34","format":"VBR MP3","original":"04 - Matinal.flac","mtime":"1749997043","size":"6170410","md5":"f01a18691676b0306f57263b17a2263c","crc32":"d4a2ed59","sha1":"9b2d63d53a78c2b61f0d18c5a1d11e9ed0c9556f"},{"name":"04 - Matinal.png","source":"derivative","format":"PNG","original":"04 - Matinal.flac","mtime":"1749997207","size":"38812","md5":"fb4a3122380e1ab54c18e3c693600fcd","crc32":"caac426e","sha1":"4f4f932936e7cb899af5ac4c9a553118bd9243b5"},{"name":"04 - Matinal_spectrogram.png","source":"derivative","format":"Spectrogram","original":"04 - Matinal.flac","mtime":"1749997428","size":"321045","md5":"a4bba04d09c598fb1ee5946e4a4fcd50","crc32":"23480c33","sha1":"e0e9673886eeb01132da29ed81020aafbcbe867c"},{"name":"05 - Três e eu.flac","source":"original","mtime":"1749996271","size":"33689469","md5":"8294458db8bb77a119665a151b83edb2","crc32":"2c60f637","sha1":"9567adae2725ed6d34cb84095cd85ae75e10df31","format":"Flac","length":"313.93","title":"Três e eu","creator":"Moto Perpétuo","album":"Moto Perpétuo","track":"5","artist":"Moto Perpétuo","genre":"Progressive Rock"},{"name":"05 - Três e eu.mp3","source":"derivative","creator":"Moto Perpétuo","title":"Três e eu","track":"5","album":"Moto Perpétuo","genre":"Progressive Rock","bitrate":"187","length":"05:14","format":"VBR MP3","original":"05 - Três e eu.flac","mtime":"1749996975","size":"7337132","md5":"c2550db9ca3551e325395153e46fb572","crc32":"6606d199","sha1":"5674d19744d0f20b75f9c8a8641b6d299297f459"},{"name":"05 - Três e eu.png","source":"derivative","format":"PNG","original":"05 - Três e eu.flac","mtime":"1749997381","size":"35459","md5":"ca31fb771aad3c7dd87cf33de890c143","crc32":"d3e93c77","sha1":"8c8abc22a5ec2655150bc9d8627b7e78239672fb"},{"name":"05 - Três e eu_spectrogram.png","source":"derivative","format":"Spectrogram","original":"05 - Três e eu.flac","mtime":"1749997459","size":"329799","md5":"704ee74fc15372c396c7885e2705d102","crc32":"f87c3991","sha1":"d98dc42b21b39b7b6c6f4d30b825a26e3cc02481"},{"name":"06 - Não reclamo da chuva.flac","source":"original","mtime":"1749996335","size":"18836297","md5":"50955098971175b77b1868af02d0c94c","crc32":"99d6edf8","sha1":"d477096528ebeb42a7583efeb0238771c7757589","format":"Flac","length":"150.37","viruscheck":"1749996883","title":"Não reclamo da chuva","creator":"Moto Perpétuo","album":"Moto Perpétuo","track":"6","artist":"Moto Perpétuo","genre":"Progressive Rock"},{"name":"06 - Não reclamo da chuva.mp3","source":"derivative","creator":"Moto Perpétuo","title":"Não reclamo da chuva","track":"6","album":"Moto Perpétuo","genre":"Progressive Rock","bitrate":"209","length":"02:30","format":"VBR MP3","original":"06 - Não reclamo da chuva.flac","mtime":"1749996938","size":"3935229","md5":"72323cf99c5762fcb3171125c4f9fd5f","crc32":"66e389f5","sha1":"d773b32c82d1333b046f225a2da166c9df5e7309"},{"name":"06 - Não reclamo da chuva.png","source":"derivative","format":"PNG","original":"06 - Não reclamo da chuva.flac","mtime":"1749997304","size":"38487","md5":"bc23176e0e4131e8b7ecca560e4c96df","crc32":"efe89056","sha1":"6b7aa7ea3eaaa27f5746be47a8e2d15a39fb45dd"},{"name":"06 - Não reclamo da chuva_spectrogram.png","source":"derivative","format":"Spectrogram","original":"06 - Não reclamo da chuva.flac","mtime":"1749997550","size":"315479","md5":"12d39665e73d6f56ce830a23c7c32e27","crc32":"7e763f1e","sha1":"b19047cce15cfbab2a1335640e14f8891fd91c28"},{"name":"07 - Duas.flac","source":"original","mtime":"1749996410","size":"16289530","md5":"fce3929cc73fecb62ddb80ad8bd8b525","crc32":"61a406dc","sha1":"c9e16ef895b00ebb682520a887995f61b6d2d66a","format":"Flac","length":"137.23","viruscheck":"1749996883","title":"Duas","creator":"Moto Perpétuo","album":"Moto Perpétuo","track":"7","artist":"Moto Perpétuo","genre":"Progressive Rock"},{"name":"07 - Duas.mp3","source":"derivative","creator":"Moto Perpétuo","title":"Duas","track":"7","album":"Moto Perpétuo","genre":"Progressive Rock","bitrate":"192","length":"02:17","format":"VBR MP3","original":"07 - Duas.flac","mtime":"1749997158","size":"3292223","md5":"b749191fa6db3b45892c30b8c8dd03db","crc32":"b5a55705","sha1":"277736120006954fccd263de9f31a61325759320"},{"name":"07 - Duas.png","source":"derivative","format":"PNG","original":"07 - Duas.flac","mtime":"1749997322","size":"39012","md5":"976c2e1ba78709552845faea40fb7f03","crc32":"05400772","sha1":"b6b0d3a7c2e21f31e60556dda40b0de5d835999d"},{"name":"07 - Duas_spectrogram.png","source":"derivative","format":"Spectrogram","original":"07 - Duas.flac","mtime":"1749997491","size":"302832","md5":"bb51e518b42103a0b5f92b8a50e91d1d","crc32":"cbe2cb24","sha1":"6ef8ef38c86d3637fe4e5f62aa9f0b598852d179"},{"name":"08 - Sobe.flac","source":"original","mtime":"1749996539","size":"22000038","md5":"590d01a08866cd11e5c2ea8642d61397","crc32":"9373baa1","sha1":"c978229e385407eafaa50d97d38491f0b5f42a51","format":"Flac","length":"198.31","viruscheck":"1749996883","title":"Sobe","creator":"Moto Perpétuo","album":"Moto Perpétuo","track":"8","artist":"Moto Perpétuo","genre":"Progressive Rock"},{"name":"08 - Sobe.mp3","source":"derivative","creator":"Moto Perpétuo","title":"Sobe","track":"8","album":"Moto Perpétuo","genre":"Progressive Rock","bitrate":"183","length":"03:18","format":"VBR MP3","original":"08 - Sobe.flac","mtime":"1749996921","size":"4541173","md5":"d0309ee756035ef05f422f9bacc9444f","crc32":"3e2b5da6","sha1":"3bc6d7525a7c72d067ff304f24494858c7d3f7f9"},{"name":"08 - Sobe.png","source":"derivative","format":"PNG","original":"08 - Sobe.flac","mtime":"1749997189","size":"36619","md5":"015d1facd66036454c4aee677b05af9b","crc32":"0d3d9bfa","sha1":"3249da909e07d5f6794fe02f696bde8e91b9b2e9"},{"name":"08 - Sobe_spectrogram.png","source":"derivative","format":"Spectrogram","original":"08 - Sobe.flac","mtime":"1749997502","size":"331675","md5":"f554cba32ff2adcf350593026d698b11","crc32":"ffc14658","sha1":"332246aec86043369a0873c282aacd1f8369ee01"},{"name":"09 - Seguir viagem.flac","source":"original","mtime":"1749996586","size":"10206993","md5":"108a3082282a7601ed2ecfed18a4dd38","crc32":"3bfd3b23","sha1":"41d08444171fbf97960c780eb92000caae6f3e51","format":"Flac","length":"101.07","viruscheck":"1749996883","title":"Seguir viagem","creator":"Moto Perpétuo","album":"Moto Perpétuo","track":"9","artist":"Moto Perpétuo","genre":"Progressive Rock"},{"name":"09 - Seguir viagem.mp3","source":"derivative","creator":"Moto Perpétuo","title":"Seguir viagem","track":"9","album":"Moto Perpétuo","genre":"Progressive Rock","bitrate":"187","length":"01:41","format":"VBR MP3","original":"09 - Seguir viagem.flac","mtime":"1749996954","size":"2367026","md5":"6123cd1cb00510705ed3c09798e0f086","crc32":"2fbf1810","sha1":"d442e6cf8491c17ba1b7e6173a5f30811ba82558"},{"name":"09 - Seguir viagem.png","source":"derivative","format":"PNG","original":"09 - Seguir viagem.flac","mtime":"1749997358","size":"31100","md5":"46201806be55db0470af8c4abdc6df48","crc32":"f4b2ad9d","sha1":"1da3c7acf4dff929ff8e92290692de89c1c86f0b"},{"name":"09 - Seguir viagem_spectrogram.png","source":"derivative","format":"Spectrogram","original":"09 - Seguir viagem.flac","mtime":"1749997515","size":"309423","md5":"7df20ca1110f33b2693449e639cfdf3f","crc32":"09cf3723","sha1":"fb88a6ffba76327a5e36fa433922f5813691fd6e"},{"name":"10 - Os jardins.flac","source":"original","mtime":"1749996669","size":"21906993","md5":"c90622992f636356251ccba00e61af8e","crc32":"aeaf2e5d","sha1":"464317b6169bd16f70d95db31674e774eb1f829b","format":"Flac","length":"180.8","viruscheck":"1749996883","title":"Os jardins","creator":"Moto Perpétuo","album":"Moto Perpétuo","track":"10","artist":"Moto Perpétuo","genre":"Progressive Rock"},{"name":"10 - Os jardins.mp3","source":"derivative","creator":"Moto Perpétuo","title":"Os jardins","track":"10","album":"Moto Perpétuo","genre":"Progressive Rock","bitrate":"195","length":"03:01","format":"VBR MP3","original":"10 - Os jardins.flac","mtime":"1749997018","size":"4423608","md5":"a45e77148ac9f3d60fde7a570ac7e40f","crc32":"6224cf00","sha1":"70fcca0142dab09bd935d99512037297c37fc4f6"},{"name":"10 - Os jardins.png","source":"derivative","format":"PNG","original":"10 - Os jardins.flac","mtime":"1749997267","size":"38279","md5":"94c92131b72a6eabead548ef07581cee","crc32":"c0950b42","sha1":"8a26b4e7063213eae524c84a23b6092643d59ac0"},{"name":"10 - Os jardins_spectrogram.png","source":"derivative","format":"Spectrogram","original":"10 - Os jardins.flac","mtime":"1749997443","size":"319109","md5":"6b26a32bb903ef312c990193f15658a9","crc32":"a8fbfb4e","sha1":"655da941f02a38c59bc11291d2af1c2ddf012546"},{"name":"11 - Turba.flac","source":"original","mtime":"1749996803","size":"38294404","md5":"35eeee17e36faefc337b164ced4e9b76","crc32":"3d3e9845","sha1":"2f218d6e40e979438e6631232da43da13cdbf3c5","format":"Flac","length":"361.85","title":"Turba","creator":"Moto Perpétuo","album":"Moto Perpétuo","track":"11","artist":"Moto Perpétuo","genre":"Progressive Rock"},{"name":"11 - Turba.mp3","source":"derivative","creator":"Moto Perpétuo","title":"Turba","track":"11","album":"Moto Perpétuo","genre":"Progressive Rock","bitrate":"188","length":"06:02","format":"VBR MP3","original":"11 - Turba.flac","mtime":"1749997122","size":"8493227","md5":"b25a76d794bf7b2bd3de6e43d6813ae0","crc32":"cb6d58c5","sha1":"6881bdfe376aaf064ea7956bbce3c95b0460861c"},{"name":"11 - Turba.png","source":"derivative","format":"PNG","original":"11 - Turba.flac","mtime":"1749997252","size":"40646","md5":"96a439a83f090862bc620f9de12c9608","crc32":"ebc4b3c7","sha1":"df22abb7e42923d7416d4117715c6c0db2c3c122"},{"name":"11 - Turba_spectrogram.png","source":"derivative","format":"Spectrogram","original":"11 - Turba.flac","mtime":"1749997535","size":"322832","md5":"2c080e2ae811f73b29d65ab663d02c00","crc32":"51ac469c","sha1":"9bc480ebf44e2f5004947a100a47bbff337b4140"},{"name":"1974-moto-perpetuo_202506_archive.torrent","source":"metadata","btih":"a4c12fba0071aae5e20855b8ee5b059bb4822f20","mtime":"1758413698","size":"21980","md5":"f1700fa28b4ff6cd0eb8e455f72e29e9","crc32":"e50b0872","sha1":"94d2a582936fe4739a4f8589b2217eb5cf30ab57","format":"Archive BitTorrent"},{"name":"1974-moto-perpetuo_202506_files.xml","source":"original","format":"Metadata","md5":"1a3a2cfc36ff2c93dcbb6c1ad92e85f3","summation":"md5"},{"name":"1974-moto-perpetuo_202506_meta.sqlite","source":"original","mtime":"1749996835","size":"45056","md5":"76cd8e83cd139afcb7dfe2e3cce32020","crc32":"eca1425f","sha1":"febd99dbfc33af836755b4d2988785326815574e","format":"Metadata"},{"name":"1974-moto-perpetuo_202506_meta.xml","source":"original","mtime":"1758413686","size":"964","md5":"7c92e14d8fda6cbab7cb87f08f06feef","crc32":"e98c1008","sha1":"0691fd99864802ad483d946da2734c6184a51397","format":"Metadata"},{"name":"__ia_thumb.jpg","source":"original","mtime":"1749996870","size":"21475","md5":"5d2b0883143c35f3b27aee8910507238","crc32":"4507142d","sha1":"46444d6d22ddda30b3e00a5bb8a36f80f67ea384","format":"Item Tile"},{"name":"cover.jpg","source":"original","mtime":"1749996812","size":"344685","md5":"cbdc53e5ed7a97cc9256b93e1fa2f3a5","crc32":"ba5664fc","sha1":"1f6b5e8acd5f62d5103fb2e76fc2a8197da36ee2","format":"JPEG"},{"name":"cover_thumb.jpg","source":"derivative","format":"JPEG Thumb","original":"cover.jpg","mtime":"1749997175","size":"13713","md5":"8d46a8a6beed4b85c967676471255d93","crc32":"9dc06ac9","sha1":"2eb56500da69b9f2605567288330117f13aad5c3"}],"files_count":51,"item_last_updated":1758413698,"item_size":316517319,"metadata":{"identifier":"1974-moto-perpetuo_202506","mediatype":"audio","collection":["hifidelity_potpourri","hifidelity"],"creator":"Moto Perpétuo","date":"1974-11","description":"Released by Continental Records","language":"por","scanner":"Internet Archive HTML5 Uploader 1.7.0","subject":["Prog","Rock","MPB","Progressive Pop","Pop","Brazil"],"title":"Moto Perpétuo (1974)","uploader":"marcioal3f@protonmail.com","publicdate":"2025-06-15 13:56:10","addeddate":"2025-06-15 13:56:10","curation":"[curator]validator@archive.org[/curator][date]20250615141443[/date][comment]checked for malware[/comment]","collection_added":"hifidelity"},"server":"ia600707.us.archive.org","uniq":1488195700,"workable_servers":["ia600707.us.archive.org","ia800707.us.archive.org"]}