{"alternate_locations":{"servers":[{"server":"dn721201.ca.archive.org","dir":"/0/items/1974-arnaldo-baptista-loki_202506"}],"workable":[{"server":"dn721201.ca.archive.org","dir":"/0/items/1974-arnaldo-baptista-loki_202506"}]},"created":1767565008,"d1":"ia600602.us.archive.org","d2":"ia800602.us.archive.org","dir":"/23/items/1974-arnaldo-baptista-loki_202506","files":[{"name":"01 - Será que eu vou virar bolor.flac","source":"original","mtime":"1749061213","size":"24480056","md5":"256a56dfe750793015e34adbac974ab6","crc32":"fbbbf84e","sha1":"ae2a54ff15bc712aeca298c6c331fccf50829b32","format":"Flac","length":"232.13","viruscheck":"1749061735","title":"Será que eu vou virar bolor?","creator":"Arnaldo Baptista","album":"Lóki?","track":"1","artist":"Arnaldo Baptista","genre":"Psychedelic Rock"},{"name":"01 - Será que eu vou virar bolor.mp3","source":"derivative","creator":"Arnaldo Baptista","title":"Será que eu vou virar bolor?","track":"1","album":"Lóki?","genre":"Psychedelic Rock","bitrate":"194","length":"03:52","format":"VBR MP3","original":"01 - Será que eu vou virar bolor.flac","mtime":"1749064149","size":"5630615","md5":"197e2cf2459a0f70807769255577e220","crc32":"dcc31e64","sha1":"57bf4d4d86076814248d23e8760b3f21e349ab6c"},{"name":"01 - Será que eu vou virar bolor.png","source":"derivative","format":"PNG","original":"01 - Será que eu vou virar bolor.flac","mtime":"1749064698","size":"39318","md5":"a4eabc3a6176a8a29ecc83a94fc5784b","crc32":"daa9983e","sha1":"e7734248cd98be72c8fc9f7747f8623686330a44"},{"name":"01 - Será que eu vou virar bolor_spectrogram.png","source":"derivative","format":"Spectrogram","original":"01 - Será que eu vou virar bolor.flac","mtime":"1749065603","size":"314754","md5":"7448282d07ef3c7e87957880a21a436d","crc32":"59067cb6","sha1":"36707bf1bdc09c4ea2d5ffe5b493841d54afedac"},{"name":"02 - Uma pessoa só.flac","source":"original","mtime":"1749061325","size":"21983891","md5":"80a01edcfa3cd4ad85b1038e724b66c7","crc32":"9a510533","sha1":"2c1377a8215b9b8efe980f81bcccd92e781ec7ff","format":"Flac","length":"241.4","viruscheck":"1749061735","title":"Uma pessoa só","creator":"Arnaldo Baptista","album":"Lóki?","track":"2","artist":"Arnaldo Baptista","genre":"Psychedelic Rock"},{"name":"02 - Uma pessoa só.mp3","source":"derivative","creator":"Arnaldo Baptista","title":"Uma pessoa só","track":"2","album":"Lóki?","genre":"Psychedelic Rock","bitrate":"186","length":"04:01","format":"VBR MP3","original":"02 - Uma pessoa só.flac","mtime":"1749064528","size":"5606936","md5":"c44d86b03a4a3e94bbd3470f6aa3ece1","crc32":"37b7dcfd","sha1":"c461f5c1eea7abeb615537d86ddd8c91c27523d3"},{"name":"02 - Uma pessoa só.png","source":"derivative","format":"PNG","original":"02 - Uma pessoa só.flac","mtime":"1749065047","size":"39339","md5":"646183b7ee474a82d999a52647ab541b","crc32":"95635aa7","sha1":"d1ac9d91afbe2462315cd1a345e0e60391ef12f3"},{"name":"02 - Uma pessoa só_spectrogram.png","source":"derivative","format":"Spectrogram","original":"02 - Uma pessoa só.flac","mtime":"1749065668","size":"305731","md5":"b9b488b953ef83fef2acc24f1d237f46","crc32":"1ba04904","sha1":"cdbad5c3da37835214d6c704fae4ac7c9b2aac4a"},{"name":"03 - Não estou nem aí.flac","source":"original","mtime":"1749062061","size":"20173250","md5":"0ac41c6013c2c4140a21dd8d803811cd","crc32":"e9c90b58","sha1":"117ea1c09545fda51402e88db0bb4aec3797d11a","format":"Flac","length":"202.44","viruscheck":"1749064016","title":"Não estou nem aí","creator":"Arnaldo Baptista","album":"Lóki?","track":"3","artist":"Arnaldo Baptista","genre":"Psychedelic Rock"},{"name":"03 - Não estou nem aí.mp3","source":"derivative","creator":"Arnaldo Baptista","title":"Não estou nem aí","track":"3","album":"Lóki?","genre":"Psychedelic Rock","bitrate":"178","length":"03:22","format":"VBR MP3","original":"03 - Não estou nem aí.flac","mtime":"1749064590","size":"4522539","md5":"68b0d086123d1b6f7e92408e682b9f62","crc32":"00464228","sha1":"f703f25a0904b7f3c83778f84f3da245fc1b2dee"},{"name":"03 - Não estou nem aí.png","source":"derivative","format":"PNG","original":"03 - Não estou nem aí.flac","mtime":"1749064760","size":"35983","md5":"472602e2d13dd0c0e197cbea83e7cddc","crc32":"a7e0de08","sha1":"71f82cfe669858296182d3fad08cba5854daf56a"},{"name":"03 - Não estou nem aí_spectrogram.png","source":"derivative","format":"Spectrogram","original":"03 - Não estou nem aí.flac","mtime":"1749065855","size":"307982","md5":"5a2be8687c8702a7c0c1a24e85c1abfd","crc32":"308037bb","sha1":"aa5fc526d3860f5655e642736abe7af070922f48"},{"name":"04 - Vou me afundar na lingerie.flac","source":"original","mtime":"1749062322","size":"21802406","md5":"744dafb2ff7852df081bc1652be374b7","crc32":"b29a08dd","sha1":"0b33675b73697c092d177235810ffa55968c35db","format":"Flac","length":"205.87","viruscheck":"1749064016","title":"Vou me afundar na lingerie","creator":"Arnaldo Baptista","album":"Lóki?","track":"4","artist":"Arnaldo Baptista","genre":"Psychedelic Rock"},{"name":"04 - Vou me afundar na lingerie.mp3","source":"derivative","creator":"Arnaldo Baptista","title":"Vou me afundar na lingerie","track":"4","album":"Lóki?","genre":"Psychedelic Rock","bitrate":"196","length":"03:26","format":"VBR MP3","original":"04 - Vou me afundar na lingerie.flac","mtime":"1749064208","size":"5056964","md5":"0bc0e00414a5706660b1e5ca177055ba","crc32":"e666e2a6","sha1":"18dfda04ba96a9c224c9824bde7a55b33600f5ae"},{"name":"04 - Vou me afundar na lingerie.png","source":"derivative","format":"PNG","original":"04 - Vou me afundar na lingerie.flac","mtime":"1749064803","size":"39932","md5":"719a47eaae4558287cdd0ddd7a042970","crc32":"a3cc7991","sha1":"fb9866f1a62e8a92f28857d6b411349313c59450"},{"name":"04 - Vou me afundar na lingerie_spectrogram.png","source":"derivative","format":"Spectrogram","original":"04 - Vou me afundar na lingerie.flac","mtime":"1749065627","size":"316284","md5":"8b2c5325e9210fd34a74defc588011d3","crc32":"999901b4","sha1":"3a543922afe4f92da2b2641ed6b573b31ce41961"},{"name":"05 - Honky Tonky (Patrulha do Espaço).flac","source":"original","mtime":"1749062414","size":"10441986","md5":"69659920b37d9d02d8f82417cf94e8ff","crc32":"7e2a0c05","sha1":"d3a02d84a3c8ee02bb9fd438fd17cf5f0bb2271d","format":"Flac","length":"134","viruscheck":"1749064016","title":"Honky Tonky (Patrulha do Espaço)","creator":"Arnaldo Baptista","album":"Lóki?","track":"5","artist":"Arnaldo Baptista","genre":"Psychedelic Rock"},{"name":"05 - Honky Tonky (Patrulha do Espaço).mp3","source":"derivative","creator":"Arnaldo Baptista","title":"Honky Tonky (Patrulha do Espaço)","track":"5","album":"Lóki?","genre":"Psychedelic Rock","bitrate":"167","length":"02:14","format":"VBR MP3","original":"05 - Honky Tonky (Patrulha do Espaço).flac","mtime":"1749064435","size":"2802436","md5":"83cdbe7355685e00c346ed7e7622f05d","crc32":"abcaf51c","sha1":"e1047f12c98b9bdb219e95bdae4b1b1c059484bf"},{"name":"05 - Honky Tonky (Patrulha do Espaço).png","source":"derivative","format":"PNG","original":"05 - Honky Tonky (Patrulha do Espaço).flac","mtime":"1749064882","size":"38830","md5":"433c677521ff148652749075a45ebb07","crc32":"2494d62e","sha1":"2d53ea7ed80e6ae80b6509b42891d2a5b973c067"},{"name":"05 - Honky Tonky (Patrulha do Espaço)_spectrogram.png","source":"derivative","format":"Spectrogram","original":"05 - Honky Tonky (Patrulha do Espaço).flac","mtime":"1749065648","size":"264318","md5":"8a4921b22f31f8fdd2a007d6c6ef3066","crc32":"2109b91b","sha1":"eebc84138ad8ea3605320f9899eac8ddb520ccde"},{"name":"06 - Cê tá pensando que eu sou o Lóki.flac","source":"original","mtime":"1749062638","size":"19995629","md5":"ce051d605a718ae1899c480e830b3df8","crc32":"35a92c9d","sha1":"e86437505217786463e249d40cdbac6bba69a846","format":"Flac","length":"205.13","viruscheck":"1749064016","title":"Cê tá pensando que eu sou o Lóki?","creator":"Arnaldo Baptista","album":"Lóki?","track":"6","artist":"Arnaldo Baptista","genre":"Psychedelic Rock"},{"name":"06 - Cê tá pensando que eu sou o Lóki.mp3","source":"derivative","creator":"Arnaldo Baptista","title":"Cê tá pensando que eu sou o Lóki?","track":"6","album":"Lóki?","genre":"Psychedelic Rock","bitrate":"197","length":"03:25","format":"VBR MP3","original":"06 - Cê tá pensando que eu sou o Lóki.flac","mtime":"1749064484","size":"5048697","md5":"c03c592f52af691b1ae4fd16778ae48f","crc32":"b797b094","sha1":"ea7ca1d9f0b09cacac3a6bbe6e383a4429c8446b"},{"name":"06 - Cê tá pensando que eu sou o Lóki.png","source":"derivative","format":"PNG","original":"06 - Cê tá pensando que eu sou o Lóki.flac","mtime":"1749065316","size":"41622","md5":"8ba5ddf511babe94974aba5516663cf0","crc32":"e2db2d14","sha1":"36424c2c17e80b60ef990f01d4ea21b731daedb7"},{"name":"06 - Cê tá pensando que eu sou o Lóki_spectrogram.png","source":"derivative","format":"Spectrogram","original":"06 - Cê tá pensando que eu sou o Lóki.flac","mtime":"1749065701","size":"311713","md5":"45eb7014a7bb36d78e207b374060957b","crc32":"b0063718","sha1":"ee01e2108c4599d95c6fbe6fcd2f44ddf45043d6"},{"name":"07 - Desculpe.flac","source":"original","mtime":"1749062830","size":"17929762","md5":"45b981af7c8de60ca7c834d973833ae6","crc32":"9cab5442","sha1":"64f70cc206549dfe330f0c1032b8070d9b7ca4f7","format":"Flac","length":"191.83","viruscheck":"1749064016","title":"Desculpe","creator":"Arnaldo Baptista","album":"Lóki?","track":"7","artist":"Arnaldo Baptista","genre":"Psychedelic Rock"},{"name":"07 - Desculpe.mp3","source":"derivative","creator":"Arnaldo Baptista","title":"Desculpe","track":"7","album":"Lóki?","genre":"Psychedelic Rock","bitrate":"190","length":"03:12","format":"VBR MP3","original":"07 - Desculpe.flac","mtime":"1749064390","size":"4561995","md5":"e4c6835adbc1df85eb7c7e1bc2a841c3","crc32":"03574bd8","sha1":"a10fabc8d6fbd40d3c76d724af9cc6a1239e9261"},{"name":"07 - Desculpe.png","source":"derivative","format":"PNG","original":"07 - Desculpe.flac","mtime":"1749064911","size":"38155","md5":"b70f730c828f7dbccd671b76426142bd","crc32":"4739ec90","sha1":"803b990ff320f9077900b00492b9087cb1549598"},{"name":"07 - Desculpe_spectrogram.png","source":"derivative","format":"Spectrogram","original":"07 - Desculpe.flac","mtime":"1749065730","size":"314144","md5":"0aee264e95e03058eafd4f9e65e8f4b3","crc32":"8dff869d","sha1":"f2e83196dd5dc758edd7bf8f1f6336752023fd22"},{"name":"08 - Navegar de novo.flac","source":"original","mtime":"1749063221","size":"26486367","md5":"10633a4ac69debab86815d9cdf8622dd","crc32":"25939c53","sha1":"627a220446c0984d2c4cd57bc91e673136abdd2d","format":"Flac","length":"333.04","viruscheck":"1749064016","title":"Navegar de novo","creator":"Arnaldo Baptista","album":"Lóki?","track":"8","artist":"Arnaldo Baptista","genre":"Psychedelic Rock"},{"name":"08 - Navegar de novo.mp3","source":"derivative","creator":"Arnaldo Baptista","title":"Navegar de novo","track":"8","album":"Lóki?","genre":"Psychedelic Rock","bitrate":"183","length":"05:33","format":"VBR MP3","original":"08 - Navegar de novo.flac","mtime":"1749064350","size":"7629229","md5":"95ae19e1e026f40a9286c75515287d69","crc32":"b6b88b84","sha1":"e7a489bfed4e94f1f796e2ac203efbfdbe712e45"},{"name":"08 - Navegar de novo.png","source":"derivative","format":"PNG","original":"08 - Navegar de novo.flac","mtime":"1749064836","size":"38663","md5":"daf4755f9ad70527c075028cfe4e46b6","crc32":"d5fcb275","sha1":"5f904f79484fb60ecbb7aeb1a18be0a1af7b7285"},{"name":"08 - Navegar de novo_spectrogram.png","source":"derivative","format":"Spectrogram","original":"08 - Navegar de novo.flac","mtime":"1749065771","size":"280426","md5":"12f41f165c6b20dd0e31c63f08783f70","crc32":"9b7ad699","sha1":"6309c3c0efbe4b9ccae97e40caf54af58311d275"},{"name":"09 - Te amo, podes crer.flac","source":"original","mtime":"1749063464","size":"16442150","md5":"902921817f5ff4e694d70f5db64dbb1c","crc32":"6ecdaee3","sha1":"d783b791e31f235cc16388082414b198621361ce","format":"Flac","length":"174.09","viruscheck":"1749064016","title":"Te amo, podes crer","creator":"Arnaldo Baptista","album":"Lóki?","track":"9","artist":"Arnaldo Baptista","genre":"Psychedelic Rock"},{"name":"09 - Te amo, podes crer.mp3","source":"derivative","creator":"Arnaldo Baptista","title":"Te amo, podes crer","track":"9","album":"Lóki?","genre":"Psychedelic Rock","bitrate":"178","length":"02:54","format":"VBR MP3","original":"09 - Te amo, podes crer.flac","mtime":"1749064300","size":"3877711","md5":"1e11c3e8d0cec79a3f405d3fcf0f57ef","crc32":"91a1d348","sha1":"1899ff010e521eb7f73ecc35a984a4ae7b730d66"},{"name":"09 - Te amo, podes crer.png","source":"derivative","format":"PNG","original":"09 - Te amo, podes crer.flac","mtime":"1749064666","size":"38549","md5":"ae2acb27a2f3dc77fd1c24ce64c19bab","crc32":"1f9e9a6d","sha1":"af7c2b9fe7df910780b419e723bab0e9c85a265d"},{"name":"09 - Te amo, podes crer_spectrogram.png","source":"derivative","format":"Spectrogram","original":"09 - Te amo, podes crer.flac","mtime":"1749065806","size":"319446","md5":"bdcfad97c6df70b114c545d535ff01b2","crc32":"c586588a","sha1":"58ad2d5890abb3ec3ee9af799aa58dd9100258a3"},{"name":"10 - É fácil.flac","source":"original","mtime":"1749063616","size":"10534903","md5":"fe9059ebe0ea42cd1d15305fb6b58671","crc32":"6b3b7c9b","sha1":"35bd453ebd1da43e77ed1130fd6f98cbb81638a9","format":"Flac","length":"118.91","viruscheck":"1749064016","title":"É fácil","creator":"Arnaldo Baptista","album":"Lóki?","track":"10","artist":"Arnaldo Baptista","genre":"Psychedelic Rock"},{"name":"10 - É fácil.mp3","source":"derivative","creator":"Arnaldo Baptista","title":"É fácil","track":"10","album":"Lóki?","genre":"Psychedelic Rock","bitrate":"185","length":"01:59","format":"VBR MP3","original":"10 - É fácil.flac","mtime":"1749064250","size":"2761223","md5":"16007abc403b55aabc3e8a6253f06d4e","crc32":"cbae978a","sha1":"0376f55fc2eab9a3f7549c8e4b6f418ae099a0c3"},{"name":"10 - É fácil.png","source":"derivative","format":"PNG","original":"10 - É fácil.flac","mtime":"1749065018","size":"32106","md5":"8fa76d9c9769757f009dd32d8bb96218","crc32":"bdf2d563","sha1":"4350a3abaae58f6957534c66365f68b739106e34"},{"name":"10 - É fácil_spectrogram.png","source":"derivative","format":"Spectrogram","original":"10 - É fácil.flac","mtime":"1749065829","size":"305911","md5":"fa107e076785c467b116a9c5ec12f47f","crc32":"ef2b09e1","sha1":"c78f0e2e579392b62d1ef9c3e49da8c4cf7746b5"},{"name":"1974-arnaldo-baptista-loki_202506_archive.torrent","source":"metadata","btih":"23b16d3ee0d50652289d9f970a7147cd9a79dc25","mtime":"1758412957","size":"18922","md5":"af0c91d85c4c4b8ac64fa2d87a08230a","crc32":"53702ace","sha1":"cca6b1d911eb18d8e7c96bbf11cce42687158570","format":"Archive BitTorrent"},{"name":"1974-arnaldo-baptista-loki_202506_files.xml","source":"original","format":"Metadata","md5":"d39a696f7da87d2eebeeb14dc6c7521f","summation":"md5"},{"name":"1974-arnaldo-baptista-loki_202506_meta.sqlite","source":"original","mtime":"1749063664","size":"45056","md5":"6111e5466ef95e82d1606f8ea0ac8e0e","crc32":"e128fd10","sha1":"6f4cd7d291ab8fdfe38658e48600abf5d2dc4acf","format":"Metadata"},{"name":"1974-arnaldo-baptista-loki_202506_meta.xml","source":"original","mtime":"1758412955","size":"1122","md5":"c850eef144b9420c42b448a279e2ac3c","crc32":"5258cf72","sha1":"d801a9701c3e12a7511c3f3ee63a2e778d5c00b5","format":"Metadata"},{"name":"5out14a.jpg","source":"original","mtime":"1749063624","size":"439266","md5":"35a67454a83efdc427993fca05117760","crc32":"15df2278","sha1":"5d6eb0334b7c6af12135a9b7be74ef061173cb16","format":"JPEG"},{"name":"5out14a_thumb.jpg","source":"derivative","format":"JPEG Thumb","original":"5out14a.jpg","mtime":"1749064617","size":"12605","md5":"b7735b877534fd55d51843ba17a9a40a","crc32":"1331abf6","sha1":"018d81b0e4aa82b3273c28bf7e02659b9a465013"},{"name":"__ia_thumb.jpg","source":"original","mtime":"1749063698","size":"13864","md5":"827369236f30052b814c0f6a8bf7b2e8","crc32":"164b2010","sha1":"09e5704250c14c825866091c2f19ece9b4790b2c","format":"Item Tile"}],"files_count":47,"item_last_updated":1758412957,"item_size":241722786,"metadata":{"identifier":"1974-arnaldo-baptista-loki_202506","mediatype":"audio","collection":["hifidelity_potpourri","hifidelity"],"creator":"Arnaldo Baptista","date":"1974","description":"Lançado pela Philips.","language":"por","scanner":"Internet Archive HTML5 Uploader 1.7.0","subject":["Rock","Singer-Songwriter","Pop","Progressive Pop","Psychedelic","Piano Rock","Baroque","Outsider Music","Space Rock","MPB","Brazil"],"title":"Lóki?","uploader":"marcioal3f@protonmail.com","publicdate":"2025-06-04 18:20:35","addeddate":"2025-06-04 18:20:35","curation":"[curator]validator@archive.org[/curator][date]20250604182855[/date][comment]checked for malware[/comment]","collection_added":"hifidelity"},"server":"ia800602.us.archive.org","uniq":463642634,"workable_servers":["ia800602.us.archive.org","ia600602.us.archive.org"]}