{"alternate_locations":{"servers":[{"server":"dn721200.ca.archive.org","dir":"/0/items/1974-raul-seixas-gita_202502"}],"workable":[{"server":"dn721200.ca.archive.org","dir":"/0/items/1974-raul-seixas-gita_202502"}]},"created":1767565024,"d1":"ia600107.us.archive.org","d2":"ia800107.us.archive.org","dir":"/3/items/1974-raul-seixas-gita_202502","files":[{"name":"01 - Super Heróis.flac","source":"original","mtime":"1750117655","size":"23249677","md5":"f89ad7a7cefadedb254327ecb645324d","crc32":"034ff3da","sha1":"c0b552c65faa2247fb7dfafb5f0bffac7fc3843d","format":"Flac","length":"193.29","viruscheck":"1750118834","title":"Super Heróis","creator":"Raul Seixas","album":"Gita","track":"1","artist":"Raul Seixas","genre":"Rock"},{"name":"01 - Super Heróis.mp3","source":"derivative","creator":"Raul Seixas","title":"Super Heróis","track":"1","album":"Gita","genre":"Rock","bitrate":"190","length":"03:13","format":"VBR MP3","original":"01 - Super Heróis.flac","mtime":"1750118872","size":"4588573","md5":"686ad9c2d98353df94e13558e34908e7","crc32":"54654d22","sha1":"752c4863d6f973172d14304c19b6152a7e24803e"},{"name":"01 - Super Heróis.png","source":"derivative","format":"PNG","original":"01 - Super Heróis.flac","mtime":"1750119979","size":"42244","md5":"f5b9be53ac83ddfe040f7bfe0de43bf3","crc32":"8e7396b9","sha1":"ba058008cbaa6b89223de68e6944b6f905959546"},{"name":"01 - Super Heróis_spectrogram.png","source":"derivative","format":"Spectrogram","original":"01 - Super Heróis.flac","mtime":"1750120077","size":"327792","md5":"a8433acd50b7b5d2487d52893da7b413","crc32":"113c4db1","sha1":"3c39af68b10c9644269d938ef9fe036c6d99d4a6"},{"name":"02 - Medo Da Chuva.flac","source":"original","mtime":"1750117715","size":"21396241","md5":"5cfdbdec7fd4f446cdd48d5acbc685c7","crc32":"21cb0b78","sha1":"58e4185c6a07501970606b75f440075621fe0764","format":"Flac","length":"178.33","viruscheck":"1750118834","title":"Medo Da Chuva","creator":"Raul Seixas","album":"Gita","track":"2","artist":"Raul Seixas","genre":"Rock"},{"name":"02 - Medo Da Chuva.mp3","source":"derivative","creator":"Raul Seixas","title":"Medo Da Chuva","track":"2","album":"Gita","genre":"Rock","bitrate":"202","length":"02:58","format":"VBR MP3","original":"02 - Medo Da Chuva.flac","mtime":"1750119177","size":"4513024","md5":"dd672fb3bff204d4d10b6d3badc4e2b9","crc32":"9756039d","sha1":"cca79bfaa27e926aeafebc5440d9cc138c914f0b"},{"name":"02 - Medo Da Chuva.png","source":"derivative","format":"PNG","original":"02 - Medo Da Chuva.flac","mtime":"1750119997","size":"41055","md5":"033d0c181a916bfd436b1badc9a37b06","crc32":"517bf684","sha1":"9fa091109766365f4d3554aee9f8d593759f6ae6"},{"name":"02 - Medo Da Chuva_spectrogram.png","source":"derivative","format":"Spectrogram","original":"02 - Medo Da Chuva.flac","mtime":"1750120010","size":"338448","md5":"acd05c66a5e0224b83e911df61b38339","crc32":"b21cef12","sha1":"c63d6097eadbbef7bfe0127d00f3c88f56c94045"},{"name":"03 - As Aventuras De Raul Seixas Na Cidade De Thor.flac","source":"original","mtime":"1750117891","size":"26950954","md5":"556411d13a53dc0a896377e5156bff80","crc32":"71ba2501","sha1":"c262c136f07ca926d8284690157e190837924907","format":"Flac","length":"224.47","viruscheck":"1750118834","title":"As Aventuras De Raul Seixas Na Cidade De Thor","creator":"Raul Seixas","album":"Gita","track":"3","artist":"Raul Seixas","genre":"Rock"},{"name":"03 - As Aventuras De Raul Seixas Na Cidade De Thor.mp3","source":"derivative","creator":"Raul Seixas","title":"As Aventuras De Raul Seixas Na Cidade De Thor","track":"3","album":"Gita","genre":"Rock","bitrate":"202","length":"03:44","format":"VBR MP3","original":"03 - As Aventuras De Raul Seixas Na Cidade De Thor.flac","mtime":"1750118952","size":"5664349","md5":"defb54c6a8f6863c1b59687203f3ba55","crc32":"459285c8","sha1":"7120ca08661275111b32c61b62a6fd96b19b3ae9"},{"name":"03 - As Aventuras De Raul Seixas Na Cidade De Thor.png","source":"derivative","format":"PNG","original":"03 - As Aventuras De Raul Seixas Na Cidade De Thor.flac","mtime":"1750119751","size":"46556","md5":"5b956368694e6771e1e0b5215cc0e006","crc32":"31d2c6d2","sha1":"48a73f4a0473b5334bf2f59093593677cc7cc543"},{"name":"03 - As Aventuras De Raul Seixas Na Cidade De Thor_spectrogram.png","source":"derivative","format":"Spectrogram","original":"03 - As Aventuras De Raul Seixas Na Cidade De Thor.flac","mtime":"1750120101","size":"333038","md5":"5a4881b0e7718634d635087144e0ea35","crc32":"c3a3fbb4","sha1":"4d1f4843e9b0ea640b178bdd54ccac3ac9a74378"},{"name":"04 - Água Viva.flac","source":"original","mtime":"1750117935","size":"12982788","md5":"f0f5de6ff69e2ed192ec06ebb162e0b9","crc32":"19dd7eaa","sha1":"f0a493ce073b0cc35c43c30d0bca08a4998cf094","format":"Flac","length":"121.44","viruscheck":"1750118834","title":"Água Viva","creator":"Raul Seixas","album":"Gita","track":"4","artist":"Raul Seixas","genre":"Rock"},{"name":"04 - Água Viva.mp3","source":"derivative","creator":"Raul Seixas","title":"Água Viva","track":"4","album":"Gita","genre":"Rock","bitrate":"193","length":"02:01","format":"VBR MP3","original":"04 - Água Viva.flac","mtime":"1750119033","size":"2928751","md5":"47c4ba0947439cd76c5b68b2b52ba9a7","crc32":"0676d4b3","sha1":"1a3d47dd243fc222b59f4de6fda15c293dfe41b2"},{"name":"04 - Água Viva.png","source":"derivative","format":"PNG","original":"04 - Água Viva.flac","mtime":"1750119730","size":"38196","md5":"11b0eba96eed151639efb98d25e86ab6","crc32":"aee7cf13","sha1":"324eff37183e4a8bca09b0862a1d4974c91c6184"},{"name":"04 - Água Viva_spectrogram.png","source":"derivative","format":"Spectrogram","original":"04 - Água Viva.flac","mtime":"1750120043","size":"337706","md5":"d5aebaa3e39da15eedff786fec5a8bba","crc32":"80a03a49","sha1":"ea9eb7ec1c567488ff45f09bfa446d90f5ef3412"},{"name":"05 - Moleque Maravilhoso.flac","source":"original","mtime":"1750117979","size":"16930762","md5":"93aebf833200c7e9c4c53e8d5451f25d","crc32":"c6562926","sha1":"a84a6c980ee6cb975ff3ac10e66424343e52e6b9","format":"Flac","length":"137","viruscheck":"1750118834","title":"Moleque Maravilhoso","creator":"Raul Seixas","album":"Gita","track":"5","artist":"Raul Seixas","genre":"Rock"},{"name":"05 - Moleque Maravilhoso.mp3","source":"derivative","creator":"Raul Seixas","title":"Moleque Maravilhoso","track":"5","album":"Gita","genre":"Rock","bitrate":"195","length":"02:17","format":"VBR MP3","original":"05 - Moleque Maravilhoso.flac","mtime":"1750119679","size":"3345493","md5":"7cd7422f32f890a0e7557aaf8f2c396f","crc32":"3ca77810","sha1":"0b8aa9c139b63bc69749a6cdd82439b8a6561a0d"},{"name":"05 - Moleque Maravilhoso.png","source":"derivative","format":"PNG","original":"05 - Moleque Maravilhoso.flac","mtime":"1750119771","size":"42223","md5":"bf91ca381265c283723993d7cf33f7b5","crc32":"fc626c84","sha1":"7396083c70a0f1991e7b01f76e2aa4eb0accbe9d"},{"name":"05 - Moleque Maravilhoso_spectrogram.png","source":"derivative","format":"Spectrogram","original":"05 - Moleque Maravilhoso.flac","mtime":"1750120113","size":"327101","md5":"eadf9cee1a1ec118fe6f2fc103045765","crc32":"7488d7d5","sha1":"f2118946b42a9672606d70ce94498b501c2d8b5b"},{"name":"06 - Sessão Das 10.flac","source":"original","mtime":"1750118019","size":"15079191","md5":"ce9abb3f76c4373ecf87af07780bfb08","crc32":"d4690d93","sha1":"cd419724b39823a42c73da0a3de87b002eab1990","format":"Flac","length":"131.53","viruscheck":"1750118834","title":"Sessão Das 10","creator":"Raul Seixas","album":"Gita","track":"6","artist":"Raul Seixas","genre":"Rock"},{"name":"06 - Sessão Das 10.mp3","source":"derivative","creator":"Raul Seixas","title":"Sessão Das 10","track":"6","album":"Gita","genre":"Rock","bitrate":"208","length":"02:12","format":"VBR MP3","original":"06 - Sessão Das 10.flac","mtime":"1750118901","size":"3433068","md5":"f6df5c522c88a13e79fcfa1bfa86e499","crc32":"949645f6","sha1":"2dbd4716af04e171e6e5947c7fe31b9207224847"},{"name":"06 - Sessão Das 10.png","source":"derivative","format":"PNG","original":"06 - Sessão Das 10.flac","mtime":"1750119792","size":"41939","md5":"664512a00f6b49ca582e39e0b2ba1874","crc32":"7ed4b5f4","sha1":"06d060161e77ad0a57400a547b859120a77c97b3"},{"name":"06 - Sessão Das 10_spectrogram.png","source":"derivative","format":"Spectrogram","original":"06 - Sessão Das 10.flac","mtime":"1750120089","size":"334773","md5":"6bba86b9587c230ad7fde9598c2741d7","crc32":"e47ecd34","sha1":"5be07b46d951683b79d97df53d5a08ea3ad878aa"},{"name":"07 - Sociedade Alternativa.flac","source":"original","mtime":"1750118120","size":"20621423","md5":"d945e4059d5bd6f2e600319f40b2eb34","crc32":"51e6b2b9","sha1":"b99568dcb3235e51778229b8d2798e8783ad4de9","format":"Flac","length":"172.73","viruscheck":"1750118834","title":"Sociedade Alternativa","creator":"Raul Seixas","album":"Gita","track":"7","artist":"Raul Seixas","genre":"Rock"},{"name":"07 - Sociedade Alternativa.mp3","source":"derivative","creator":"Raul Seixas","title":"Sociedade Alternativa","track":"7","album":"Gita","genre":"Rock","bitrate":"207","length":"02:53","format":"VBR MP3","original":"07 - Sociedade Alternativa.flac","mtime":"1750119114","size":"4475930","md5":"ed9a0f266c411006ac1043022418aa05","crc32":"7d7aa5fd","sha1":"e78a3c7449141bff79c5016ddab5a644eed0f1d9"},{"name":"07 - Sociedade Alternativa.png","source":"derivative","format":"PNG","original":"07 - Sociedade Alternativa.flac","mtime":"1750119809","size":"43799","md5":"71ec148b247d94aeeb7a7f029832ff6d","crc32":"3990d6d2","sha1":"908189f2ca3753fb4e879c63ad51e8aa08b90c30"},{"name":"07 - Sociedade Alternativa_spectrogram.png","source":"derivative","format":"Spectrogram","original":"07 - Sociedade Alternativa.flac","mtime":"1750120066","size":"321557","md5":"5d276cc7e13c582632e0715c601b2f7c","crc32":"bbedcadb","sha1":"0e77ee0ea7c20dfcec4e0b972c5e9d5e544a95c4"},{"name":"08 - O Trem Das 7.flac","source":"original","mtime":"1750118217","size":"18774928","md5":"013b49a84f01e89ec43b7266e10d3a72","crc32":"865acf6c","sha1":"4309caff8a401187f5b27c4d24f1021052f7159f","format":"Flac","length":"158.29","viruscheck":"1750118834","title":"O Trem Das 7","creator":"Raul Seixas","album":"Gita","track":"8","artist":"Raul Seixas","genre":"Rock"},{"name":"08 - O Trem Das 7.mp3","source":"derivative","creator":"Raul Seixas","title":"O Trem Das 7","track":"8","album":"Gita","genre":"Rock","bitrate":"194","length":"02:38","format":"VBR MP3","original":"08 - O Trem Das 7.flac","mtime":"1750119230","size":"3849590","md5":"44fbac1600bc6208afe9ff7d81057a8b","crc32":"5f8a05c1","sha1":"f40a593ea31c467e3932821aa0adfc7fa166bc0f"},{"name":"08 - O Trem Das 7.png","source":"derivative","format":"PNG","original":"08 - O Trem Das 7.flac","mtime":"1750119830","size":"38349","md5":"980ab176e9e8aa370e59116dfb0bd329","crc32":"6e5dcab2","sha1":"becad1c838a0a359293589791ad3dff03041e823"},{"name":"08 - O Trem Das 7_spectrogram.png","source":"derivative","format":"Spectrogram","original":"08 - O Trem Das 7.flac","mtime":"1750120031","size":"330775","md5":"bcabdd5d9bfef9edf931c46af25aaa72","crc32":"1bbc0b41","sha1":"72fff0380a22e74d866a15ab7b06d4b5501a6b2d"},{"name":"09 - S.O.S.flac","source":"original","mtime":"1750118328","size":"22269051","md5":"eee714d4a1e96240f7db7c2f7e3b1183","crc32":"a9792ad4","sha1":"b56d254c3555ad91b62f029d04fc3b656e0405fa","format":"Flac","length":"185.47","viruscheck":"1750118834","title":"S.O.S.","creator":"Raul Seixas","album":"Gita","track":"9","artist":"Raul Seixas","genre":"Rock"},{"name":"09 - S.O.S.mp3","source":"derivative","creator":"Raul Seixas","title":"S.O.S.","track":"9","album":"Gita","genre":"Rock","bitrate":"193","length":"03:05","format":"VBR MP3","original":"09 - S.O.S.flac","mtime":"1750119397","size":"4491484","md5":"0776d6e428bc19ae7a02af1ca3926391","crc32":"321371ec","sha1":"5e86d79dbacd03f40ba0037c078b94993318e11e"},{"name":"09 - S.O.S.png","source":"derivative","format":"PNG","original":"09 - S.O.S.flac","mtime":"1750119699","size":"41145","md5":"cdf4ea45e63056860887b9764e008000","crc32":"84f86739","sha1":"d92adca402f11d5f565cbeff258b76b491c5c3c5"},{"name":"09 - S.O.S_spectrogram.png","source":"derivative","format":"Spectrogram","original":"09 - S.O.S.flac","mtime":"1750120021","size":"326124","md5":"4e25f97696deb8b88eef7a2c208938bb","crc32":"6cd1a117","sha1":"c75b0a4922dd92244d4893d69c80395c2d04e8f7"},{"name":"10 - Prelúdio.flac","source":"original","mtime":"1750118364","size":"7510692","md5":"9668ed155047ed124f5f2e86203dbda9","crc32":"294a4dc9","sha1":"f64ccfd8514838501ac3c395ba10d79f72679c61","format":"Flac","length":"72.11","viruscheck":"1750118834","title":"Prelúdio","creator":"Raul Seixas","album":"Gita","track":"10","artist":"Raul Seixas","genre":"Rock"},{"name":"10 - Prelúdio.mp3","source":"derivative","creator":"Raul Seixas","title":"Prelúdio","track":"10","album":"Gita","genre":"Rock","bitrate":"188","length":"01:12","format":"VBR MP3","original":"10 - Prelúdio.flac","mtime":"1750119514","size":"1700446","md5":"adc4bef9b4b295cdf82124bc824002d3","crc32":"05ba0997","sha1":"3dc91e0d0fc0b889094b64feee8bd804519bbee5"},{"name":"10 - Prelúdio.png","source":"derivative","format":"PNG","original":"10 - Prelúdio.flac","mtime":"1750119960","size":"36193","md5":"7cc239941adde49f720b903d4aacd7d3","crc32":"47fb5cdb","sha1":"f4e6d980aeb5eba7088bc0f9442113cd733e7495"},{"name":"10 - Prelúdio_spectrogram.png","source":"derivative","format":"Spectrogram","original":"10 - Prelúdio.flac","mtime":"1750120138","size":"335513","md5":"b8b77db283d10f904cc565e72a45b099","crc32":"3ec43ac7","sha1":"33cb8e7dffdefddb88e2fed81029e04661cff715"},{"name":"11 - Loteria Da Babilônia.flac","source":"original","mtime":"1750118515","size":"18081261","md5":"63af5fee26148ecd3ae27782c266ee00","crc32":"7ad37585","sha1":"87e8c885ec4d2b5463d08a2280fa45e715237a95","format":"Flac","length":"149.63","viruscheck":"1750118834","title":"Loteria Da Babilônia","creator":"Raul Seixas","album":"Gita","track":"11","artist":"Raul Seixas","genre":"Rock"},{"name":"11 - Loteria Da Babilônia.mp3","source":"derivative","creator":"Raul Seixas","title":"Loteria Da Babilônia","track":"11","album":"Gita","genre":"Rock","bitrate":"191","length":"02:30","format":"VBR MP3","original":"11 - Loteria Da Babilônia.flac","mtime":"1750119597","size":"3578115","md5":"e6e4f80d8a257959236e88c60866d5b5","crc32":"0f7eaf33","sha1":"9be83f8f1631acba1a14c9b2aa0f9a33980d1fbc"},{"name":"11 - Loteria Da Babilônia.png","source":"derivative","format":"PNG","original":"11 - Loteria Da Babilônia.flac","mtime":"1750119933","size":"39440","md5":"8933db3d89a83456853920786dfe5bad","crc32":"2f985b79","sha1":"a1f9264c0a03280a7290a276acd8108eb059eebb"},{"name":"11 - Loteria Da Babilônia_spectrogram.png","source":"derivative","format":"Spectrogram","original":"11 - Loteria Da Babilônia.flac","mtime":"1750120054","size":"320841","md5":"3c03e4907220ea15729293454b2394b2","crc32":"240ac3fe","sha1":"e73ad071720a3af94ae1aeb17fe820b2df1a4ac7"},{"name":"12 - Gita.flac","source":"original","mtime":"1750118768","size":"37207247","md5":"d91a2b84e890b60cbc6d27cfeac587fa","crc32":"5aece2f7","sha1":"4fe9e28f77395527608dd08bf342e98d98f21415","format":"Flac","length":"287.84","title":"Gita","creator":"Raul Seixas","album":"Gita","track":"12","artist":"Raul Seixas","genre":"Rock"},{"name":"12 - Gita.mp3","source":"derivative","creator":"Raul Seixas","title":"Gita","track":"12","album":"Gita","genre":"Rock","bitrate":"196","length":"04:48","format":"VBR MP3","original":"12 - Gita.flac","mtime":"1750119650","size":"7078420","md5":"4f31a1457ca7f83f79fa28a9a0dcffc2","crc32":"53e1127c","sha1":"848657ea30af6ee8fe37c06251ed363ba1c3159a"},{"name":"12 - Gita.png","source":"derivative","format":"PNG","original":"12 - Gita.flac","mtime":"1750119848","size":"42025","md5":"82f0be3ed4b55b6e9d5dffd251a91ede","crc32":"b3b5f14f","sha1":"d341c475633e54dab27f13e4594c808ac4766634"},{"name":"12 - Gita_spectrogram.png","source":"derivative","format":"Spectrogram","original":"12 - Gita.flac","mtime":"1750120126","size":"319987","md5":"943e9e2403c4f2ff800a6973695811d3","crc32":"5613de5d","sha1":"d759978bd75acb2b2bb75e8475b12b83e4a9047f"},{"name":"1974-raul-seixas-gita_202502_archive.torrent","source":"metadata","btih":"3a4e34b5a0f02dd2df3d65a07d3393baef6b17f2","mtime":"1763595632","size":"22180","md5":"1923b7c78546771c7e3dca232fe88dc8","crc32":"db055f35","sha1":"c31537884fd34137c3dc2e6d398b1b9fd9ea5507","format":"Archive BitTorrent"},{"name":"1974-raul-seixas-gita_202502_files.xml","source":"original","format":"Metadata","md5":"c56506c41b2da391f45699b1916f1b43","summation":"md5"},{"name":"1974-raul-seixas-gita_202502_meta.sqlite","source":"original","mtime":"1750118817","size":"65536","md5":"a86135ce21db637aa62c4b44b80a9c18","crc32":"50c218ac","sha1":"f8be03dff31643b5a0cfce8c1c66a003428e78d1","format":"Metadata"},{"name":"1974-raul-seixas-gita_202502_meta.xml","source":"original","mtime":"1763595627","size":"1128","md5":"538e473cfefc65d6d5e452f73b4e7e0c","crc32":"e6f0514b","sha1":"a7fa55ca9dbaecb8dd631ebe8014d967d84af97e","format":"Metadata"},{"name":"__ia_thumb.jpg","source":"original","mtime":"1750117327","size":"19257","md5":"f1a75518ac62c45aee035fa64b341f12","crc32":"0a62a1c3","sha1":"f1679c2b4585ec68d7ad2277ffbdcd4fad7533f4","format":"Item Tile"},{"name":"cover.jpg","source":"original","mtime":"1750117248","size":"449049","md5":"aea72a3d9e87020cbb97e6c3c30b285c","crc32":"7bf4528f","sha1":"324c775d70bc50f9413c65e9f3ba8b332741fab1","format":"JPEG"},{"name":"cover_thumb.jpg","source":"derivative","format":"JPEG Thumb","original":"cover.jpg","mtime":"1750117277","size":"10032","md5":"67ae0fd8aabd3d7f442fc907e5487880","crc32":"c672f466","sha1":"5259d1574c1539ee829ee2fbb089f2eb58fa6c92"}],"files_count":55,"item_last_updated":1763595632,"item_size":295715459,"metadata":{"identifier":"1974-raul-seixas-gita_202502","mediatype":"audio","collection":["hifidelity_potpourri","hifidelity"],"creator":"Raul Seixas","date":"1974-08","description":"Released by Philips Records.","language":"por","scanner":"Internet Archive HTML5 Uploader 1.7.0","subject":["Rock and Roll","Folk","Blues","Pop","Baroque","Singer-Songwriter","Sertanejo","MPB","Psychedelic","Rock","Latin","Brazil"],"title":"Gita","uploader":"marcioal3f@protonmail.com","publicdate":"2025-02-04 17:41:11","addeddate":"2025-02-04 17:41:11","curation":"[curator]validator@archive.org[/curator][date]20250204174600[/date][comment]checked for malware[/comment]","collection_added":"hifidelity"},"server":"ia800107.us.archive.org","uniq":86047499,"workable_servers":["ia800107.us.archive.org","ia600107.us.archive.org"]}