{"alternate_locations":{"servers":[{"server":"dn721607.ca.archive.org","dir":"/0/items/1975-raul-seixas-novo-aeon"}],"workable":[{"server":"dn721607.ca.archive.org","dir":"/0/items/1975-raul-seixas-novo-aeon"}]},"created":1767565032,"d1":"ia601709.us.archive.org","d2":"ia801709.us.archive.org","dir":"/14/items/1975-raul-seixas-novo-aeon","files":[{"name":"01 - Tente outra vez.flac","source":"original","mtime":"1748964937","size":"15327228","md5":"9e096492bfb6c8a594e50644fa6715f3","crc32":"a4b6f8d2","sha1":"db1e4101a05a44751727680264b514e05c198497","format":"Flac","length":"145.2","viruscheck":"1748965910","title":"Tente Outra Vez","creator":"Raul Seixas","album":"Novo Aeon","track":"1","artist":"Raul Seixas","genre":"Rock"},{"name":"01 - Tente outra vez.mp3","source":"derivative","creator":"Raul Seixas","title":"Tente Outra Vez","track":"1","album":"Novo Aeon","genre":"Rock","bitrate":"193","length":"02:25","format":"VBR MP3","original":"01 - Tente outra vez.flac","mtime":"1748966030","size":"3502806","md5":"5b33289f584dcde4fa4da0da31e203a3","crc32":"15144f71","sha1":"c104572af35ca1b39f26afb8fd79af7b99c7556f"},{"name":"01 - Tente outra vez.png","source":"derivative","format":"PNG","original":"01 - Tente outra vez.flac","mtime":"1748966639","size":"37787","md5":"a45862e412986f1ed9c099cf550202d3","crc32":"b61f8e5e","sha1":"f94d768267e31d4dbebc7c46b477fe5e5766b6ae"},{"name":"01 - Tente outra vez_spectrogram.png","source":"derivative","format":"Spectrogram","original":"01 - Tente outra vez.flac","mtime":"1748966779","size":"318469","md5":"1f74bda1b0a63d0e1fce502d25afff56","crc32":"e4be9f91","sha1":"2bec85bd34068fc415685d92f92419625d4b5b46"},{"name":"02 - Rock do diabo.flac","source":"original","mtime":"1748965019","size":"15884085","md5":"beead6e633c7248a72dbe0554b7a1981","crc32":"1850f64b","sha1":"67d3c1b765e25874c209adc82832e9582467bcd7","format":"Flac","length":"133.36","viruscheck":"1748965910","title":"Rock do Diabo","creator":"Raul Seixas","album":"Novo Aeon","track":"2","artist":"Raul Seixas","genre":"Rock"},{"name":"02 - Rock do diabo.mp3","source":"derivative","creator":"Raul Seixas","title":"Rock do Diabo","track":"2","album":"Novo Aeon","genre":"Rock","bitrate":"193","length":"02:13","format":"VBR MP3","original":"02 - Rock do diabo.flac","mtime":"1748966122","size":"3221706","md5":"6dfd74ed0d7c5e7487c4f78f98c1027c","crc32":"9b1cb171","sha1":"f13e944b25f7a6062a8e77d9d1f65823bd9983a4"},{"name":"02 - Rock do diabo.png","source":"derivative","format":"PNG","original":"02 - Rock do diabo.flac","mtime":"1748966566","size":"41980","md5":"9be0515c4f9441b09fc93e5a9d3c9fcd","crc32":"572dcc44","sha1":"1005f5ac4ee9abb22a2cf99efa646a872bbb2d07"},{"name":"02 - Rock do diabo_spectrogram.png","source":"derivative","format":"Spectrogram","original":"02 - Rock do diabo.flac","mtime":"1748966683","size":"322714","md5":"f249e301d27a5ec75e8248b7d355838b","crc32":"bc05515d","sha1":"110fbdf1c16161d4393195e7a39ab59e7ae20b13"},{"name":"03 - A Maca.flac","source":"original","mtime":"1748965059","size":"20446844","md5":"9fcd8f6bf25e1ab79865f66bfd0c003a","crc32":"393a92c4","sha1":"6ba153646159b91c1f593e067805dfac59ba44c8","format":"Flac","length":"204.53","viruscheck":"1748965910","title":"A Maçã","creator":"Raul Seixas","album":"Novo Aeon","track":"3","artist":"Raul Seixas","genre":"Rock"},{"name":"03 - A Maca.mp3","source":"derivative","creator":"Raul Seixas","title":"A Maçã","track":"3","album":"Novo Aeon","genre":"Rock","bitrate":"182","length":"03:25","format":"VBR MP3","original":"03 - A Maca.flac","mtime":"1748966296","size":"4666087","md5":"1569be12b5e6da58f6fca166f372654b","crc32":"5f439aea","sha1":"b56e11f65d58c241e013056b7d7312be7d095285"},{"name":"03 - A Maca.png","source":"derivative","format":"PNG","original":"03 - A Maca.flac","mtime":"1748966520","size":"41184","md5":"18e97e71816fb69b05c0289a5377bd46","crc32":"2ce8fb40","sha1":"a51fbc2f26781ad6afd17fc1bce9d1c296226fe9"},{"name":"03 - A Maca_spectrogram.png","source":"derivative","format":"Spectrogram","original":"03 - A Maca.flac","mtime":"1748966667","size":"330255","md5":"3b602e4903d6f7dffb7ddc62b5850caa","crc32":"332942d2","sha1":"437a013e3032df93c537ff3be350976c44bcc032"},{"name":"04 - Eu Sou Egoista.flac","source":"original","mtime":"1748965117","size":"19646044","md5":"cc5bc111411bea76f9dcb2a12de82303","crc32":"99d0b85e","sha1":"beeb2c4b50c5c212fcb1a6d787cd1f66d7af20e8","format":"Flac","length":"170.17","viruscheck":"1748965910","title":"Eu Sou Egoísta","creator":"Raul Seixas","album":"Novo Aeon","track":"4","artist":"Raul Seixas","genre":"Rock"},{"name":"04 - Eu Sou Egoista.mp3","source":"derivative","creator":"Raul Seixas","title":"Eu Sou Egoísta","track":"4","album":"Novo Aeon","genre":"Rock","bitrate":"195","length":"02:50","format":"VBR MP3","original":"04 - Eu Sou Egoista.flac","mtime":"1748966359","size":"4160007","md5":"6397727401e7183b6bed58ae6e4f0f7e","crc32":"dae81001","sha1":"70ebdf654635fae5f8424ca9ab3805b6d0624126"},{"name":"04 - Eu Sou Egoista.png","source":"derivative","format":"PNG","original":"04 - Eu Sou Egoista.flac","mtime":"1748966474","size":"43570","md5":"60b19c2319314ac4e7e256176be9d138","crc32":"61e802d1","sha1":"7826cdbe5f1cabf500724dc93e196697384f2b60"},{"name":"04 - Eu Sou Egoista_spectrogram.png","source":"derivative","format":"Spectrogram","original":"04 - Eu Sou Egoista.flac","mtime":"1748966694","size":"327943","md5":"62e6ae6121d363e30eecca965a8e80d9","crc32":"4841f737","sha1":"bc113b4a518f703357f4c6c95be792bbf0b5646d"},{"name":"05 - Caminhos.flac","source":"original","mtime":"1748965160","size":"12687749","md5":"9c9fddc239d750c86ca1a526b14cc416","crc32":"32dabe2f","sha1":"c90eb12b7962c9b8eb789d6db619ad6d90d93db7","format":"Flac","length":"110.13","viruscheck":"1748965910","title":"Caminhos","creator":"Raul Seixas","album":"Novo Aeon","track":"5","artist":"Raul Seixas","genre":"Rock"},{"name":"05 - Caminhos.mp3","source":"derivative","creator":"Raul Seixas","title":"Caminhos","track":"5","album":"Novo Aeon","genre":"Rock","bitrate":"202","length":"01:50","format":"VBR MP3","original":"05 - Caminhos.flac","mtime":"1748966413","size":"2786736","md5":"076553d76f9d01bf7521725cbce73bf5","crc32":"24c13bed","sha1":"c44916e7fe39bc36902edf2e0916faad6d11d07f"},{"name":"05 - Caminhos.png","source":"derivative","format":"PNG","original":"05 - Caminhos.flac","mtime":"1748966456","size":"43215","md5":"0c570aa76710e0252af057c713018015","crc32":"c6796f3d","sha1":"4779b9a9790459bd1c161eae9dca0c79e8f30bcd"},{"name":"05 - Caminhos_spectrogram.png","source":"derivative","format":"Spectrogram","original":"05 - Caminhos.flac","mtime":"1748966744","size":"340233","md5":"d05aaf1735849a2e5f5f0d86c195dd3f","crc32":"72e7342a","sha1":"35671ac84d9b3d20cf8cc7479b32e353c0e7bd11"},{"name":"06 - Tu Es o MDC da Minha Vida.flac","source":"original","mtime":"1748965244","size":"25526244","md5":"1324b1dbd0873d11415300f81ffa3fbf","crc32":"209c5d9c","sha1":"a06ebc4fd4fbb8d5ba41cf0769fe716465e402df","format":"Flac","length":"234.56","viruscheck":"1748965910","title":"Tu És o MDC da Minha Vida","creator":"Raul Seixas","album":"Novo Aeon","track":"6","artist":"Raul Seixas","genre":"Rock"},{"name":"06 - Tu Es o MDC da Minha Vida.mp3","source":"derivative","creator":"Raul Seixas","title":"Tu És o MDC da Minha Vida","track":"6","album":"Novo Aeon","genre":"Rock","bitrate":"184","length":"03:55","format":"VBR MP3","original":"06 - Tu Es o MDC da Minha Vida.flac","mtime":"1748966061","size":"5388286","md5":"118b2b711b1fd8703bed60b2f7e7b9cd","crc32":"b70e8da4","sha1":"ad9a21ee60d205ddc25fe55b3f78500e3bdd6659"},{"name":"06 - Tu Es o MDC da Minha Vida.png","source":"derivative","format":"PNG","original":"06 - Tu Es o MDC da Minha Vida.flac","mtime":"1748966491","size":"43378","md5":"cf72fbe8065c93e417871d14982cc905","crc32":"9d0798a8","sha1":"461b6abf010f270dd06ca5d8f4c77bbb825e10a5"},{"name":"06 - Tu Es o MDC da Minha Vida_spectrogram.png","source":"derivative","format":"Spectrogram","original":"06 - Tu Es o MDC da Minha Vida.flac","mtime":"1748966766","size":"329792","md5":"285a9ced897e893d9327f92826c0dfd7","crc32":"287cfd7b","sha1":"ddc3ca8acf5ab15b7e18c6fa93c87c7907181b29"},{"name":"07 - A Verdade sobre a nostalgia.flac","source":"original","mtime":"1748965285","size":"15020021","md5":"968c8d55d4c90dcbe15ff82ef9177e61","crc32":"8d00c51d","sha1":"9a6206512d8ab82945c0553249e115aff3f7347e","format":"Flac","length":"127.8","viruscheck":"1748965910","title":"A Verdade Sobre a Nostalgia","creator":"Raul Seixas","album":"Novo Aeon","track":"7","artist":"Raul Seixas","genre":"Rock"},{"name":"07 - A Verdade sobre a nostalgia.mp3","source":"derivative","creator":"Raul Seixas","title":"A Verdade Sobre a Nostalgia","track":"7","album":"Novo Aeon","genre":"Rock","bitrate":"194","length":"02:08","format":"VBR MP3","original":"07 - A Verdade sobre a nostalgia.flac","mtime":"1748966335","size":"3096800","md5":"257d32bbbd2648339cef70bf5e019219","crc32":"0f853627","sha1":"6893a53f7a46de64ae8633ec3a8e27905b790d8c"},{"name":"07 - A Verdade sobre a nostalgia.png","source":"derivative","format":"PNG","original":"07 - A Verdade sobre a nostalgia.flac","mtime":"1748966552","size":"44557","md5":"472024905543995e08c55fd5d2cac177","crc32":"ba5500fa","sha1":"82a55d4d57446ac5f92acf62341470ee07700d45"},{"name":"07 - A Verdade sobre a nostalgia_spectrogram.png","source":"derivative","format":"Spectrogram","original":"07 - A Verdade sobre a nostalgia.flac","mtime":"1748966719","size":"320791","md5":"c594f1f4e0532bd9f60a525a23bb2c6a","crc32":"55148731","sha1":"5c2e9ef0397ea4fa5b7a13e1d98691b9567f9d97"},{"name":"08 - Para Noia.flac","source":"original","mtime":"1748965355","size":"23642677","md5":"92291b7c4d1ac69faf5bcfb932699cd8","crc32":"6c65470c","sha1":"637e045045c8c192b93f6563f51d995c12eda539","format":"Flac","length":"234.87","viruscheck":"1748965910","title":"Para Nóia","creator":"Raul Seixas","album":"Novo Aeon","track":"8","artist":"Raul Seixas","genre":"Rock"},{"name":"08 - Para Noia.mp3","source":"derivative","creator":"Raul Seixas","title":"Para Nóia","track":"8","album":"Novo Aeon","genre":"Rock","bitrate":"193","length":"03:55","format":"VBR MP3","original":"08 - Para Noia.flac","mtime":"1748966086","size":"5683099","md5":"a47c806956c95f3bb22958cf6887047b","crc32":"96ffdee9","sha1":"0d9d2c44846cd8f186bafad09cce8518fc16b56f"},{"name":"08 - Para Noia.png","source":"derivative","format":"PNG","original":"08 - Para Noia.flac","mtime":"1748966537","size":"41856","md5":"f6dc81a4e03de9b0761c17406f67a7fd","crc32":"14637aa4","sha1":"82b8b56a74e851056eb52577802abd65ff61cf43"},{"name":"08 - Para Noia_spectrogram.png","source":"derivative","format":"Spectrogram","original":"08 - Para Noia.flac","mtime":"1748966796","size":"326451","md5":"fd080db2e5e00da70e19cdba3bc8745f","crc32":"d370feb0","sha1":"9a7efac5aa82d5287fd8ebfad439c385f6f2acd8"},{"name":"09 - Peixuxa (O Amiguinho dos Peixes).flac","source":"original","mtime":"1748965390","size":"14151923","md5":"2624271a512b1c1f646539e3318ee7da","crc32":"755e5e5e","sha1":"58f4fd876ec89840aa0aeaa685ddc75cc012c792","format":"Flac","length":"132.11","viruscheck":"1748965910","title":"Peixuxa (O Amiguinho dos Peixes)","creator":"Raul Seixas","album":"Novo Aeon","track":"9","artist":"Raul Seixas","genre":"Rock"},{"name":"09 - Peixuxa (O Amiguinho dos Peixes).mp3","source":"derivative","creator":"Raul Seixas","title":"Peixuxa (O Amiguinho dos Peixes)","track":"9","album":"Novo Aeon","genre":"Rock","bitrate":"204","length":"02:12","format":"VBR MP3","original":"09 - Peixuxa (O Amiguinho dos Peixes).flac","mtime":"1748966391","size":"3380767","md5":"0bdb8691c1078d346502021c03fcc4ee","crc32":"42863312","sha1":"99afd0be0ada39c66b69601cb07922711e383963"},{"name":"09 - Peixuxa (O Amiguinho dos Peixes).png","source":"derivative","format":"PNG","original":"09 - Peixuxa (O Amiguinho dos Peixes).flac","mtime":"1748966605","size":"45217","md5":"b59f8dab5d7e0c4c90c75771142b0af2","crc32":"312cdb69","sha1":"3d2eca02a8ab7f2dd6c7b3295c5c8c3ae98ef93e"},{"name":"09 - Peixuxa (O Amiguinho dos Peixes)_spectrogram.png","source":"derivative","format":"Spectrogram","original":"09 - Peixuxa (O Amiguinho dos Peixes).flac","mtime":"1748966809","size":"331413","md5":"9eebd8f57d8597c91127712ff516eb46","crc32":"ca80f727","sha1":"2601ca887574e353fe7623b4f0c19d3b37c4dc8c"},{"name":"10 - E Fim de Mes.flac","source":"original","mtime":"1748965431","size":"17844736","md5":"0a879f43079aabf68e9ac198faf3d6d6","crc32":"de3dd286","sha1":"a73c6765a9c7f72d26c94bfa1eb53c986ac0f672","format":"Flac","length":"182.23","viruscheck":"1748965910","title":"É Fim de Mês","creator":"Raul Seixas","album":"Novo Aeon","track":"10","artist":"Raul Seixas","genre":"Rock"},{"name":"10 - E Fim de Mes.mp3","source":"derivative","creator":"Raul Seixas","title":"É Fim de Mês","track":"10","album":"Novo Aeon","genre":"Rock","bitrate":"203","length":"03:02","format":"VBR MP3","original":"10 - E Fim de Mes.flac","mtime":"1748966317","size":"4623495","md5":"7d456997988a7a9959f1037f500768c1","crc32":"2672090f","sha1":"4238c49c5296ac371afd38da5ee44692ccfeb630"},{"name":"10 - E Fim de Mes.png","source":"derivative","format":"PNG","original":"10 - E Fim de Mes.flac","mtime":"1748966655","size":"42799","md5":"94f0d8a8d0ff3366876df40497ecfeab","crc32":"f1cef574","sha1":"682da1254cca20ae1f3760646f90a8cc1b54af24"},{"name":"10 - E Fim de Mes_spectrogram.png","source":"derivative","format":"Spectrogram","original":"10 - E Fim de Mes.flac","mtime":"1748966707","size":"322614","md5":"9400048e826640859d706fdf2a5ca62d","crc32":"6b05eeca","sha1":"4bdf29253a47db3bd72202a99badd07a5b176f27"},{"name":"11 - Sunseed.flac","source":"original","mtime":"1748965471","size":"16940458","md5":"2a8b35b4e60c07085c4063594a08ab4f","crc32":"b1409000","sha1":"9fc711a666801b465deff8eabd237f46bc1ecf69","format":"Flac","length":"160.57","viruscheck":"1748965910","title":"Sunseed","creator":"Raul Seixas","album":"Novo Aeon","track":"11","artist":"Raul Seixas","genre":"Rock"},{"name":"11 - Sunseed.mp3","source":"derivative","creator":"Raul Seixas","title":"Sunseed","track":"11","album":"Novo Aeon","genre":"Rock","bitrate":"189","length":"02:41","format":"VBR MP3","original":"11 - Sunseed.flac","mtime":"1748966434","size":"3796552","md5":"6a94b066a3fe1a4fc25b4674f5b50cec","crc32":"b5734fe3","sha1":"d0190ed4062ae8ffac259e6af6467758416bb16a"},{"name":"11 - Sunseed.png","source":"derivative","format":"PNG","original":"11 - Sunseed.flac","mtime":"1748966506","size":"38877","md5":"6bc207d73e07ca9bce1352693861e769","crc32":"32d0f3b4","sha1":"d239fab906c5a685c047a89a58065ba0aa093484"},{"name":"11 - Sunseed_spectrogram.png","source":"derivative","format":"Spectrogram","original":"11 - Sunseed.flac","mtime":"1748967114","size":"316800","md5":"0cac37e4987046f287fe4aede17bf4ea","crc32":"fd9bbb45","sha1":"3ab5729b0695c2d49c141294f564f588f7d50cc6"},{"name":"12 - Caminho II.flac","source":"original","mtime":"1748965496","size":"5984905","md5":"984c41d7dd8e1f41977c046adf1430b7","crc32":"603c24d9","sha1":"aeab941c0d35845f14ec084d5eff015bafb631a7","format":"Flac","length":"58.29","viruscheck":"1748965910","title":"Caminho II","creator":"Raul Seixas","album":"Novo Aeon","track":"12","artist":"Raul Seixas","genre":"Rock"},{"name":"12 - Caminho II.mp3","source":"derivative","creator":"Raul Seixas","title":"Caminho II","track":"12","album":"Novo Aeon","genre":"Rock","bitrate":"189","length":"00:58","format":"VBR MP3","original":"12 - Caminho II.flac","mtime":"1748966374","size":"1384051","md5":"32c2c115e4e648d1e77d57c267b1c417","crc32":"c346a684","sha1":"f90a2916d236ad2adcf7e6fa382c21dedc6b3e9c"},{"name":"12 - Caminho II.png","source":"derivative","format":"PNG","original":"12 - Caminho II.flac","mtime":"1748966621","size":"31728","md5":"c66797d61a927142132b2257c39d7dab","crc32":"9e9040c4","sha1":"f553815f9b5756dc4036e1342b3da1c1bef7bb6f"},{"name":"12 - Caminho II_spectrogram.png","source":"derivative","format":"Spectrogram","original":"12 - Caminho II.flac","mtime":"1748966823","size":"317182","md5":"09f697e596872f26b32613ac24056717","crc32":"b9a99df1","sha1":"952e2e21558d731712923ac5123a8a0798ed58ff"},{"name":"13 - Novo Aeon.flac","source":"original","mtime":"1748965534","size":"18101375","md5":"842d03b90c2fb6c375babe44fb3c56ae","crc32":"cd26230b","sha1":"13eab0334fd3ed9389868282bda33ed7c6d5ecd7","format":"Flac","length":"155.27","viruscheck":"1748965910","title":"Novo Aeon","creator":"Raul Seixas","album":"Novo Aeon","track":"13","artist":"Raul Seixas","genre":"Rock"},{"name":"13 - Novo Aeon.mp3","source":"derivative","creator":"Raul Seixas","title":"Novo Aeon","track":"13","album":"Novo Aeon","genre":"Rock","bitrate":"186","length":"02:35","format":"VBR MP3","original":"13 - Novo Aeon.flac","mtime":"1748966270","size":"3624044","md5":"7774adaea4352f5826f49a3454fb78e3","crc32":"944fb57e","sha1":"df48477dfd79587e11bfb2c1648c1dc46fa3fc93"},{"name":"13 - Novo Aeon.png","source":"derivative","format":"PNG","original":"13 - Novo Aeon.flac","mtime":"1748966589","size":"42052","md5":"5cf8068bfffe0b26696b24e9348daecf","crc32":"3d09682a","sha1":"d11358d9b59e566c0507dfde4b694e4fd2c0195f"},{"name":"13 - Novo Aeon_spectrogram.png","source":"derivative","format":"Spectrogram","original":"13 - Novo Aeon.flac","mtime":"1748967167","size":"341197","md5":"2dee9f6f25ed4f5321b52a41a498f63d","crc32":"78a73b92","sha1":"a01f4d8e52fd49ef6f0b2a1cdd2fee19d1b9dcc7"},{"name":"1975-raul-seixas-novo-aeon_archive.torrent","source":"metadata","btih":"046f62889625c73bf69dc75f3270f0efcf7b58e4","mtime":"1758413284","size":"22099","md5":"e471c3c4ef278679d7f308c214fecf55","crc32":"95a01433","sha1":"4de0111ccfbb07826613aefc81996cf805183ed6","format":"Archive BitTorrent"},{"name":"1975-raul-seixas-novo-aeon_files.xml","source":"original","format":"Metadata","md5":"dbc61b1497a4880eedc6fad4e120ea21","summation":"md5"},{"name":"1975-raul-seixas-novo-aeon_meta.sqlite","source":"original","mtime":"1748965546","size":"49152","md5":"fde007653d3820dfe5e5b96dd4a4e38f","crc32":"1fda280a","sha1":"6d112c94fb5aeff3a261c69c7bc27fbfa40da3cb","format":"Metadata"},{"name":"1975-raul-seixas-novo-aeon_meta.xml","source":"original","mtime":"1758413281","size":"1092","md5":"4a105f5d6df9afcd7d1f49610ab2e84f","crc32":"3e5b0514","sha1":"8c5f2d846b3e9475520620108575a19c923d8eaa","format":"Metadata"},{"name":"__ia_thumb.jpg","source":"original","mtime":"1748965583","size":"24436","md5":"eedd4659226258136b2c6a7735e54907","crc32":"8e3d23e7","sha1":"40da9aef8108de5d08f324f101073fc1e448e933","format":"Item Tile"},{"name":"front.jpg","source":"original","mtime":"1748965540","size":"864120","md5":"0aea0ce114852220539e90acc3aa6d93","crc32":"b99d96ef","sha1":"88b9b005501c59846a3780780ab12089d40d914e","format":"JPEG"},{"name":"front_thumb.jpg","source":"derivative","format":"JPEG Thumb","original":"front.jpg","mtime":"1748966447","size":"25969","md5":"8587e663e297589a14d214fd5425a45d","crc32":"0579e406","sha1":"30a91b8c0203cf17a57c48d5c90b5661db37026a"}],"files_count":59,"item_last_updated":1758413284,"item_size":276289647,"metadata":{"identifier":"1975-raul-seixas-novo-aeon","mediatype":"audio","collection":["hifidelity_potpourri","hifidelity"],"creator":"Raul Seixas","date":"1975-11","description":"Lançado pela Philips.","language":"por","scanner":"Internet Archive HTML5 Uploader 1.7.0","subject":["Rock and Roll","Singer-Songwriter","Rock","Sertanejo","Folk","Baroque","MPB","Pop","Blues","Latin","Brazil"],"title":"Novo Aeon","uploader":"marcioal3f@protonmail.com","publicdate":"2025-06-03 15:35:58","addeddate":"2025-06-03 15:35:58","curation":"[curator]validator@archive.org[/curator][date]20250603155150[/date][comment]checked for malware[/comment]","collection_added":"hifidelity"},"server":"ia801709.us.archive.org","uniq":60050724,"workable_servers":["ia801709.us.archive.org","ia601709.us.archive.org"]}