{"alternate_locations":{"servers":[{"server":"dn721802.ca.archive.org","dir":"/0/items/1975-lula-cortes-ze-ramalho-paebiru"}],"workable":[{"server":"dn721802.ca.archive.org","dir":"/0/items/1975-lula-cortes-ze-ramalho-paebiru"}]},"created":1767565031,"d1":"ia600207.us.archive.org","d2":"ia800207.us.archive.org","dir":"/16/items/1975-lula-cortes-ze-ramalho-paebiru","files":[{"name":"01 Trilha De Sume.mp3","source":"original","mtime":"1718920436","size":"15795752","md5":"ff2309b175333320561897effb748b8b","crc32":"72612e93","sha1":"fb1b2dd6b6701fff7c9c8f41b2f66cd71cf571c6","format":"VBR MP3","length":"390.5","title":"Trilha De Sume","creator":"Lula Côrtes E Zé Ramalho","album":"Paêbirú","track":"01/14","artist":"Lula Côrtes E Zé Ramalho","genre":"Rock","comment":"Visite: http://musicasdonordeste.blogspot.com.br/ http://musicasdonordeste.blogspot.com.br/ http://musicasdonordeste.blogspot.com.br/ Mantenha os créditos! Obrigado!"},{"name":"01 Trilha De Sume.png","source":"derivative","format":"PNG","original":"01 Trilha De Sume.mp3","mtime":"1718921128","size":"37262","md5":"b72038978ed364e1b8248f759966a85d","crc32":"4580f5c8","sha1":"6b95ec9d09873c02216269ae27afbfd5ea07ed6d"},{"name":"01 Trilha De Sume_spectrogram.png","source":"derivative","format":"Spectrogram","original":"01 Trilha De Sume.mp3","mtime":"1718924062","size":"323810","md5":"054e87a7ddb58c4b91e1c576a2994191","crc32":"82831810","sha1":"653805818002508badce175223ad13ab37eff807"},{"name":"02 Culto A Terra.mp3","source":"original","mtime":"1718920462","size":"5441856","md5":"4f3ae09f1bd8a9d3ccf6e5b2a9010430","crc32":"88880bbd","sha1":"b011f1f2fb3cc45f823c2d75307abe1496c0f620","format":"VBR MP3","length":"131.66","title":"Culto A Terra","creator":"Lula Côrtes E Zé Ramalho","album":"Paêbirú","track":"02/14","artist":"Lula Côrtes E Zé Ramalho","genre":"Rock","comment":"Visite: http://musicasdonordeste.blogspot.com.br/ http://musicasdonordeste.blogspot.com.br/ http://musicasdonordeste.blogspot.com.br/ Mantenha os créditos! Obrigado!"},{"name":"02 Culto A Terra.png","source":"derivative","format":"PNG","original":"02 Culto A Terra.mp3","mtime":"1718922633","size":"41056","md5":"a2230d3ef9f20922a1f6704803bae665","crc32":"827d05b9","sha1":"1d964867d55b2e307099fead4f8a02753a3ace39"},{"name":"02 Culto A Terra_spectrogram.png","source":"derivative","format":"Spectrogram","original":"02 Culto A Terra.mp3","mtime":"1718922952","size":"306012","md5":"a103f930e96d4bf184fc4af73c602348","crc32":"87020660","sha1":"b4f0728daee1ddc7ea470549697bb4b61d1d0285"},{"name":"03 Bailado Das Muscarias.mp3","source":"original","mtime":"1718920497","size":"11077007","md5":"2149f1084ee43d2a1f28b94be1e21141","crc32":"e657a691","sha1":"b80d32c2c63770405c432ed1ab34aebbf4256b1f","format":"VBR MP3","length":"272.54","title":"Bailado Das Muscarias","creator":"Lula Côrtes E Zé Ramalho","album":"Paêbirú","track":"03/14","artist":"Lula Côrtes E Zé Ramalho","genre":"Rock","comment":"Visite: http://musicasdonordeste.blogspot.com.br/ http://musicasdonordeste.blogspot.com.br/ http://musicasdonordeste.blogspot.com.br/ Mantenha os créditos! Obrigado!"},{"name":"03 Bailado Das Muscarias.png","source":"derivative","format":"PNG","original":"03 Bailado Das Muscarias.mp3","mtime":"1718922402","size":"35353","md5":"2838c21c6228cb944f4feab623c4c073","crc32":"29e95079","sha1":"3a1a4aaf7f1a714a98fd8f51bece9e116c931306"},{"name":"03 Bailado Das Muscarias_spectrogram.png","source":"derivative","format":"Spectrogram","original":"03 Bailado Das Muscarias.mp3","mtime":"1718923003","size":"331400","md5":"823dbc30faef19574946e3244e749cfe","crc32":"fcccc124","sha1":"baf7860e66fc6cae72a2b65b1cd7ca996fe6703c"},{"name":"04 Harpa Dos Ares.mp3","source":"original","mtime":"1718920517","size":"9836699","md5":"d1842889df161a9da508f0aedf77d01f","crc32":"fe860239","sha1":"dc092c2d0d39052eed630cd05110143a842fbc97","format":"VBR MP3","length":"241.53","title":"Harpa Dos Ares","creator":"Lula Côrtes E Zé Ramalho","album":"Paêbirú","track":"04/14","artist":"Lula Côrtes E Zé Ramalho","genre":"Rock","comment":"Visite: http://musicasdonordeste.blogspot.com.br/ http://musicasdonordeste.blogspot.com.br/ http://musicasdonordeste.blogspot.com.br/ Mantenha os créditos! Obrigado!"},{"name":"04 Harpa Dos Ares.png","source":"derivative","format":"PNG","original":"04 Harpa Dos Ares.mp3","mtime":"1718922818","size":"38449","md5":"9ea1c318dd941d3e2c6284a1be5c3e53","crc32":"ecdb9ba9","sha1":"6d6e1936b5553f263d7cbde294d855a03ef92470"},{"name":"04 Harpa Dos Ares_spectrogram.png","source":"derivative","format":"Spectrogram","original":"04 Harpa Dos Ares.mp3","mtime":"1718923067","size":"338999","md5":"75456db4555d6f763fcbdbb330f63363","crc32":"ef57ad70","sha1":"fbb388097b9a8a95339bf3206f9175a0d77ba1f7"},{"name":"05 Nao Existe Molhado Igual Ao Pranto.mp3","source":"original","mtime":"1718920531","size":"18195923","md5":"e06279673183a4057a5fec8036f79175","crc32":"3e1a759e","sha1":"1bfc7a55f8e7d7d863e92cc43548fa2fa3ac8d3c","format":"VBR MP3","length":"450.51","title":"Nao Existe Molhado Igual Ao Pranto","creator":"Lula Côrtes E Zé Ramalho","album":"Paêbirú","track":"05/14","artist":"Lula Côrtes E Zé Ramalho","genre":"Rock","comment":"Visite: http://musicasdonordeste.blogspot.com.br/ http://musicasdonordeste.blogspot.com.br/ http://musicasdonordeste.blogspot.com.br/ Mantenha os créditos! Obrigado!"},{"name":"05 Nao Existe Molhado Igual Ao Pranto.png","source":"derivative","format":"PNG","original":"05 Nao Existe Molhado Igual Ao Pranto.mp3","mtime":"1718921766","size":"38698","md5":"2db6c1b7b43e5626fb1d688648ac4e8d","crc32":"05d4e15e","sha1":"c1c73a58aeee0711bf504254e36c20751567812e"},{"name":"05 Nao Existe Molhado Igual Ao Pranto_spectrogram.png","source":"derivative","format":"Spectrogram","original":"05 Nao Existe Molhado Igual Ao Pranto.mp3","mtime":"1718923134","size":"328306","md5":"b5e6b7b64a3a0b8e57cb59259a762fba","crc32":"acef8a2a","sha1":"547905a7ef197de54352a17eeb596a4217704ef5"},{"name":"06 Omm.mp3","source":"original","mtime":"1718920562","size":"14644253","md5":"d490ebffb518f9ce45f11a264b7b99a9","crc32":"6be061f6","sha1":"a5ff111747882a088941746c33e446453cc63ae6","format":"VBR MP3","length":"361.72","title":"Omm","creator":"Lula Côrtes E Zé Ramalho","album":"Paêbirú","track":"06/14","artist":"Lula Côrtes E Zé Ramalho","genre":"Rock","comment":"Visite: http://musicasdonordeste.blogspot.com.br/ http://musicasdonordeste.blogspot.com.br/ http://musicasdonordeste.blogspot.com.br/ Mantenha os créditos! Obrigado!"},{"name":"06 Omm.png","source":"derivative","format":"PNG","original":"06 Omm.mp3","mtime":"1718921507","size":"35188","md5":"d57dd2f0baac1cd048d5b1f2edf66f1c","crc32":"7c408fff","sha1":"7b67c0083ed4fd95c6b7d06d6bdd986745fa6bee"},{"name":"06 Omm_spectrogram.png","source":"derivative","format":"Spectrogram","original":"06 Omm.mp3","mtime":"1718923192","size":"318263","md5":"941f899f60c898b71c90699a345eedc5","crc32":"0588995f","sha1":"755325464ec5c5fa3d685bef539fec359be5a6c4"},{"name":"07 Raga Dos Raios.mp3","source":"original","mtime":"1718920574","size":"6206724","md5":"8dfe865b1acf5496cfb2148ae3f5c67a","crc32":"f5eb12c6","sha1":"aea33b4354bcf948039bafa52638f89f0e1f5c98","format":"VBR MP3","length":"150.78","title":"Raga Dos Raios","creator":"Lula Côrtes E Zé Ramalho","album":"Paêbirú","track":"07/14","artist":"Lula Côrtes E Zé Ramalho","genre":"Rock","comment":"Visite: http://musicasdonordeste.blogspot.com.br/ http://musicasdonordeste.blogspot.com.br/ http://musicasdonordeste.blogspot.com.br/ Mantenha os créditos! Obrigado!"},{"name":"07 Raga Dos Raios.png","source":"derivative","format":"PNG","original":"07 Raga Dos Raios.mp3","mtime":"1718921234","size":"37938","md5":"e37d281c963e2433d7b9bb9e3934e926","crc32":"3be40296","sha1":"53a54b9827816162010d411d54121e5bc0ebe249"},{"name":"07 Raga Dos Raios_spectrogram.png","source":"derivative","format":"Spectrogram","original":"07 Raga Dos Raios.mp3","mtime":"1718922887","size":"316771","md5":"88f5517f7870e46fb6add80f151e7edc","crc32":"19683d61","sha1":"f0e6ed4b916f0bfcf2f27164ab9bd3e544bc737e"},{"name":"08 Nas Paredes Da Pedra Encantada.mp3","source":"original","mtime":"1718920610","size":"18303539","md5":"e59995e734a99f2eafe9a88a17943cdc","crc32":"dd979422","sha1":"02a9bc3bfc48270b52380ad1aa022b2e3f70fa36","format":"VBR MP3","length":"453.2","title":"Nas Paredes Da Pedra Encantada","creator":"Lula Côrtes E Zé Ramalho","album":"Paêbirú","track":"08/14","artist":"Lula Côrtes E Zé Ramalho","genre":"Rock","comment":"Visite: http://musicasdonordeste.blogspot.com.br/ http://musicasdonordeste.blogspot.com.br/ http://musicasdonordeste.blogspot.com.br/ Mantenha os créditos! Obrigado!"},{"name":"08 Nas Paredes Da Pedra Encantada.png","source":"derivative","format":"PNG","original":"08 Nas Paredes Da Pedra Encantada.mp3","mtime":"1718921430","size":"39717","md5":"01d290489d861e8164e5a890df4794cd","crc32":"6243b668","sha1":"fbeb1079c719a651713ad7545bf18b17cde0189d"},{"name":"08 Nas Paredes Da Pedra Encantada_spectrogram.png","source":"derivative","format":"Spectrogram","original":"08 Nas Paredes Da Pedra Encantada.mp3","mtime":"1718923780","size":"300914","md5":"36ee179ed4aec463d97d7894cc6380aa","crc32":"8ea3041c","sha1":"b2fa872feef6afac7b0ce71cb7bc294b3b2f4c34"},{"name":"09 Maracas De Fogo.mp3","source":"original","mtime":"1718920635","size":"6266285","md5":"d3cc51ed33bf1587390ce8b98f825e03","crc32":"e29fbf7f","sha1":"daa18844622c3b51d1e337d33ec7458c3d64fad7","format":"VBR MP3","length":"152.27","title":"Maracas De Fogo","creator":"Lula Côrtes E Zé Ramalho","album":"Paêbirú","track":"09/14","artist":"Lula Côrtes E Zé Ramalho","genre":"Rock","comment":"Visite: http://musicasdonordeste.blogspot.com.br/ http://musicasdonordeste.blogspot.com.br/ http://musicasdonordeste.blogspot.com.br/ Mantenha os créditos! Obrigado!"},{"name":"09 Maracas De Fogo.png","source":"derivative","format":"PNG","original":"09 Maracas De Fogo.mp3","mtime":"1718922520","size":"38036","md5":"a50ed8d3567d1f0950ed0f1f51a65275","crc32":"4dbea2db","sha1":"f03ef24658f5096de10f369f24167fc61a3bf544"},{"name":"09 Maracas De Fogo_spectrogram.png","source":"derivative","format":"Spectrogram","original":"09 Maracas De Fogo.mp3","mtime":"1718923561","size":"326638","md5":"52a219a099a08d4a977f2b44f4e74bdd","crc32":"158c400b","sha1":"d1d23d764cc44ab39e3225272aaf2241ff627e8e"},{"name":"10 Louvacao A Iemanja.mp3","source":"original","mtime":"1718920661","size":"4694764","md5":"a52987d4c25cfece9461c9dd295b2dc3","crc32":"b03b4588","sha1":"6568e61cbd4ea30f4210a42d0f7d4af037f20456","format":"VBR MP3","length":"112.98","title":"Louvacao A Iemanja","creator":"Lula Côrtes E Zé Ramalho","album":"Paêbirú","track":"10/14","artist":"Lula Côrtes E Zé Ramalho","genre":"Rock","comment":"Visite: http://musicasdonordeste.blogspot.com.br/ http://musicasdonordeste.blogspot.com.br/ http://musicasdonordeste.blogspot.com.br/ Mantenha os créditos! Obrigado!"},{"name":"10 Louvacao A Iemanja.png","source":"derivative","format":"PNG","original":"10 Louvacao A Iemanja.mp3","mtime":"1718920968","size":"43780","md5":"ecf7784374b77dcbaba5dc4f5f17df64","crc32":"ca7babc9","sha1":"9235270a1401f981e9e89b099c242651fcc7109c"},{"name":"10 Louvacao A Iemanja_spectrogram.png","source":"derivative","format":"Spectrogram","original":"10 Louvacao A Iemanja.mp3","mtime":"1718923714","size":"317494","md5":"29c465225c90d6bc8f75aca21585eff7","crc32":"ad4f34dd","sha1":"5a48337911de64d04d3e5902ff9f13eb9c243611"},{"name":"11 Regato Da Montanha.mp3","source":"original","mtime":"1718920672","size":"8376985","md5":"cd7862338c0e4cf2d7bd5b8c9d6af05b","crc32":"d16315e1","sha1":"989acd332e60b9ad6148f5351dd63c141e291bf5","format":"VBR MP3","length":"205.04","title":"Regato Da Montanha","creator":"Lula Côrtes E Zé Ramalho","album":"Paêbirú","track":"11/14","artist":"Lula Côrtes E Zé Ramalho","genre":"Rock","comment":"Visite: http://musicasdonordeste.blogspot.com.br/ http://musicasdonordeste.blogspot.com.br/ http://musicasdonordeste.blogspot.com.br/ Mantenha os créditos! Obrigado!"},{"name":"11 Regato Da Montanha.png","source":"derivative","format":"PNG","original":"11 Regato Da Montanha.mp3","mtime":"1718921959","size":"37207","md5":"6c2fee83a0f3670290a8a49037f2c884","crc32":"6e1f2ebf","sha1":"dda5426071570aeb7b64ea221a8bb9882ae6a4b1"},{"name":"11 Regato Da Montanha_spectrogram.png","source":"derivative","format":"Spectrogram","original":"11 Regato Da Montanha.mp3","mtime":"1718923264","size":"318368","md5":"0b9b4500b5a677374b9fa943d5269974","crc32":"27899923","sha1":"380a42a81d242f21cd2101fd815c1605e8adb3bd"},{"name":"12 Beira Mar.mp3","source":"original","mtime":"1718920710","size":"4171252","md5":"c04b7d9a2f20cf954c9c85dccf67fce7","crc32":"4d711033","sha1":"ab85ede89621bddd539495a0f151fb5c9d8cbd31","format":"VBR MP3","length":"99.89","title":"Beira Mar","creator":"Lula Côrtes E Zé Ramalho","album":"Paêbirú","track":"12/14","artist":"Lula Côrtes E Zé Ramalho","genre":"Rock","comment":"Visite: http://musicasdonordeste.blogspot.com.br/ http://musicasdonordeste.blogspot.com.br/ http://musicasdonordeste.blogspot.com.br/ Mantenha os créditos! Obrigado!"},{"name":"12 Beira Mar.png","source":"derivative","format":"PNG","original":"12 Beira Mar.mp3","mtime":"1718921652","size":"31617","md5":"f945f5cf02fd3b4a646405c5cd0f7577","crc32":"21390755","sha1":"a02bc77d989f22d96ef51a4ca56d092f166f6670"},{"name":"12 Beira Mar_spectrogram.png","source":"derivative","format":"Spectrogram","original":"12 Beira Mar.mp3","mtime":"1718924016","size":"319809","md5":"2e3098ed99315ad6f04ac9ff0a0eb03a","crc32":"ff930d93","sha1":"131d4957ba91e390f35466fc65987e6cb7ecdce9"},{"name":"13 Pedra Templo Animal.mp3","source":"original","mtime":"1718920739","size":"10386325","md5":"558ce30b259a7d1a86a9c2f1e59707da","crc32":"fe62568d","sha1":"4e10d974ad5929cd92c2098fe2a1b651bebff49b","format":"VBR MP3","length":"255.27","title":"Pedra Templo Animal","creator":"Lula Côrtes E Zé Ramalho","album":"Paêbirú","track":"13/14","artist":"Lula Côrtes E Zé Ramalho","genre":"Rock","comment":"Visite: http://musicasdonordeste.blogspot.com.br/ http://musicasdonordeste.blogspot.com.br/ http://musicasdonordeste.blogspot.com.br/ Mantenha os créditos! Obrigado!"},{"name":"13 Pedra Templo Animal.png","source":"derivative","format":"PNG","original":"13 Pedra Templo Animal.mp3","mtime":"1718922319","size":"40594","md5":"b5c5679e4e69fc51949633a1db1642f1","crc32":"f32fa105","sha1":"27b0192eaf0dc6636b29adbe98a8f8b71f04553f"},{"name":"13 Pedra Templo Animal_spectrogram.png","source":"derivative","format":"Spectrogram","original":"13 Pedra Templo Animal.mp3","mtime":"1718923951","size":"316775","md5":"20c141aa9989b9522e0a4a767e94c55b","crc32":"10653f24","sha1":"c6ff94d1805b812347b59376601156f339afc802"},{"name":"14 Trilha De Sume.mp3","source":"original","mtime":"1718920756","size":"5158691","md5":"0d8e13e6bd6b6b071cbf4006e09fc9af","crc32":"4ea58fd9","sha1":"8aeb4b5ba73042f40283b9643537c22a60abc97a","format":"VBR MP3","length":"124.58","title":"Trilha De Sume","creator":"Lula Côrtes E Zé Ramalho","album":"Paêbirú","track":"14/14","artist":"Lula Côrtes E Zé Ramalho","genre":"Rock","comment":"Visite: http://musicasdonordeste.blogspot.com.br/ http://musicasdonordeste.blogspot.com.br/ http://musicasdonordeste.blogspot.com.br/ Mantenha os créditos! Obrigado!"},{"name":"14 Trilha De Sume.png","source":"derivative","format":"PNG","original":"14 Trilha De Sume.mp3","mtime":"1718922700","size":"33875","md5":"54053234cc4f2fdffb4fd113c971d7d6","crc32":"a8856a08","sha1":"7f154e707be49f5c18ff9b381e9e01ba9271ff11"},{"name":"14 Trilha De Sume_spectrogram.png","source":"derivative","format":"Spectrogram","original":"14 Trilha De Sume.mp3","mtime":"1718923845","size":"341216","md5":"54f796b8813e62d477fe1e04c8266409","crc32":"8ddd272d","sha1":"d052c1de689414d94b309d9fba1f1f7050810187"},{"name":"1975-lula-cortes-ze-ramalho-paebiru_archive.torrent","source":"metadata","btih":"b3b49a0276e6febbb364fdc1d244635a41fb44a1","mtime":"1718924106","size":"15359","md5":"ddeb26efdd29edee94f985a6a12b2924","crc32":"24aa9002","sha1":"67c86a2af6a5a0e57e4db6d59bb25deee57da6a3","format":"Archive BitTorrent"},{"name":"1975-lula-cortes-ze-ramalho-paebiru_files.xml","source":"original","format":"Metadata","md5":"e3a67372570352e2326a4f492c1b360a","summation":"md5"},{"name":"1975-lula-cortes-ze-ramalho-paebiru_meta.sqlite","source":"original","mtime":"1718920764","size":"81920","md5":"1532f2cc96afcb36b220123711fcd769","crc32":"c9cfc185","sha1":"3ed468df28597c4281c98a0ad3dd841a79e01aef","format":"Metadata"},{"name":"1975-lula-cortes-ze-ramalho-paebiru_meta.xml","source":"original","mtime":"1718924092","size":"1281","md5":"ff865bf24c12182306c64e8348095b7c","crc32":"acd8bf6f","sha1":"422752afdc58529d95c58f7b2e2a52c8900cd2d4","format":"Metadata"},{"name":"__ia_thumb.jpg","source":"original","mtime":"1718920770","size":"19199","md5":"e21659e4ca96938796c6df538c49e07b","crc32":"71863c8f","sha1":"9eaaadbe1e170f99877866a70f8bfefcb3f926d2","format":"Item Tile"},{"name":"jOwsJYL.jpeg","source":"original","mtime":"1718920760","size":"163086","md5":"a737dc20223c2c65cc5d468e7554bf37","crc32":"4c343bde","sha1":"77b58108f9a12a6d4772ca3aec9908424a5f9df1","format":"JPEG"},{"name":"jOwsJYL_thumb.jpg","source":"derivative","format":"JPEG Thumb","original":"jOwsJYL.jpeg","mtime":"1718920851","size":"13436","md5":"01af01dae6e4d20668222a6b17804501","crc32":"01681f9e","sha1":"f943925c64fdb38e783eb8ceb8ca4d7ca3a90355"}],"files_count":49,"item_last_updated":1718924106,"item_size":143883881,"metadata":{"identifier":"1975-lula-cortes-ze-ramalho-paebiru","mediatype":"audio","collection":"opensource_audio","creator":"Lula Côrtes & Zé Ramalho","date":"1975","description":"Lançado pela gravadora Mocambo<br />","language":"por","licenseurl":"https://creativecommons.org/publicdomain/zero/1.0/","scanner":"Internet Archive HTML5 Uploader 1.7.0","subject":["MPB","Udigrudi","Baião","Avant Garde","Prog","Jongo","Cantoria","Jazz","Psychedelic","Rock","Pop","Folk","Experimental","Latin","Brasil","Brazil","Bostil"],"title":"Paêbirú","uploader":"wizard1006@proton.me","publicdate":"2024-06-20 21:54:24","addeddate":"2024-06-20 21:54:24","curation":"[curator]validator@archive.org[/curator][date]20240620215538[/date][comment]checked for malware[/comment]"},"server":"ia800207.us.archive.org","uniq":761207542,"workable_servers":["ia800207.us.archive.org","ia600207.us.archive.org"]}