{"alternate_locations":{"servers":[{"server":"dn721906.ca.archive.org","dir":"/0/items/1976-cassiano-cuban-soul-18-kilates"}],"workable":[{"server":"dn721906.ca.archive.org","dir":"/0/items/1976-cassiano-cuban-soul-18-kilates"}]},"created":1767565038,"d1":"ia902803.us.archive.org","d2":"ia802803.us.archive.org","dir":"/21/items/1976-cassiano-cuban-soul-18-kilates","files":[{"name":"01 - Hoje É Natal.mp3","source":"original","mtime":"1726488834","size":"9167468","md5":"1a2cd08b6d08b18ea3e356531cc1f01a","crc32":"f0a6b80b","sha1":"4989345638eaf0456faa745f8cd8ebbc2d61b316","format":"VBR MP3","length":"227.53","title":"Hoje É Natal","creator":"Cassiano","album":"Cuban Soul: 18 Kilates","track":"01/09","artist":"Cassiano","genre":"Pop","comment":"Visite: https://www.musicasdonordeste.net/ https://www.musicasdonordeste.net/ https://www.musicasdonordeste.net/ Mantenha os créditos! Obrigado!"},{"name":"01 - Hoje É Natal.png","source":"derivative","format":"PNG","original":"01 - Hoje É Natal.mp3","mtime":"1726489194","size":"39191","md5":"a64658fac5c1508d367b31a0d6ec0edc","crc32":"eea1632c","sha1":"1314292f968c8d6e43b277764229491a3ec90adf"},{"name":"01 - Hoje É Natal_spectrogram.png","source":"derivative","format":"Spectrogram","original":"01 - Hoje É Natal.mp3","mtime":"1726489426","size":"314810","md5":"7b69d804955b76a88d917594800db663","crc32":"8bb796d9","sha1":"02af5765134866dbd4b779c8c3e25dcd541b4521"},{"name":"02 - Coleç╞o.mp3","source":"original","mtime":"1726488870","size":"7680554","md5":"bddfc0c24243ba9879ed6e660e169d2d","crc32":"c4125ed9","sha1":"82360e5a1aa3a8f746dfbf1b1167b3c45f234160","format":"VBR MP3","length":"190.35","title":"Coleção","creator":"Cassiano","album":"Cuban Soul: 18 Kilates","track":"02/09","artist":"Cassiano","genre":"Pop","comment":"Visite: https://www.musicasdonordeste.net/ https://www.musicasdonordeste.net/ https://www.musicasdonordeste.net/ Mantenha os créditos! Obrigado!"},{"name":"02 - Coleç╞o.png","source":"derivative","format":"PNG","original":"02 - Coleç╞o.mp3","mtime":"1726489338","size":"41019","md5":"bf8f3d535206579dfb78fd4e227f73cd","crc32":"9f9e98e0","sha1":"ec4625b4efd99f8810376604c05a35944c44f124"},{"name":"02 - Coleç╞o_spectrogram.png","source":"derivative","format":"Spectrogram","original":"02 - Coleç╞o.mp3","mtime":"1726489610","size":"312027","md5":"5b0cbaca87f1df5e489f349c05c04570","crc32":"f979cefe","sha1":"c22e689b6232a0d23c935ac5c6b456dbd097839c"},{"name":"03 - Ana Luiza.mp3","source":"original","mtime":"1726488893","size":"8896865","md5":"ffa86a6832b336251626d15a56a86531","crc32":"58b5fb78","sha1":"fefbc7b4b524458757025a036ee489b2a749b624","format":"VBR MP3","length":"220.76","title":"Ana Luiza","creator":"Cassiano","album":"Cuban Soul: 18 Kilates","track":"03/09","artist":"Cassiano","genre":"Pop","comment":"Visite: https://www.musicasdonordeste.net/ https://www.musicasdonordeste.net/ https://www.musicasdonordeste.net/ Mantenha os créditos! Obrigado!"},{"name":"03 - Ana Luiza.png","source":"derivative","format":"PNG","original":"03 - Ana Luiza.mp3","mtime":"1726489315","size":"38813","md5":"24a2a4ec704266a205d52f45ddf15ff1","crc32":"b14ea5a3","sha1":"01f666093b703efcd1fd89bfbe77ce0b67530104"},{"name":"03 - Ana Luiza_spectrogram.png","source":"derivative","format":"Spectrogram","original":"03 - Ana Luiza.mp3","mtime":"1726489567","size":"327783","md5":"124db722239a14af8147947fb41ba74d","crc32":"ee6c9723","sha1":"a0282c4b1318b2b7fc9929b1e5a128033f371cbd"},{"name":"04 - Onda.mp3","source":"original","mtime":"1726488931","size":"18653045","md5":"c29f2269e0d2aca5c550744672dc854b","crc32":"901acefb","sha1":"024acf69cd3e3226b7738c772067fa749449fdc6","format":"VBR MP3","length":"464.67","title":"Onda","creator":"Cassiano","album":"Cuban Soul: 18 Kilates","track":"04/09","artist":"Cassiano","genre":"Pop","comment":"Visite: https://www.musicasdonordeste.net/ https://www.musicasdonordeste.net/ https://www.musicasdonordeste.net/ Mantenha os créditos! Obrigado!"},{"name":"04 - Onda.png","source":"derivative","format":"PNG","original":"04 - Onda.mp3","mtime":"1726489098","size":"45330","md5":"f763b93cb47e0780ebb4d7d183989346","crc32":"841b433f","sha1":"65756ecee4db5dfc0d2a5f707d18979a34fdc408"},{"name":"04 - Onda_spectrogram.png","source":"derivative","format":"Spectrogram","original":"04 - Onda.mp3","mtime":"1726489506","size":"313856","md5":"57bf3450f07088fcd99b401922a0d135","crc32":"12b02984","sha1":"84d5bd27aca898f4d9f1e047b9922661afb31a79"},{"name":"05 - Central Do Brasil.mp3","source":"original","mtime":"1726488946","size":"8919861","md5":"ad3ac6b6ef262b3695e324ad5d68c930","crc32":"08b09fdb","sha1":"dbcefb283567ee4da13a5f44f48ec4331e1e8d79","format":"VBR MP3","length":"221.34","title":"Central Do Brasil","creator":"Cassiano","album":"Cuban Soul: 18 Kilates","track":"05/09","artist":"Cassiano","genre":"Pop","comment":"Visite: https://www.musicasdonordeste.net/ https://www.musicasdonordeste.net/ https://www.musicasdonordeste.net/ Mantenha os créditos! Obrigado!"},{"name":"05 - Central Do Brasil.png","source":"derivative","format":"PNG","original":"05 - Central Do Brasil.mp3","mtime":"1726489222","size":"45566","md5":"0a86d769320370bf271b6a9c73f20171","crc32":"ec879ff8","sha1":"438292fdf07534757a8a4e90238e5ccb32f82e19"},{"name":"05 - Central Do Brasil_spectrogram.png","source":"derivative","format":"Spectrogram","original":"05 - Central Do Brasil.mp3","mtime":"1726489488","size":"314397","md5":"a2cd8781100a902cab4ea94d2ba7db34","crc32":"d8d9ff2e","sha1":"6bb1d99f3bd292e40a5727ad8b16719f6989aa35"},{"name":"06 - Saia Dessa Fossa.mp3","source":"original","mtime":"1726488956","size":"8151859","md5":"d867f2e82e29037911e61567a91600ac","crc32":"2f0c6e60","sha1":"621a02ee581dbe75d4831a08afd128b016463a8f","format":"VBR MP3","length":"202.14","title":"Saia Dessa Fossa","creator":"Cassiano","album":"Cuban Soul: 18 Kilates","track":"06/09","artist":"Cassiano","genre":"Pop","comment":"Visite: https://www.musicasdonordeste.net/ https://www.musicasdonordeste.net/ https://www.musicasdonordeste.net/ Mantenha os créditos! Obrigado!"},{"name":"06 - Saia Dessa Fossa.png","source":"derivative","format":"PNG","original":"06 - Saia Dessa Fossa.mp3","mtime":"1726489142","size":"41591","md5":"21f17d6cc189fb5178d2460b1808fbf9","crc32":"b0245d91","sha1":"8823fe13f715031d0245a64b6159ba6854f5f74d"},{"name":"06 - Saia Dessa Fossa_spectrogram.png","source":"derivative","format":"Spectrogram","original":"06 - Saia Dessa Fossa.mp3","mtime":"1726489472","size":"318678","md5":"f243c37ac7bcb64fd545ad11f96f2787","crc32":"59b9a7de","sha1":"fc525da7221eac607f6c8f5651cb48ffe4b03ccb"},{"name":"07 - De Bar Em Bar.mp3","source":"original","mtime":"1726488991","size":"9601102","md5":"e4468b9f62a7e63aa673c077859d26ea","crc32":"cf42de04","sha1":"7027477b27589257662c431d22d7db580328750e","format":"VBR MP3","length":"238.37","title":"De Bar Em Bar","creator":"Cassiano","album":"Cuban Soul: 18 Kilates","track":"07/09","artist":"Cassiano","genre":"Pop","comment":"Visite: https://www.musicasdonordeste.net/ https://www.musicasdonordeste.net/ https://www.musicasdonordeste.net/ Mantenha os créditos! Obrigado!"},{"name":"07 - De Bar Em Bar.png","source":"derivative","format":"PNG","original":"07 - De Bar Em Bar.mp3","mtime":"1726489170","size":"40172","md5":"b03c53c5f27c9a616688717f000a8dda","crc32":"5a688b02","sha1":"946553ce88a95ed39d6b01e553099f1ef2be964c"},{"name":"07 - De Bar Em Bar_spectrogram.png","source":"derivative","format":"Spectrogram","original":"07 - De Bar Em Bar.mp3","mtime":"1726489443","size":"314358","md5":"e1ce72127875829cdb10852f4867edb5","crc32":"c5c31ff2","sha1":"2686b24dcec91b498e1e12e6745033d263eeb976"},{"name":"08 - Salve Essa Flor.mp3","source":"original","mtime":"1726489012","size":"10393139","md5":"9b2a4f9b6f0f01a9bd1bb9a0a03d3c24","crc32":"88b11972","sha1":"1c7dc36dcfa3894ad621d9ee6db7ce2cabd35e22","format":"VBR MP3","length":"258.17","title":"Salve Essa Flor","creator":"Cassiano","album":"Cuban Soul: 18 Kilates","track":"08/09","artist":"Cassiano","genre":"Pop","comment":"Visite: https://www.musicasdonordeste.net/ https://www.musicasdonordeste.net/ https://www.musicasdonordeste.net/ Mantenha os créditos! Obrigado!"},{"name":"08 - Salve Essa Flor.png","source":"derivative","format":"PNG","original":"08 - Salve Essa Flor.mp3","mtime":"1726489256","size":"41817","md5":"f97553ca514db6577ce2ed2aa1532fb5","crc32":"194ff73e","sha1":"d56a1f1be517a7cd59c1193d694c8414c37aa491"},{"name":"08 - Salve Essa Flor_spectrogram.png","source":"derivative","format":"Spectrogram","original":"08 - Salve Essa Flor.mp3","mtime":"1726489397","size":"318577","md5":"846ef0729d0d66b7a734388cec3da8ec","crc32":"08b05d4d","sha1":"8b3e807ecf65810c75bc8eb2b60a86363768f9a7"},{"name":"09 - A Lua E Eu.mp3","source":"original","mtime":"1726489023","size":"6879137","md5":"d961b7986353d7b7e2f4354417f7236c","crc32":"ffbd8ddc","sha1":"7b6c734b83edae9a505912b9348103ef1d9f9fa6","format":"VBR MP3","length":"170.32","title":"A Lua E Eu","creator":"Cassiano","album":"Cuban Soul: 18 Kilates","track":"09/09","artist":"Cassiano","genre":"Pop","comment":"Visite: https://www.musicasdonordeste.net/ https://www.musicasdonordeste.net/ https://www.musicasdonordeste.net/ Mantenha os créditos! Obrigado!"},{"name":"09 - A Lua E Eu.png","source":"derivative","format":"PNG","original":"09 - A Lua E Eu.mp3","mtime":"1726489359","size":"39784","md5":"22db64b22bb3b906499261acb2585e39","crc32":"a4291fbc","sha1":"e36e82336e33a9a43e36332b8e27fb1c4e1fc577"},{"name":"09 - A Lua E Eu_spectrogram.png","source":"derivative","format":"Spectrogram","original":"09 - A Lua E Eu.mp3","mtime":"1726489636","size":"324214","md5":"621962f85231b0ad15a50ee1d7ac0632","crc32":"b3f977b2","sha1":"50d2e2017371390df1ad2dc694766466939f9f63"},{"name":"1976-cassiano-cuban-soul-18-kilates_archive.torrent","source":"metadata","btih":"ba1f62babe4bd9cfcc1f77e1cff1f69342f837d1","mtime":"1726489691","size":"10527","md5":"114b6596c719c39b4847173258d31d6f","crc32":"4e222ccd","sha1":"c2d106f9a56cec280da587cd7a5265c17d729ba1","format":"Archive BitTorrent"},{"name":"1976-cassiano-cuban-soul-18-kilates_files.xml","source":"original","format":"Metadata","md5":"cefa7438a2173a8e47ae37a7aa68a92b","summation":"md5"},{"name":"1976-cassiano-cuban-soul-18-kilates_meta.sqlite","source":"original","mtime":"1726489031","size":"61440","md5":"f355db3a10a392748c067b75f8cb1a69","crc32":"a3340910","sha1":"e49701247c4211a075220ce389e3dcdca510cf61","format":"Metadata"},{"name":"1976-cassiano-cuban-soul-18-kilates_meta.xml","source":"original","mtime":"1726489668","size":"1103","md5":"6c9ec01f331ebbde4f62ac8210704887","crc32":"cf09f67b","sha1":"ed52f5ee23642b40d2d8dc137cee6c0a11adb3b7","format":"Metadata"},{"name":"__ia_thumb.jpg","source":"original","mtime":"1726489039","size":"20087","md5":"557bacd1ff9bb83ec5a4434b88875674","crc32":"817317a5","sha1":"f464d6b2ec2e01dc2d3fffbc17841cb28d5a2435","format":"Item Tile"},{"name":"cover.jpg","source":"original","mtime":"1726489027","size":"60656","md5":"f17f63427d9b90f84514f9900235349d","crc32":"79862df7","sha1":"83ff377ae887c785d0a35713bbd36e96f3ba79de","format":"JPEG"},{"name":"cover_thumb.jpg","source":"derivative","format":"JPEG Thumb","original":"cover.jpg","mtime":"1726489080","size":"13659","md5":"6c6eaad47a6016738c2b76a699487f60","crc32":"fe944626","sha1":"0e9e305ea27373de3f5d3acb06ceb9130741376e"}],"files_count":34,"item_last_updated":1726489691,"item_size":91742485,"metadata":{"identifier":"1976-cassiano-cuban-soul-18-kilates","mediatype":"audio","collection":"opensource_audio","creator":"Cassiano","date":"1976","description":"Lançado pelo selo Polydor","language":"por","licenseurl":"https://creativecommons.org/publicdomain/zero/1.0/","scanner":"Internet Archive HTML5 Uploader 1.7.0","subject":["MPB","Funk","Soul","Disco","R&B","Samba","Smooth","Pop","Latin","Brasil","Brazil","Bostil"],"title":"Cuban Soul: 18 Kilates","uploader":"neue_monarchie@proton.me","publicdate":"2024-09-16 12:14:19","addeddate":"2024-09-16 12:14:19","curation":"[curator]validator@archive.org[/curator][date]20240916121510[/date][comment]checked for malware[/comment]"},"server":"ia802803.us.archive.org","uniq":1001012662,"workable_servers":["ia802803.us.archive.org","ia902803.us.archive.org"]}