{"alternate_locations":{"servers":[{"server":"dn721607.ca.archive.org","dir":"/0/items/1977-the-damned-damned-damned"}],"workable":[{"server":"dn721607.ca.archive.org","dir":"/0/items/1977-the-damned-damned-damned"}]},"created":1767565069,"d1":"ia903203.us.archive.org","d2":"ia803203.us.archive.org","dir":"/13/items/1977-the-damned-damned-damned","files":[{"name":"01 - Neat Neat Neat.mp3","source":"original","mtime":"1721412345","size":"1918615","md5":"81d2d6bf4d429828fec57791404ac51c","crc32":"1e27bec3","sha1":"c12de86c24200af0417e5fb99f1ac3e249f437ef","format":"VBR MP3","length":"162.9","title":"Neat Neat Neat","creator":"The Damned","album":"Damned Damned Damned","track":"1","artist":"The Damned","genre":"Punk","comment":"(ID3v1 Comment) Rollmops Ripper Of #gf"},{"name":"01 - Neat Neat Neat.png","source":"derivative","format":"PNG","original":"01 - Neat Neat Neat.mp3","mtime":"1721414274","size":"39629","md5":"34e90144a107b3101cecc91fb4ed522c","crc32":"2ea906e5","sha1":"fdb219e108eb6990b31fbe1a2698085d5a8a1385"},{"name":"01 - Neat Neat Neat_spectrogram.png","source":"derivative","format":"Spectrogram","original":"01 - Neat Neat Neat.mp3","mtime":"1721422047","size":"316857","md5":"42bd4c2ae5d7d9e1095bf34a98b66459","crc32":"7fc2b244","sha1":"76148b590bc90bf565f0ffc79a1f17d170e98566"},{"name":"02 - Fan Club.mp3","source":"original","mtime":"1721412341","size":"2050142","md5":"4a7d120d2bfd9eb36e05e00ae6ce7d70","crc32":"c6f42284","sha1":"20911dd317c5675f2a0f0319d6f138d763576a3a","format":"VBR MP3","length":"176.04","title":"Fan Club","creator":"The Damned","album":"Damned Damned Damned","track":"2","artist":"The Damned","genre":"Punk","comment":"(ID3v1 Comment) Rollmops Ripper Of #gf"},{"name":"02 - Fan Club.png","source":"derivative","format":"PNG","original":"02 - Fan Club.mp3","mtime":"1721416289","size":"39964","md5":"f818e8529b059f045e9acca8de1a9587","crc32":"d051c762","sha1":"8b56c9131423292d098ce23a8fff9dc6d98abb67"},{"name":"02 - Fan Club_spectrogram.png","source":"derivative","format":"Spectrogram","original":"02 - Fan Club.mp3","mtime":"1721418214","size":"317297","md5":"cb82783eb9a771e3c17987f9fbe6c0e9","crc32":"fe984f75","sha1":"239454291a60e2bbb7eabc60063655ea24300452"},{"name":"03 - I Fall.mp3","source":"original","mtime":"1721412336","size":"1551750","md5":"0ac591b665c49d7885e9b20196298e2b","crc32":"e50d7c77","sha1":"306b4a400e8ee9f31e0f7e72e7cc1de8edb1689a","format":"VBR MP3","length":"126.25","title":"I Fall","creator":"The Damned","album":"Damned Damned Damned","track":"3","artist":"The Damned","genre":"Punk","comment":"(ID3v1 Comment) Rollmops Ripper Of #gf"},{"name":"03 - I Fall.png","source":"derivative","format":"PNG","original":"03 - I Fall.mp3","mtime":"1721414955","size":"38679","md5":"6bedc0cce7d4880f5bfa80248b7f4cce","crc32":"bcb9c7db","sha1":"3e0885f9017379d223696ab78c8835b74997031b"},{"name":"03 - I Fall_spectrogram.png","source":"derivative","format":"Spectrogram","original":"03 - I Fall.mp3","mtime":"1721418462","size":"304784","md5":"5cd029e8e6358b73e73e75483fe81da1","crc32":"1cfda747","sha1":"e19f456081241eb2ccf308ce62d2d8ee479494b2"},{"name":"04 - Born To Kill.mp3","source":"original","mtime":"1721412332","size":"1851412","md5":"2473f6172f8823a73d6208ff3703c821","crc32":"b214137f","sha1":"90ed211e308df057ddb2bf67eb2daf8868a6d375","format":"VBR MP3","length":"156.19","title":"Born To Kill","creator":"The Damned","album":"Damned Damned Damned","track":"4","artist":"The Damned","genre":"Punk","comment":"(ID3v1 Comment) Rollmops Ripper Of #gf"},{"name":"04 - Born To Kill.png","source":"derivative","format":"PNG","original":"04 - Born To Kill.mp3","mtime":"1721414663","size":"38879","md5":"4d4d67fbdccdeb2ad6fbbb4370c00d91","crc32":"3f6a7928","sha1":"ef2b012d3d0e43b38773b80674cd2471a27856f0"},{"name":"04 - Born To Kill_spectrogram.png","source":"derivative","format":"Spectrogram","original":"04 - Born To Kill.mp3","mtime":"1721418658","size":"315848","md5":"0aeff3d7ce694bc08f17d9e787077c5a","crc32":"a832ec75","sha1":"5b53fc5e9bc82c3d7aea075dcaf646bb789ce69b"},{"name":"05 - Stab Your Back.mp3","source":"original","mtime":"1721412321","size":"888883","md5":"59f4ef85005aa9ef56aa2acb95105993","crc32":"c9f35428","sha1":"4b37096245b2f96a34f0e516d3c3d6e7dec7b09c","format":"VBR MP3","length":"60.03","title":"Stab Your Back","creator":"The Damned","album":"Damned Damned Damned","track":"5","artist":"The Damned","genre":"Punk","comment":"(ID3v1 Comment) Rollmops Ripper Of #gf"},{"name":"05 - Stab Your Back.png","source":"derivative","format":"PNG","original":"05 - Stab Your Back.mp3","mtime":"1721417111","size":"41109","md5":"d4732d95c1fad32be6253bb5d70ceab8","crc32":"82c40c69","sha1":"1a0335a678a1d6c0d45625e79a7cb9ff4de87b7a"},{"name":"05 - Stab Your Back_spectrogram.png","source":"derivative","format":"Spectrogram","original":"05 - Stab Your Back.mp3","mtime":"1721419064","size":"318147","md5":"5db0465af4acff5466a156c6541c4271","crc32":"70ad18e3","sha1":"710d95c4a4138fc6e94adab0a6057cd992425c6f"},{"name":"06 - Feel The Pain.mp3","source":"original","mtime":"1721412317","size":"2465381","md5":"32ce88a646d863431b19efbc225ec197","crc32":"46689cc2","sha1":"32a3abf5f4ea1cc1a68570e37a1842f3d4f11b72","format":"VBR MP3","length":"217.52","title":"Feel The Pain","creator":"The Damned","album":"Damned Damned Damned","track":"6","artist":"The Damned","genre":"Punk","comment":"(ID3v1 Comment) Rollmops Ripper Of #gf"},{"name":"06 - Feel The Pain.png","source":"derivative","format":"PNG","original":"06 - Feel The Pain.mp3","mtime":"1721412637","size":"37790","md5":"c3f64c0db62aaac3b566672f7d07b8b9","crc32":"1c0cd0bb","sha1":"0cad8ac25cb256afc6498cd26004de397ff7f2b5"},{"name":"06 - Feel The Pain_spectrogram.png","source":"derivative","format":"Spectrogram","original":"06 - Feel The Pain.mp3","mtime":"1721418022","size":"329334","md5":"272ca82b07789bf3bdc4aba0e87ce49c","crc32":"92d340d5","sha1":"98c5291e628c987a0ef799d2512836050b9bc077"},{"name":"07 - New Rose.mp3","source":"original","mtime":"1721412313","size":"1922275","md5":"7256484e53b5fc7141b11d689a6b0ca2","crc32":"e43b3759","sha1":"a922a22870ce206a055059dc74c9a56e1f47272e","format":"VBR MP3","length":"163.27","title":"New Rose","creator":"The Damned","album":"Damned Damned Damned","track":"7","artist":"The Damned","genre":"Punk","comment":"(ID3v1 Comment) Rollmops Ripper Of #gf"},{"name":"07 - New Rose.png","source":"derivative","format":"PNG","original":"07 - New Rose.mp3","mtime":"1721414218","size":"39664","md5":"03f491db7a9e0ee94ea1980b8131e263","crc32":"bf0aff6c","sha1":"126cd196435bd20d0b55628f2d506e1870da26a9"},{"name":"07 - New Rose_spectrogram.png","source":"derivative","format":"Spectrogram","original":"07 - New Rose.mp3","mtime":"1721419574","size":"310586","md5":"2078cb9996c00fab5c237f14e4ae35ff","crc32":"dd301b7d","sha1":"a76502541945d9a1ae4bc3ffd4066760e926fe2e"},{"name":"08 - Fish.mp3","source":"original","mtime":"1721412303","size":"1276143","md5":"1583b21f81159415086d136b58720a45","crc32":"976be794","sha1":"80d4cc838ad95132f9572116d15853844213290d","format":"VBR MP3","length":"98.72","title":"Fish","creator":"The Damned","album":"Damned Damned Damned","track":"8","artist":"The Damned","genre":"Punk","comment":"(ID3v1 Comment) Rollmops Ripper Of #gf"},{"name":"08 - Fish.png","source":"derivative","format":"PNG","original":"08 - Fish.mp3","mtime":"1721414110","size":"39356","md5":"12974a224db8391e917c864839281cf8","crc32":"f5c5e893","sha1":"b92bf4f2e7ac0e508456bcd83f199e95c8fb6f02"},{"name":"08 - Fish_spectrogram.png","source":"derivative","format":"Spectrogram","original":"08 - Fish.mp3","mtime":"1721419733","size":"317988","md5":"33540e6858da05d96cb7a6856a7b1cab","crc32":"7a0c8cd9","sha1":"8bb42d3737bf4654c87451195c97e359f3a9566a"},{"name":"09 - See Her Tonight.mp3","source":"original","mtime":"1721412299","size":"1788394","md5":"f1dfb55ac35acb6759528e864a69ea65","crc32":"45c286a1","sha1":"a80dea5a854976c4179fc5ca0040ba5a48fb4528","format":"VBR MP3","length":"149.89","title":"See Her Tonight","creator":"The Damned","album":"Damned Damned Damned","track":"9","artist":"The Damned","genre":"Punk","comment":"(ID3v1 Comment) Rollmops Ripper Of #gf"},{"name":"09 - See Her Tonight.png","source":"derivative","format":"PNG","original":"09 - See Her Tonight.mp3","mtime":"1721414428","size":"40980","md5":"adb817c7a64c991df2b45e2cfbe4c902","crc32":"3fe16b97","sha1":"92924d7eb0e6e599a74ee9e97541b6dcf902f628"},{"name":"09 - See Her Tonight_spectrogram.png","source":"derivative","format":"Spectrogram","original":"09 - See Her Tonight.mp3","mtime":"1721419914","size":"304107","md5":"2cfb0823546dd61dffc093ab30f59985","crc32":"9cee32ed","sha1":"ccdc686f85786a8c7712a10e1beab4474ddc4e3b"},{"name":"10 - 1 Of The 2.mp3","source":"original","mtime":"1721412289","size":"2183501","md5":"f62ae59e0163fa5e3b6cd9c1b5e7719c","crc32":"a99984d7","sha1":"3f535e64831092cc2db81d10575905210e9a0285","format":"VBR MP3","length":"189.36","title":"1 Of The 2","creator":"The Damned","album":"Damned Damned Damned","track":"10","artist":"The Damned","genre":"Punk","comment":"(ID3v1 Comment) Rollmops Ripper Of #gf"},{"name":"10 - 1 Of The 2.png","source":"derivative","format":"PNG","original":"10 - 1 Of The 2.mp3","mtime":"1721414535","size":"44063","md5":"268ea0c5e6a9ed37c369461a1b1421c8","crc32":"017d55db","sha1":"2e2e3c0286e1edc1ee2c303765b271c95ae8df4a"},{"name":"10 - 1 Of The 2_spectrogram.png","source":"derivative","format":"Spectrogram","original":"10 - 1 Of The 2.mp3","mtime":"1721420390","size":"310799","md5":"c25434f180e246a9295458ed7db59eb8","crc32":"24dd6e7a","sha1":"d2a2dec4340b2e74503ba93e48adca615bd69d89"},{"name":"11 - So Messed Up.mp3","source":"original","mtime":"1721412285","size":"1406103","md5":"4477faba4ce22c0158d63b524ed73e81","crc32":"a6e014bd","sha1":"de8708ac0fbbc8184b507dfa23a2bfd0925963ef","format":"VBR MP3","length":"111.7","title":"So Messed Up","creator":"The Damned","album":"Damned Damned Damned","track":"11","artist":"The Damned","genre":"Punk","comment":"(ID3v1 Comment) Rollmops Ripper Of #gf"},{"name":"11 - So Messed Up.png","source":"derivative","format":"PNG","original":"11 - So Messed Up.mp3","mtime":"1721414798","size":"38141","md5":"aea49f3e00ff469dce03f6672501b389","crc32":"2dc46dac","sha1":"b1e7c6926163ec5ceb04fb33e4f40e9d5efbd005"},{"name":"11 - So Messed Up_spectrogram.png","source":"derivative","format":"Spectrogram","original":"11 - So Messed Up.mp3","mtime":"1721420699","size":"318761","md5":"71e920b1ddea35670bae463727016aaa","crc32":"bb7916f0","sha1":"48edae81a741a6fa727265602e16c9739ed08121"},{"name":"12 - I Feel Alright.mp3","source":"original","mtime":"1721412269","size":"2949916","md5":"53e65d9c9adeb1c6962cad099e0b98d8","crc32":"e34223d4","sha1":"aed392fefc60d7852fd065c449c203dae783faff","format":"VBR MP3","length":"265.93","title":"I Feel Alright","creator":"The Damned","album":"Damned Damned Damned","track":"12","artist":"The Damned","genre":"Punk","comment":"(ID3v1 Comment) Rollmops Ripper Of #gf"},{"name":"12 - I Feel Alright.png","source":"derivative","format":"PNG","original":"12 - I Feel Alright.mp3","mtime":"1721413202","size":"39118","md5":"e808de5b70bb51dc95bab594755151a2","crc32":"9ab2525d","sha1":"66ba8457b64facd2a6797e94308def19cf3a7c06"},{"name":"12 - I Feel Alright_spectrogram.png","source":"derivative","format":"Spectrogram","original":"12 - I Feel Alright.mp3","mtime":"1721421311","size":"305122","md5":"41729bc9a14583c1dd1b8ce41c1b3707","crc32":"969254b0","sha1":"b2c9888a85f5191953cb24470e613dd7c86538e0"},{"name":"1977-the-damned-damned-damned_archive.torrent","source":"metadata","btih":"b03270d401a9012ed9ca4697d2b6d7d1947c5e09","mtime":"1721944616","size":"9589","md5":"1a4d72b599b553926e4f7d180ec15f34","crc32":"102dd995","sha1":"64bf6326c63f5afc0ab2a1e7411f776fc9bb4c5d","format":"Archive BitTorrent"},{"name":"1977-the-damned-damned-damned_files.xml","source":"original","format":"Metadata","md5":"49cf172b285eb9b5a946f0e466636e6b","summation":"md5"},{"name":"1977-the-damned-damned-damned_meta.sqlite","source":"original","mtime":"1721412363","size":"49152","md5":"4ad14142e70cfa2126b0aff34a08b0c6","crc32":"a99d4122","sha1":"132a302e3f54ff555a02bef711b7762ad77ccffa","format":"Metadata"},{"name":"1977-the-damned-damned-damned_meta.xml","source":"original","mtime":"1721944614","size":"990","md5":"0a1c68819b0097bff99305f5807458b9","crc32":"7a155e93","sha1":"ea22aeb1fa0c6a0f511240a9f057f7aace25654a","format":"Metadata"},{"name":"Tapa.jpg","source":"original","mtime":"1721412354","size":"286461","md5":"eb9341ecb8749d00008c7c0ae037531f","crc32":"5bc6fc9e","sha1":"5d4715592082445470400459bd307af3793a3c32","format":"JPEG"},{"name":"Tapa_thumb.jpg","source":"derivative","format":"JPEG Thumb","original":"Tapa.jpg","mtime":"1721412503","size":"11796","md5":"d0f530046cd96dbc16c1810d9b5705f2","crc32":"2b2ea515","sha1":"8e55d410e2b60b7018cbe2bf0fc2c88f927586b7"},{"name":"__ia_thumb.jpg","source":"original","mtime":"1721412369","size":"15975","md5":"bcca960bed9f62d8dbf88693844a57ce","crc32":"3fb1acf3","sha1":"b027929e9eed4ac264c2c9fe586259e231204e4c","format":"Item Tile"}],"files_count":43,"item_last_updated":1721944616,"item_size":26873480,"metadata":{"identifier":"1977-the-damned-damned-damned","mediatype":"audio","collection":"opensource_audio","creator":"The Damned","date":"1977-02-18","description":"Released by Stiff Records.","language":"eng","licenseurl":"https://creativecommons.org/publicdomain/zero/1.0/","scanner":"Internet Archive HTML5 Uploader 1.7.0","subject":["Punk","Rock","Garage","Pop","New Wave","Surf","Hardcore"],"title":"Damned Damned Damned","uploader":"neue_monarchie@proton.me","publicdate":"2024-07-19 18:04:44","addeddate":"2024-07-19 18:04:44","curation":"[curator]validator@archive.org[/curator][date]20240719180505[/date][comment]checked for malware[/comment]","year":"1977"},"server":"ia903203.us.archive.org","uniq":283762704,"workable_servers":["ia903203.us.archive.org","ia803203.us.archive.org"]}