{"alternate_locations":{"servers":[{"server":"dn710007.ca.archive.org","dir":"/0/items/1977-gil-scott-heron-brian-jackson-bridges"}],"workable":[{"server":"dn710007.ca.archive.org","dir":"/0/items/1977-gil-scott-heron-brian-jackson-bridges"}]},"created":1767565055,"d1":"ia600102.us.archive.org","d2":"ia800102.us.archive.org","dir":"/2/items/1977-gil-scott-heron-brian-jackson-bridges","files":[{"name":"01 Gil Scott-Heron - Hello Sunday! Hello Road!.mp3","source":"original","mtime":"1727394070","size":"4763581","md5":"64864ebb1cbbfec4bdb1aba710affe6f","crc32":"61a79360","sha1":"adf43a4c6687a0359e2666c8ab56ca9ff4450f59","format":"VBR MP3","length":"220.97","title":"Hello Sunday! Hello Road!","creator":"Gil Scott-Heron","album":"Bridges","track":"1","artist":"Gil Scott-Heron","genre":"Funk"},{"name":"01 Gil Scott-Heron - Hello Sunday! Hello Road!.png","source":"derivative","format":"PNG","original":"01 Gil Scott-Heron - Hello Sunday! Hello Road!.mp3","mtime":"1727395396","size":"46039","md5":"dabafc1ff26c96b111c7d6e837d1261a","crc32":"14054576","sha1":"51b36c6f5b4d632571476015134e6cdb0a0adc68"},{"name":"01 Gil Scott-Heron - Hello Sunday! Hello Road!_spectrogram.png","source":"derivative","format":"Spectrogram","original":"01 Gil Scott-Heron - Hello Sunday! Hello Road!.mp3","mtime":"1727398780","size":"318052","md5":"570be926b97fde5434678b89d0249bd5","crc32":"afcff046","sha1":"1785fc1dfa6286a4857787c8b37bf3b514e16e77"},{"name":"02 Gil Scott-Heron - Song of the Wind.mp3","source":"original","mtime":"1727394090","size":"5083723","md5":"c7a512ffc536cc77f81faa50c608820c","crc32":"0b76924f","sha1":"05c6c140432fbad233af37f8d831c9b932cf4445","format":"VBR MP3","length":"236.98","title":"Song of the Wind","creator":"Gil Scott-Heron","album":"Bridges","track":"2","artist":"Gil Scott-Heron","genre":"Funk"},{"name":"02 Gil Scott-Heron - Song of the Wind.png","source":"derivative","format":"PNG","original":"02 Gil Scott-Heron - Song of the Wind.mp3","mtime":"1727396170","size":"44624","md5":"db72fa3a618c3b190f42f9234502af64","crc32":"e1c9f4ee","sha1":"6f6e6a60c4f539837275a9bab151aae613f00d46"},{"name":"02 Gil Scott-Heron - Song of the Wind_spectrogram.png","source":"derivative","format":"Spectrogram","original":"02 Gil Scott-Heron - Song of the Wind.mp3","mtime":"1727402799","size":"327306","md5":"1022d464c566d71121d6a2fe564eb03a","crc32":"6d44ad72","sha1":"7c0a4477e3255432de5800f8d8e5855feef25470"},{"name":"03 Brian Jackson - Racetrack In France.mp3","source":"original","mtime":"1727394095","size":"5473009","md5":"b6026272d4b2e3c42fbace47ad82f0c1","crc32":"68c07479","sha1":"d86b4e398f385f6ea638978400b7ab8f3c2dbd21","format":"VBR MP3","length":"256.44","title":"Racetrack in France","creator":"Brian Jackson","album":"Bridges","track":"3","artist":"Brian Jackson","genre":"Funk"},{"name":"03 Brian Jackson - Racetrack In France.png","source":"derivative","format":"PNG","original":"03 Brian Jackson - Racetrack In France.mp3","mtime":"1727395965","size":"42536","md5":"fd1120d0a5712f48a397cb7444276134","crc32":"d7a51160","sha1":"6a4c8b5cde283845170c9a524e55329814586470"},{"name":"03 Brian Jackson - Racetrack In France_spectrogram.png","source":"derivative","format":"Spectrogram","original":"03 Brian Jackson - Racetrack In France.mp3","mtime":"1727402524","size":"326532","md5":"7bae954a356317eea54c6cd6cbb03b12","crc32":"59fb382b","sha1":"feab47d1a5e0623ba87a8c591af0fdcb6f85a12e"},{"name":"04 Brian Jackson - Vildgolia (Deaf, Dumb & Blind).mp3","source":"original","mtime":"1727394100","size":"9612551","md5":"186431cb2d2a5c8d6d8130b5867b3240","crc32":"57f15595","sha1":"409d448afae091ba82298f83b7fb8a1748c217b1","format":"VBR MP3","length":"463.42","title":"Vildgolia (Deaf, Dumb & Blind)","creator":"Brian Jackson","album":"Bridges","track":"4","artist":"Brian Jackson","genre":"Funk"},{"name":"04 Brian Jackson - Vildgolia (Deaf, Dumb & Blind).png","source":"derivative","format":"PNG","original":"04 Brian Jackson - Vildgolia (Deaf, Dumb & Blind).mp3","mtime":"1727394632","size":"42714","md5":"67956682691acc588ad14781b0db142e","crc32":"faab48f9","sha1":"863497583b08c0047db4242a2c1ea3f7c0e6e31b"},{"name":"04 Brian Jackson - Vildgolia (Deaf, Dumb & Blind)_spectrogram.png","source":"derivative","format":"Spectrogram","original":"04 Brian Jackson - Vildgolia (Deaf, Dumb & Blind).mp3","mtime":"1727401886","size":"318623","md5":"76330b6722543ab6f7cce68618bfee56","crc32":"0b813023","sha1":"b7dc835e1ad51fbe4a1508d11abf4e2415022cd2"},{"name":"05 Gil Scott-Heron - Under The Hammer.mp3","source":"original","mtime":"1727394105","size":"5218123","md5":"1737a2be6e9b21b72c1b5bd30d8f9dcb","crc32":"7dd8d644","sha1":"faac35c02336994215a8f7ac35415cd0abd2c7cf","format":"VBR MP3","length":"243.7","title":"Under the Hammer","creator":"Gil Scott-Heron","album":"Bridges","track":"5","artist":"Gil Scott-Heron","genre":"Funk"},{"name":"05 Gil Scott-Heron - Under The Hammer.png","source":"derivative","format":"PNG","original":"05 Gil Scott-Heron - Under The Hammer.mp3","mtime":"1727395707","size":"44820","md5":"938b21e45c35046f853214ca67af6257","crc32":"8ec8ddfd","sha1":"79ae7439cab7926cee97afae7b4346b3798ed4eb"},{"name":"05 Gil Scott-Heron - Under The Hammer_spectrogram.png","source":"derivative","format":"Spectrogram","original":"05 Gil Scott-Heron - Under The Hammer.mp3","mtime":"1727400243","size":"316739","md5":"27bddd79e667f32922ff29842a9823b8","crc32":"a5423fbe","sha1":"2494e488644a43e0f417b22151cb75b32e8bfc8e"},{"name":"06 Gil Scott-Heron - We Almost Lost Detroit.mp3","source":"original","mtime":"1727394111","size":"6736375","md5":"d1c449e22fdf2d7fc93105760784244d","crc32":"732a05a9","sha1":"58106881311bcd9cd8ed9e8ddb4fec5fc949b023","format":"VBR MP3","length":"319.61","title":"We Almost Lost Detroit","creator":"Gil Scott-Heron","album":"Bridges","track":"6","artist":"Gil Scott-Heron","genre":"Funk"},{"name":"06 Gil Scott-Heron - We Almost Lost Detroit.png","source":"derivative","format":"PNG","original":"06 Gil Scott-Heron - We Almost Lost Detroit.mp3","mtime":"1727394951","size":"40660","md5":"a40dc793a106704b921bc306e1a86cc6","crc32":"552f9e49","sha1":"22fb2ce038ed7fcf9ff7f7158479586917ee18ec"},{"name":"06 Gil Scott-Heron - We Almost Lost Detroit_spectrogram.png","source":"derivative","format":"Spectrogram","original":"06 Gil Scott-Heron - We Almost Lost Detroit.mp3","mtime":"1727399761","size":"329868","md5":"95e6820f3536e2998789abb1697f823f","crc32":"2b9c9c8a","sha1":"52654ec5a7b934bcb96ce0a089aefd0a2857750b"},{"name":"07 Gil Scott-Heron - Tuskeegee #626.mp3","source":"original","mtime":"1727394114","size":"1044998","md5":"625063963b3ab293b3801cd507635b52","crc32":"d9bb9b1d","sha1":"ae84036155bb9e39b19c7f0851393febd61979fa","format":"VBR MP3","length":"35.04","title":"Tuskeegee #626","creator":"Gil Scott-Heron","album":"Bridges","track":"7","artist":"Gil Scott-Heron","genre":"Funk"},{"name":"07 Gil Scott-Heron - Tuskeegee #626.png","source":"derivative","format":"PNG","original":"07 Gil Scott-Heron - Tuskeegee #626.mp3","mtime":"1727395166","size":"31455","md5":"7f72138e31d7b8ddce104d7d7bea56b0","crc32":"1b6401f2","sha1":"4c325e2e1fb78ce701d4df681ea7824d64d3f295"},{"name":"07 Gil Scott-Heron - Tuskeegee #626_spectrogram.png","source":"derivative","format":"Spectrogram","original":"07 Gil Scott-Heron - Tuskeegee #626.mp3","mtime":"1727399061","size":"333574","md5":"33001e8502b2eaca45ee9f706ec74476","crc32":"5af858db","sha1":"36a5bf95fbbdd208ef586f6e9a852c390319a7da"},{"name":"08 Gil Scott-Heron - Delta Man (Where I'm Coming From).mp3","source":"original","mtime":"1727394136","size":"7310957","md5":"b34c5ae96f026ad191cedf46f4d551ff","crc32":"8c774323","sha1":"13129c0795682f009d43b4a367c5677880b3df5f","format":"VBR MP3","length":"348.34","title":"Delta Man (Where I'm Coming From)","creator":"Gil Scott-Heron","album":"Bridges","track":"8","artist":"Gil Scott-Heron","genre":"Funk"},{"name":"08 Gil Scott-Heron - Delta Man (Where I'm Coming From).png","source":"derivative","format":"PNG","original":"08 Gil Scott-Heron - Delta Man (Where I'm Coming From).mp3","mtime":"1727395842","size":"37470","md5":"f8316eafad787ff5e515f85c1b86837a","crc32":"9f3592c0","sha1":"8e829f43459f3acbce89af65cb1adb6686c0be8b"},{"name":"08 Gil Scott-Heron - Delta Man (Where I'm Coming From)_spectrogram.png","source":"derivative","format":"Spectrogram","original":"08 Gil Scott-Heron - Delta Man (Where I'm Coming From).mp3","mtime":"1727398381","size":"323338","md5":"2b4f242fe4896b9f290be5bf1f75e9cb","crc32":"cc0e5e42","sha1":"b383509bf23c48c77142f7857e1bdaa19ce9f3a0"},{"name":"09 Brian Jackson - 95 South (All Of The Places We've Been).mp3","source":"original","mtime":"1727394142","size":"5493659","md5":"601c8d665356aece0bb3257b250afd40","crc32":"e11a1068","sha1":"47c76243ea20263e13222fa765a89fc91400ba62","format":"VBR MP3","length":"257.47","title":"95 South (All of the Places We've Been)","creator":"Brian Jackson","album":"Bridges","track":"9","artist":"Brian Jackson","genre":"Funk"},{"name":"09 Brian Jackson - 95 South (All Of The Places We've Been).png","source":"derivative","format":"PNG","original":"09 Brian Jackson - 95 South (All Of The Places We've Been).mp3","mtime":"1727396809","size":"41390","md5":"20e5c4d2961d1c954d2a146ea9ce25fd","crc32":"d1bf36e4","sha1":"e5a33cf00238bad642930f7f9a374920f704558a"},{"name":"09 Brian Jackson - 95 South (All Of The Places We've Been)_spectrogram.png","source":"derivative","format":"Spectrogram","original":"09 Brian Jackson - 95 South (All Of The Places We've Been).mp3","mtime":"1727403239","size":"317082","md5":"dda6acfb692e8e7c721fe1fdb40fcc08","crc32":"873ca455","sha1":"3baaaf3689ceaa3b847c1349cc7434ddc8c9f72f"},{"name":"1977-gil-scott-heron-brian-jackson-bridges_archive.torrent","source":"metadata","btih":"56582e7ccc3907fd95025715773ab6ccab220cde","mtime":"1727403423","size":"9966","md5":"fdb35e9c4b213cb5acbc9a39fd1c2287","crc32":"d2898b6f","sha1":"0985948941128dd36759e98fb0f30d9a5cf67ef2","format":"Archive BitTorrent"},{"name":"1977-gil-scott-heron-brian-jackson-bridges_files.xml","source":"original","format":"Metadata","md5":"79d8ee282726d37ce1c8e1f3818034d3","summation":"md5"},{"name":"1977-gil-scott-heron-brian-jackson-bridges_meta.sqlite","source":"original","mtime":"1727394157","size":"61440","md5":"c8ef596147562c560571e2d768cf55db","crc32":"81e781a6","sha1":"897b6e41ab3f4ea9b766765203d10f7517087ea4","format":"Metadata"},{"name":"1977-gil-scott-heron-brian-jackson-bridges_meta.xml","source":"original","mtime":"1727403410","size":"955","md5":"342198c3cb19d98721314690eeac7ef9","crc32":"1c380658","sha1":"b43bac4c9925f530a9c6f0b51168b0ce57d80663","format":"Metadata"},{"name":"Gil-Scott-Heron-Brian-Jackson-Bridges.jpg","source":"original","mtime":"1727394145","size":"256614","md5":"5212e3a07e92d75ad89baf42732dff68","crc32":"5812c59b","sha1":"5558846071362712c25168b53f17ec7f335654a6","format":"JPEG"},{"name":"Gil-Scott-Heron-Brian-Jackson-Bridges_thumb.jpg","source":"derivative","format":"JPEG Thumb","original":"Gil-Scott-Heron-Brian-Jackson-Bridges.jpg","mtime":"1727394495","size":"10695","md5":"6705b413a70470eea291b1dd68af8a98","crc32":"1f35769f","sha1":"ada1a778713cc9eec778ca2333f6fbc97285c68a"},{"name":"__ia_thumb.jpg","source":"original","mtime":"1727394163","size":"15456","md5":"16b97dd16663fb0eef10551f2126a752","crc32":"baa995aa","sha1":"dc8816d25d5eceac544a0028bf0a9dd02d2f4b25","format":"Item Tile"}],"files_count":34,"item_last_updated":1727403423,"item_size":54374924,"metadata":{"identifier":"1977-gil-scott-heron-brian-jackson-bridges","mediatype":"audio","collection":"opensource_audio","creator":"Gil Scott-Heron & Brian Jackson","date":"1977-12","description":"Released by Arista Records","language":"eng","licenseurl":"https://creativecommons.org/publicdomain/zero/1.0/","scanner":"Internet Archive HTML5 Uploader 1.7.0","subject":["Funk","Soul","Pop","Jazz","Prog","RnB"],"title":"Bridges","uploader":"neue_monarchie@proton.me","publicdate":"2024-09-26 23:41:28","addeddate":"2024-09-26 23:41:28","curation":"[curator]validator@archive.org[/curator][date]20240926234226[/date][comment]checked for malware[/comment]"},"server":"ia800102.us.archive.org","uniq":1122286184,"workable_servers":["ia800102.us.archive.org","ia600102.us.archive.org"]}