{"alternate_locations":{"servers":[{"server":"dn710203.ca.archive.org","dir":"/0/items/1977-raul-seixas-o-dia-em-que-a-terra-parou"}],"workable":[{"server":"dn710203.ca.archive.org","dir":"/0/items/1977-raul-seixas-o-dia-em-que-a-terra-parou"}]},"created":1767565064,"d1":"ia600408.us.archive.org","d2":"ia800408.us.archive.org","dir":"/2/items/1977-raul-seixas-o-dia-em-que-a-terra-parou","files":[{"name":"01 Tapanacara.mp3","source":"original","mtime":"1718921205","size":"7420632","md5":"d5ce9749cc829d5f4e70dff1acf49eb2","crc32":"611bbfe2","sha1":"6575a7442dc85375e9fa575ae5b43a6df2f75c55","format":"VBR MP3","length":"184.03","title":"Tapanacara","creator":"Raul Seixas","album":"O Dia Em Que A Terra Parou","track":"01/10","artist":"Raul Seixas","genre":"Rock","comment":"Visite: http://www.musicasdonordeste.com/ http://www.musicasdonordeste.com/ http://www.musicasdonordeste.com/ Mantenha os créditos! Obrigado!"},{"name":"01 Tapanacara.png","source":"derivative","format":"PNG","original":"01 Tapanacara.mp3","mtime":"1718921573","size":"44771","md5":"7a08a1471d1da0c027f8e5c7550b0ee2","crc32":"c60cf2ef","sha1":"f717bbc0dda80f3c883e70dcb020a2e1cf0ba4db"},{"name":"01 Tapanacara_spectrogram.png","source":"derivative","format":"Spectrogram","original":"01 Tapanacara.mp3","mtime":"1718924080","size":"7646","md5":"dba84ba5f5ab541545648ab1e397ca9c","crc32":"716e7796","sha1":"476e27d2b0b66fd946e140540fb8ec724cdf2a92"},{"name":"02 Maluco Beleza.mp3","source":"original","mtime":"1718921226","size":"8247645","md5":"ce77da4f8bf210f27cd076566aab5d62","crc32":"e645e38c","sha1":"be378e64d596039b7b548874da2166af8c4d5231","format":"VBR MP3","length":"204.7","title":"Maluco Beleza","creator":"Raul Seixas","album":"O Dia Em Que A Terra Parou","track":"02/10","artist":"Raul Seixas","genre":"Rock","comment":"Visite: http://www.musicasdonordeste.com/ http://www.musicasdonordeste.com/ http://www.musicasdonordeste.com/ Mantenha os créditos! Obrigado!"},{"name":"02 Maluco Beleza.png","source":"derivative","format":"PNG","original":"02 Maluco Beleza.mp3","mtime":"1718922534","size":"37664","md5":"c0a9336bb39feb6430cd9db3358f2cb3","crc32":"9f60ff91","sha1":"5ad68e5d241a02a3ccef9c5a22228fed99e2cee9"},{"name":"02 Maluco Beleza_spectrogram.png","source":"derivative","format":"Spectrogram","original":"02 Maluco Beleza.mp3","mtime":"1718923925","size":"7694","md5":"c52e46cd992bcbae8e9fdf8b24a8e360","crc32":"cd7969c1","sha1":"d190859509fa5e6bb72d798f4b036a3ee49f1322"},{"name":"03 O Dia em Que a Terra Parou.mp3","source":"original","mtime":"1718921249","size":"10676755","md5":"5c0e9b44af716a1d4db20deb4f3744f0","crc32":"7c4a4e24","sha1":"c66d64ec03375b97d2c5d77f059b0f415883bd45","format":"VBR MP3","length":"265.35","title":"O Dia em Que a Terra Parou","creator":"Raul Seixas","album":"O Dia Em Que A Terra Parou","track":"03/10","artist":"Raul Seixas","genre":"Rock","comment":"Visite: http://www.musicasdonordeste.com/ http://www.musicasdonordeste.com/ http://www.musicasdonordeste.com/ Mantenha os créditos! Obrigado!"},{"name":"03 O Dia em Que a Terra Parou.png","source":"derivative","format":"PNG","original":"03 O Dia em Que a Terra Parou.mp3","mtime":"1718922423","size":"41075","md5":"38e06b242bba3f7b298c1efa882c72fe","crc32":"8776287a","sha1":"9bdde4a1de247810225448dddc59026a560e852e"},{"name":"03 O Dia em Que a Terra Parou_spectrogram.png","source":"derivative","format":"Spectrogram","original":"03 O Dia em Que a Terra Parou.mp3","mtime":"1718923708","size":"8072","md5":"3b569bbd1c6872de4edc1efc4d484af2","crc32":"d2dc405f","sha1":"4f66baa28f2f19e60cbb88d857989055bdcd4efe"},{"name":"04 No Fundo Do Quintal Da Escola.mp3","source":"original","mtime":"1718921261","size":"7211961","md5":"dc0e5c808140b268216a55a9ff727e70","crc32":"1a34f105","sha1":"b41a009947a4475f97e0ec5575f1ee10a9a12a10","format":"VBR MP3","length":"178.78","title":"No Fundo Do Quintal Da Escola","creator":"Raul Seixas","album":"O Dia Em Que A Terra Parou","track":"04/10","artist":"Raul Seixas","genre":"Rock","comment":"Visite: http://www.musicasdonordeste.com/ http://www.musicasdonordeste.com/ http://www.musicasdonordeste.com/ Mantenha os créditos! Obrigado!"},{"name":"04 No Fundo Do Quintal Da Escola.png","source":"derivative","format":"PNG","original":"04 No Fundo Do Quintal Da Escola.mp3","mtime":"1718922215","size":"44368","md5":"c1ed0cbe01c612dd7641e54d6dcb7723","crc32":"3b691e4e","sha1":"a0602d7dc7a05f53e7f9ad6514a17d214ff41d89"},{"name":"04 No Fundo Do Quintal Da Escola_spectrogram.png","source":"derivative","format":"Spectrogram","original":"04 No Fundo Do Quintal Da Escola.mp3","mtime":"1718923502","size":"7717","md5":"e4ce18e9c44d549e7524d9f2b9336d2a","crc32":"b3620ba9","sha1":"c1b163723266899bed80a54b80d126409462860e"},{"name":"05 Eu Quero Mesmo.mp3","source":"original","mtime":"1718921273","size":"6374039","md5":"55f747ce5694eec101905c67ce2be891","crc32":"f0cee56d","sha1":"246a30e54400dcd9686419f5a93618c6269ebb55","format":"VBR MP3","length":"157.83","title":"Eu Quero Mesmo","creator":"Raul Seixas","album":"O Dia Em Que A Terra Parou","track":"05/10","artist":"Raul Seixas","genre":"Rock","comment":"Visite: http://www.musicasdonordeste.com/ http://www.musicasdonordeste.com/ http://www.musicasdonordeste.com/ Mantenha os créditos! Obrigado!"},{"name":"05 Eu Quero Mesmo.png","source":"derivative","format":"PNG","original":"05 Eu Quero Mesmo.mp3","mtime":"1718922114","size":"40685","md5":"c9deeb41d6d5adfa2d3260aea1cf1ffb","crc32":"df1a073f","sha1":"344edc21d95d2f1f71cca8cb01c9d812801cfa0e"},{"name":"05 Eu Quero Mesmo_spectrogram.png","source":"derivative","format":"Spectrogram","original":"05 Eu Quero Mesmo.mp3","mtime":"1718923341","size":"7568","md5":"513334bc302acccc09f524a865a1ccc6","crc32":"e73ef100","sha1":"572507a9beb43af4c937b578bef9feded63a66f4"},{"name":"06 Sapato 36.mp3","source":"original","mtime":"1718921299","size":"8043510","md5":"ebd519b2b1bbab39b6036ec74bf10f11","crc32":"0e108822","sha1":"7335385cf845c8790056bfe18849a9990e51418e","format":"VBR MP3","length":"199.58","title":"Sapato 36","creator":"Raul Seixas","album":"O Dia Em Que A Terra Parou","track":"06/10","artist":"Raul Seixas","genre":"Rock","comment":"Visite: http://www.musicasdonordeste.com/ http://www.musicasdonordeste.com/ http://www.musicasdonordeste.com/ Mantenha os créditos! Obrigado!"},{"name":"06 Sapato 36.png","source":"derivative","format":"PNG","original":"06 Sapato 36.mp3","mtime":"1718921852","size":"40180","md5":"2318f7ddda1c9523273e5be4129d2c59","crc32":"f33d6594","sha1":"6a51a7aa7bcdb691bb688ce0ca3d91d8f83ad51d"},{"name":"06 Sapato 36_spectrogram.png","source":"derivative","format":"Spectrogram","original":"06 Sapato 36.mp3","mtime":"1718922824","size":"66012","md5":"2393a7480faaab8d8396e58a6339c095","crc32":"e355569c","sha1":"adcaa417d017d067331e152f643a02da7a895107"},{"name":"07 Você.mp3","source":"original","mtime":"1718921316","size":"7613890","md5":"6cea1536cfe221acf873eeeff5ca9a1a","crc32":"e884b2d1","sha1":"0b08ac3e696d628c80c26992b56246f393bd5f73","format":"VBR MP3","length":"188.84","title":"Você","creator":"Raul Seixas","album":"O Dia Em Que A Terra Parou","track":"07/10","artist":"Raul Seixas","genre":"Rock","comment":"Visite: http://www.musicasdonordeste.com/ http://www.musicasdonordeste.com/ http://www.musicasdonordeste.com/ Mantenha os créditos! Obrigado!"},{"name":"07 Você.png","source":"derivative","format":"PNG","original":"07 Você.mp3","mtime":"1718921965","size":"40775","md5":"da2af028f49adaa5c95857a4ed1ba0a9","crc32":"7d3499a6","sha1":"a94237a0b604426a73935c6ebda48f84a55c0cbc"},{"name":"07 Você_spectrogram.png","source":"derivative","format":"Spectrogram","original":"07 Você.mp3","mtime":"1718923180","size":"7619","md5":"c029a02eb9c22740223c991612923911","crc32":"7a91fd5c","sha1":"3126e8f62cc00055b59bebf93dd40c87d5b55f50"},{"name":"08 Sim.mp3","source":"original","mtime":"1718921340","size":"8368882","md5":"b095fff1d6de2ed11f296bea01d77f34","crc32":"1cbb3e17","sha1":"41a7c559b1305cdee3a0cac7137c325a37ca248f","format":"VBR MP3","length":"207.73","title":"Sim","creator":"Raul Seixas","album":"O Dia Em Que A Terra Parou","track":"08/10","artist":"Raul Seixas","genre":"Rock","comment":"Visite: http://www.musicasdonordeste.com/ http://www.musicasdonordeste.com/ http://www.musicasdonordeste.com/ Mantenha os créditos! Obrigado!"},{"name":"08 Sim.png","source":"derivative","format":"PNG","original":"08 Sim.mp3","mtime":"1718921750","size":"37953","md5":"bad98a0aa8ad0f0e3bb16d949ba5d475","crc32":"b88d58f8","sha1":"09288cd40b19c59ac99dc2ec770d6f7b355dd08b"},{"name":"08 Sim_spectrogram.png","source":"derivative","format":"Spectrogram","original":"08 Sim.mp3","mtime":"1718923042","size":"7605","md5":"821ebc5a3022e785579f75864021b43e","crc32":"cfae827d","sha1":"d56f7d839b142016d34309be9052879b27cd64d7"},{"name":"09 Que Luz É Essa.mp3","source":"original","mtime":"1718921357","size":"6803200","md5":"3a93e7ba4a9d4e256b003f5625002a37","crc32":"8174458a","sha1":"c44148404da12f7e81ec87ad23f2e5f3f73b9d8f","format":"VBR MP3","length":"168.62","title":"Que Luz É Essa","creator":"Raul Seixas","album":"O Dia Em Que A Terra Parou","track":"09/10","artist":"Raul Seixas","genre":"Rock","comment":"Visite: http://www.musicasdonordeste.com/ http://www.musicasdonordeste.com/ http://www.musicasdonordeste.com/ Mantenha os créditos! Obrigado!"},{"name":"09 Que Luz É Essa.png","source":"derivative","format":"PNG","original":"09 Que Luz É Essa.mp3","mtime":"1718922288","size":"38157","md5":"109f6e849ac48a01fb42b3dee0fb53a5","crc32":"0fa00bee","sha1":"45ea5e4b986122dd2c5ba4456ce227b2b182682c"},{"name":"09 Que Luz É Essa_spectrogram.png","source":"derivative","format":"Spectrogram","original":"09 Que Luz É Essa.mp3","mtime":"1718922748","size":"7621","md5":"f72f49afd3e3fa52abcdb9c3752ff23c","crc32":"809d6449","sha1":"15c0bc8010b3732ed212a779f97b44e0af51f06b"},{"name":"10 De Cabeça Pra Baixo.mp3","source":"original","mtime":"1718921373","size":"6335066","md5":"ba6cb2f1b96d8286b95d864bd6b50e0b","crc32":"9d9b6765","sha1":"2b0287e1b5d6f1f27650368fedc469d0a99d053b","format":"VBR MP3","length":"156.92","title":"De Cabeça Pra Baixo","creator":"Raul Seixas","album":"O Dia Em Que A Terra Parou","track":"10/10","artist":"Raul Seixas","genre":"Rock","comment":"Visite: http://www.musicasdonordeste.com/ http://www.musicasdonordeste.com/ http://www.musicasdonordeste.com/ Mantenha os créditos! Obrigado!"},{"name":"10 De Cabeça Pra Baixo.png","source":"derivative","format":"PNG","original":"10 De Cabeça Pra Baixo.mp3","mtime":"1718921663","size":"43038","md5":"6ce33caa7f828714d64d508d47079735","crc32":"e97b47e7","sha1":"5e9426f863fd0e1c55b47f73cadec13c751d7cfa"},{"name":"10 De Cabeça Pra Baixo_spectrogram.png","source":"derivative","format":"Spectrogram","original":"10 De Cabeça Pra Baixo.mp3","mtime":"1718922651","size":"7624","md5":"0702d1357d20a15b70e85a5a36971627","crc32":"1f03c537","sha1":"6ca28b686c0d47184965563b4bce7e9c41f8dbab"},{"name":"1977-raul-seixas-o-dia-em-que-a-terra-parou_archive.torrent","source":"metadata","btih":"c673892bfacee0797988e2d1bac112f36bc66d30","mtime":"1718928611","size":"10614","md5":"c53f05cac5ab95beb19b8831bc896f41","crc32":"52a0108c","sha1":"ff79fa03ee17786ea75b57066522c8f3c7a68e4f","format":"Archive BitTorrent"},{"name":"1977-raul-seixas-o-dia-em-que-a-terra-parou_files.xml","source":"original","format":"Metadata","md5":"b0b964dd45a66f9a0d6e4e0c1bb50c05","summation":"md5"},{"name":"1977-raul-seixas-o-dia-em-que-a-terra-parou_meta.sqlite","source":"original","mtime":"1718921388","size":"65536","md5":"d7326e39d90b5e28e622e5f24c8b0fa1","crc32":"d618e3f1","sha1":"a3973598ff06ea5ce7153f699d3d46f99c5f31cb","format":"Metadata"},{"name":"1977-raul-seixas-o-dia-em-que-a-terra-parou_meta.xml","source":"original","mtime":"1718928608","size":"1174","md5":"f7d16a02530bfeb0891913aee82e23a8","crc32":"5d8104be","sha1":"ba9b1d189c6d969c99346f2f1337499cc6b4968b","format":"Metadata"},{"name":"__ia_thumb.jpg","source":"original","mtime":"1718921395","size":"11823","md5":"2cc7c761fe9016e8c67cf4d6cfec76dd","crc32":"a0457c64","sha1":"e7b112ab96b247148def3aa1ca4215639afc06fd","format":"Item Tile"},{"name":"folder.jpg","source":"original","mtime":"1718921376","size":"37573","md5":"1e95e900088c38e5f85a5996785f8ad5","crc32":"b6f38cfd","sha1":"8b48fdf8b0204be7386d5bad62bbed68e19acad0","format":"JPEG"},{"name":"folder_thumb.jpg","source":"derivative","format":"JPEG Thumb","original":"folder.jpg","mtime":"1718921488","size":"8287","md5":"e29478a7ee3babf7d348482c7242a8b0","crc32":"f9f44c20","sha1":"3b1bb4b4d743eda40458cb46d3967f7e5b83f4ce"}],"files_count":37,"item_last_updated":1718928611,"item_size":77774431,"metadata":{"identifier":"1977-raul-seixas-o-dia-em-que-a-terra-parou","mediatype":"audio","collection":"opensource_audio","creator":"Raul Seixas","date":"1977-10","description":"Lançado pela Warner Bros.","language":"por","licenseurl":"https://creativecommons.org/publicdomain/zero/1.0/","scanner":"Internet Archive HTML5 Uploader 1.7.0","subject":["MPB","Rock","Blues","Folk","Psychedelic","Pop","Funk","Baroque","Latin","Brasil","Brazil","Bostil","Alternative"],"title":"O Dia Em Que A Terra Parou","uploader":"wizard1006@proton.me","publicdate":"2024-06-20 22:07:04","addeddate":"2024-06-20 22:07:04","curation":"[curator]validator@archive.org[/curator][date]20240620220807[/date][comment]checked for malware[/comment]","year":"1977"},"server":"ia800408.us.archive.org","uniq":1224276401,"workable_servers":["ia800408.us.archive.org","ia600408.us.archive.org"]}