{"alternate_locations":{"servers":[{"server":"dn710002.ca.archive.org","dir":"/0/items/1977-la-maquina-de-hacer-pajaros-peliculas"}],"workable":[{"server":"dn710002.ca.archive.org","dir":"/0/items/1977-la-maquina-de-hacer-pajaros-peliculas"}]},"created":1767565058,"d1":"ia600601.us.archive.org","d2":"ia800601.us.archive.org","dir":"/9/items/1977-la-maquina-de-hacer-pajaros-peliculas","files":[{"name":"01 Obertura 777.mp3","source":"original","mtime":"1724418216","size":"12043336","md5":"c579ddbe1c631059a6d0065b011ba748","crc32":"bef7cf8a","sha1":"6e612878f1a4423be14de3b61a81a5f5ad5f4f4d","format":"VBR MP3","length":"291.12","title":"Obertura 777","creator":"La Máquina de Hacer Pájaros","album":"Películas","track":"1","artist":"La Máquina de Hacer Pájaros","genre":"Prog Rock"},{"name":"01 Obertura 777.png","source":"derivative","format":"PNG","original":"01 Obertura 777.mp3","mtime":"1724418534","size":"37860","md5":"dfe012fca2d0c7c82279c63c419e3def","crc32":"e7bc7fda","sha1":"442079cab95a1b3f7db25cccf49505b7c5e2398f"},{"name":"01 Obertura 777_spectrogram.png","source":"derivative","format":"Spectrogram","original":"01 Obertura 777.mp3","mtime":"1724419889","size":"322016","md5":"c32158ad1ea0465a3462cf0e55424d08","crc32":"45db0dd1","sha1":"eec5479673212b517081a9c821c3f3b30f99bdde"},{"name":"02 Marilyn, La Cenicienta Y Las Mujeres.mp3","source":"original","mtime":"1724418253","size":"10957576","md5":"697fab20fc0fb7e18a0b31fb445a6b41","crc32":"7912efb7","sha1":"65243d7fd7fc87ff04b85b6e4d40d3c2e03721a6","format":"VBR MP3","length":"263.98","title":"Marilyn, la Cenicienta y las mujeres","creator":"La Máquina de Hacer Pájaros","album":"Películas","track":"2","artist":"La Máquina de Hacer Pájaros","genre":"Prog Rock"},{"name":"02 Marilyn, La Cenicienta Y Las Mujeres.png","source":"derivative","format":"PNG","original":"02 Marilyn, La Cenicienta Y Las Mujeres.mp3","mtime":"1724419244","size":"32969","md5":"06f932434f03e18f318f1391c3f26931","crc32":"05a91795","sha1":"7d07a9c2f9e16349d6317b327bd4ba7f42d1ddd8"},{"name":"02 Marilyn, La Cenicienta Y Las Mujeres_spectrogram.png","source":"derivative","format":"Spectrogram","original":"02 Marilyn, La Cenicienta Y Las Mujeres.mp3","mtime":"1724419833","size":"326860","md5":"6d01b5174120cccb7ceaf7f2f69a8041","crc32":"d8e606c1","sha1":"d61f868823964d1cbebb1d266459d8e7a9e5e384"},{"name":"03 No Te Dejes Desanimar.mp3","source":"original","mtime":"1724418272","size":"10318216","md5":"5a385eef9d32c4740a91f337e5ed44f9","crc32":"7d97a9c8","sha1":"ab80b44c5b98f38899d8541b1d4f191dc980529a","format":"VBR MP3","length":"247.99","title":"No te dejes desanimar","creator":"La Máquina de Hacer Pájaros","album":"Películas","track":"3","artist":"La Máquina de Hacer Pájaros","genre":"Prog Rock"},{"name":"03 No Te Dejes Desanimar.png","source":"derivative","format":"PNG","original":"03 No Te Dejes Desanimar.mp3","mtime":"1724419189","size":"39889","md5":"a308c758d4a7479080a930ee07546364","crc32":"827c0a16","sha1":"0ac0bd4284d61a15bec20c0ad2f62d48ebe8761c"},{"name":"03 No Te Dejes Desanimar_spectrogram.png","source":"derivative","format":"Spectrogram","original":"03 No Te Dejes Desanimar.mp3","mtime":"1724419616","size":"323482","md5":"93b19398527d1a138651d132d1aaed57","crc32":"b7596c8c","sha1":"e233a9e4d74932afc68752bf9445471f29ef1bc2"},{"name":"04 Que Se Puede Hacer Salvo Ver Peliculas.mp3","source":"original","mtime":"1724418301","size":"15286216","md5":"3d66454e89e078ffb0ca13ff11fe109d","crc32":"9c10f737","sha1":"cfdf4fbb39e14012cccedea182bac0eabdf2d4f1","format":"VBR MP3","length":"372.19","title":"Qué se puede hacer salvo ver películas","creator":"La Máquina de Hacer Pájaros","album":"Películas","track":"4","artist":"La Máquina de Hacer Pájaros","genre":"Prog Rock"},{"name":"04 Que Se Puede Hacer Salvo Ver Peliculas.png","source":"derivative","format":"PNG","original":"04 Que Se Puede Hacer Salvo Ver Peliculas.mp3","mtime":"1724419005","size":"38286","md5":"b898e46c0c97aee736edf0591a2352bb","crc32":"22cd33f7","sha1":"5609736c1f64b2a6685dd32dea8969739aa00bdd"},{"name":"04 Que Se Puede Hacer Salvo Ver Peliculas_spectrogram.png","source":"derivative","format":"Spectrogram","original":"04 Que Se Puede Hacer Salvo Ver Peliculas.mp3","mtime":"1724419571","size":"311798","md5":"c3fb92052bbf296f159daa8c1eab41f7","crc32":"bca7ba2a","sha1":"95a149413839f9b1499de578705c4abdd38b473c"},{"name":"05 Hipercandombe.mp3","source":"original","mtime":"1724418312","size":"11225416","md5":"c2edf0de3cae4b20fa019d415e33b782","crc32":"c06d0099","sha1":"7c68713a4c0cc8b5b3093702bcc440bb00275aac","format":"VBR MP3","length":"270.67","title":"Hipercandombe","creator":"La Máquina de Hacer Pájaros","album":"Películas","track":"5","artist":"La Máquina de Hacer Pájaros","genre":"Prog Rock"},{"name":"05 Hipercandombe.png","source":"derivative","format":"PNG","original":"05 Hipercandombe.mp3","mtime":"1724418649","size":"44581","md5":"bdac554928480e2c9e94d15e24cb4849","crc32":"a524825a","sha1":"690a994f72c265122ac77ef4a5bf691239fcc9bd"},{"name":"05 Hipercandombe_spectrogram.png","source":"derivative","format":"Spectrogram","original":"05 Hipercandombe.mp3","mtime":"1724419451","size":"305454","md5":"724801c5db36668f9578539a2e6e7e7d","crc32":"87674461","sha1":"69034f559d1e3f47d4f68eebf9c028b7f61a2246"},{"name":"06 Vendedor De Las Chicas De Plastico.mp3","source":"original","mtime":"1724418335","size":"11739976","md5":"9571d85e10dadcf90691eef91b5c5f55","crc32":"9b06b0b0","sha1":"70ef971b9d4c79e51e54681d5d3e7371bc6633d3","format":"VBR MP3","length":"283.54","title":"El vendedor de las muñecas de plástico","creator":"La Máquina de Hacer Pájaros","album":"Películas","track":"6","artist":"La Máquina de Hacer Pájaros","genre":"Prog Rock"},{"name":"06 Vendedor De Las Chicas De Plastico.png","source":"derivative","format":"PNG","original":"06 Vendedor De Las Chicas De Plastico.mp3","mtime":"1724418730","size":"44094","md5":"03115b74661218477010575f531abe33","crc32":"b1f8f9d5","sha1":"89d9392022b5b0e7e15eae09a2de0dbef6cb07fd"},{"name":"06 Vendedor De Las Chicas De Plastico_spectrogram.png","source":"derivative","format":"Spectrogram","original":"06 Vendedor De Las Chicas De Plastico.mp3","mtime":"1724419505","size":"317147","md5":"77be0c48a1f1a63dc1ddfd9af3b64195","crc32":"f7f9aebf","sha1":"49134fefa36fe736c9eb71191ee0940576aa9969"},{"name":"07 Ruta Perdedora.mp3","source":"original","mtime":"1724418357","size":"13920136","md5":"6e760568ff7f7a3f0b5077c08f36b291","crc32":"40eace17","sha1":"310cdfdae2b197d281f465062c426de340e9918c","format":"VBR MP3","length":"338.04","title":"Ruta perdedora","creator":"La Máquina de Hacer Pájaros","album":"Películas","track":"7","artist":"La Máquina de Hacer Pájaros","genre":"Prog Rock"},{"name":"07 Ruta Perdedora.png","source":"derivative","format":"PNG","original":"07 Ruta Perdedora.mp3","mtime":"1724419104","size":"33968","md5":"e6fbd5f48e5313944365ea54837e1977","crc32":"e1b22f26","sha1":"d202f846c7af70ce51343aaa6b59aedc68122bec"},{"name":"07 Ruta Perdedora_spectrogram.png","source":"derivative","format":"Spectrogram","original":"07 Ruta Perdedora.mp3","mtime":"1724419385","size":"324542","md5":"f7be9843f1059412de8150fe9fe0969a","crc32":"4b231722","sha1":"22e563405aceb24ea7693c4e97a4d2cc2ecd57de"},{"name":"08 En Las Calles De Costa Rica.mp3","source":"original","mtime":"1724418372","size":"9979337","md5":"bfadc7c9e57874d7912fdf7bfe3e32af","crc32":"2b7306f2","sha1":"5bd6a9772233cb4756d83b3981d20e171618ba18","format":"VBR MP3","length":"239.52","title":"En las calles de Costa Rica","creator":"La Máquina de Hacer Pájaros","album":"Películas","track":"8","artist":"La Máquina de Hacer Pájaros","genre":"Prog Rock"},{"name":"08 En Las Calles De Costa Rica.png","source":"derivative","format":"PNG","original":"08 En Las Calles De Costa Rica.mp3","mtime":"1724418598","size":"43077","md5":"182b7dbb1132ca65c421e41332ff875f","crc32":"7ef7d35b","sha1":"ff7f1c4faedfc4d962296edb49120fbcae84503b"},{"name":"08 En Las Calles De Costa Rica_spectrogram.png","source":"derivative","format":"Spectrogram","original":"08 En Las Calles De Costa Rica.mp3","mtime":"1724419320","size":"314730","md5":"d59e8e3d8b5e53bd6cc93ada008295c6","crc32":"90d030a7","sha1":"38aeae26d5f39a92a4025834852e074d7f9eaa61"},{"name":"1977-la-maquina-de-hacer-pajaros-peliculas_archive.torrent","source":"metadata","btih":"357ca32b0168b327ce1702468b13f78111413c22","mtime":"1725149035","size":"10586","md5":"b60b5904dff9a8a0aeed54e7655fa60c","crc32":"df406230","sha1":"99ad603d75ec7106829a67a1dbd650b5b1f3b8d3","format":"Archive BitTorrent"},{"name":"1977-la-maquina-de-hacer-pajaros-peliculas_files.xml","source":"original","format":"Metadata","md5":"c61662872ecb845993ebfbbaa1e3671d","summation":"md5"},{"name":"1977-la-maquina-de-hacer-pajaros-peliculas_meta.sqlite","source":"original","mtime":"1724418393","size":"57344","md5":"783091a971b64fa7368eb10cf64c48e1","crc32":"c111877c","sha1":"037afabb3e0ebbe5c3bdeb6e404479c920f71d05","format":"Metadata"},{"name":"1977-la-maquina-de-hacer-pajaros-peliculas_meta.xml","source":"original","mtime":"1725149032","size":"1130","md5":"051e103e56f40baa04569e272957214c","crc32":"5f452fa5","sha1":"42f91dc82d53942ec045d834150e7476389a3c7b","format":"Metadata"},{"name":"__ia_thumb.jpg","source":"original","mtime":"1724418399","size":"18801","md5":"1f601caebe83b9daa805fcf58fb98192","crc32":"78991d8c","sha1":"7d8f0c44f4aa754abdab062829e3067b9eab1d6d","format":"Item Tile"},{"name":"cover.jpg","source":"original","mtime":"1724418379","size":"610461","md5":"abe104da36ab0d622bb427c0cefadbd6","crc32":"b710d6c7","sha1":"e95282750713e6f4b5eac28159a2fef0ae9ad878","format":"JPEG"},{"name":"cover_thumb.jpg","source":"derivative","format":"JPEG Thumb","original":"cover.jpg","mtime":"1724418488","size":"12515","md5":"bc3d5a128af1b78e0ee451bb271b7515","crc32":"5b018076","sha1":"c9fda955250d000abf75a457e1c5e79c562bb6dc"}],"files_count":31,"item_last_updated":1725149035,"item_size":99041799,"metadata":{"identifier":"1977-la-maquina-de-hacer-pajaros-peliculas","mediatype":"audio","collection":"opensource_audio","creator":"La Máquina de Hacer Pájaros","date":"1977-09","description":"Released by the band \"La Máquina de Hacer Pájaros\"","language":"spa","licenseurl":"https://creativecommons.org/publicdomain/zero/1.0/","scanner":"Internet Archive HTML5 Uploader 1.7.0","subject":["Prog","Rock","Jazz","Fusion","Symphonic","Pop","Psychedelic","Avant Garde","Argentina","Latin"],"title":"Películas","uploader":"neue_monarchie@proton.me","publicdate":"2024-08-23 13:04:06","addeddate":"2024-08-23 13:04:06","curation":"[curator]validator@archive.org[/curator][date]20240823130505[/date][comment]checked for malware[/comment]","year":"1977"},"server":"ia800601.us.archive.org","uniq":1540246998,"workable_servers":["ia800601.us.archive.org","ia600601.us.archive.org"]}