{"alternate_locations":{"servers":[{"server":"dn721604.ca.archive.org","dir":"/0/items/1978-tim-maia-disco-club"}],"workable":[{"server":"dn721604.ca.archive.org","dir":"/0/items/1978-tim-maia-disco-club"}]},"created":1767565079,"d1":"ia600405.us.archive.org","d2":"ia800405.us.archive.org","dir":"/35/items/1978-tim-maia-disco-club","files":[{"name":"01 - A Fim de Voltar.mp3","source":"original","mtime":"1718909926","size":"9906207","md5":"523d59f6d38b2f90485331d976593810","crc32":"e7361d37","sha1":"ff3ac0b5eee1c94ccaebbc61e43611e479ead2bf","format":"VBR MP3","length":"245.6","title":"A Fim de Voltar","creator":"Tim Maia","album":"Disco Club","track":"01/10","artist":"Tim Maia","genre":"Soul","comment":"Visite: http://www.musicasdonordeste.com/ http://www.musicasdonordeste.com/ http://www.musicasdonordeste.com/ Mantenha os créditos! Obrigado!"},{"name":"01 - A Fim de Voltar.png","source":"derivative","format":"PNG","original":"01 - A Fim de Voltar.mp3","mtime":"1718910611","size":"46220","md5":"fdaa6fb1bd6a7bd139d5ec811443095b","crc32":"4e453824","sha1":"af32fa702da552680db9d661576fb8c943d41b3e"},{"name":"01 - A Fim de Voltar_spectrogram.png","source":"derivative","format":"Spectrogram","original":"01 - A Fim de Voltar.mp3","mtime":"1718916385","size":"306724","md5":"76a76e2477298fec4eded8f4818d98a6","crc32":"6e47c144","sha1":"2ed161f8e0cdd0c43f55f2fa55179477d27096c8"},{"name":"02 - Acenda o Farol.mp3","source":"original","mtime":"1718909959","size":"7734908","md5":"efd798a7a1ca69b4a629709a953b6205","crc32":"080c70e9","sha1":"37e19b49526081c4c28695cecb910e0c83efdf11","format":"VBR MP3","length":"191.32","title":"Acenda o Farol","creator":"Tim Maia","album":"Disco Club","track":"02/10","artist":"Tim Maia","genre":"Soul","comment":"Visite: http://www.musicasdonordeste.com/ http://www.musicasdonordeste.com/ http://www.musicasdonordeste.com/ Mantenha os créditos! Obrigado!"},{"name":"02 - Acenda o Farol.png","source":"derivative","format":"PNG","original":"02 - Acenda o Farol.mp3","mtime":"1718914210","size":"44810","md5":"252594aa3b5c85f08578290a69a9b35f","crc32":"8a7e25d6","sha1":"25117ae0ea8c0fa8c2cb5ca9364b35ce43a4caab"},{"name":"02 - Acenda o Farol_spectrogram.png","source":"derivative","format":"Spectrogram","original":"02 - Acenda o Farol.mp3","mtime":"1718916274","size":"308173","md5":"4fc08dad550cfbb9bc6a5f0c8608550a","crc32":"6b99227e","sha1":"74e66a86e95de1fcb11d4f9afaf6134b00cef517"},{"name":"03 - Sossego.mp3","source":"original","mtime":"1718909970","size":"8987734","md5":"5b22cce1568a7e943d99490b30216302","crc32":"7be27837","sha1":"93ed49dabdfbfeae72967f34b320fe61c3a5b938","format":"VBR MP3","length":"222.64","title":"Sossego","creator":"Tim Maia","album":"Disco Club","track":"03/10","artist":"Tim Maia","genre":"Soul","comment":"Visite: http://www.musicasdonordeste.com/ http://www.musicasdonordeste.com/ http://www.musicasdonordeste.com/ Mantenha os créditos! Obrigado!"},{"name":"03 - Sossego.png","source":"derivative","format":"PNG","original":"03 - Sossego.mp3","mtime":"1718913444","size":"49276","md5":"2b25a4ca927633928a4839cec0e37ffb","crc32":"ded6f5f4","sha1":"084152a68ee18f8d0dabb251d42067a00a0d14d9"},{"name":"03 - Sossego_spectrogram.png","source":"derivative","format":"Spectrogram","original":"03 - Sossego.mp3","mtime":"1718915648","size":"311612","md5":"c1bd1b5cdea3ad56ff12df6d65c588a1","crc32":"f6b7be79","sha1":"9f5011ea6bffd7972192cc09dba530bf01aa6caf"},{"name":"04 - Vitória Régia Estou Contigo e N╞o Abro.mp3","source":"original","mtime":"1718909979","size":"5527063","md5":"046e71f43013ccb54c05bd688c94ac50","crc32":"88611d7f","sha1":"892eac8633a087dc04d07d337c31fdfd5e680da6","format":"VBR MP3","length":"136.12","title":"Vitória Régia Estou Contigo e Não Abro","creator":"Tim Maia","album":"Disco Club","track":"04/10","artist":"Tim Maia","genre":"Soul","comment":"Visite: http://www.musicasdonordeste.com/ http://www.musicasdonordeste.com/ http://www.musicasdonordeste.com/ Mantenha os créditos! Obrigado!"},{"name":"04 - Vitória Régia Estou Contigo e N╞o Abro.png","source":"derivative","format":"PNG","original":"04 - Vitória Régia Estou Contigo e N╞o Abro.mp3","mtime":"1718913091","size":"39902","md5":"5b6b205033acb15facb0e20d13f02e42","crc32":"74fc098d","sha1":"a72fbf0e7522a31de1bbc3f72f02679978b28e0a"},{"name":"04 - Vitória Régia Estou Contigo e N╞o Abro_spectrogram.png","source":"derivative","format":"Spectrogram","original":"04 - Vitória Régia Estou Contigo e N╞o Abro.mp3","mtime":"1718915523","size":"313407","md5":"f8aaf3471966d584df16405df3c72974","crc32":"cfc2597c","sha1":"60f301783781eb0782a66d09f55dc1b851d6f61c"},{"name":"05 - All I Want.mp3","source":"original","mtime":"1718909994","size":"8273027","md5":"6ef852c63f7548a2b5ef51811cadc308","crc32":"e516a4b0","sha1":"fb3cdb427aae94f6e24d9195a152100c0399d704","format":"VBR MP3","length":"204.77","title":"All I Want","creator":"Tim Maia","album":"Disco Club","track":"05/10","artist":"Tim Maia","genre":"Soul","comment":"Visite: http://www.musicasdonordeste.com/ http://www.musicasdonordeste.com/ http://www.musicasdonordeste.com/ Mantenha os créditos! Obrigado!"},{"name":"05 - All I Want.png","source":"derivative","format":"PNG","original":"05 - All I Want.mp3","mtime":"1718912731","size":"44819","md5":"c8e34f7b86271a9606ff21427731aa80","crc32":"099b6b99","sha1":"80674b9670ca3204d987df19903c2a5bbd1f8692"},{"name":"05 - All I Want_spectrogram.png","source":"derivative","format":"Spectrogram","original":"05 - All I Want.mp3","mtime":"1718915405","size":"323087","md5":"a5e4af663981bce0d4acba185183684a","crc32":"164822aa","sha1":"3198acb5dad58bc50d9b2056fc631b89546b51ce"},{"name":"06 - Murmúrio.mp3","source":"original","mtime":"1718910010","size":"8192568","md5":"93ecf2a5db31749e24483f8cd6fc3404","crc32":"28372b4b","sha1":"ae5ee562593fbe5b7e3773549804b55009f176cc","format":"VBR MP3","length":"202.76","title":"Murmúrio","creator":"Tim Maia","album":"Disco Club","track":"06/10","artist":"Tim Maia","genre":"Soul","comment":"Visite: http://www.musicasdonordeste.com/ http://www.musicasdonordeste.com/ http://www.musicasdonordeste.com/ Mantenha os créditos! Obrigado!"},{"name":"06 - Murmúrio.png","source":"derivative","format":"PNG","original":"06 - Murmúrio.mp3","mtime":"1718911467","size":"41442","md5":"98853db899056b31ca1b8080d82e6e24","crc32":"2a147a3b","sha1":"204062d717382938af1df0e28f8715ec8a4b8738"},{"name":"06 - Murmúrio_spectrogram.png","source":"derivative","format":"Spectrogram","original":"06 - Murmúrio.mp3","mtime":"1718914910","size":"308530","md5":"1dfcf7751bdc3184ad1bb5d909fc34f4","crc32":"71cca692","sha1":"d49ced618b0f6cf7257f7a2617ba9835042e5d8f"},{"name":"07 - Pais e Filhos.mp3","source":"original","mtime":"1718910019","size":"9238515","md5":"e9b3609776f3a10a1d1fd31a4a045fba","crc32":"da14405b","sha1":"83dc9d715e83f9366fb41874f3ca5703fa5e7ac7","format":"VBR MP3","length":"228.91","title":"Pais e Filhos","creator":"Tim Maia","album":"Disco Club","track":"07/10","artist":"Tim Maia","genre":"Soul","comment":"Visite: http://www.musicasdonordeste.com/ http://www.musicasdonordeste.com/ http://www.musicasdonordeste.com/ Mantenha os créditos! Obrigado!"},{"name":"07 - Pais e Filhos.png","source":"derivative","format":"PNG","original":"07 - Pais e Filhos.mp3","mtime":"1718911863","size":"42179","md5":"f5f300b23c5654b334e73c179562aebe","crc32":"ca93f66c","sha1":"7ea595eaa6a3b78bc8a1765449e9ff6637ace184"},{"name":"07 - Pais e Filhos_spectrogram.png","source":"derivative","format":"Spectrogram","original":"07 - Pais e Filhos.mp3","mtime":"1718915215","size":"317292","md5":"74ec01b7b71f9456732317f126b62afd","crc32":"9fe8b9a0","sha1":"b03b64fa0b84d4de230200bb71b997a0de39dcab"},{"name":"08 - Se Me Lembro Faz Doer.mp3","source":"original","mtime":"1718910024","size":"9311666","md5":"4946b0640243398491823e4d52a34b13","crc32":"718cd18d","sha1":"2dac1931490e67c4917cec9d53d7b35b95359a0e","format":"VBR MP3","length":"230.74","title":"Se Me Lembro Faz Doer","creator":"Tim Maia","album":"Disco Club","track":"08/10","artist":"Tim Maia","genre":"Soul","comment":"Visite: http://www.musicasdonordeste.com/ http://www.musicasdonordeste.com/ http://www.musicasdonordeste.com/ Mantenha os créditos! Obrigado!"},{"name":"08 - Se Me Lembro Faz Doer.png","source":"derivative","format":"PNG","original":"08 - Se Me Lembro Faz Doer.mp3","mtime":"1718911266","size":"38587","md5":"d3296489075de122abb25d706a36942a","crc32":"484d58ab","sha1":"a2c2d3089f561aa8fc5bb1f862bc3807480241d0"},{"name":"08 - Se Me Lembro Faz Doer_spectrogram.png","source":"derivative","format":"Spectrogram","original":"08 - Se Me Lembro Faz Doer.mp3","mtime":"1718915066","size":"313510","md5":"40c2d1be3a27a2b5d6f9dfd4a857ebf3","crc32":"826f0a93","sha1":"693dbc2c45012236c18f5788b98d4f626636466e"},{"name":"09 - Juras.mp3","source":"original","mtime":"1718910045","size":"7804907","md5":"a1c9749fa94a3bc3bb6a9ce41041531a","crc32":"1a9aa7a6","sha1":"d8be191129e5a530ffd0a820fdba0496fc9c27ed","format":"VBR MP3","length":"193.07","title":"Juras","creator":"Tim Maia","album":"Disco Club","track":"09/10","artist":"Tim Maia","genre":"Soul","comment":"Visite: http://www.musicasdonordeste.com/ http://www.musicasdonordeste.com/ http://www.musicasdonordeste.com/ Mantenha os créditos! Obrigado!"},{"name":"09 - Juras.png","source":"derivative","format":"PNG","original":"09 - Juras.mp3","mtime":"1718913280","size":"45188","md5":"1416f686609fc69d6969b6d9849d637b","crc32":"1be37a26","sha1":"733e0d2c187841274d25824e8968e42c61301bd6"},{"name":"09 - Juras_spectrogram.png","source":"derivative","format":"Spectrogram","original":"09 - Juras.mp3","mtime":"1718914728","size":"315434","md5":"002e3f7ad6267b3a32dbb45ac8e45217","crc32":"6afc038a","sha1":"d59a1867d2edfa6ed48c84483389771d5852a541"},{"name":"10 - Jhony.mp3","source":"original","mtime":"1718910053","size":"5651374","md5":"d983815e73482f6635845283e5a94f47","crc32":"76d5ab9a","sha1":"ead1e876a1f36aaf542ab71bc3f93b7234319943","format":"VBR MP3","length":"139.23","title":"Jhony","creator":"Tim Maia","album":"Disco Club","track":"10/10","artist":"Tim Maia","genre":"Soul","comment":"Visite: http://www.musicasdonordeste.com/ http://www.musicasdonordeste.com/ http://www.musicasdonordeste.com/ Mantenha os créditos! Obrigado!"},{"name":"10 - Jhony.png","source":"derivative","format":"PNG","original":"10 - Jhony.mp3","mtime":"1718910876","size":"45003","md5":"f53ed825cc9861027e85561786e6e9b5","crc32":"364989b7","sha1":"906b68382ec252610106141cf382b18ef8e114c7"},{"name":"10 - Jhony_spectrogram.png","source":"derivative","format":"Spectrogram","original":"10 - Jhony.mp3","mtime":"1718914582","size":"323327","md5":"3db4474083a5910998ecdb2c12b6d116","crc32":"6e3519c8","sha1":"6965ed7c1c11e82afa9ff4d7f0d9e0e1563c0871"},{"name":"1978-tim-maia-disco-club_archive.torrent","source":"metadata","btih":"aeebe004e425c7eef17c7a45f528af8fb3ed52a2","mtime":"1718916416","size":"10755","md5":"d8a596a2e7a008064b989c4602a0be39","crc32":"ee74f68a","sha1":"f108c17875ef9a7dcf9c9c3ce6fb49fd6289d019","format":"Archive BitTorrent"},{"name":"1978-tim-maia-disco-club_files.xml","source":"original","format":"Metadata","md5":"45561bf3e7ff0742dfbd72745c8d2248","summation":"md5"},{"name":"1978-tim-maia-disco-club_meta.sqlite","source":"original","mtime":"1718910072","size":"53248","md5":"dde37353c9dbae3c7a5ed9ec2873cd67","crc32":"bf8da52f","sha1":"3f38a4982d65c2a91dc3f6a75d5decb2bee5948b","format":"Metadata"},{"name":"1978-tim-maia-disco-club_meta.xml","source":"original","mtime":"1718916405","size":"1063","md5":"e1a48bee08d4c50f4c7b498532f51c29","crc32":"f0246c1e","sha1":"7f82199d950c1a57ab5c0da0024a097829d6b954","format":"Metadata"},{"name":"Cover.jpeg","source":"original","mtime":"1718910056","size":"117649","md5":"bf7457809c53dc2c7c7a8fa4bad40d9c","crc32":"ac57ab7a","sha1":"3bb9d58d86b678aeef00ce626229d5dbf271b315","format":"JPEG"},{"name":"Cover_thumb.jpg","source":"derivative","format":"JPEG Thumb","original":"Cover.jpeg","mtime":"1718910398","size":"12814","md5":"9c8a5aa2310b8665a084e5a927a1848d","crc32":"0c2a8a5c","sha1":"6cb0642a7c59e8a36ec1fb1da90ad967f6e5d4c8"},{"name":"__ia_thumb.jpg","source":"original","mtime":"1718910080","size":"19045","md5":"914066b4f17e99773c5af57f3873cb6c","crc32":"a9ecc22a","sha1":"89398fec3e7ee926043cc883133f76f0160623f0","format":"Item Tile"}],"files_count":37,"item_last_updated":1718916416,"item_size":84421065,"metadata":{"identifier":"1978-tim-maia-disco-club","mediatype":"audio","collection":"opensource_audio","creator":"Tim Maia","date":"1978","description":"Lançado pela Atlantic Records<br />","language":"por","licenseurl":"https://creativecommons.org/publicdomain/zero/1.0/","scanner":"Internet Archive HTML5 Uploader 1.7.0","subject":["Disco","MPB","Soul","Funk","Pop","Boogie","Dance","Latin","Brasil","Brazil","Bostil"],"title":"Disco Club","uploader":"wizard1006@proton.me","publicdate":"2024-06-20 18:59:18","addeddate":"2024-06-20 18:59:18","curation":"[curator]validator@archive.org[/curator][date]20240620190235[/date][comment]checked for malware[/comment]"},"server":"ia600405.us.archive.org","uniq":1555774880,"workable_servers":["ia600405.us.archive.org","ia800405.us.archive.org"]}