{"alternate_locations":{"servers":[{"server":"dn721400.ca.archive.org","dir":"/0/items/1978JohnToddTapes"}],"workable":[{"server":"dn721400.ca.archive.org","dir":"/0/items/1978JohnToddTapes"}]},"created":1767565080,"d1":"ia600706.us.archive.org","d2":"ia800706.us.archive.org","dir":"/32/items/1978JohnToddTapes","files":[{"name":"1978 - John Todd Confession Tapes 1-6 Complete.afpk","source":"derivative","format":"Columbia Peaks","original":"1978 - John Todd Confession Tapes 1-6 Complete.mp3","mtime":"1566683934","size":"65","md5":"54d5f3336947666a99c0f54906a0cba5","crc32":"03e4b101","sha1":"042e9daed6de7b3004abb37cfa647aaaa1b964e8"},{"name":"1978 - John Todd Confession Tapes 1-6 Complete.mp3","source":"original","mtime":"1566683095","size":"231048733","md5":"1e7b1d3e1d91021b2de2493d074b3482","crc32":"aca17923","sha1":"f1d63442cdb206f26f3e7a5023bff2e1ebce2288","format":"VBR MP3","length":"28945.19","height":"306","width":"213","title":"John Todd Testimony and Confession Complete","creator":"John Todd","album":"The Byte Show","track":"01","artist":"John Todd","genre":"Vocal"},{"name":"1978 - John Todd Confession Tapes 1-6 Complete.ogg","source":"derivative","format":"Ogg Vorbis","original":"1978 - John Todd Confession Tapes 1-6 Complete.mp3","mtime":"1566683454","size":"100158715","md5":"d70686d8f9bb1c3fc0e0840332b4f6f8","crc32":"3a24db68","sha1":"64522247e33a8eafbb3fb30002a2f76fe7c4246b","length":"28945.08","height":"0","width":"0"},{"name":"1978 - John Todd Confession Tapes 1-6 Complete.png","source":"derivative","format":"PNG","original":"1978 - John Todd Confession Tapes 1-6 Complete.mp3","mtime":"1566683485","size":"31450","md5":"74bb8013309aadadd77714f5fcc79dd7","crc32":"0d03116f","sha1":"85fc34fb363e708494dcbfc0684bbe654ea710ff"},{"name":"1978 - John Todd Confession Tapes 1-6 Complete_spectrogram.png","source":"derivative","format":"Spectrogram","original":"1978 - John Todd Confession Tapes 1-6 Complete.mp3","mtime":"1566683517","size":"276227","md5":"e5f4780c73f8c781442f46959941902b","crc32":"45ed69cf","sha1":"c60393ac6217e65ca1abe334d17401a3569fae19"},{"name":"1978JohnToddTapes_archive.torrent","source":"metadata","btih":"7a7fda6e40c1f42560a6f3f8d5d9b788b8e07d88","mtime":"1650598397","size":"17456","md5":"0809f34ce9ac91545b2bc7dcf5e07bbb","crc32":"58278f28","sha1":"7f0036ff0c40b0c9013de4aa5fec942bcafb5c27","format":"Archive BitTorrent"},{"name":"1978JohnToddTapes_files.xml","source":"original","format":"Metadata","md5":"35bd6d856f0411240b71c0e31b281e9e","summation":"md5"},{"name":"1978JohnToddTapes_meta.sqlite","source":"original","mtime":"1566683124","size":"72704","format":"Metadata","md5":"1c327987e882c6eefd108fc104ae81c7","crc32":"2570bbbe","sha1":"66eeb5daa8bc304567a7eef2cde8fa86a4065f16"},{"name":"1978JohnToddTapes_meta.xml","source":"original","mtime":"1749860693","size":"14186","format":"Metadata","md5":"3f502e229d2db13e62d88181ae35aa28","crc32":"44f7284d","sha1":"9309cc3a77d3dba78f247bc0b83c808a70da7c1c"},{"name":"_HOUR_00_1978 - John Todd Confession Tapes 1-6 Complete.afpk","source":"derivative","format":"Columbia Peaks","original":"1978 - John Todd Confession Tapes 1-6 Complete.mp3","mtime":"1566683595","size":"547744","md5":"3557bed30793c5c657a38a198d196a81","crc32":"cf36fb2a","sha1":"8e7db02532fae7f4dcca28f54183dc3cb14ced11"},{"name":"_HOUR_01_1978 - John Todd Confession Tapes 1-6 Complete.afpk","source":"derivative","format":"Columbia Peaks","original":"1978 - John Todd Confession Tapes 1-6 Complete.mp3","mtime":"1566683640","size":"551640","md5":"0e4af7ffec27414e75a7502fac2c1ae8","crc32":"b2d3594d","sha1":"4a3ae4f40f0a598f5d22e44db9830b63dd4cf912"},{"name":"_HOUR_02_1978 - John Todd Confession Tapes 1-6 Complete.afpk","source":"derivative","format":"Columbia Peaks","original":"1978 - John Todd Confession Tapes 1-6 Complete.mp3","mtime":"1566683687","size":"543000","md5":"7003654aad50bada433e467f5fe74a5a","crc32":"79b742a8","sha1":"d7099163b2b45bd4cf893d7e4860ecf6114568c2"},{"name":"_HOUR_03_1978 - John Todd Confession Tapes 1-6 Complete.afpk","source":"derivative","format":"Columbia Peaks","original":"1978 - John Todd Confession Tapes 1-6 Complete.mp3","mtime":"1566683735","size":"537184","md5":"f9c154639e5d1753ea2a8bc05ba6b021","crc32":"182dd57d","sha1":"942a8d2cdc83ff74ede08fba86b2bc8f7616f214"},{"name":"_HOUR_04_1978 - John Todd Confession Tapes 1-6 Complete.afpk","source":"derivative","format":"Columbia Peaks","original":"1978 - John Todd Confession Tapes 1-6 Complete.mp3","mtime":"1566683785","size":"666704","md5":"8efcc82e542d7c6b7b176f39ef68cc93","crc32":"10d53977","sha1":"e5bdf840a91709f39bff77754be4cefb2d4193d3"},{"name":"_HOUR_05_1978 - John Todd Confession Tapes 1-6 Complete.afpk","source":"derivative","format":"Columbia Peaks","original":"1978 - John Todd Confession Tapes 1-6 Complete.mp3","mtime":"1566683833","size":"596912","md5":"475a8f5630f2324b99376ac4ca71b56c","crc32":"df3838da","sha1":"4d16fe83260dbbabe6d1fe504f9201ec5bfebdab"},{"name":"_HOUR_06_1978 - John Todd Confession Tapes 1-6 Complete.afpk","source":"derivative","format":"Columbia Peaks","original":"1978 - John Todd Confession Tapes 1-6 Complete.mp3","mtime":"1566683881","size":"535936","md5":"1ba2da90f0032f08a977ed62a1a6c014","crc32":"f94a8302","sha1":"4e2265df31fcb1507f1d08c202e85b60a9f0ad31"},{"name":"_HOUR_07_1978 - John Todd Confession Tapes 1-6 Complete.afpk","source":"derivative","format":"Columbia Peaks","original":"1978 - John Todd Confession Tapes 1-6 Complete.mp3","mtime":"1566683929","size":"551696","md5":"d87085cc8290e4efa9d5bcefdd03f575","crc32":"f3b4db61","sha1":"513e9d17ab0288e5fdafb00e52f527e7e181c9c8"},{"name":"_HOUR_08_1978 - John Todd Confession Tapes 1-6 Complete.afpk","source":"derivative","format":"Columbia Peaks","original":"1978 - John Todd Confession Tapes 1-6 Complete.mp3","mtime":"1566683934","size":"24056","md5":"a013ab02d8c9a0fcba827cd1ee18c51b","crc32":"113ef41d","sha1":"c16b9bff701bbf3e3146c4ef761f0d140485119c"},{"name":"__ia_thumb.jpg","source":"original","mtime":"1650598394","size":"3411","md5":"8e17b53e63d1ba21694f859e99b4b575","crc32":"22da8ad9","sha1":"c59dc376433a1a7f4fcda1650da5fe74154ba4e1","format":"Item Tile","rotation":"0"}],"files_count":19,"item_last_updated":1749860693,"item_size":336177819,"metadata":{"identifier":"1978JohnToddTapes","mediatype":"audio","collection":["offcenter","deemphasize"],"creator":"John Todd","date":"1978-01-01","description":"<div><div>Retrieved as hosted on The Byte Show Archives at:<br /></div></div><div>https://archive.org/details/TheByteShowArchivesByGeorgeAnnHughes</div><div><div><br /></div><div>Tagged and joined together as a single file at 64 kbps MP3, 220MB filesize.  Other versions of the tapes exist (below) but none here are older than these versions with files dated February 9th, 2007.</div><div><br /></div></div><div><ol><li>John Todd - 1a.mp3 - 2007-02-09.mp3</li><li>John Todd - 1b.mp3 - 2007-02-09.mp3</li><li>John Todd - 2a.mp3 - 2007-02-09.mp3</li><li>John Todd - 2b.mp3 - 2007-02-09.mp3</li><li>John Todd - 3a.mp3 - 2007-02-09.mp3</li><li>John Todd - 3b.mp3 - 2007-02-09.mp3</li><li>John Todd - 4a.mp3 - 2007-02-09.mp3</li><li>John Todd - 4b.mp3 - 2007-02-09.mp3</li><li>John Todd - 5a.mp3 - 2007-02-09.mp3</li><li>John Todd - 5b.mp3 - 2007-02-09.mp3</li><li>John Todd - 6a.mp3 - 2007-02-09.mp3</li><li>John Todd - 6b.mp3 - 2007-02-09.mp3</li></ol></div><div>Other versions on The Internet Archive are here:</div><div><ul><li><a href=\"https://archive.org/details/JohnToddFormerIlluminatiOccultMemberGivesTestimonyOfInvolvementIn\" rel=\"ugc nofollow\">https://archive.org/details/JohnToddFormerIlluminatiOccultMemberGivesTestimonyOfInvolvementIn</a></li><li><a href=\"https://archive.org/details/JOHNTODDTapeB\" rel=\"ugc nofollow\">https://archive.org/details/JOHNTODDTapeB</a></li><li><a href=\"https://archive.org/details/tape4b_201903/tape1a.mp3\" rel=\"ugc nofollow\">https://archive.org/details/tape4b_201903/tape1a.mp3</a></li></ul><div><br /></div><div><b><u>About</u></b></div><div><br /></div><div><a href=\"https://en.wikipedia.org/wiki/John_Todd_(conspiracy_theorist)\" rel=\"ugc nofollow\">https://en.wikipedia.org/wiki/John_Todd_(conspiracy_theorist)</a><span style=\"color:rgb(51,51,51);font-family:'Helvetica Neue', Helvetica, Arial, sans-serif;font-size:14px;background-color:rgb(255,255,255);\"><br /></span></div><div><span style=\"color:rgb(51,51,51);font-family:'Helvetica Neue', Helvetica, Arial, sans-serif;font-size:14px;background-color:rgb(255,255,255);\"><br /></span></div><div><span style=\"color:rgb(51,51,51);font-family:'Helvetica Neue', Helvetica, Arial, sans-serif;font-size:14px;background-color:rgb(255,255,255);\">John Todd was later found to actually be an infiltrator and a nefarious influence on those Christians around him. You can tell that a lot of his stories are just that, stories. They are sprinkled with some truths like the fact that the pop music industry since early rock/jazz has been satanically inspired and directed, a totally judaeo-masonic witchcraft tool for dechrisitianization. All entertainment in general is that way.</span><br style=\"color:rgb(51,51,51);font-family:'Helvetica Neue', Helvetica, Arial, sans-serif;font-size:14px;background-color:rgb(255,255,255);\" /><span style=\"color:rgb(51,51,51);font-family:'Helvetica Neue', Helvetica, Arial, sans-serif;font-size:14px;background-color:rgb(255,255,255);\"> It's certainly true that JRR Tolkien and his work is not Christian in the least and it's sad that they are touted as so to this day. And he does mention the Council of 13 and some of the details of the satanic organizational structure and confirms what we know, that organized satanism is heavily into the drug industry, the banking industry, god state, entertainment and other decadent industries.</span><br style=\"color:rgb(51,51,51);font-family:'Helvetica Neue', Helvetica, Arial, sans-serif;font-size:14px;background-color:rgb(255,255,255);\" /><br style=\"color:rgb(51,51,51);font-family:'Helvetica Neue', Helvetica, Arial, sans-serif;font-size:14px;background-color:rgb(255,255,255);\" /><span style=\"color:rgb(51,51,51);font-family:'Helvetica Neue', Helvetica, Arial, sans-serif;font-size:14px;background-color:rgb(255,255,255);\">His real motive is to denigrate the Catholic religion and Mass as \"witchcraft\" which is nonsense, the mass has both Old and New Testament liturgy and support if you care to even research it. Most people are just full of bigotry, they refuse to challenge though, not knowing that almost all of the schismatic sects of protestantism and even mormonism have a version of the Eucharist within their services. God allows free will however and fallen man has only got worse over time especially with the almost total control of the judaeo-masonic mafia on  a worldwide level. Pride and perversion are the flood of these times.</span><br style=\"color:rgb(51,51,51);font-family:'Helvetica Neue', Helvetica, Arial, sans-serif;font-size:14px;background-color:rgb(255,255,255);\" /><br style=\"color:rgb(51,51,51);font-family:'Helvetica Neue', Helvetica, Arial, sans-serif;font-size:14px;background-color:rgb(255,255,255);\" /><span style=\"color:rgb(51,51,51);font-family:'Helvetica Neue', Helvetica, Arial, sans-serif;font-size:14px;background-color:rgb(255,255,255);\">Summary of some of the tapes:</span><br style=\"color:rgb(51,51,51);font-family:'Helvetica Neue', Helvetica, Arial, sans-serif;font-size:14px;background-color:rgb(255,255,255);\" /><br style=\"color:rgb(51,51,51);font-family:'Helvetica Neue', Helvetica, Arial, sans-serif;font-size:14px;background-color:rgb(255,255,255);\" /><span style=\"color:rgb(51,51,51);font-family:'Helvetica Neue', Helvetica, Arial, sans-serif;font-size:14px;background-color:rgb(255,255,255);\">In the fall of 1978, John Todd spoke at the Elkton Maryland Baptist Church.</span><br style=\"color:rgb(51,51,51);font-family:'Helvetica Neue', Helvetica, Arial, sans-serif;font-size:14px;background-color:rgb(255,255,255);\" /><br style=\"color:rgb(51,51,51);font-family:'Helvetica Neue', Helvetica, Arial, sans-serif;font-size:14px;background-color:rgb(255,255,255);\" /><span style=\"color:rgb(51,51,51);font-family:'Helvetica Neue', Helvetica, Arial, sans-serif;font-size:14px;background-color:rgb(255,255,255);\">Tape 1A John Todd's testimony of deliverance from the Occult, evils of witchcraft. 43 minutes of audio. The sound quality will greatly improve after the first couple minutes.</span><br style=\"color:rgb(51,51,51);font-family:'Helvetica Neue', Helvetica, Arial, sans-serif;font-size:14px;background-color:rgb(255,255,255);\" /><br style=\"color:rgb(51,51,51);font-family:'Helvetica Neue', Helvetica, Arial, sans-serif;font-size:14px;background-color:rgb(255,255,255);\" /><span style=\"color:rgb(51,51,51);font-family:'Helvetica Neue', Helvetica, Arial, sans-serif;font-size:14px;background-color:rgb(255,255,255);\">Tape 1B Music and Spells. 44 minutes</span></div><div><br style=\"color:rgb(51,51,51);font-family:'Helvetica Neue', Helvetica, Arial, sans-serif;font-size:14px;background-color:rgb(255,255,255);\" /><span style=\"color:rgb(51,51,51);font-family:'Helvetica Neue', Helvetica, Arial, sans-serif;font-size:14px;background-color:rgb(255,255,255);\">Tape 2A Dangers of fortune telling, familiar spirits, CS Lewis, JRR Toiken, etc etc! 43 minutes</span><br style=\"color:rgb(51,51,51);font-family:'Helvetica Neue', Helvetica, Arial, sans-serif;font-size:14px;background-color:rgb(255,255,255);\" /><br style=\"color:rgb(51,51,51);font-family:'Helvetica Neue', Helvetica, Arial, sans-serif;font-size:14px;background-color:rgb(255,255,255);\" /><span style=\"color:rgb(51,51,51);font-family:'Helvetica Neue', Helvetica, Arial, sans-serif;font-size:14px;background-color:rgb(255,255,255);\">Tape 2B Charles Manson, Sharon Tate murder, Process Church, epilepsy, UFOs, demon possession, Jimmy Carter etc! 40 minutes</span><br style=\"color:rgb(51,51,51);font-family:'Helvetica Neue', Helvetica, Arial, sans-serif;font-size:14px;background-color:rgb(255,255,255);\" /><br style=\"color:rgb(51,51,51);font-family:'Helvetica Neue', Helvetica, Arial, sans-serif;font-size:14px;background-color:rgb(255,255,255);\" /><span style=\"color:rgb(51,51,51);font-family:'Helvetica Neue', Helvetica, Arial, sans-serif;font-size:14px;background-color:rgb(255,255,255);\">Tape 3A What is the Illuminati? CFR? Trilateral Commission, what 33rd. Degree Masons believe about Lucifer, etc! 43 minutes</span><br style=\"color:rgb(51,51,51);font-family:'Helvetica Neue', Helvetica, Arial, sans-serif;font-size:14px;background-color:rgb(255,255,255);\" /><br style=\"color:rgb(51,51,51);font-family:'Helvetica Neue', Helvetica, Arial, sans-serif;font-size:14px;background-color:rgb(255,255,255);\" /><span style=\"color:rgb(51,51,51);font-family:'Helvetica Neue', Helvetica, Arial, sans-serif;font-size:14px;background-color:rgb(255,255,255);\">Tape 3B Continuation of what is the Illuminati? Who leads it? The Charismatic movement / Chuck Smith / Jesus Rock / John Birch Society / Freemasons, purpose of Rock Music, etc! 40 minutes</span><br style=\"color:rgb(51,51,51);font-family:'Helvetica Neue', Helvetica, Arial, sans-serif;font-size:14px;background-color:rgb(255,255,255);\" /><br style=\"color:rgb(51,51,51);font-family:'Helvetica Neue', Helvetica, Arial, sans-serif;font-size:14px;background-color:rgb(255,255,255);\" /><span style=\"color:rgb(51,51,51);font-family:'Helvetica Neue', Helvetica, Arial, sans-serif;font-size:14px;background-color:rgb(255,255,255);\">Tape 4A How to survive, etc! 43 minutes</span><br style=\"color:rgb(51,51,51);font-family:'Helvetica Neue', Helvetica, Arial, sans-serif;font-size:14px;background-color:rgb(255,255,255);\" /><br style=\"color:rgb(51,51,51);font-family:'Helvetica Neue', Helvetica, Arial, sans-serif;font-size:14px;background-color:rgb(255,255,255);\" /><span style=\"color:rgb(51,51,51);font-family:'Helvetica Neue', Helvetica, Arial, sans-serif;font-size:14px;background-color:rgb(255,255,255);\">Tape 4B Masons, Salvation message by pastor 1 hour 16 minutes. It is the largest of all the files of this set. The audio quality is not very good but still audible.</span><br style=\"color:rgb(51,51,51);font-family:'Helvetica Neue', Helvetica, Arial, sans-serif;font-size:14px;background-color:rgb(255,255,255);\" /><br style=\"color:rgb(51,51,51);font-family:'Helvetica Neue', Helvetica, Arial, sans-serif;font-size:14px;background-color:rgb(255,255,255);\" /><span style=\"color:rgb(51,51,51);font-family:'Helvetica Neue', Helvetica, Arial, sans-serif;font-size:14px;background-color:rgb(255,255,255);\">Tape 5A Todd's testimony about the occult world, the Illuminati, the Collins family, introduction of witchcraft to America, etc! 41 minutes</span><br style=\"color:rgb(51,51,51);font-family:'Helvetica Neue', Helvetica, Arial, sans-serif;font-size:14px;background-color:rgb(255,255,255);\" /><br style=\"color:rgb(51,51,51);font-family:'Helvetica Neue', Helvetica, Arial, sans-serif;font-size:14px;background-color:rgb(255,255,255);\" /><span style=\"color:rgb(51,51,51);font-family:'Helvetica Neue', Helvetica, Arial, sans-serif;font-size:14px;background-color:rgb(255,255,255);\">Tape 5B Salvation testimony, deliverance from fear based on 2Tim1:7, Rock Music, Book of Mormon based on the Witchcraft bible Book of Shadows, witchcraft symbols used in jewelry, Catholic mass compared to witchcraft, why JFK was killed, etc! 39 minutes</span><br style=\"color:rgb(51,51,51);font-family:'Helvetica Neue', Helvetica, Arial, sans-serif;font-size:14px;background-color:rgb(255,255,255);\" /><br style=\"color:rgb(51,51,51);font-family:'Helvetica Neue', Helvetica, Arial, sans-serif;font-size:14px;background-color:rgb(255,255,255);\" /><span style=\"color:rgb(51,51,51);font-family:'Helvetica Neue', Helvetica, Arial, sans-serif;font-size:14px;background-color:rgb(255,255,255);\">Tape 6A History as a witch, doctrine, evils of television, 43 minutes</span><br style=\"color:rgb(51,51,51);font-family:'Helvetica Neue', Helvetica, Arial, sans-serif;font-size:14px;background-color:rgb(255,255,255);\" /><br style=\"color:rgb(51,51,51);font-family:'Helvetica Neue', Helvetica, Arial, sans-serif;font-size:14px;background-color:rgb(255,255,255);\" /><span style=\"color:rgb(51,51,51);font-family:'Helvetica Neue', Helvetica, Arial, sans-serif;font-size:14px;background-color:rgb(255,255,255);\">Tape 6B More details of his life in the occult, evils and addiction of rock music, purpose of rock music - to get Christians to cast spells on themselves! etc. 36 minutes</span><br style=\"color:rgb(51,51,51);font-family:'Helvetica Neue', Helvetica, Arial, sans-serif;font-size:14px;background-color:rgb(255,255,255);\" /></div></div>","language":"eng","licenseurl":"http://creativecommons.org/publicdomain/mark/1.0/","scanner":"Internet Archive HTML5 Uploader 1.6.4","subject":["John Todd;Todd","John;Illuminati;Freemasonry;Witchcraft;Satanism;Testimony;black mass;witches;tapes;audio;confession;testimony;The Byte Show;GeorgeAnn Hughes"],"title":"1978 John Todd Confession Tapes 1-6 Combined","publicdate":"2019-08-24 21:44:55","uploader":"vijay@yoyo.org","addeddate":"2019-08-24 21:44:55","curation":"[curator]validator@archive.org[/curator][date]20190824214539[/date][comment]checked for malware[/comment]","backup_location":"ia906909_26"},"server":"ia600706.us.archive.org","uniq":1216883954,"workable_servers":["ia600706.us.archive.org","ia800706.us.archive.org"]}