{"alternate_locations":{"servers":[{"server":"dn710204.ca.archive.org","dir":"/0/items/1978-chico-buarque"}],"workable":[{"server":"dn710204.ca.archive.org","dir":"/0/items/1978-chico-buarque"}]},"created":1767565073,"d1":"ia600602.us.archive.org","d2":"ia800602.us.archive.org","dir":"/12/items/1978-chico-buarque","files":[{"name":"01 Feijoada completa.mp3","source":"original","mtime":"1722189699","size":"6912679","md5":"355afafad9a0861e5c92a87c745deee1","crc32":"2aeff9ea","sha1":"d6b6c6d2835ee47db2559de9e0e2c25a23026de9","format":"VBR MP3","length":"171.28","title":"Feijoada Completa","creator":"Chico Buarque","album":"Chico Buarque [1978]","track":"01/11","artist":"Chico Buarque","genre":"MPB","comment":"Visite: http://www.musicasdonordeste.com/ http://www.musicasdonordeste.com/ http://www.musicasdonordeste.com/ Mantenha os créditos! Obrigado!"},{"name":"01 Feijoada completa.png","source":"derivative","format":"PNG","original":"01 Feijoada completa.mp3","mtime":"1722192651","size":"44289","md5":"378f3cdec5b5c88d0fc9b3fc5177615f","crc32":"67c968a4","sha1":"f8a70018be1f5cb4bdf3d618b88c863455516078"},{"name":"01 Feijoada completa_spectrogram.png","source":"derivative","format":"Spectrogram","original":"01 Feijoada completa.mp3","mtime":"1722197792","size":"314459","md5":"264e07921d101aea26fc0fe5a44dc2c9","crc32":"30a9b223","sha1":"987a7031509be9ce2b4828d68fa10fb061f0b56a"},{"name":"02 Cálice [Participaç╞o de Milton Nascimento].mp3","source":"original","mtime":"1722189738","size":"9736949","md5":"9e1158701478b54c53ef7d5ac82412fe","crc32":"ea928009","sha1":"eb5eaaf609a74b0b4f27ca0e2098f612e9f831c1","format":"VBR MP3","length":"241.89","title":"Cálice [Participação de Milton Nascimento]","creator":"Chico Buarque","album":"Chico Buarque [1978]","track":"02/11","artist":"Chico Buarque","genre":"MPB","comment":"Visite: http://www.musicasdonordeste.com/ http://www.musicasdonordeste.com/ http://www.musicasdonordeste.com/ Mantenha os créditos! Obrigado!"},{"name":"02 Cálice [Participaç╞o de Milton Nascimento].png","source":"derivative","format":"PNG","original":"02 Cálice [Participaç╞o de Milton Nascimento].mp3","mtime":"1722196285","size":"41933","md5":"64760a0c00f07236d6633e6e2dbadf99","crc32":"6621099f","sha1":"33d64411d1061b5e608b1513eb20ecaba86820a4"},{"name":"02 Cálice [Participaç╞o de Milton Nascimento]_spectrogram.png","source":"derivative","format":"Spectrogram","original":"02 Cálice [Participaç╞o de Milton Nascimento].mp3","mtime":"1722198950","size":"328198","md5":"887b88806bff5aaafc56d243d99022d1","crc32":"b2060df7","sha1":"263c628dad6b2667019b8ce8c959c1747a5eaa4c"},{"name":"03 Trocando em miúdos.mp3","source":"original","mtime":"1722189746","size":"6949541","md5":"ba201f99a2fd641603fd0b0d9d866d68","crc32":"6055e12c","sha1":"4f5e9fa6b94bb89177ff87039ab688dee7a6b8c3","format":"VBR MP3","length":"172.2","title":"Trocando em miúdos","creator":"Chico Buarque","album":"Chico Buarque [1978]","track":"03/11","artist":"Chico Buarque","genre":"MPB","comment":"Visite: http://www.musicasdonordeste.com/ http://www.musicasdonordeste.com/ http://www.musicasdonordeste.com/ Mantenha os créditos! Obrigado!"},{"name":"03 Trocando em miúdos.png","source":"derivative","format":"PNG","original":"03 Trocando em miúdos.mp3","mtime":"1722195451","size":"35940","md5":"db34433f291441057f3468af8c874f85","crc32":"285dc753","sha1":"de32c87a9a8bdb5989d8b905f4a7c2aad8fdbbae"},{"name":"03 Trocando em miúdos_spectrogram.png","source":"derivative","format":"Spectrogram","original":"03 Trocando em miúdos.mp3","mtime":"1722198857","size":"316166","md5":"4999779b70a5a444aab77155167f2fa9","crc32":"8f66763c","sha1":"34a9ca85699b0f84294a0c01c2303ccbed503d43"},{"name":"04 O meu amor [Interpretaç╞o de Elba Ramalho e Marieta Severo].mp3","source":"original","mtime":"1722189759","size":"9784059","md5":"ec86fe8a95844cf30754a9ef7dcd94fb","crc32":"3825db1c","sha1":"e1d98f013b9bac65fe06bcaac652eb50e95d9ba2","format":"VBR MP3","length":"243.07","title":"O meu amor [Interpretação de Elba Ramalho e Marieta Severo]","creator":"Chico Buarque","album":"Chico Buarque [1978]","track":"04/11","artist":"Chico Buarque","genre":"MPB","comment":"Visite: http://www.musicasdonordeste.com/ http://www.musicasdonordeste.com/ http://www.musicasdonordeste.com/ Mantenha os créditos! Obrigado!"},{"name":"04 O meu amor [Interpretaç╞o de Elba Ramalho e Marieta Severo].png","source":"derivative","format":"PNG","original":"04 O meu amor [Interpretaç╞o de Elba Ramalho e Marieta Severo].mp3","mtime":"1722195097","size":"41238","md5":"2f96d9f0b312c13aa330665748ec7e41","crc32":"f82541fb","sha1":"6209afddd493bcd99e905896e465d2702cb67f79"},{"name":"04 O meu amor [Interpretaç╞o de Elba Ramalho e Marieta Severo]_spectrogram.png","source":"derivative","format":"Spectrogram","original":"04 O meu amor [Interpretaç╞o de Elba Ramalho e Marieta Severo].mp3","mtime":"1722198716","size":"336178","md5":"76ac782889897ea488f0a9a4cb4327ee","crc32":"10d9a201","sha1":"17075c85ca26c63e66ce10ec4ea7ffe02927d3ea"},{"name":"05 Homenagem ao malandro.mp3","source":"original","mtime":"1722189774","size":"7291535","md5":"0d6204037678f6cc2262bee9eee2789d","crc32":"6c984b17","sha1":"deb5767e24b14dcc82896e23f91fbff0680ef1ae","format":"VBR MP3","length":"180.74","title":"Homenagem ao malandro","creator":"Chico Buarque","album":"Chico Buarque [1978]","track":"05/11","artist":"Chico Buarque","genre":"MPB","comment":"Visite: http://www.musicasdonordeste.com/ http://www.musicasdonordeste.com/ http://www.musicasdonordeste.com/ Mantenha os créditos! Obrigado!"},{"name":"05 Homenagem ao malandro.png","source":"derivative","format":"PNG","original":"05 Homenagem ao malandro.mp3","mtime":"1722190462","size":"43444","md5":"f3baab63757ea62d1b793da1a8eb4b7c","crc32":"b466c098","sha1":"250ec85ca3a2e775c392ae526c2a781dabc9d34a"},{"name":"05 Homenagem ao malandro_spectrogram.png","source":"derivative","format":"Spectrogram","original":"05 Homenagem ao malandro.mp3","mtime":"1722198550","size":"325842","md5":"f40e523d3970c4c92029a13c0c3cd09c","crc32":"9d5f789d","sha1":"bc33fbc5763d5d1ea50c305b961658a3ec7e26b0"},{"name":"06 Até o fim.mp3","source":"original","mtime":"1722189781","size":"5837463","md5":"4d309fc4b7991b9b3b7d92628c6a469a","crc32":"bf54efc4","sha1":"246fe7936639aaba15290d52bdedca528f60c5fa","format":"VBR MP3","length":"144.4","title":"Até o fim","creator":"Chico Buarque","album":"Chico Buarque [1978]","track":"06/11","artist":"Chico Buarque","genre":"MPB","comment":"Visite: http://www.musicasdonordeste.com/ http://www.musicasdonordeste.com/ http://www.musicasdonordeste.com/ Mantenha os créditos! Obrigado!"},{"name":"06 Até o fim.png","source":"derivative","format":"PNG","original":"06 Até o fim.mp3","mtime":"1722194013","size":"43649","md5":"e8c557a187cf2983db02c42d9807f3e9","crc32":"4f9f4c91","sha1":"94e3c119a878e52692d9e410f08b0880323cf055"},{"name":"06 Até o fim_spectrogram.png","source":"derivative","format":"Spectrogram","original":"06 Até o fim.mp3","mtime":"1722198300","size":"334158","md5":"b82b3eae26972bd70e3279fcc057a42f","crc32":"3d1f8559","sha1":"4c4a8e308c7f4e41f01fb1292cec72ae8eb27111"},{"name":"07 Pedaço de mim [Participaç╞o de Zizi Possi].mp3","source":"original","mtime":"1722189787","size":"7955129","md5":"ec8a3b6e14bf404e888e251eb80fefb1","crc32":"25feb774","sha1":"5931443f1cd1a6fa461e83c4d2a5904d87e15c3d","format":"VBR MP3","length":"197.33","title":"Pedaço de mim [Participação de Zizi Possi]","creator":"Chico Buarque","album":"Chico Buarque [1978]","track":"07/11","artist":"Chico Buarque","genre":"MPB","comment":"Visite: http://www.musicasdonordeste.com/ http://www.musicasdonordeste.com/ http://www.musicasdonordeste.com/ Mantenha os créditos! Obrigado!"},{"name":"07 Pedaço de mim [Participaç╞o de Zizi Possi].png","source":"derivative","format":"PNG","original":"07 Pedaço de mim [Participaç╞o de Zizi Possi].mp3","mtime":"1722192367","size":"40823","md5":"f5a8731f37714a86e250c1c081ebd19b","crc32":"b11b87b0","sha1":"50e63ad5e80112c7bd21f8712e80c924b7dcc8c0"},{"name":"07 Pedaço de mim [Participaç╞o de Zizi Possi]_spectrogram.png","source":"derivative","format":"Spectrogram","original":"07 Pedaço de mim [Participaç╞o de Zizi Possi].mp3","mtime":"1722198080","size":"329762","md5":"56611a6ce80aaed3c8901cefd22010b6","crc32":"ece7867a","sha1":"3a8a1e9765c34547c06c491e8af6f025fc710d8d"},{"name":"08 Pivete.mp3","source":"original","mtime":"1722189797","size":"6011565","md5":"53f4b08b535c3e8a9308434926287860","crc32":"b768ce7c","sha1":"bbbc4ccf69a6df96c786decb0778e61d69f963a8","format":"VBR MP3","length":"148.74","title":"Pivete","creator":"Chico Buarque","album":"Chico Buarque [1978]","track":"08/11","artist":"Chico Buarque","genre":"MPB","comment":"Visite: http://www.musicasdonordeste.com/ http://www.musicasdonordeste.com/ http://www.musicasdonordeste.com/ Mantenha os créditos! Obrigado!"},{"name":"08 Pivete.png","source":"derivative","format":"PNG","original":"08 Pivete.mp3","mtime":"1722190970","size":"44210","md5":"cd77a7ffca5b53f1232b5390604f6de4","crc32":"6e058ae7","sha1":"6f1d4f4c30b2a7b934ff15e0c29ee8581dc81b03"},{"name":"08 Pivete_spectrogram.png","source":"derivative","format":"Spectrogram","original":"08 Pivete.mp3","mtime":"1722197942","size":"313596","md5":"f34f1cc6035b500d3e21dc43e201e189","crc32":"8a1c2893","sha1":"9cf5418997d7dc4aa1625720c05e24985fdad5fc"},{"name":"09 Pequena serenata diurna.mp3","source":"original","mtime":"1722189810","size":"5765817","md5":"c7ba007e2318d564c9849f7894cb3161","crc32":"4c86bda1","sha1":"19c067c166e3c96836b0007b95baf25ef874fc51","format":"VBR MP3","length":"142.6","title":"Pequena serenata diurna","creator":"Chico Buarque","album":"Chico Buarque [1978]","track":"09/11","artist":"Chico Buarque","genre":"MPB","comment":"Visite: http://www.musicasdonordeste.com/ http://www.musicasdonordeste.com/ http://www.musicasdonordeste.com/ Mantenha os créditos! Obrigado!"},{"name":"09 Pequena serenata diurna.png","source":"derivative","format":"PNG","original":"09 Pequena serenata diurna.mp3","mtime":"1722193718","size":"40706","md5":"e9d3132a15d64a944a460b1314ac3c78","crc32":"2114f35f","sha1":"155304e7a865af367f8ac6dea1e6467fdde69d3b"},{"name":"09 Pequena serenata diurna_spectrogram.png","source":"derivative","format":"Spectrogram","original":"09 Pequena serenata diurna.mp3","mtime":"1722197293","size":"333010","md5":"a78f14ee350e66a85f6ac9614308c056","crc32":"af8874f2","sha1":"8a1ff07b7f055d4c0149fee85b5e04bcbf3c08ca"},{"name":"10 Tanto mar.mp3","source":"original","mtime":"1722189818","size":"4657815","md5":"0a94dca3cb3acc34553670c6f68d1e71","crc32":"caa142b6","sha1":"90c1e40eb602929830e0ebbf1be72248e89374cf","format":"VBR MP3","length":"114.91","title":"Tanto mar","creator":"Chico Buarque","album":"Chico Buarque [1978]","track":"10/11","artist":"Chico Buarque","genre":"MPB","comment":"Visite: http://www.musicasdonordeste.com/ http://www.musicasdonordeste.com/ http://www.musicasdonordeste.com/ Mantenha os créditos! Obrigado!"},{"name":"10 Tanto mar.png","source":"derivative","format":"PNG","original":"10 Tanto mar.mp3","mtime":"1722195274","size":"43812","md5":"0df2498890e0c9e02eca92b1c9110fb7","crc32":"ed5fd992","sha1":"8e5ec6c57420c17085819bf8398897d6a7f6955c"},{"name":"10 Tanto mar_spectrogram.png","source":"derivative","format":"Spectrogram","original":"10 Tanto mar.mp3","mtime":"1722196972","size":"336611","md5":"9130561c9824c66d0768f462679cae16","crc32":"7c5c2405","sha1":"2d077d687e8b72e70b537da5055e82c44c4acda8"},{"name":"11 Apesar de você.mp3","source":"original","mtime":"1722189830","size":"9484961","md5":"5db7452b0a5c4d8cc0c02cea49254edd","crc32":"df406c27","sha1":"3dcfd46472568da1f534181ffc3e71a775b8264f","format":"VBR MP3","length":"235.6","title":"Apesar de você","creator":"Chico Buarque","album":"Chico Buarque [1978]","track":"11/11","artist":"Chico Buarque","genre":"MPB","comment":"Visite: http://www.musicasdonordeste.com/ http://www.musicasdonordeste.com/ http://www.musicasdonordeste.com/ Mantenha os créditos! Obrigado!"},{"name":"11 Apesar de você.png","source":"derivative","format":"PNG","original":"11 Apesar de você.mp3","mtime":"1722196768","size":"43041","md5":"8dd42ea3f985a7d908034f18c998eed6","crc32":"f0d81e2e","sha1":"f16f33ea5012306b2c44f93ac9c8b1ee1bcb4a9b"},{"name":"11 Apesar de você_spectrogram.png","source":"derivative","format":"Spectrogram","original":"11 Apesar de você.mp3","mtime":"1722199094","size":"320603","md5":"b1339cdb7eeae0cfdbda515d61be50e7","crc32":"beb35481","sha1":"238ba5617357237c279869e73aaa8ee8ec74ec23"},{"name":"1978-chico-buarque_archive.torrent","source":"metadata","btih":"148a470de4f198927fbe531a89bbef914a3653c9","mtime":"1722199155","size":"11651","md5":"81c1ef218db83b3c75c34a08fa831e6f","crc32":"a245f495","sha1":"ca944909ed4a5b9c914943d26b5e9bd4c6b23d06","format":"Archive BitTorrent"},{"name":"1978-chico-buarque_files.xml","source":"original","format":"Metadata","md5":"2c4fb775fb67c1e1568b1d25cf10c08a","summation":"md5"},{"name":"1978-chico-buarque_meta.sqlite","source":"original","mtime":"1722189837","size":"57344","md5":"1508229441e1fedaefb6221e1f636a93","crc32":"934a09db","sha1":"b8f5a31a617a15fbee99cc7b4225ebbce90ed699","format":"Metadata"},{"name":"1978-chico-buarque_meta.xml","source":"original","mtime":"1722199131","size":"1040","md5":"91c02a98e591ec3fb6ab66acc3f97f5a","crc32":"a2b7d8bc","sha1":"4f88aa9b2272ff486d6c82d293518ee494b8cd34","format":"Metadata"},{"name":"AlbumArt_{95CBC4B2-AF19-4976-8B85-391E2E872F24}_Large.jpg","source":"original","mtime":"1722189833","size":"39280","md5":"f665eecbf2d5643d132ae9fa0d8ab8cb","crc32":"f5825f4f","sha1":"f4d84e349ab779b9543cf843c02199733e2992a9","format":"JPEG"},{"name":"AlbumArt_{95CBC4B2-AF19-4976-8B85-391E2E872F24}_Large_thumb.jpg","source":"derivative","format":"JPEG Thumb","original":"AlbumArt_{95CBC4B2-AF19-4976-8B85-391E2E872F24}_Large.jpg","mtime":"1722190143","size":"9334","md5":"dd6bac914a603b1b0a9390380d57318d","crc32":"787d2a22","sha1":"b54eeb8e153d468d5e40909431a98ddbd62bb596"},{"name":"__ia_thumb.jpg","source":"original","mtime":"1722189844","size":"13029","md5":"264d6b48c7cea205daf1b95481af3785","crc32":"6f51a8c5","sha1":"a0be42e13ff667429f0dfda335a3918a4c93296a","format":"Item Tile"}],"files_count":40,"item_last_updated":1722199155,"item_size":84570859,"metadata":{"identifier":"1978-chico-buarque","mediatype":"audio","collection":"opensource_audio","creator":"Chico Buarque","date":"1978-11-03","description":"Lançado pelo selo Philips<br />","language":"por","licenseurl":"https://creativecommons.org/publicdomain/zero/1.0/","scanner":"Internet Archive HTML5 Uploader 1.7.0","subject":["Bossa Nova","Samba Canção","MPB","Jazz","Folk","Art Pop","Latin","Brazil","Bostil"],"title":"Chico Buarque (1978)","uploader":"neue_monarchie@proton.me","publicdate":"2024-07-28 18:02:11","addeddate":"2024-07-28 18:02:11","curation":"[curator]validator@archive.org[/curator][date]20240728180257[/date][comment]checked for malware[/comment]"},"server":"ia800602.us.archive.org","uniq":1875861405,"workable_servers":["ia800602.us.archive.org","ia600602.us.archive.org"]}