{"alternate_locations":{"servers":[{"server":"dn710109.ca.archive.org","dir":"/0/items/1979-yellow-magic-orchestra-solid-state-survivor"}],"workable":[{"server":"dn710109.ca.archive.org","dir":"/0/items/1979-yellow-magic-orchestra-solid-state-survivor"}]},"created":1767561471,"d1":"ia601007.us.archive.org","d2":"ia801007.us.archive.org","dir":"/1/items/1979-yellow-magic-orchestra-solid-state-survivor","files":[{"name":"01 - Technopolis.flac","source":"original","mtime":"1753561383","size":"33490627","md5":"f30a9f0ec9e52df3727e5292ab5db8a2","crc32":"d46358e8","sha1":"c5602ffd81f959cc6dfad02e1ca925e1c25bc537","format":"Flac","length":"254.96","title":"Technopolis","creator":"Yellow Magic Orchestra","album":"Solid State Survivor","track":"1","artist":"Yellow Magic Orchestra","genre":"Synthpop"},{"name":"01 - Technopolis.mp3","source":"derivative","creator":"Yellow Magic Orchestra","title":"Technopolis","track":"1","album":"Solid State Survivor","genre":"Synthpop","bitrate":"212","length":"04:15","format":"VBR MP3","original":"01 - Technopolis.flac","mtime":"1753563372","size":"6769573","md5":"7c078e2134608d1c4fec6d30028f8fb8","crc32":"a69200fb","sha1":"7e736ef5c45cc709fa86f0f9d614d8968d4c1eb9"},{"name":"01 - Technopolis.png","source":"derivative","format":"PNG","original":"01 - Technopolis.flac","mtime":"1753564287","size":"44510","md5":"527cda74b537b7b1376aedcb93e5c49a","crc32":"7d318595","sha1":"180d8a41be347fde88bc7a31490f9345033dc1f8"},{"name":"01 - Technopolis_spectrogram.png","source":"derivative","format":"Spectrogram","original":"01 - Technopolis.flac","mtime":"1753569467","size":"308327","md5":"ad55010990147dd2c1d9a5e594441595","crc32":"02f5c58e","sha1":"ff4fa91a70108ce8f050afca2190d458f66fd469"},{"name":"02 - Absolute Ego Dance.flac","source":"original","mtime":"1753561501","size":"35982706","md5":"2037071045e7249594c72232543ef202","crc32":"67b43711","sha1":"daccb5275983b7f89ba0949a9a32338d11555258","format":"Flac","length":"277.28","title":"Absolute Ego Dance","creator":"Yellow Magic Orchestra","album":"Solid State Survivor","track":"2","artist":"Yellow Magic Orchestra","genre":"Synthpop"},{"name":"02 - Absolute Ego Dance.mp3","source":"derivative","creator":"Yellow Magic Orchestra","title":"Absolute Ego Dance","track":"2","album":"Solid State Survivor","genre":"Synthpop","bitrate":"203","length":"04:37","format":"VBR MP3","original":"02 - Absolute Ego Dance.flac","mtime":"1753564064","size":"7045625","md5":"95c606302a2e0711fcb0d7fbdea379aa","crc32":"39c36178","sha1":"8aee597c9855099b39ec594fe09517e42e7af06d"},{"name":"02 - Absolute Ego Dance.png","source":"derivative","format":"PNG","original":"02 - Absolute Ego Dance.flac","mtime":"1753565949","size":"45936","md5":"4c17a35070006dcee70b8db3b397650a","crc32":"bcbb9db0","sha1":"6ab5900a3c5ea4b5414711a520d34652e9b28fc5"},{"name":"02 - Absolute Ego Dance_spectrogram.png","source":"derivative","format":"Spectrogram","original":"02 - Absolute Ego Dance.flac","mtime":"1753568552","size":"313097","md5":"a55a88104553e7ae2abeb21aa821821e","crc32":"67b29feb","sha1":"befe712f549c096cc74cdf6cdfccc4bb12a7b989"},{"name":"03 - Rydeen.flac","source":"original","mtime":"1753561800","size":"39040001","md5":"2a4ce28945268f4fa305ab6ff7639ce6","crc32":"f7f5d750","sha1":"dac5cabb48173d4fcb9eda2d8536147e5c38d9c9","format":"Flac","length":"266.36","title":"Rydeen","creator":"Yellow Magic Orchestra","album":"Solid State Survivor","track":"3","artist":"Yellow Magic Orchestra","genre":"Synthpop"},{"name":"03 - Rydeen.mp3","source":"derivative","creator":"Yellow Magic Orchestra","title":"Rydeen","track":"3","album":"Solid State Survivor","genre":"Synthpop","bitrate":"217","length":"04:26","format":"VBR MP3","original":"03 - Rydeen.flac","mtime":"1753563976","size":"7236638","md5":"7ebd0d8e6af095d81a4ad52b4016e404","crc32":"56bf04e4","sha1":"1d66fcf0f8520a33dfdcebf7d06c580cbe515ac9"},{"name":"03 - Rydeen.png","source":"derivative","format":"PNG","original":"03 - Rydeen.flac","mtime":"1753566405","size":"41831","md5":"6b69b93e489c2bc47ac0ff154308f1b0","crc32":"84094b24","sha1":"8b9a9270892d2d65ec7a77b349225fda662ba616"},{"name":"03 - Rydeen_spectrogram.png","source":"derivative","format":"Spectrogram","original":"03 - Rydeen.flac","mtime":"1753568592","size":"300979","md5":"e2c6068d18a30f6abc6641a427988d67","crc32":"0cbe9f89","sha1":"51983c391d969649e152b4a4eb8d9488b8fad493"},{"name":"04 - Castalia.flac","source":"original","mtime":"1753562076","size":"24130394","md5":"a3081b574ddb3a11ea509fa68571a849","crc32":"b4a57438","sha1":"5cbdc7ac1460a9508c7ef0612d17c206f8fc8e68","format":"Flac","length":"211","viruscheck":"1753562844","title":"Castalia","creator":"Yellow Magic Orchestra","album":"Solid State Survivor","track":"4","artist":"Yellow Magic Orchestra","genre":"Synthpop"},{"name":"04 - Castalia.mp3","source":"derivative","creator":"Yellow Magic Orchestra","title":"Castalia","track":"4","album":"Solid State Survivor","genre":"Synthpop","bitrate":"188","length":"03:31","format":"VBR MP3","original":"04 - Castalia.flac","mtime":"1753563411","size":"4973499","md5":"8af43b3066df0d3c9540f29a295a0764","crc32":"caeb0e83","sha1":"126f9248b2be64c3e16e10c83c55d8349d4575e4"},{"name":"04 - Castalia.png","source":"derivative","format":"PNG","original":"04 - Castalia.flac","mtime":"1753565036","size":"29056","md5":"37619e15d3bf84eac265eb34aa9c61e9","crc32":"76f2fce4","sha1":"fd8dc6cf5e9230e07caa4809f1eee8dc0f7c2d7e"},{"name":"04 - Castalia_spectrogram.png","source":"derivative","format":"Spectrogram","original":"04 - Castalia.flac","mtime":"1753569504","size":"330162","md5":"3008db90917b379be2b160eaeac3a94a","crc32":"e3d37839","sha1":"65d802bb42853bfe246164f58ba97263d36eab04"},{"name":"05 - Behind The Mask.flac","source":"original","mtime":"1753562386","size":"27698718","md5":"922424434b515e7c9f8f4b971f6a30d3","crc32":"8623f6b5","sha1":"2109a61849d1c5624a663825957e6182a94f71d7","format":"Flac","length":"216.97","viruscheck":"1753562844","title":"Behind The Mask","creator":"Yellow Magic Orchestra","album":"Solid State Survivor","track":"5","artist":"Yellow Magic Orchestra","genre":"Synthpop"},{"name":"05 - Behind The Mask.mp3","source":"derivative","creator":"Yellow Magic Orchestra","title":"Behind The Mask","track":"5","album":"Solid State Survivor","genre":"Synthpop","bitrate":"196","length":"03:37","format":"VBR MP3","original":"05 - Behind The Mask.flac","mtime":"1753563637","size":"5317073","md5":"cd7c08c7c4f3874e6c8195b158e2fc3b","crc32":"e7defdf6","sha1":"dda5801cbaf5093f03d9cb3d01a8035daecfd041"},{"name":"05 - Behind The Mask.png","source":"derivative","format":"PNG","original":"05 - Behind The Mask.flac","mtime":"1753564780","size":"42657","md5":"a1d706e93415693e6d0290e47ff99d2f","crc32":"fc6a2d22","sha1":"3e59d2e3f4793d21471fbbae831f44738135ed23"},{"name":"05 - Behind The Mask_spectrogram.png","source":"derivative","format":"Spectrogram","original":"05 - Behind The Mask.flac","mtime":"1753568843","size":"319772","md5":"26709e4b02c65055e46a67099bf48a2d","crc32":"128e3ddb","sha1":"c91cc9f020a8d6783b7066b2159eb9a4dd1766fc"},{"name":"06 - Day Tripper.flac","source":"original","mtime":"1753562530","size":"22922035","md5":"a5ecc69d99ced3d8457fe97eacec6386","crc32":"9415027a","sha1":"cbef418f86240777019241373f65cfb33323118f","format":"Flac","length":"160.93","viruscheck":"1753562844","title":"Day Tripper","creator":"Yellow Magic Orchestra","album":"Solid State Survivor","track":"6","artist":"Yellow Magic Orchestra","genre":"Synthpop"},{"name":"06 - Day Tripper.mp3","source":"derivative","creator":"Yellow Magic Orchestra","title":"Day Tripper","track":"6","album":"Solid State Survivor","genre":"Synthpop","bitrate":"212","length":"02:41","format":"VBR MP3","original":"06 - Day Tripper.flac","mtime":"1753563541","size":"4267569","md5":"86480a989823c54cc27387cb77b3e7b3","crc32":"b5b674b8","sha1":"14db4ef3c1074a5825831f512a99251fbd03c43e"},{"name":"06 - Day Tripper.png","source":"derivative","format":"PNG","original":"06 - Day Tripper.flac","mtime":"1753564351","size":"46387","md5":"c86258f6b742948f5ef0c7a6c313d5cc","crc32":"3e58649c","sha1":"3a820b0da09c07a09eded2cbe80a0938f7966c29"},{"name":"06 - Day Tripper_spectrogram.png","source":"derivative","format":"Spectrogram","original":"06 - Day Tripper.flac","mtime":"1753567634","size":"315258","md5":"f875d37814a436a30be518940dbf5ebc","crc32":"31f130ec","sha1":"3d675903e8544eb43413abc64789ae9494d70a2d"},{"name":"07 - Insomnia.flac","source":"original","mtime":"1753562753","size":"35047278","md5":"05e22801e9eb07dffc961f1d51102f7b","crc32":"6ce77f93","sha1":"69177d0ede36ddb4f89c899bdffe7c1179fe700a","format":"Flac","length":"297.89","title":"Insomnia","creator":"Yellow Magic Orchestra","album":"Solid State Survivor","track":"7","artist":"Yellow Magic Orchestra","genre":"Synthpop"},{"name":"07 - Insomnia.mp3","source":"derivative","creator":"Yellow Magic Orchestra","title":"Insomnia","track":"7","album":"Solid State Survivor","genre":"Synthpop","bitrate":"219","length":"04:58","format":"VBR MP3","original":"07 - Insomnia.flac","mtime":"1753563503","size":"8165966","md5":"ec9ca1daaafbba35cf688dd8064fb9e6","crc32":"ed7704a9","sha1":"a704405a6d6f79a24b42f4904e2e288e2da647df"},{"name":"07 - Insomnia.png","source":"derivative","format":"PNG","original":"07 - Insomnia.flac","mtime":"1753566551","size":"48731","md5":"ff39cef5bb197b300a63af8aee4daf71","crc32":"0e917793","sha1":"6322bf5c801d84b021b5846957a9c85382d46989"},{"name":"07 - Insomnia_spectrogram.png","source":"derivative","format":"Spectrogram","original":"07 - Insomnia.flac","mtime":"1753567757","size":"319347","md5":"23c414d07ee72b30585495b053a0b42d","crc32":"24da7276","sha1":"10c416d205d1ceea077f563d5995ea9683d78255"},{"name":"08 - Solid State Survivor.flac","source":"original","mtime":"1753562924","size":"29970777","md5":"f923c8ef165f3b45c9a9ada21e3780c6","crc32":"5ad438c5","sha1":"5f9051e7ddbf7991c949446c37b14f99f4465e92","format":"Flac","length":"238.13","viruscheck":"1753563251","title":"Solid State Survivor","creator":"Yellow Magic Orchestra","album":"Solid State Survivor","track":"8","artist":"Yellow Magic Orchestra","genre":"Synthpop"},{"name":"08 - Solid State Survivor.mp3","source":"derivative","creator":"Yellow Magic Orchestra","title":"Solid State Survivor","track":"8","album":"Solid State Survivor","genre":"Synthpop","bitrate":"210","length":"03:58","format":"VBR MP3","original":"08 - Solid State Survivor.flac","mtime":"1753563460","size":"6273150","md5":"797909b5be6c4d7b064bc4624660cfca","crc32":"74de214c","sha1":"ab82e3f1d9daf66974bf1ddac66fa1673ac1dabf"},{"name":"08 - Solid State Survivor.png","source":"derivative","format":"PNG","original":"08 - Solid State Survivor.flac","mtime":"1753564261","size":"44425","md5":"9c697fa2b96678bdf2b28a80106d1c50","crc32":"be4995af","sha1":"f8e3f557816a16ac8b8ae300f9fc47f3780cdf94"},{"name":"08 - Solid State Survivor_spectrogram.png","source":"derivative","format":"Spectrogram","original":"08 - Solid State Survivor.flac","mtime":"1753567417","size":"327688","md5":"6a6926510bfd3bdc28de879e0dd59c0f","crc32":"3aa047f4","sha1":"796804e6aa7dd7bb86e77e2e0d1b93a5949f8865"},{"name":"1979-yellow-magic-orchestra-solid-state-survivor_archive.torrent","source":"metadata","btih":"89af8f7e811bcad59e44f41e26c5173f302acd7b","mtime":"1758413994","size":"19685","md5":"64017262dbecdf921bc6aae839bc937e","crc32":"c191ca58","sha1":"d75d3e5af7450da652a9214c415bf3a1250ec33a","format":"Archive BitTorrent"},{"name":"1979-yellow-magic-orchestra-solid-state-survivor_files.xml","source":"original","format":"Metadata","md5":"334f176230d0f1ff5dde307d1a06ad8e","summation":"md5"},{"name":"1979-yellow-magic-orchestra-solid-state-survivor_meta.sqlite","source":"original","mtime":"1753562930","size":"40960","md5":"068d65b4c1639857580464e6e0c68122","crc32":"ff3d9ae8","sha1":"1fc1f82d0d4998fd2231481754d0488329690ee3","format":"Metadata"},{"name":"1979-yellow-magic-orchestra-solid-state-survivor_meta.xml","source":"original","mtime":"1758413991","size":"1093","md5":"4155e31021ad6e20a2ff00b3dc4e212d","crc32":"1885f1ff","sha1":"f5f47ea9394505517d9956026392472cd653e0c7","format":"Metadata"},{"name":"__ia_thumb.jpg","source":"original","mtime":"1753561096","size":"14067","md5":"43dd42483a1d73bb38093c23dd6015bb","crc32":"fe02c4cf","sha1":"2e9967a9692b66f497312d04e0fae18fcd04871f","format":"Item Tile"},{"name":"folder.jpg","source":"original","mtime":"1753561026","size":"3708894","md5":"3acd9e86d7cd32d36a5b018e543517a4","crc32":"c9782588","sha1":"ab7e5b6d23ce012078ee0d35f78a725339a4bbae","format":"JPEG"},{"name":"folder_thumb.jpg","source":"derivative","format":"JPEG Thumb","original":"folder.jpg","mtime":"1753564245","size":"19420","md5":"6fb16a0b61eca36d411df0bac74ae160","crc32":"367bb21b","sha1":"8b2f422df274b43aac31de639295a7228fd5d2a3"}],"files_count":39,"item_last_updated":1758413994,"item_size":305013911,"metadata":{"identifier":"1979-yellow-magic-orchestra-solid-state-survivor","mediatype":"audio","collection":["hifidelity_potpourri","hifidelity"],"creator":"Yellow Magic Orchestra","date":"1979-09-25","description":"Released by Alfa Records.","language":"jpn","scanner":"Internet Archive HTML5 Uploader 1.7.0","subject":["Synthpop","Electronic","Pop","Techno Kayō","Kayōkyoku","New Wave","Disco","Electropop","Japan"],"title":"Solid State Survivor","uploader":"marcioal3f@protonmail.com","publicdate":"2025-07-26 20:17:34","addeddate":"2025-07-26 20:17:34","curation":"[curator]validator@archive.org[/curator][date]20250726201829[/date][comment]checked for malware[/comment]","collection_added":"hifidelity"},"server":"ia801007.us.archive.org","uniq":35899163,"workable_servers":["ia801007.us.archive.org","ia601007.us.archive.org"]}