{"alternate_locations":{"servers":[{"server":"dn721605.ca.archive.org","dir":"/0/items/1979-elp-brain-salad-surgery"}],"workable":[{"server":"dn721605.ca.archive.org","dir":"/0/items/1979-elp-brain-salad-surgery"}]},"created":1767548750,"d1":"ia601208.us.archive.org","d2":"ia801208.us.archive.org","dir":"/14/items/1979-elp-brain-salad-surgery","files":[{"name":"01. Jerusalem.flac","source":"original","mtime":"1743363973","size":"21174570","md5":"de3a0938ba7b44d3bb66bf64bbcfded3","crc32":"c5d2c88b","sha1":"3aa15fe865e4d66487088a532aa73df90fc40a31","format":"Flac","length":"165.97","viruscheck":"1743364363","title":"Jerusalem","creator":"Emerson, Lake & Palmer","album":"Brain Salad Surgery","track":"01","artist":"Emerson, Lake & Palmer","genre":"Prog Rock"},{"name":"01. Jerusalem.mp3","source":"derivative","creator":"Emerson, Lake & Palmer","title":"Jerusalem","track":"01","album":"Brain Salad Surgery","genre":"Prog Rock","bitrate":"194","length":"02:46","format":"VBR MP3","original":"01. Jerusalem.flac","mtime":"1743370136","size":"4031348","md5":"3d903a3b5af8e0d85a18d2c32e2528d6","crc32":"6d4cba9c","sha1":"baa31464ed37cfde26ba95a15f722d01ec362f0a"},{"name":"01. Jerusalem.png","source":"derivative","format":"PNG","original":"01. Jerusalem.flac","mtime":"1743370346","size":"36549","md5":"dde76d4af5eded5dd685858e0d4d437c","crc32":"3091f0a3","sha1":"b17df465dc52dd09c18440afc3fb361d1fd2875f"},{"name":"01. Jerusalem_spectrogram.png","source":"derivative","format":"Spectrogram","original":"01. Jerusalem.flac","mtime":"1743370640","size":"335772","md5":"bbf3631842e84a2120f9fe4585c51abd","crc32":"9cb26d06","sha1":"de492f713132317c70f39d8fe45dc897c70fa973"},{"name":"02. Toccata.flac","source":"original","mtime":"1743364870","size":"47518001","md5":"0a6b13ec38c50316b5eb9baf836244aa","crc32":"71b57cb3","sha1":"e4c6f4f1a3fcf041e48d901c55819cb5da1ec890","format":"Flac","length":"442.6","title":"Toccata (An Adaptation Of Ginastera's 1St Piano Concerto, 4Th Movement)","creator":"Emerson, Lake & Palmer","album":"Brain Salad Surgery","track":"02","artist":"Emerson, Lake & Palmer","genre":"Prog Rock"},{"name":"02. Toccata.mp3","source":"derivative","creator":"Emerson, Lake & Palmer","title":"Toccata (An Adaptation Of Ginastera's 1St Piano Concerto, 4Th Movement)","track":"02","album":"Brain Salad Surgery","genre":"Prog Rock","bitrate":"197","length":"07:23","format":"VBR MP3","original":"02. Toccata.flac","mtime":"1743370305","size":"10897079","md5":"34e7bf32d74d71fcb25ed920bf15ca72","crc32":"8a6f0e00","sha1":"19a5c5227f32a41b3eb4c17b5c9434baca813caa"},{"name":"02. Toccata.png","source":"derivative","format":"PNG","original":"02. Toccata.flac","mtime":"1743370410","size":"31796","md5":"65c13a8ca9330b059e56ea551b44792c","crc32":"ea65cb01","sha1":"637b57326d54f74599f9d961218395e2fae618cd"},{"name":"02. Toccata_spectrogram.png","source":"derivative","format":"Spectrogram","original":"02. Toccata.flac","mtime":"1743370517","size":"341128","md5":"54887fe82a0dee76438129ccdf5a7924","crc32":"d8a4f157","sha1":"36d7b3ed421b09a26708e00dbd2454ba3879b60e"},{"name":"03. Still...You Turn Me On.flac","source":"original","mtime":"1743365769","size":"18714539","md5":"1c6d10747ffbc2156ee678d60144d25c","crc32":"06a2ca31","sha1":"0be879b90db7afea6f371e4b177e43364e5b639b","format":"Flac","length":"173.25","viruscheck":"1743366144","title":"Still...You Turn Me On","creator":"Emerson, Lake & Palmer","album":"Brain Salad Surgery","track":"03","artist":"Emerson, Lake & Palmer","genre":"Prog Rock"},{"name":"03. Still...You Turn Me On.mp3","source":"derivative","creator":"Emerson, Lake & Palmer","title":"Still...You Turn Me On","track":"03","album":"Brain Salad Surgery","genre":"Prog Rock","bitrate":"197","length":"02:53","format":"VBR MP3","original":"03. Still...You Turn Me On.flac","mtime":"1743370279","size":"4270949","md5":"c005009e6966fdc6c0db0a560701cc00","crc32":"a07db60a","sha1":"2c713c28c12d16aac324a427d2e0d1ada2340ea1"},{"name":"03. Still...You Turn Me On.png","source":"derivative","format":"PNG","original":"03. Still...You Turn Me On.flac","mtime":"1743370425","size":"30706","md5":"e4b126e128f81c65282c828310e23e08","crc32":"19a42465","sha1":"3a0eecc3a2c9c94addb59a1ca7bebcc0129b5978"},{"name":"03. Still...You Turn Me On_spectrogram.png","source":"derivative","format":"Spectrogram","original":"03. Still...You Turn Me On.flac","mtime":"1743370559","size":"331593","md5":"e9ea0041296565887464508e7c431530","crc32":"f4c96619","sha1":"a355325fb6e7f2f1e7ede8dcb550a7d606d5f960"},{"name":"04. Benny The Bouncer.flac","source":"original","mtime":"1743366256","size":"17175617","md5":"6ac426726d0370c9b55198ef6b33ae57","crc32":"5c31af06","sha1":"39cb246e63378c1a1c6861cf6fba5e1193ec5982","format":"Flac","length":"141.39","viruscheck":"1743366631","title":"Benny The Bouncer","creator":"Emerson, Lake & Palmer","album":"Brain Salad Surgery","track":"04","artist":"Emerson, Lake & Palmer","genre":"Prog Rock"},{"name":"04. Benny The Bouncer.mp3","source":"derivative","creator":"Emerson, Lake & Palmer","title":"Benny The Bouncer","track":"04","album":"Brain Salad Surgery","genre":"Prog Rock","bitrate":"206","length":"02:21","format":"VBR MP3","original":"04. Benny The Bouncer.flac","mtime":"1743370155","size":"3655217","md5":"216ae01fe2d01a47880caecc018b8131","crc32":"1f556a5e","sha1":"f31bb5d0d850c14c9394ea97f08ed0ea0260ec99"},{"name":"04. Benny The Bouncer.png","source":"derivative","format":"PNG","original":"04. Benny The Bouncer.flac","mtime":"1743370395","size":"35554","md5":"be527da65c3273f9d2b142454673b1af","crc32":"7ab3df4e","sha1":"2b5f376b2e42f43c4b58a802a6d30a548d192003"},{"name":"04. Benny The Bouncer_spectrogram.png","source":"derivative","format":"Spectrogram","original":"04. Benny The Bouncer.flac","mtime":"1743370653","size":"324061","md5":"5299cb0898b1ef1eeeda0d7257168223","crc32":"25bf5157","sha1":"945a57a3412351a0556e658f681c953cdef9a1bf"},{"name":"05. Karn Evil 9- 1st Impression - Part 1.flac","source":"original","mtime":"1743367815","size":"57619389","md5":"a308d08a732def322d37dad2baf3413d","crc32":"b18cc236","sha1":"7180ab558ec0264eefe018aacd7972333a8781d5","format":"Flac","length":"514.99","title":"Karn Evil 9: 1st Impression - Part 1","creator":"Emerson, Lake & Palmer","album":"Brain Salad Surgery","track":"05","artist":"Emerson, Lake & Palmer","genre":"Prog Rock"},{"name":"05. Karn Evil 9- 1st Impression - Part 1.mp3","source":"derivative","creator":"Emerson, Lake & Palmer","title":"Karn Evil 9: 1st Impression - Part 1","track":"05","album":"Brain Salad Surgery","genre":"Prog Rock","bitrate":"195","length":"08:35","format":"VBR MP3","original":"05. Karn Evil 9- 1st Impression - Part 1.flac","mtime":"1743370259","size":"12555732","md5":"fc5d4936bea741a8985da7e03d7d61ab","crc32":"48c74dea","sha1":"bf395320f1bb30a2ed4912ed8940fd57bc31d1d8"},{"name":"05. Karn Evil 9- 1st Impression - Part 1.png","source":"derivative","format":"PNG","original":"05. Karn Evil 9- 1st Impression - Part 1.flac","mtime":"1743370381","size":"39748","md5":"44eaf6043d3be160e47332624aadef66","crc32":"20bedd31","sha1":"ec453e9fceede745a262b2044665119faeab1131"},{"name":"05. Karn Evil 9- 1st Impression - Part 1_spectrogram.png","source":"derivative","format":"Spectrogram","original":"05. Karn Evil 9- 1st Impression - Part 1.flac","mtime":"1743370619","size":"301829","md5":"14b9a71780ed2799a977c193810af68a","crc32":"037d680f","sha1":"cb2c3e6b132dd4c14f361d63ab0d828d713a4cdc"},{"name":"06. Karn Evil 9- 1st Impression - Part 2.flac","source":"original","mtime":"1743369370","size":"34055706","md5":"0d82fa248938456816b4317cf77e487d","crc32":"bbd47029","sha1":"9a57e80dc980668d9fa02d3d083237ee40e1c206","format":"Flac","length":"288.15","title":"Karn Evil 9: 1st Impression - Part 2","creator":"Emerson, Lake & Palmer","album":"Brain Salad Surgery","track":"06","artist":"Emerson, Lake & Palmer","genre":"Prog Rock"},{"name":"06. Karn Evil 9- 1st Impression - Part 2.mp3","source":"derivative","creator":"Emerson, Lake & Palmer","title":"Karn Evil 9: 1st Impression - Part 2","track":"06","album":"Brain Salad Surgery","genre":"Prog Rock","bitrate":"197","length":"04:48","format":"VBR MP3","original":"06. Karn Evil 9- 1st Impression - Part 2.flac","mtime":"1743370232","size":"7106123","md5":"bd07479a8da1004e932a80f4795a270a","crc32":"ddfc5a0d","sha1":"1a53afeb2c71d48b1bb8e03f68282d6904da15e5"},{"name":"06. Karn Evil 9- 1st Impression - Part 2.png","source":"derivative","format":"PNG","original":"06. Karn Evil 9- 1st Impression - Part 2.flac","mtime":"1743370360","size":"38879","md5":"0374c088fd5d943aa34fad4e34399fbe","crc32":"d0b9da0a","sha1":"61beea82874d745092623230f574d952e765f169"},{"name":"06. Karn Evil 9- 1st Impression - Part 2_spectrogram.png","source":"derivative","format":"Spectrogram","original":"06. Karn Evil 9- 1st Impression - Part 2.flac","mtime":"1743370468","size":"307022","md5":"eaf9c810b90075285a83f4b2ba28b944","crc32":"98d7a7a7","sha1":"4b377ca0b3dfd7b93f65c394e6a338c4aa8a5621"},{"name":"07. Karn Evil 9- 2nd Impression.flac","source":"original","mtime":"1743369602","size":"41565086","md5":"4f809cb8594e217cd9bc198252b74f08","crc32":"84f4cac9","sha1":"ee35739ad540300b8aeb2344f78aeb8e7dc323aa","format":"Flac","length":"427.16","title":"Karn Evil 9: 2nd Impression","creator":"Emerson, Lake & Palmer","album":"Brain Salad Surgery","track":"07","artist":"Emerson, Lake & Palmer","genre":"Prog Rock"},{"name":"07. Karn Evil 9- 2nd Impression.mp3","source":"derivative","creator":"Emerson, Lake & Palmer","title":"Karn Evil 9: 2nd Impression","track":"07","album":"Brain Salad Surgery","genre":"Prog Rock","bitrate":"194","length":"07:07","format":"VBR MP3","original":"07. Karn Evil 9- 2nd Impression.flac","mtime":"1743370207","size":"10381514","md5":"377fd5a87c0c96aa333ea6b9bf8464ca","crc32":"2154450f","sha1":"4ef2f473462f1cf582896dca66ecf5173e3e1001"},{"name":"07. Karn Evil 9- 2nd Impression.png","source":"derivative","format":"PNG","original":"07. Karn Evil 9- 2nd Impression.flac","mtime":"1743370443","size":"33181","md5":"3462515655a205c502773cded19457c4","crc32":"2c3ff3d1","sha1":"4a4d511ca3ece27e81f0365bced72ddae475a4f7"},{"name":"07. Karn Evil 9- 2nd Impression_spectrogram.png","source":"derivative","format":"Spectrogram","original":"07. Karn Evil 9- 2nd Impression.flac","mtime":"1743370506","size":"324108","md5":"e1d5ef707dc0c22c78bdee7d628e9214","crc32":"a52fd8e3","sha1":"313612cc8b5d7f5b349497ba3158f64379d10440"},{"name":"08. Karn Evil 9- 3rd Impression.flac","source":"original","mtime":"1743370038","size":"65524167","md5":"db01fe5b436ffc3c2cb947bdef9a63c5","crc32":"103c4866","sha1":"2ef7358bf5d04d2b54b267650bdf150ddc12b547","format":"Flac","length":"545.36","title":"Karn Evil 9: 3rd Impression","creator":"Emerson, Lake & Palmer","album":"Brain Salad Surgery","track":"08","artist":"Emerson, Lake & Palmer","genre":"Prog Rock"},{"name":"08. Karn Evil 9- 3rd Impression.mp3","source":"derivative","creator":"Emerson, Lake & Palmer","title":"Karn Evil 9: 3rd Impression","track":"08","album":"Brain Salad Surgery","genre":"Prog Rock","bitrate":"203","length":"09:05","format":"VBR MP3","original":"08. Karn Evil 9- 3rd Impression.flac","mtime":"1743370184","size":"13853511","md5":"6745c171ff808445b471ffd3250b7f55","crc32":"7e23c774","sha1":"c2a3db3045c1d1366a29d8b22e5c648e4893858e"},{"name":"08. Karn Evil 9- 3rd Impression.png","source":"derivative","format":"PNG","original":"08. Karn Evil 9- 3rd Impression.flac","mtime":"1743370329","size":"34647","md5":"9c1eb06b609cfe96ceafca65cd5fe9e6","crc32":"49cf6e1a","sha1":"ab4f35d97f0f648c63aafa9f8aec0bf456844010"},{"name":"08. Karn Evil 9- 3rd Impression_spectrogram.png","source":"derivative","format":"Spectrogram","original":"08. Karn Evil 9- 3rd Impression.flac","mtime":"1743370456","size":"315922","md5":"3147de79dd55301a2a6fdbf9ae450aad","crc32":"4509e041","sha1":"e9b4a1a30f19638ca0fb0e267453922df56637cc"},{"name":"1979-elp-brain-salad-surgery_archive.torrent","source":"metadata","btih":"6e4cab6f51aa37021d934e681a16a73de2d6c332","mtime":"1758413889","size":"22484","md5":"d0329471b13ff0df21553c7c6f7c63a9","crc32":"b4e7f456","sha1":"1c6130ccd87c95c87b011cd6b4319debe31cabfa","format":"Archive BitTorrent"},{"name":"1979-elp-brain-salad-surgery_files.xml","source":"original","format":"Metadata","md5":"3ac57791b63ba3ee94f0df27dba1f83c","summation":"md5"},{"name":"1979-elp-brain-salad-surgery_meta.sqlite","source":"original","mtime":"1743370048","size":"40960","md5":"7479bf6d7cc53c4ee9dd0b5ce95086a6","crc32":"1a7756ed","sha1":"4fb0f77711ec925914de75c5a365730a78c98686","format":"Metadata"},{"name":"1979-elp-brain-salad-surgery_meta.xml","source":"original","mtime":"1758413886","size":"974","md5":"af1f89d0de3ec9c1d5eedf7eca141c35","crc32":"54b93d7c","sha1":"c3cc356e674aef57414f7cdfdd5a415f3aa61681","format":"Metadata"},{"name":"265caaec0b2754ced1c0037c8d7eb1be.jpg","source":"original","mtime":"1743370043","size":"305734","md5":"4d74c78d5e94f13f74e0b604c334d908","crc32":"16869695","sha1":"24011dd081957411f532dde9c51f273d6f75ad74","format":"JPEG"},{"name":"265caaec0b2754ced1c0037c8d7eb1be_thumb.jpg","source":"derivative","format":"JPEG Thumb","original":"265caaec0b2754ced1c0037c8d7eb1be.jpg","mtime":"1743370318","size":"9246","md5":"c293174e535a64261059ce6ce337002c","crc32":"6600e788","sha1":"76520588e3ae619c4193566f1b482f69a0c78226"},{"name":"__ia_thumb.jpg","source":"original","mtime":"1743370082","size":"12607","md5":"758915dcacdb040147031c2f5c721e4d","crc32":"1d5338ad","sha1":"02e5d950bd003921bd6262871da5d70784f91e8c","format":"Item Tile"}],"files_count":39,"item_last_updated":1758413889,"item_size":373353048,"metadata":{"identifier":"1979-elp-brain-salad-surgery","mediatype":"audio","collection":["hifidelity_potpourri","hifidelity"],"creator":"Emerson, Lake & Palmer","date":"1979-11-19","description":"Released by Manticore.","language":"eng","scanner":"Internet Archive HTML5 Uploader 1.7.0","subject":["Prog","Symphonic Prog","Pop","Rock","Avant-Garde","UK"],"title":"Brain Salad Surgery","uploader":"marcioal3f@protonmail.com","publicdate":"2025-03-30 19:46:34","addeddate":"2025-03-30 19:46:34","curation":"[curator]validator@archive.org[/curator][date]20250330195243[/date][comment]checked for malware[/comment]","collection_added":"hifidelity"},"server":"ia601208.us.archive.org","uniq":680557376,"workable_servers":["ia601208.us.archive.org","ia801208.us.archive.org"]}