{"alternate_locations":{"servers":[{"server":"dn710206.ca.archive.org","dir":"/0/items/1979-frank-zappa-joes-garage-acts-i-ii-and-iii"}],"workable":[{"server":"dn710206.ca.archive.org","dir":"/0/items/1979-frank-zappa-joes-garage-acts-i-ii-and-iii"}]},"created":1767565084,"d1":"ia600308.us.archive.org","d2":"ia800308.us.archive.org","dir":"/29/items/1979-frank-zappa-joes-garage-acts-i-ii-and-iii","files":[{"name":"01 The Central Scrutinizer.flac","source":"original","mtime":"1714926888","size":"26269614","md5":"8b4e6e67a826676d4635da8ba3a28a63","crc32":"f870bb9e","sha1":"a761e5b327f647b6e0027986d4dc4deb01966136","format":"Flac","length":"207.83","viruscheck":"1714927357","title":"The Central Scrutinizer","creator":"Frank Zappa","album":"Joe’s Garage (Acts I, II & III)","track":"01","artist":"Frank Zappa","genre":"Prog Rock"},{"name":"01 The Central Scrutinizer.mp3","source":"derivative","creator":"Frank Zappa","title":"The Central Scrutinizer","track":"01","album":"Joe’s Garage (Acts I, II & III)","genre":"Prog Rock","bitrate":"208","length":"03:28","format":"VBR MP3","original":"01 The Central Scrutinizer.flac","mtime":"1714928294","size":"5401891","md5":"19aa9de5b385e4a56e975ce3d2af571d","crc32":"c69b2600","sha1":"01aa879c8e15671331be5f5fefe6e0790254faa2"},{"name":"01 The Central Scrutinizer.png","source":"derivative","format":"PNG","original":"01 The Central Scrutinizer.flac","mtime":"1714931414","size":"43089","md5":"ab9b97132313299645e723719a1f59e6","crc32":"8f860caa","sha1":"5d79e12427aa66f22c09d9dc88e2b41229f064e4"},{"name":"01 The Central Scrutinizer_spectrogram.png","source":"derivative","format":"Spectrogram","original":"01 The Central Scrutinizer.flac","mtime":"1714932669","size":"327232","md5":"a20e728486c99bc7c56edf8e7a049a4a","crc32":"72fb94c9","sha1":"95145552235e94eb76412852ea49aca937e7a7e2"},{"name":"02 Joe’s Garage.flac","source":"original","mtime":"1714926920","size":"45785694","md5":"e2ec546785c481be7d5c8b95c3bfa8ea","crc32":"02264d9e","sha1":"b9b3dc2390257a6e2e243966fbe2bf53d7e62995","format":"Flac","length":"370.24","title":"Joe's Garage","creator":"Frank Zappa","album":"Joe’s Garage (Acts I, II & III)","track":"02","artist":"Frank Zappa","genre":"Prog Rock"},{"name":"02 Joe’s Garage.mp3","source":"derivative","creator":"Frank Zappa","title":"Joe's Garage","track":"02","album":"Joe’s Garage (Acts I, II & III)","genre":"Prog Rock","bitrate":"193","length":"06:10","format":"VBR MP3","original":"02 Joe’s Garage.flac","mtime":"1714928729","size":"8949667","md5":"0fc7a2f91209551eab6cbd1387f97219","crc32":"4430d439","sha1":"3f82ffaa025e154345c74f590467aefabd413b34"},{"name":"02 Joe’s Garage.png","source":"derivative","format":"PNG","original":"02 Joe’s Garage.flac","mtime":"1714931597","size":"39675","md5":"ec16ff850b26cad381637c1920b50dd1","crc32":"151a3f0b","sha1":"5888fcece091699e0300057f74fd7b40117798d8"},{"name":"02 Joe’s Garage_spectrogram.png","source":"derivative","format":"Spectrogram","original":"02 Joe’s Garage.flac","mtime":"1714933652","size":"319120","md5":"f8e7153ade5b5c7566fe1c80aa0e3bd2","crc32":"95b760c8","sha1":"1509bb2fa745d0439573b1c01ec8083ae83ce82e"},{"name":"03 Catholic Girls.flac","source":"original","mtime":"1714926935","size":"33516132","md5":"bb1b111f9d831710d1136795926434f1","crc32":"295d32f2","sha1":"075e5dc18bd01ff7ae30cb1ab084a0c0ffdb69d8","format":"Flac","length":"265.96","title":"Catholic Girls","creator":"Frank Zappa","album":"Joe’s Garage (Acts I, II & III)","track":"03","artist":"Frank Zappa","genre":"Prog Rock"},{"name":"03 Catholic Girls.mp3","source":"derivative","creator":"Frank Zappa","title":"Catholic Girls","track":"03","album":"Joe’s Garage (Acts I, II & III)","genre":"Prog Rock","bitrate":"200","length":"04:26","format":"VBR MP3","original":"03 Catholic Girls.flac","mtime":"1714929458","size":"6656629","md5":"8390f8353d16d04e8f9a236659d883a0","crc32":"db81f8a5","sha1":"28d28993b8def07311f1bce95f14a8528cd13c89"},{"name":"03 Catholic Girls.png","source":"derivative","format":"PNG","original":"03 Catholic Girls.flac","mtime":"1714931127","size":"37152","md5":"2456bf82304ecc999089f004e663f2b7","crc32":"e5380602","sha1":"f12b6d75b05089890b5eece89f5683f14c02d038"},{"name":"03 Catholic Girls_spectrogram.png","source":"derivative","format":"Spectrogram","original":"03 Catholic Girls.flac","mtime":"1714933613","size":"326021","md5":"e9c7637ef7699ea104f89b258debee8a","crc32":"ce836784","sha1":"3109acf0d8e948596d81f6631d41e4dde306d7d6"},{"name":"04 Crew Slut.flac","source":"original","mtime":"1714926968","size":"47368044","md5":"67dfcd6147712fa56415d5e996a51805","crc32":"3baf2386","sha1":"f6bc73130b2b95972b8d09d4d9471d73ad49b720","format":"Flac","length":"391.67","title":"Crew Slut","creator":"Frank Zappa","album":"Joe’s Garage (Acts I, II & III)","track":"04","artist":"Frank Zappa","genre":"Prog Rock"},{"name":"04 Crew Slut.mp3","source":"derivative","creator":"Frank Zappa","title":"Crew Slut","track":"04","album":"Joe’s Garage (Acts I, II & III)","genre":"Prog Rock","bitrate":"207","length":"06:32","format":"VBR MP3","original":"04 Crew Slut.flac","mtime":"1714928590","size":"10135990","md5":"dbc95dd226261830e924b050143368d1","crc32":"b57ba38b","sha1":"593ea978f9150115a39ee44c8175ef1fdc0339d3"},{"name":"04 Crew Slut.png","source":"derivative","format":"PNG","original":"04 Crew Slut.flac","mtime":"1714930788","size":"43387","md5":"c008c42f07c627808741dbb9566d5a91","crc32":"2f549ee2","sha1":"0a2345d615b86adddc24128adb2b4246fc7e7f3c"},{"name":"04 Crew Slut_spectrogram.png","source":"derivative","format":"Spectrogram","original":"04 Crew Slut.flac","mtime":"1714933530","size":"312140","md5":"266ddd21a3d6ed9104ba5317a1ed06f1","crc32":"978019c1","sha1":"66e06659cf93d9b31063421d68594a070d045ee3"},{"name":"05 Fembot In A Wet T-Shirt.flac","source":"original","mtime":"1714926983","size":"36578491","md5":"196cff0db09130bc57046b080a180c8e","crc32":"48dc6e86","sha1":"451dfa9e095c55657cbb1c8674a62bc6a7879b5d","format":"Flac","length":"284.53","title":"Fembot In A Wet T-Shirt","creator":"Frank Zappa","album":"Joe’s Garage (Acts I, II & III)","track":"05","artist":"Frank Zappa","genre":"Prog Rock"},{"name":"05 Fembot In A Wet T-Shirt.mp3","source":"derivative","creator":"Frank Zappa","title":"Fembot In A Wet T-Shirt","track":"05","album":"Joe’s Garage (Acts I, II & III)","genre":"Prog Rock","bitrate":"204","length":"04:45","format":"VBR MP3","original":"05 Fembot In A Wet T-Shirt.flac","mtime":"1714928467","size":"7252688","md5":"715a73fa9a2abe302e553c9bc9152629","crc32":"053c2f3c","sha1":"2bcb12d4493769323f9cce02279902f14560880e"},{"name":"05 Fembot In A Wet T-Shirt.png","source":"derivative","format":"PNG","original":"05 Fembot In A Wet T-Shirt.flac","mtime":"1714930697","size":"41478","md5":"47100eb6aa3176aa6cfc322ad1b32a17","crc32":"f5ea4db2","sha1":"a55bdc470e7dc27bf415a9d6ed0d37e7f4cba4d0"},{"name":"05 Fembot In A Wet T-Shirt_spectrogram.png","source":"derivative","format":"Spectrogram","original":"05 Fembot In A Wet T-Shirt.flac","mtime":"1714933462","size":"309492","md5":"701577d49658540bc7431c02451c6356","crc32":"03f6faf5","sha1":"9118beaeda796c0087053104f4a19d0897be7588"},{"name":"06 On the Bus.flac","source":"original","mtime":"1714927358","size":"35071297","md5":"c3f5f33f84b3b1d62c85196c77d8daeb","crc32":"31fc25b1","sha1":"4e3d0af458d6c830fc1e57e6a1260dc58eb2228c","format":"Flac","length":"259.36","title":"On The Bus","creator":"Frank Zappa","album":"Joe’s Garage (Acts I, II & III)","track":"06","artist":"Frank Zappa","genre":"Prog Rock"},{"name":"06 On the Bus.mp3","source":"derivative","creator":"Frank Zappa","title":"On The Bus","track":"06","album":"Joe’s Garage (Acts I, II & III)","genre":"Prog Rock","bitrate":"202","length":"04:19","format":"VBR MP3","original":"06 On the Bus.flac","mtime":"1714928868","size":"6554789","md5":"8f322b183d5b320c0f84db8293610ad6","crc32":"97136f46","sha1":"7b0b9b8951d5a3bb9d0abc862d612cd48bb99a04"},{"name":"06 On the Bus.png","source":"derivative","format":"PNG","original":"06 On the Bus.flac","mtime":"1714930124","size":"40943","md5":"e46dd86b47ce5457e3b34c7b2e16511f","crc32":"45b6e709","sha1":"1ba4818ed4844f423d961eba94412401764815ab"},{"name":"06 On the Bus_spectrogram.png","source":"derivative","format":"Spectrogram","original":"06 On the Bus.flac","mtime":"1714933997","size":"309793","md5":"c4cbcd837c66f9a69825241c7efd1672","crc32":"e631437f","sha1":"255ec1fa2b931ddd23c62a3ad92db4b88fa308c8"},{"name":"07 Why Does It Hurt When I Pee.flac","source":"original","mtime":"1714927369","size":"21765789","md5":"ccc56a72b7817b65cd8caf59973c662e","crc32":"1c80b93a","sha1":"fa63a670bd546a6ba27bd2393353b6cd9fda1f21","format":"Flac","length":"155.53","viruscheck":"1714928110","title":"Why Does It Hurt When I Pee","creator":"Frank Zappa","album":"Joe’s Garage (Acts I, II & III)","track":"07","artist":"Frank Zappa","genre":"Prog Rock"},{"name":"07 Why Does It Hurt When I Pee.mp3","source":"derivative","creator":"Frank Zappa","title":"Why Does It Hurt When I Pee","track":"07","album":"Joe’s Garage (Acts I, II & III)","genre":"Prog Rock","bitrate":"203","length":"02:36","format":"VBR MP3","original":"07 Why Does It Hurt When I Pee.flac","mtime":"1714928407","size":"3961637","md5":"ed520f9b4c989cdd930873be597057e9","crc32":"bc65d74e","sha1":"1bba8f16100f83fb5adb93536d9ac9cf0b1d5904"},{"name":"07 Why Does It Hurt When I Pee.png","source":"derivative","format":"PNG","original":"07 Why Does It Hurt When I Pee.flac","mtime":"1714929901","size":"35902","md5":"b72b8278781462fa631441680746daa5","crc32":"9c712632","sha1":"a58ed1092e84a8dbf966d48f1aed8391479a5076"},{"name":"07 Why Does It Hurt When I Pee_spectrogram.png","source":"derivative","format":"Spectrogram","original":"07 Why Does It Hurt When I Pee.flac","mtime":"1714933404","size":"327086","md5":"a164e393935dfa458b254019bed205c0","crc32":"4476cefd","sha1":"d7c131a037840e260d5b8ccb1955115e9a0832ee"},{"name":"08 Lucille Has Messed My Mind Up.flac","source":"original","mtime":"1714927396","size":"37958332","md5":"8aea98c9d27c1e416d407314b611b6d5","crc32":"85dfeb65","sha1":"a59052f8d4d6e0c6b70933390b09d6893f3735fd","format":"Flac","length":"342.97","title":"Lucille Has Messed My Mind Up","creator":"Frank Zappa","album":"Joe’s Garage (Acts I, II & III)","track":"08","artist":"Frank Zappa","genre":"Prog Rock"},{"name":"08 Lucille Has Messed My Mind Up.mp3","source":"derivative","creator":"Frank Zappa","title":"Lucille Has Messed My Mind Up","track":"08","album":"Joe’s Garage (Acts I, II & III)","genre":"Prog Rock","bitrate":"194","length":"05:43","format":"VBR MP3","original":"08 Lucille Has Messed My Mind Up.flac","mtime":"1714929061","size":"8337664","md5":"d52b39c438cc5a0b32a7678f8c1e3fd4","crc32":"a442e8e8","sha1":"440bda78883289daf9ccfb05e6ab6d730926736a"},{"name":"08 Lucille Has Messed My Mind Up.png","source":"derivative","format":"PNG","original":"08 Lucille Has Messed My Mind Up.flac","mtime":"1714929823","size":"37214","md5":"062a63dded4dc850779050a9d64d1e6b","crc32":"fc38e989","sha1":"2b8584d5e67c9bec8fac1bf3eeb5a4a131a6d562"},{"name":"08 Lucille Has Messed My Mind Up_spectrogram.png","source":"derivative","format":"Spectrogram","original":"08 Lucille Has Messed My Mind Up.flac","mtime":"1714933075","size":"328044","md5":"1e2117ba6b6816e03770e34c91069943","crc32":"bb17f3a5","sha1":"d99de5e69240cc15cdffd7eb062f0f952d1b71bc"},{"name":"09 Scrutinizer Postlude.flac","source":"original","mtime":"1714927404","size":"9716008","md5":"97ae9c63f1be500d86d4682359598eb4","crc32":"08c09997","sha1":"024075f8cb99f1673c7924e6cbfe38601558b512","format":"Flac","length":"94.96","viruscheck":"1714928110","title":"Scrutinizer Postlude","creator":"Frank Zappa","album":"Joe’s Garage (Acts I, II & III)","track":"09","artist":"Frank Zappa","genre":"Prog Rock"},{"name":"09 Scrutinizer Postlude.mp3","source":"derivative","creator":"Frank Zappa","title":"Scrutinizer Postlude","track":"09","album":"Joe’s Garage (Acts I, II & III)","genre":"Prog Rock","bitrate":"201","length":"01:35","format":"VBR MP3","original":"09 Scrutinizer Postlude.flac","mtime":"1714929157","size":"2390208","md5":"ada5edfaef05359e466299e296483b19","crc32":"7fa54bc4","sha1":"401673dce7d7f1391d36d34da4682444481c2556"},{"name":"09 Scrutinizer Postlude.png","source":"derivative","format":"PNG","original":"09 Scrutinizer Postlude.flac","mtime":"1714929727","size":"32888","md5":"14fb89536d45d9b3a26c903659bf7d30","crc32":"72a8436c","sha1":"dbc86b64f383046e9e4a06afe371dd110f3a6fcb"},{"name":"09 Scrutinizer Postlude_spectrogram.png","source":"derivative","format":"Spectrogram","original":"09 Scrutinizer Postlude.flac","mtime":"1714932918","size":"294593","md5":"8f53e42e5b9d3c8f4f0f1c720aa3c351","crc32":"bcdd48e1","sha1":"20f9ce4b584a5c3ed507861cc8ee980f66171d76"},{"name":"10 A Token of My Extreme.flac","source":"original","mtime":"1714927440","size":"38750300","md5":"7debce2fdbea99197213fad58098a478","crc32":"f2674577","sha1":"adadf66b1a6cddc3ccbfc0a24dbedef616a2deb6","format":"Flac","length":"329.57","title":"A Token of My Extreme","creator":"Frank Zappa","album":"Joe’s Garage (Acts I, II & III)","track":"10","artist":"Frank Zappa","genre":"Prog Rock"},{"name":"10 A Token of My Extreme.mp3","source":"derivative","creator":"Frank Zappa","title":"A Token of My Extreme","track":"10","album":"Joe’s Garage (Acts I, II & III)","genre":"Prog Rock","bitrate":"201","length":"05:30","format":"VBR MP3","original":"10 A Token of My Extreme.flac","mtime":"1714929198","size":"8278799","md5":"950053c6e1026704918211b6a582f7fb","crc32":"e5a06081","sha1":"89c1d02a784626aa5f55ad83c59c4dbd0a18d20f"},{"name":"10 A Token of My Extreme.png","source":"derivative","format":"PNG","original":"10 A Token of My Extreme.flac","mtime":"1714929652","size":"41672","md5":"373c8324d3bbd3a739f42d062ca01c82","crc32":"0b0caab4","sha1":"36d39ac05aff761f3e3f57c89199dce28b0b74b0"},{"name":"10 A Token of My Extreme_spectrogram.png","source":"derivative","format":"Spectrogram","original":"10 A Token of My Extreme.flac","mtime":"1714932763","size":"327507","md5":"f52c3934e58f43aadaedc692c5381af0","crc32":"636f8990","sha1":"640cff65105ede71232c00f5555140c336fd6ed2"},{"name":"11 Stick It Out.flac","source":"original","mtime":"1714927465","size":"35794599","md5":"c764ca27a3f192444fc5ab6ee74ede72","crc32":"d675b8fb","sha1":"fce760fe49299afee84b358c8f82abe49b3d2d57","format":"Flac","length":"274.07","title":"Stick It Out","creator":"Frank Zappa","album":"Joe’s Garage (Acts I, II & III)","track":"11","artist":"Frank Zappa","genre":"Prog Rock"},{"name":"11 Stick It Out.mp3","source":"derivative","creator":"Frank Zappa","title":"Stick It Out","track":"11","album":"Joe’s Garage (Acts I, II & III)","genre":"Prog Rock","bitrate":"197","length":"04:34","format":"VBR MP3","original":"11 Stick It Out.flac","mtime":"1714929344","size":"6774393","md5":"f8f9a61886b0dfa43007c588aa6d7638","crc32":"cfe69ba5","sha1":"82d2e6198e08b8c04e62d2877b998a86e6b1c816"},{"name":"11 Stick It Out.png","source":"derivative","format":"PNG","original":"11 Stick It Out.flac","mtime":"1714929974","size":"42111","md5":"9dc094f071806d9a1c4e3e0fb2dc198c","crc32":"b850ab52","sha1":"717b62dccd0ff6bed16975f9b07aecfa26e73c94"},{"name":"11 Stick It Out_spectrogram.png","source":"derivative","format":"Spectrogram","original":"11 Stick It Out.flac","mtime":"1714932578","size":"304299","md5":"52cf9445f5f332952e4dad56a942292a","crc32":"474b7acb","sha1":"1ffb937fd2e0d04411ecfb18722aa1bc032abe36"},{"name":"12 Sy Borg.flac","source":"original","mtime":"1714927491","size":"61722177","md5":"914e26552a255b8d92565c7215e14ac1","crc32":"f28f16eb","sha1":"574b4c9dbb52afc5bff883a0c5fd89fec172489e","format":"Flac","length":"537.07","title":"Sy Borg","creator":"Frank Zappa","album":"Joe’s Garage (Acts I, II & III)","track":"12","artist":"Frank Zappa","genre":"Prog Rock"},{"name":"12 Sy Borg.mp3","source":"derivative","creator":"Frank Zappa","title":"Sy Borg","track":"12","album":"Joe’s Garage (Acts I, II & III)","genre":"Prog Rock","bitrate":"198","length":"08:57","format":"VBR MP3","original":"12 Sy Borg.flac","mtime":"1714928796","size":"13286852","md5":"bbc88a7e9e5fada33b1929e6dc957912","crc32":"e5600482","sha1":"8ded3fed76a52e45129f7a151d7076ba88981c62"},{"name":"12 Sy Borg.png","source":"derivative","format":"PNG","original":"12 Sy Borg.flac","mtime":"1714931974","size":"41363","md5":"7de7e5d7a13c835fbfa993a23e2b8465","crc32":"36fcd9c7","sha1":"edeade934bb49039d7037eb6ca91842409c85bd2"},{"name":"12 Sy Borg_spectrogram.png","source":"derivative","format":"Spectrogram","original":"12 Sy Borg.flac","mtime":"1714934137","size":"316221","md5":"9a60191470897811e0971dfba9781a54","crc32":"f906185f","sha1":"11597d0ed76052c240fd9330fb9d8ecf8335e34c"},{"name":"13 Dong Work for Yuda.flac","source":"original","mtime":"1714927515","size":"32622814","md5":"b2acbff84f891d4069130c9ef52d3207","crc32":"1f14378c","sha1":"688b353041c161c5baa46540eb8513f4d6afd427","format":"Flac","length":"303.33","title":"Dong Work For Yuda","creator":"Frank Zappa","album":"Joe’s Garage (Acts I, II & III)","track":"13","artist":"Frank Zappa","genre":"Prog Rock"},{"name":"13 Dong Work for Yuda.mp3","source":"derivative","creator":"Frank Zappa","title":"Dong Work For Yuda","track":"13","album":"Joe’s Garage (Acts I, II & III)","genre":"Prog Rock","bitrate":"200","length":"05:03","format":"VBR MP3","original":"13 Dong Work for Yuda.flac","mtime":"1714929415","size":"7574215","md5":"44b358dd8cc32349d8d86978c9597d2b","crc32":"41b76698","sha1":"cb8cf0b6edb4320593f7c32f7887844a1f70f320"},{"name":"13 Dong Work for Yuda.png","source":"derivative","format":"PNG","original":"13 Dong Work for Yuda.flac","mtime":"1714932146","size":"41980","md5":"c0fce2fc2e8ce4f5058df4dfdfede658","crc32":"97370a8d","sha1":"0f7c3ff257930626a799984e705bb8c1c11f841e"},{"name":"13 Dong Work for Yuda_spectrogram.png","source":"derivative","format":"Spectrogram","original":"13 Dong Work for Yuda.flac","mtime":"1714932868","size":"335696","md5":"bb58615b96fb864a9a872eaa890fff80","crc32":"23b7e86a","sha1":"5d6ecef49619cac820d27a9988e4b94565946c03"},{"name":"14 Keep It Greasey.flac","source":"original","mtime":"1714927540","size":"63729361","md5":"7942d33853f5f1511c05507fdbffbf6c","crc32":"775654cb","sha1":"92e91beeb67cd39ddbb7c058aaf52c14b367a628","format":"Flac","length":"501.87","title":"Keep It Greasey","creator":"Frank Zappa","album":"Joe’s Garage (Acts I, II & III)","track":"14","artist":"Frank Zappa","genre":"Prog Rock"},{"name":"14 Keep It Greasey.mp3","source":"derivative","creator":"Frank Zappa","title":"Keep It Greasey","track":"14","album":"Joe’s Garage (Acts I, II & III)","genre":"Prog Rock","bitrate":"201","length":"08:22","format":"VBR MP3","original":"14 Keep It Greasey.flac","mtime":"1714929240","size":"12654161","md5":"f0e303d991a43a39189600f028180b81","crc32":"2a577e05","sha1":"3f46cafada83ac508afb8210a8299c3b635c0297"},{"name":"14 Keep It Greasey.png","source":"derivative","format":"PNG","original":"14 Keep It Greasey.flac","mtime":"1714932464","size":"39379","md5":"7d286c2dff59293b0bcdd670b85cd583","crc32":"c296ea81","sha1":"79c210c8c5e47a0db71e25b8987f080154da540d"},{"name":"14 Keep It Greasey_spectrogram.png","source":"derivative","format":"Spectrogram","original":"14 Keep It Greasey.flac","mtime":"1714934280","size":"297256","md5":"6f2a16197e92f8616cf90638ae4c0d3c","crc32":"8183100c","sha1":"1b86dfd20f8eb3720d00e88427c37cc66834c36c"},{"name":"15 Outside Now.flac","source":"original","mtime":"1714927559","size":"39774691","md5":"58ed787e719ec52abf1bfc1c84e1ca72","crc32":"d11ad701","sha1":"905d2b233b5d68a5a22a75dd1fd5158437901597","format":"Flac","length":"349.63","title":"Outside Now","creator":"Frank Zappa","album":"Joe’s Garage (Acts I, II & III)","track":"15","artist":"Frank Zappa","genre":"Prog Rock"},{"name":"15 Outside Now.mp3","source":"derivative","creator":"Frank Zappa","title":"Outside Now","track":"15","album":"Joe’s Garage (Acts I, II & III)","genre":"Prog Rock","bitrate":"199","length":"05:50","format":"VBR MP3","original":"15 Outside Now.flac","mtime":"1714929109","size":"8724372","md5":"49edef1a8b72f1277f6ab8da4311c217","crc32":"8454e50b","sha1":"bfe4d6bb1fd85922768e5a3bc2b584641e76d2be"},{"name":"15 Outside Now.png","source":"derivative","format":"PNG","original":"15 Outside Now.flac","mtime":"1714929523","size":"37499","md5":"b5d9fc056f22748c2d029afb0d73d81d","crc32":"f4dfb8f6","sha1":"a7b498cd5a14c7f566acebc0dd764f3504511c45"},{"name":"15 Outside Now_spectrogram.png","source":"derivative","format":"Spectrogram","original":"15 Outside Now.flac","mtime":"1714933198","size":"333356","md5":"12b8ad6bee1947fe68ee293e0b81c414","crc32":"18bccd89","sha1":"874729d76af671a58dc60318d1fa406f65c058f6"},{"name":"16 He Used to Cut the Grass.flac","source":"original","mtime":"1714927590","size":"57179467","md5":"9f95ceabb3bf4eda9185c34b1b2765b9","crc32":"5abedfaa","sha1":"59220668607c4ffcf344fb226fd7eb4126e1d7e9","format":"Flac","length":"515.17","title":"He Used To Cut The Grass","creator":"Frank Zappa","album":"Joe’s Garage (Acts I, II & III)","track":"16","artist":"Frank Zappa","genre":"Prog Rock"},{"name":"16 He Used to Cut the Grass.mp3","source":"derivative","creator":"Frank Zappa","title":"He Used To Cut The Grass","track":"16","album":"Joe’s Garage (Acts I, II & III)","genre":"Prog Rock","bitrate":"196","length":"08:35","format":"VBR MP3","original":"16 He Used to Cut the Grass.flac","mtime":"1714928946","size":"12617907","md5":"c8d58d7284b8a3307783426a9060964a","crc32":"d3a559d3","sha1":"e7249c6cc3b5aa4176f0adc9b3ec5c1900896127"},{"name":"16 He Used to Cut the Grass.png","source":"derivative","format":"PNG","original":"16 He Used to Cut the Grass.flac","mtime":"1714931828","size":"40148","md5":"9d93c72cf65570225c8b4051f69d618c","crc32":"d4987438","sha1":"3cd23a0d0105dd2e287a176ae124d4308663950e"},{"name":"16 He Used to Cut the Grass_spectrogram.png","source":"derivative","format":"Spectrogram","original":"16 He Used to Cut the Grass.flac","mtime":"1714932514","size":"320864","md5":"70a71f19a30a0756c1670771be66383d","crc32":"a51940bb","sha1":"ad03314e253f12a4332f6dd6d81c99f95f9a96ed"},{"name":"17 Packard Goose.flac","source":"original","mtime":"1714927622","size":"81691505","md5":"7011a68b7ea5b63e8f31df46483a3637","crc32":"eba83fd3","sha1":"b124e19e84176b0d1caf3d18cfdad964dbe497e8","format":"Flac","length":"691.43","title":"Packard Goose","creator":"Frank Zappa","album":"Joe’s Garage (Acts I, II & III)","track":"17","artist":"Frank Zappa","genre":"Prog Rock"},{"name":"17 Packard Goose.mp3","source":"derivative","creator":"Frank Zappa","title":"Packard Goose","track":"17","album":"Joe’s Garage (Acts I, II & III)","genre":"Prog Rock","bitrate":"199","length":"11:31","format":"VBR MP3","original":"17 Packard Goose.flac","mtime":"1714928997","size":"17238646","md5":"41001c61119d7db7ca6f4b524e7e3ba6","crc32":"8ed8a14e","sha1":"e8d3a736ab6ad03b2a3dd7fd847e70bacf16bd26"},{"name":"17 Packard Goose.png","source":"derivative","format":"PNG","original":"17 Packard Goose.flac","mtime":"1714932275","size":"39610","md5":"44fdc5298f51692965a869bccc9320aa","crc32":"73bca6e1","sha1":"1e77c051a73095e31c755ffcad20441b9ef1a11b"},{"name":"17 Packard Goose_spectrogram.png","source":"derivative","format":"Spectrogram","original":"17 Packard Goose.flac","mtime":"1714933586","size":"314283","md5":"06fea0f92db6e06291708b7d9d1bc631","crc32":"0719690d","sha1":"c055ee5f0143f78fd4d500bb662bb375139d2f40"},{"name":"18 Watermelon in Easter Hay.flac","source":"original","mtime":"1714927660","size":"60691502","md5":"5576c6925c2e081412f7e6a5c29fd5c1","crc32":"75dbed40","sha1":"83174a59fc2e1cea6b1181bc3f1b3598cd894605","format":"Flac","length":"545.27","title":"Watermelon In Easter Hay","creator":"Frank Zappa","album":"Joe’s Garage (Acts I, II & III)","track":"18","artist":"Frank Zappa","genre":"Prog Rock"},{"name":"18 Watermelon in Easter Hay.mp3","source":"derivative","creator":"Frank Zappa","title":"Watermelon In Easter Hay","track":"18","album":"Joe’s Garage (Acts I, II & III)","genre":"Prog Rock","bitrate":"194","length":"09:05","format":"VBR MP3","original":"18 Watermelon in Easter Hay.flac","mtime":"1714928639","size":"13245354","md5":"c3f95a71e1f860393d97ee413077eeca","crc32":"06abf45e","sha1":"c11dcdccdb1656e613326e50a0c71c385c1d4718"},{"name":"18 Watermelon in Easter Hay.png","source":"derivative","format":"PNG","original":"18 Watermelon in Easter Hay.flac","mtime":"1714931698","size":"37419","md5":"5c774a1d3a4204e53f20b2033f650cd1","crc32":"6fa34026","sha1":"3a61902ddcd4eca633c0fd527df540130d4db3f2"},{"name":"18 Watermelon in Easter Hay_spectrogram.png","source":"derivative","format":"Spectrogram","original":"18 Watermelon in Easter Hay.flac","mtime":"1714933495","size":"321313","md5":"2cb1343ac00b6347eac686996f4be8e1","crc32":"80441646","sha1":"75422b96a6c9545d6144f4f0f23e560e2627aa74"},{"name":"19 A Little Green Rosetta.flac","source":"original","mtime":"1714927699","size":"56332011","md5":"063e3a2a24621f518dd80368e9c1e232","crc32":"f2e46be5","sha1":"efb48cf9188156ee4725535f40bb783e8065d4e4","format":"Flac","length":"495.91","title":"A Little Green Rosetta","creator":"Frank Zappa","album":"Joe’s Garage (Acts I, II & III)","track":"19","artist":"Frank Zappa","genre":"Prog Rock"},{"name":"19 A Little Green Rosetta.mp3","source":"derivative","creator":"Frank Zappa","title":"A Little Green Rosetta","track":"19","album":"Joe’s Garage (Acts I, II & III)","genre":"Prog Rock","bitrate":"202","length":"08:16","format":"VBR MP3","original":"19 A Little Green Rosetta.flac","mtime":"1714928523","size":"12563384","md5":"d2178d5b3ee054a4e505d968569aa441","crc32":"0848a9a9","sha1":"18418499df549d0ed7693a13a6a1fb6654256ea8"},{"name":"19 A Little Green Rosetta.png","source":"derivative","format":"PNG","original":"19 A Little Green Rosetta.flac","mtime":"1714931260","size":"41478","md5":"51f373831cc9bdc0b2854265f8dc91a8","crc32":"5b136e81","sha1":"60492b864aeb244928ecb8c6f900aedad6c49a59"},{"name":"19 A Little Green Rosetta_spectrogram.png","source":"derivative","format":"Spectrogram","original":"19 A Little Green Rosetta.flac","mtime":"1714933157","size":"322294","md5":"c461410538768e751c9afda0848e0015","crc32":"4df39351","sha1":"0a63b0c91ff4ebab24e57f232442649a18d9571d"},{"name":"1979-frank-zappa-joes-garage-acts-i-ii-and-iii_archive.torrent","source":"metadata","btih":"77902610acbcd0e787fe7c89fa36e2779e998744","mtime":"1714934440","size":"54658","md5":"ae7d3aef421cbb28ca5e21d8f4dbd547","crc32":"e88a9f67","sha1":"375c63fbdcbb3f6290f193417779ba9370ce26fa","format":"Archive BitTorrent"},{"name":"1979-frank-zappa-joes-garage-acts-i-ii-and-iii_files.xml","source":"original","format":"Metadata","md5":"bb0c4ddb3209ee4b4ab35eb33fd8385a","summation":"md5"},{"name":"1979-frank-zappa-joes-garage-acts-i-ii-and-iii_meta.sqlite","source":"original","mtime":"1714927768","size":"106496","md5":"729de0d866f981377a373d8c82fc6cfa","crc32":"f8ebac8b","sha1":"0070e3eda1dfabdd12c39f20108c97756ebe01c4","format":"Metadata"},{"name":"1979-frank-zappa-joes-garage-acts-i-ii-and-iii_meta.xml","source":"original","mtime":"1714934297","size":"1457","md5":"3f90605917be011037b29bd95be8f3bc","crc32":"beca5dd6","sha1":"134c74e545a85f965226483ff0b5b73df917cd69","format":"Metadata"},{"name":"__ia_thumb.jpg","source":"original","mtime":"1714927775","size":"15098","md5":"59c194f393975c45106256654c33ec78","crc32":"e4fb6ebb","sha1":"def3c0f68e4473c4c762f717602a9fcee48edf0c","format":"Item Tile"},{"name":"cover.jpg","source":"original","mtime":"1714927702","size":"224860","md5":"f861c7d7c64b7d9c2156ecb132ae92e4","crc32":"0f46290c","sha1":"c86a60a51b2f7e2503134a83d26f739563270155","format":"JPEG"},{"name":"cover_thumb.jpg","source":"derivative","format":"JPEG Thumb","original":"cover.jpg","mtime":"1714929477","size":"10301","md5":"97c9bf412b031a64f6232c4ffd199c98","crc32":"1e342f73","sha1":"4320ad44ee30690952edc27e4d24666defab4242"},{"name":"scans.zip","source":"original","mtime":"1714927719","size":"14077765","md5":"75c2da6dc0e340bd18e59f136f7805ba","crc32":"3a916c61","sha1":"50ca01cf6477240c9b4d7b854761d1a99facd913","format":"ZIP","filecount":"18","viruscheck":"1714928110"}],"files_count":84,"item_last_updated":1714934440,"item_size":1016208706,"metadata":{"identifier":"1979-frank-zappa-joes-garage-acts-i-ii-and-iii","mediatype":"audio","collection":"opensource_audio","creator":"Frank Zappa","date":"1979","description":"That's right, it's the full 2 hour long album in FLAC format with the artwork scans and everything, you can thank me later... No copyright infringement.<br />","language":"eng","licenseurl":"https://creativecommons.org/publicdomain/zero/1.0/","scanner":"Internet Archive HTML5 Uploader 1.7.0","subject":["Rock","Opera","Prog","Psychedelic","Comedy","Alternative","Jazz","Fusion","Experimental","Spoken Word","Funk","Soul","Gospel","RnB","Satire","Pop","Avant Garde","Humor"],"title":"Joe's Garage (Acts I, II, & III)","uploader":"neue_monarchie@proton.me","publicdate":"2024-05-05 16:35:04","addeddate":"2024-05-05 16:35:04","curation":"[curator]validator@archive.org[/curator][date]20240505164237[/date][comment]checked for malware[/comment]"},"server":"ia600308.us.archive.org","uniq":1691119633,"workable_servers":["ia600308.us.archive.org","ia800308.us.archive.org"]}