{"created":1767565088,"d1":"ia903409.us.archive.org","d2":"ia803409.us.archive.org","dir":"/17/items/1979-t-fire-the-new-testament","files":[{"name":"01. Will Of The People.flac","source":"original","mtime":"1737991604","size":"35746546","md5":"be6e9445436abf69cb697779b5f6c679","crc32":"62a3fe19","sha1":"84699e40fe5b417152a5c1e4a8e600d33110075a","format":"Flac","length":"358.03","title":"Will Of The People","creator":"T-Fire","album":"The New Testament","track":"1","artist":"T-Fire","genre":"Soul"},{"name":"01. Will Of The People.mp3","source":"derivative","creator":"T-Fire","title":"Will Of The People","track":"1","album":"The New Testament","genre":"Soul","bitrate":"218","length":"05:58","format":"VBR MP3","original":"01. Will Of The People.flac","mtime":"1737994309","size":"9756369","md5":"d06dde1bc9b8af9cf2e2c82516dd0543","crc32":"30575988","sha1":"961d9c7aca764219e06f7c53af811d37943358b0"},{"name":"01. Will Of The People.png","source":"derivative","format":"PNG","original":"01. Will Of The People.flac","mtime":"1738002763","size":"45445","md5":"ba6a9083f0e2c86a4d7c87012f6a86da","crc32":"0d37a9cf","sha1":"ee142f961c07e65564691b0c385969cacef3cb0b"},{"name":"01. Will Of The People_spectrogram.png","source":"derivative","format":"Spectrogram","original":"01. Will Of The People.flac","mtime":"1738007532","size":"269201","md5":"ccf5b6115ca069271dff71a91e8f57a6","crc32":"de902267","sha1":"e655f2651bcf9707a6e8c014b34c2d24f85d9bcf"},{"name":"02. Black Power Dance (Part 1).flac","source":"original","mtime":"1737991739","size":"35518857","md5":"ad80cf7da06014184230ab8dca0490b7","crc32":"ba89eec9","sha1":"f924e683435cf636d83da8b04cfb91c42a1e5e0b","format":"Flac","title":"Black Power Dance (Part 1)","creator":"T-Fire","album":"The New Testament","track":"2","length":"349.05","artist":"T-Fire","genre":"Soul"},{"name":"02. Black Power Dance (Part 1).mp3","source":"derivative","creator":"T-Fire","title":"Black Power Dance (Part 1)","track":"2","album":"The New Testament","genre":"Soul","bitrate":"206","length":"05:49","format":"VBR MP3","original":"02. Black Power Dance (Part 1).flac","mtime":"1737997086","size":"9015429","md5":"84e85067f84d96eec4a04ec0b7c872c1","crc32":"05d9aa60","sha1":"3a3da077921c82238cec647b5c7cffd47fdcf8b3"},{"name":"02. Black Power Dance (Part 1).png","source":"derivative","format":"PNG","original":"02. Black Power Dance (Part 1).flac","mtime":"1738001028","size":"44566","md5":"c21d567997f3e0215d27bf89b05ffe8d","crc32":"3fad7d66","sha1":"9e85ada546b16f7f4933654fdd2c9364dab87247"},{"name":"02. Black Power Dance (Part 1)_spectrogram.png","source":"derivative","format":"Spectrogram","original":"02. Black Power Dance (Part 1).flac","mtime":"1738006037","size":"267612","md5":"6a51a426b9e427b4f50532826057f1c4","crc32":"4f3324fe","sha1":"b0ca799ffe15e34c6c9ee20727d27ae0bdcd0cde"},{"name":"03. Four Words.flac","source":"original","mtime":"1737991817","size":"31761237","md5":"a864e8be0335de5f3e564550ca449990","crc32":"fe7d962c","sha1":"f2b2d4788c2d2b595d03891efc90c0d2c714476f","format":"Flac","title":"Four Words","creator":"T-Fire","album":"The New Testament","track":"3","length":"332.99","viruscheck":"1737993157","artist":"T-Fire","genre":"Soul"},{"name":"03. Four Words.mp3","source":"derivative","creator":"T-Fire","title":"Four Words","track":"3","album":"The New Testament","genre":"Soul","bitrate":"194","length":"05:33","format":"VBR MP3","original":"03. Four Words.flac","mtime":"1737991933","size":"8157915","md5":"d8d61ff55c871f5ae1fcf8a4de5a4f31","crc32":"7d1d4a59","sha1":"b626da85958bdbdbfd3caf0dbc5d3b40624942f5"},{"name":"03. Four Words.png","source":"derivative","format":"PNG","original":"03. Four Words.flac","mtime":"1738001568","size":"44481","md5":"e7c84e668487ada467fd2d767f9d88ea","crc32":"4550513c","sha1":"55a98ea7c7be6a0f98a7aed925552f633b084fb4"},{"name":"03. Four Words_spectrogram.png","source":"derivative","format":"Spectrogram","original":"03. Four Words.flac","mtime":"1738008006","size":"279379","md5":"25438fd7c7f0d915f81d65a2e5a5cc09","crc32":"7e87015d","sha1":"5267942c3fbb7fab458bc21a8b769d087e40470d"},{"name":"04. Son Of An Afrikan.flac","source":"original","mtime":"1737991894","size":"24273147","md5":"041059f266aff844758f60c0791d5b73","crc32":"fc93a96c","sha1":"caeaabc4b103c48c291959eeea188f4c7f29af78","format":"Flac","title":"Son Of An Afrikan","creator":"T-Fire","album":"The New Testament","track":"4","length":"264.97","viruscheck":"1737993157","artist":"T-Fire","genre":"Soul"},{"name":"04. Son Of An Afrikan.mp3","source":"derivative","creator":"T-Fire","title":"Son Of An Afrikan","track":"4","album":"The New Testament","genre":"Soul","bitrate":"198","length":"04:25","format":"VBR MP3","original":"04. Son Of An Afrikan.flac","mtime":"1737995846","size":"6566727","md5":"5be30aafa8b5d11b221c020a7ae4df21","crc32":"8ff18f34","sha1":"e2d254e810d70fb7270f98139a7a6decc8383474"},{"name":"04. Son Of An Afrikan.png","source":"derivative","format":"PNG","original":"04. Son Of An Afrikan.flac","mtime":"1738000184","size":"44887","md5":"815f8dad8a87cb299cd78b6e6a3d8b38","crc32":"617c46a3","sha1":"bd5d5dcbe4e18b2060d13407d861b5646d668c2a"},{"name":"04. Son Of An Afrikan_spectrogram.png","source":"derivative","format":"Spectrogram","original":"04. Son Of An Afrikan.flac","mtime":"1738008792","size":"292476","md5":"3e41cba25363833e97ab8e5b9e4e0db8","crc32":"dd2d28b9","sha1":"b70b8b50b00fa78e9a8e37718119d9f69f00f4bd"},{"name":"05. Say A Prayer.flac","source":"original","mtime":"1737992075","size":"43490821","md5":"34e2b8ffd3a809c0a99d03cfd0d8bc3f","crc32":"1a6cc931","sha1":"8e103217594b289bd42fe88e35401a9232695b9c","format":"Flac","title":"Say A Prayer","creator":"T-Fire","album":"The New Testament","track":"5","length":"450","artist":"T-Fire","genre":"Soul"},{"name":"05. Say A Prayer.mp3","source":"derivative","creator":"T-Fire","title":"Say A Prayer","track":"5","album":"The New Testament","genre":"Soul","bitrate":"200","length":"07:30","format":"VBR MP3","original":"05. Say A Prayer.flac","mtime":"1737996780","size":"11236521","md5":"c798d88abe51fd25b29640e35aebb93a","crc32":"9b9d6921","sha1":"236aa3a4b581dd3526b69406226b0711d8794814"},{"name":"05. Say A Prayer.png","source":"derivative","format":"PNG","original":"05. Say A Prayer.flac","mtime":"1738000506","size":"41170","md5":"e7a764570125e50ffe4bc2fbde0fa408","crc32":"c57edcb8","sha1":"99413ae1e1e76e64d074eb0d056b7a2c29eb4c4c"},{"name":"05. Say A Prayer_spectrogram.png","source":"derivative","format":"Spectrogram","original":"05. Say A Prayer.flac","mtime":"1738007261","size":"267334","md5":"0e4f4394808c22c5371be2f8ba68c40e","crc32":"1b24153a","sha1":"7f65149234a01460b98639f15d294b378cad6192"},{"name":"06. New Testament.flac","source":"original","mtime":"1737992197","size":"28322777","md5":"ea005330bc8d63d1fe82e54bfa93917c","crc32":"b4ec71eb","sha1":"74b7032b54f6e15fd147c6a65fb4175631e26e3e","format":"Flac","title":"New Testament","creator":"T-Fire","album":"The New Testament","track":"6","length":"300.02","viruscheck":"1737993157","artist":"T-Fire","genre":"Soul"},{"name":"06. New Testament.mp3","source":"derivative","creator":"T-Fire","title":"New Testament","track":"6","album":"The New Testament","genre":"Soul","bitrate":"197","length":"05:00","format":"VBR MP3","original":"06. New Testament.flac","mtime":"1737995450","size":"7391602","md5":"d1fd4fad4f53e79ede7269696a5f8269","crc32":"7610ef04","sha1":"99658c49a39cc187ab0df5481d9aafa44914b4ae"},{"name":"06. New Testament.png","source":"derivative","format":"PNG","original":"06. New Testament.flac","mtime":"1737998392","size":"44618","md5":"41fb2231ec0fd2cbd979eeb076e6e321","crc32":"c2824948","sha1":"4deaa61811dad1eccd586d02bf7b00786901fb6a"},{"name":"06. New Testament_spectrogram.png","source":"derivative","format":"Spectrogram","original":"06. New Testament.flac","mtime":"1738005245","size":"283370","md5":"a5e12881760ae153035139b032d7710f","crc32":"08bc0575","sha1":"7595c36fa53958ee71c8eb037e9f73bd1df88fa0"},{"name":"07. Afro-III Vibrations.flac","source":"original","mtime":"1737992367","size":"29584862","md5":"f75c6e07b4fe159b77406d2ca2d050f2","crc32":"6bba81bc","sha1":"16468b294742d05962f54c6ea280448eaeb83e66","format":"Flac","title":"Afro-III Vibrations","creator":"T-Fire","album":"The New Testament","track":"7","length":"280","viruscheck":"1737993157","artist":"T-Fire","genre":"Soul"},{"name":"07. Afro-III Vibrations.mp3","source":"derivative","creator":"T-Fire","title":"Afro-III Vibrations","track":"7","album":"The New Testament","genre":"Soul","bitrate":"190","length":"04:40","format":"VBR MP3","original":"07. Afro-III Vibrations.flac","mtime":"1737995058","size":"6646837","md5":"2b25ae379b71318cd2cdab64d94030e2","crc32":"c8ec5bd1","sha1":"1108fc342cbab7d9259d62c63f4b4ac4fbaf7eb0"},{"name":"07. Afro-III Vibrations.png","source":"derivative","format":"PNG","original":"07. Afro-III Vibrations.flac","mtime":"1738001351","size":"41183","md5":"837012d0c671359467605fc505abdeab","crc32":"916103c9","sha1":"c0375a05370e6cbe5d8a79d328c31d6724346ea7"},{"name":"07. Afro-III Vibrations_spectrogram.png","source":"derivative","format":"Spectrogram","original":"07. Afro-III Vibrations.flac","mtime":"1738004472","size":"283988","md5":"afabc774bce1cef7934bb0b02f2b6399","crc32":"5b53db8f","sha1":"28a5e47402012b4586abf267a715039573d4ae92"},{"name":"08. Black Power Dance (Part 2).flac","source":"original","mtime":"1737992501","size":"27962940","md5":"6a33beec1a92f9f0b0d9a7b3c9ef1591","crc32":"bbfa9b73","sha1":"7e0001e6726c24163079a458b3de1009e34b0d72","format":"Flac","title":"Black Power Dance (Part 2)","creator":"T-Fire","album":"The New Testament","track":"8","length":"270","viruscheck":"1737993157","artist":"T-Fire","genre":"Soul"},{"name":"08. Black Power Dance (Part 2).mp3","source":"derivative","creator":"T-Fire","title":"Black Power Dance (Part 2)","track":"8","album":"The New Testament","genre":"Soul","bitrate":"189","length":"04:30","format":"VBR MP3","original":"08. Black Power Dance (Part 2).flac","mtime":"1737992518","size":"6486311","md5":"79f59776deb09620dc586af9893f8bc7","crc32":"f8dfe18a","sha1":"b001081209d0224d396e90717cbd6c1e56f56448"},{"name":"08. Black Power Dance (Part 2).png","source":"derivative","format":"PNG","original":"08. Black Power Dance (Part 2).flac","mtime":"1738001237","size":"45743","md5":"e08fce49041837045dfb26489f0b7788","crc32":"76fe0b7c","sha1":"00f0521308b534205268697d694338731c98b957"},{"name":"08. Black Power Dance (Part 2)_spectrogram.png","source":"derivative","format":"Spectrogram","original":"08. Black Power Dance (Part 2).flac","mtime":"1738006613","size":"273358","md5":"1d1222cf0a40cdb407d7151d62e605b9","crc32":"0426722e","sha1":"e31a79e714d0b9ed43917fe0e5ea021d8bcdc476"},{"name":"1979-t-fire-the-new-testament_archive.torrent","source":"metadata","btih":"722a90bd9b001fb7ce3a1145941f616c70fe93fe","mtime":"1738008858","size":"20617","md5":"67060ad349aefb54444fa114eb0516e5","crc32":"e1301956","sha1":"30c71d63a17b70d6cdbb03b8c195d631f356d34b","format":"Archive BitTorrent"},{"name":"1979-t-fire-the-new-testament_files.xml","source":"original","format":"Metadata","md5":"7eed3251624c55d44241e5d4e19d5d1c","summation":"md5"},{"name":"1979-t-fire-the-new-testament_meta.sqlite","source":"original","mtime":"1737992802","size":"61440","md5":"2e9d24c5a20118a771169bfaa6dc1f4c","crc32":"d9974a06","sha1":"d8f0d63daef64b807fcebe72856a24d35704682e","format":"Metadata"},{"name":"1979-t-fire-the-new-testament_meta.xml","source":"original","mtime":"1738008835","size":"1955","md5":"4d94da80f16685cde21d145a17977d95","crc32":"d35a8ec9","sha1":"88353823d82f4ec657b01cbdd64e980d0262e5b7","format":"Metadata"},{"name":"R-8146816-1456148116-3572.jpg","source":"original","mtime":"1737990644","size":"28856","md5":"53e504eb7a3b772ffceacf83a778ead0","crc32":"37127470","sha1":"bb1daa061db7b02220398705b74511bb24d925ae","format":"JPEG"},{"name":"R-8146816-1456148116-3572_thumb.jpg","source":"derivative","format":"JPEG Thumb","original":"R-8146816-1456148116-3572.jpg","mtime":"1737998233","size":"9258","md5":"2a40077a73819b25cdb2ed0879c365d2","crc32":"fc3a0021","sha1":"be2ba585db0af318335bd37b74f6f6b5ae1f3ca4"},{"name":"__ia_thumb.jpg","source":"original","mtime":"1737990730","size":"15220","md5":"b9c8f8e3ed910bc327c25756b58b3cfa","crc32":"e3fd6d16","sha1":"0882db1297c29f04fbeae8ae4bf0540f04778e2e","format":"Item Tile"},{"name":"art.zip","source":"original","mtime":"1737990067","size":"294356","md5":"d76facb720418e18eaa7cc3c4ea3be5b","crc32":"754630f6","sha1":"634d7fee88fc840da1a060d9efa1486a3a24f63c","format":"ZIP","filecount":"4","viruscheck":"1737990310"}],"files_count":40,"item_last_updated":1738008858,"item_size":324919411,"metadata":{"identifier":"1979-t-fire-the-new-testament","mediatype":"audio","collection":"opensource_audio","creator":"T-Fire","date":"1979","description":"<p>Proper information about the release:<a href=\"https://www.discogs.com/release/8146816-T-Fire-New-Testament\" rel=\"ugc nofollow\">https://www.discogs.com/release/8146816-T-Fire-New-Testament</a></p><p>YouTube video with the full album and context of how it was found:<a href=\"https://www.youtube.com/watch?v=E5cboZj5LWo&amp;t=34s\" rel=\"ugc nofollow\">https://www.youtube.com/watch?v=E5cboZj5LWo&amp;t=34s</a></p><p>I don't own anything, I didn't find anything, I'm just archiving the album here. Support the artists and I acknowledge the person who first uploaded the full album to YouTube first.</p><p>Stay well and enjoy it.</p>","language":"eng","licenseurl":"https://creativecommons.org/publicdomain/zero/1.0/","scanner":"Internet Archive HTML5 Uploader 1.7.0","subject":["Soul","Funk","Pop","Spiritual","Jazz","Gospel","Smooth","RnB","Afro","Highlife","Afrobeat","Psychedelic","Prog","Folk","Africa","Nigeria","Lost Media","Lost Wave"],"title":"The New Testament","uploader":"neue_monarchie@proton.me","publicdate":"2025-01-27 15:01:24","addeddate":"2025-01-27 15:01:24","curation":"[curator]validator@archive.org[/curator][date]20250127150510[/date][comment]checked for malware[/comment]"},"server":"ia903409.us.archive.org","uniq":312826332,"workable_servers":["ia903409.us.archive.org","ia803409.us.archive.org"]}