{"alternate_locations":{"servers":[{"server":"dn720707.ca.archive.org","dir":"/0/items/1979-casiopea_202506"}],"workable":[{"server":"dn720707.ca.archive.org","dir":"/0/items/1979-casiopea_202506"}]},"created":1767563973,"d1":"ia600907.us.archive.org","d2":"ia800907.us.archive.org","dir":"/15/items/1979-casiopea_202506","files":[{"name":"01 - Time Limit.flac","source":"original","mtime":"1751326780","size":"22411042","md5":"709362f80f43ffcf6f7e1f5b419ac06c","crc32":"cc4f7e15","sha1":"899efdd89821a6115dde5965dfc1807d5593deab","format":"Flac","length":"187.87","viruscheck":"1751327201","title":"Time Limit","creator":"Casiopea","album":"Casiopea","track":"1","artist":"Casiopea","genre":"Jazz Fusion"},{"name":"01 - Time Limit.mp3","source":"derivative","creator":"Casiopea","title":"Time Limit","track":"1","album":"Casiopea","genre":"Jazz Fusion","bitrate":"206","length":"03:08","format":"VBR MP3","original":"01 - Time Limit.flac","mtime":"1751328502","size":"4844573","md5":"1832ad925060d39ded0dad38c145c722","crc32":"08c99b37","sha1":"66325153639e0837f134bca6f91240e33b688338"},{"name":"01 - Time Limit.png","source":"derivative","format":"PNG","original":"01 - Time Limit.flac","mtime":"1751328706","size":"41401","md5":"0cca4bf65f4c23c5813d4b21d763b1b0","crc32":"922eb8df","sha1":"0f6747a8ae735c03725266072b614f728e4dce7b"},{"name":"01 - Time Limit_spectrogram.png","source":"derivative","format":"Spectrogram","original":"01 - Time Limit.flac","mtime":"1751328899","size":"337847","md5":"0607f69ab6fde30ca2a5f8184f9fca74","crc32":"fcf0b27f","sha1":"66217fec07a372c288aa336f78685a96d1152dd0"},{"name":"02 - Tears of the Star.flac","source":"original","mtime":"1751326927","size":"28944317","md5":"5b8ea4accf9fa90d3710bd32fde90a9d","crc32":"9a51737d","sha1":"6d32555e949a7d5cec9b8ed938390e4310f79098","format":"Flac","length":"272.8","viruscheck":"1751327201","title":"Tears of the Star","creator":"Casiopea","album":"Casiopea","track":"2","artist":"Casiopea","genre":"Jazz Fusion"},{"name":"02 - Tears of the Star.mp3","source":"derivative","creator":"Casiopea","title":"Tears of the Star","track":"2","album":"Casiopea","genre":"Jazz Fusion","bitrate":"199","length":"04:33","format":"VBR MP3","original":"02 - Tears of the Star.flac","mtime":"1751328665","size":"6811561","md5":"94f00e5c57ea3a430787d8dcadbaf880","crc32":"00a1efcf","sha1":"be29e2aaf307b1b4661a8aa6c6608df0c6e2782d"},{"name":"02 - Tears of the Star.png","source":"derivative","format":"PNG","original":"02 - Tears of the Star.flac","mtime":"1751328776","size":"33010","md5":"1b9ea97b4bc31ef581eda799ff758df2","crc32":"991a2268","sha1":"9b74b3131f4e42dec02a05bac28b4c2a5d9d2dc2"},{"name":"02 - Tears of the Star_spectrogram.png","source":"derivative","format":"Spectrogram","original":"02 - Tears of the Star.flac","mtime":"1751328851","size":"350127","md5":"7cefa8e51aa6f412a49a8b509510ce3f","crc32":"96dc07c4","sha1":"d4dc3f630d3790fd0f1b32435881c144bc1d8380"},{"name":"03 - Space Road.flac","source":"original","mtime":"1751327090","size":"36882007","md5":"813b1183b97fb7809ba877a645b77765","crc32":"ae644886","sha1":"a0c83033c34e026234afce97b91f8cbf56d73110","format":"Flac","length":"314.43","title":"Space Road","creator":"Casiopea","album":"Casiopea","track":"3","artist":"Casiopea","genre":"Jazz Fusion"},{"name":"03 - Space Road.mp3","source":"derivative","creator":"Casiopea","title":"Space Road","track":"3","album":"Casiopea","genre":"Jazz Fusion","bitrate":"206","length":"05:14","format":"VBR MP3","original":"03 - Space Road.flac","mtime":"1751328643","size":"8115753","md5":"cf4fa6825b0981b96a595a526fdc98cc","crc32":"31ead975","sha1":"b76ed7ea6f0278b4c90e2f799059abb5151dbe5e"},{"name":"03 - Space Road.png","source":"derivative","format":"PNG","original":"03 - Space Road.flac","mtime":"1751328791","size":"40089","md5":"fe41f8740e3a1c102625d0a00c91cec2","crc32":"dd69332b","sha1":"c9c63ead5e3bad8b1634b0f902202d41cdf45619"},{"name":"03 - Space Road_spectrogram.png","source":"derivative","format":"Spectrogram","original":"03 - Space Road.flac","mtime":"1751328867","size":"320988","md5":"457e9b5a2aa4de1663ce5454baa14e41","crc32":"891782d5","sha1":"c3e66f0dbe179bd848a9958f69665282135e46a7"},{"name":"04 - Midnight Rendezvous.flac","source":"original","mtime":"1751327252","size":"36435276","md5":"855577710f26d5c29058fbd587b86cce","crc32":"a5fb0d6d","sha1":"e2d7fcfb92e87eae2abaa8d703e383e346b06e2e","format":"Flac","length":"324.2","title":"Midnight Rendezvous","creator":"Casiopea","album":"Casiopea","track":"4","artist":"Casiopea","genre":"Jazz Fusion"},{"name":"04 - Midnight Rendezvous.mp3","source":"derivative","creator":"Casiopea","title":"Midnight Rendezvous","track":"4","album":"Casiopea","genre":"Jazz Fusion","bitrate":"199","length":"05:24","format":"VBR MP3","original":"04 - Midnight Rendezvous.flac","mtime":"1751328524","size":"8086088","md5":"7eec21fe21241956dc3332b45c3466c6","crc32":"24c5ef3f","sha1":"60389bcb166a6ad68ae44a0fa06f64653c7e18b4"},{"name":"04 - Midnight Rendezvous.png","source":"derivative","format":"PNG","original":"04 - Midnight Rendezvous.flac","mtime":"1751328760","size":"41390","md5":"d85f212ece4c0dcacd82a80adb387be3","crc32":"e682a608","sha1":"2b4456295412c455a7a0e8abb547be8614a5af5b"},{"name":"04 - Midnight Rendezvous_spectrogram.png","source":"derivative","format":"Spectrogram","original":"04 - Midnight Rendezvous.flac","mtime":"1751328916","size":"326446","md5":"d81db5f43b7a80d09e9a6156385b3884","crc32":"99269469","sha1":"29664ba5f3b46ad2c5c0203fbf93df52d7d297a7"},{"name":"05 - Far Away.flac","source":"original","mtime":"1751327441","size":"26706675","md5":"1b9e288160e2f8d5fb59464385a8a246","crc32":"31abcc51","sha1":"dbd8c137a864f35d035f490f2bf4b8488172da53","format":"Flac","length":"237.07","viruscheck":"1751327769","title":"Far Away","creator":"Casiopea","album":"Casiopea","track":"5","artist":"Casiopea","genre":"Jazz Fusion"},{"name":"05 - Far Away.mp3","source":"derivative","creator":"Casiopea","title":"Far Away","track":"5","album":"Casiopea","genre":"Jazz Fusion","bitrate":"203","length":"03:57","format":"VBR MP3","original":"05 - Far Away.flac","mtime":"1751328615","size":"6026947","md5":"13814561070ff25ec4bdeb2557754c99","crc32":"3e13f5d4","sha1":"835da58332d5306900e56e14adc4c7b7702a1443"},{"name":"05 - Far Away.png","source":"derivative","format":"PNG","original":"05 - Far Away.flac","mtime":"1751328742","size":"40242","md5":"b6068ac274c8cf4ed4f5544362551f82","crc32":"4bb9b426","sha1":"e495f923091b5f656886a6e6650617cd3858230e"},{"name":"05 - Far Away_spectrogram.png","source":"derivative","format":"Spectrogram","original":"05 - Far Away.flac","mtime":"1751328882","size":"338870","md5":"2706d5c84c9703dd87fdad5d6db9e1d9","crc32":"26287330","sha1":"e8d3a41e475cca709cf76843af342c4837ceffef"},{"name":"06 - Swallow.flac","source":"original","mtime":"1751327676","size":"33613439","md5":"f6c1bcb4efe338f570e3ce9594e1e1c3","crc32":"f5db7d08","sha1":"57b85653c94bde7513600f1b6d57a209736168a5","format":"Flac","length":"266.77","title":"Swallow","creator":"Casiopea","album":"Casiopea","track":"6","artist":"Casiopea","genre":"Jazz Fusion"},{"name":"06 - Swallow.mp3","source":"derivative","creator":"Casiopea","title":"Swallow","track":"6","album":"Casiopea","genre":"Jazz Fusion","bitrate":"210","length":"04:27","format":"VBR MP3","original":"06 - Swallow.flac","mtime":"1751328587","size":"7022445","md5":"2cbe2490f0ca406eeddd22d6b976eeaf","crc32":"7020aadb","sha1":"d664d15d8cbf87382291ad6127b91582be53f115"},{"name":"06 - Swallow.png","source":"derivative","format":"PNG","original":"06 - Swallow.flac","mtime":"1751328725","size":"43339","md5":"a27aa5c47466e0f635c6d10003aca776","crc32":"e343bf4b","sha1":"e7d98889ce8428e736bdd1ec2fdd6cca7a14612b"},{"name":"06 - Swallow_spectrogram.png","source":"derivative","format":"Spectrogram","original":"06 - Swallow.flac","mtime":"1751328828","size":"319652","md5":"35d4ec30647935b8135c79794c484540","crc32":"b29ee91c","sha1":"65ef0695164ed299eef6549ebce52caa5b7696ad"},{"name":"07 - Dream Hill.flac","source":"original","mtime":"1751327987","size":"37838419","md5":"be2cbef10df1763736a41a39cb1ae77d","crc32":"237f4f4f","sha1":"e5aa5d2aac0a5d3d08e5db5184b2cf2b62b8341b","format":"Flac","length":"339.93","title":"Dream Hill","creator":"Casiopea","album":"Casiopea","track":"7","artist":"Casiopea","genre":"Jazz Fusion"},{"name":"07 - Dream Hill.mp3","source":"derivative","creator":"Casiopea","title":"Dream Hill","track":"7","album":"Casiopea","genre":"Jazz Fusion","bitrate":"196","length":"05:40","format":"VBR MP3","original":"07 - Dream Hill.flac","mtime":"1751328564","size":"8330566","md5":"323eee883e04e883ed93d6baf805058d","crc32":"6e4050af","sha1":"2cc9d77711931a2fbce750a946e8c9d438c675dc"},{"name":"07 - Dream Hill.png","source":"derivative","format":"PNG","original":"07 - Dream Hill.flac","mtime":"1751328805","size":"41900","md5":"c5875c4c05c7b727885a7810a4cc15bc","crc32":"33cf4f25","sha1":"cf1a63d0011d7f523724d5dc1742b8946b276b37"},{"name":"07 - Dream Hill_spectrogram.png","source":"derivative","format":"Spectrogram","original":"07 - Dream Hill.flac","mtime":"1751328839","size":"323087","md5":"15dfb5cddb028e27f5f5b715f9b4c821","crc32":"b8170729","sha1":"0db631cbd8fdc4a90866a3419aa6303cfad1719d"},{"name":"08 - Black Joke.flac","source":"original","mtime":"1751328108","size":"29274718","md5":"a11da5c3445289e5a6df7473c259e3d1","crc32":"d07c5113","sha1":"85195350e264cff400d8f6ab34956e44d70ab3d5","format":"Flac","length":"257.36","viruscheck":"1751328470","title":"Black Joke","creator":"Casiopea","album":"Casiopea","track":"8","artist":"Casiopea","genre":"Jazz Fusion"},{"name":"08 - Black Joke.mp3","source":"derivative","creator":"Casiopea","title":"Black Joke","track":"8","album":"Casiopea","genre":"Jazz Fusion","bitrate":"206","length":"04:17","format":"VBR MP3","original":"08 - Black Joke.flac","mtime":"1751328543","size":"6640141","md5":"dfdacc8ca67e816f17c6ac116e43b7d4","crc32":"c6af0549","sha1":"a18ae74d29d618fe2485e8bcc949b6961a230b08"},{"name":"08 - Black Joke.png","source":"derivative","format":"PNG","original":"08 - Black Joke.flac","mtime":"1751328684","size":"44797","md5":"41e094e85dfc6401bbb44147486e39d9","crc32":"b89051a2","sha1":"0a9aa0311bfa71793290817f5c35f2965794dd49"},{"name":"08 - Black Joke_spectrogram.png","source":"derivative","format":"Spectrogram","original":"08 - Black Joke.flac","mtime":"1751328817","size":"329317","md5":"01b2e249386c587112f770118010a139","crc32":"bbbb0d1e","sha1":"206921664a1615d79e929a31e0ac5498c1f1f752"},{"name":"1979-casiopea_202506_archive.torrent","source":"metadata","btih":"7fbb24fddbc3c8612f2bbdb2b2bad46d97204193","mtime":"1763996811","size":"19707","md5":"a946df9b0d823d92c401cd280d83cf0f","crc32":"32e84f22","sha1":"8e0b5366a0e098613b30cf4dca16a502ff5693d9","format":"Archive BitTorrent"},{"name":"1979-casiopea_202506_files.xml","source":"original","format":"Metadata","md5":"dc57e247d10ed6c3017c5d011bafa91b","summation":"md5"},{"name":"1979-casiopea_202506_meta.sqlite","source":"original","mtime":"1751328126","size":"40960","md5":"24435ddd30b2b4fdbdcbd1f807be2d97","crc32":"2fae0fe4","sha1":"292d241ae08a9b9084513c73f2489810e3704961","format":"Metadata"},{"name":"1979-casiopea_202506_meta.xml","source":"original","mtime":"1763996807","size":"970","md5":"4a266d38836886af24595b0eec2aed30","crc32":"587ffdac","sha1":"4494ee210838f73a6174cf0843bc6f66cb7ea32d","format":"Metadata"},{"name":"Cover.jpg","source":"original","mtime":"1751326663","size":"1575419","md5":"915813e543500676336c827019780372","crc32":"68d0c32a","sha1":"abca20c1e369e4038d77663e13fb8865f7b38471","format":"JPEG"},{"name":"Cover_thumb.jpg","source":"derivative","format":"JPEG Thumb","original":"Cover.jpg","mtime":"1751328675","size":"12838","md5":"664420917e4f29072719273aa6bee1a2","crc32":"c6425bca","sha1":"97118c788072ab8b9685256e6a710223b2b51ff7"},{"name":"__ia_thumb.jpg","source":"original","mtime":"1751326742","size":"17368","md5":"1251420c75acdfde208d5c05a2ab360b","crc32":"adcc49cd","sha1":"24f4edaeb1bbc455458e379b4ba84a06349dcf10","format":"Item Tile"}],"files_count":39,"item_last_updated":1763996811,"item_size":312623731,"metadata":{"identifier":"1979-casiopea_202506","mediatype":"audio","collection":["hifidelity_potpourri","hifidelity"],"creator":"Casiopea","date":"1979-05-25","description":"Released by Alfa Records.","language":"jpn","scanner":"Internet Archive HTML5 Uploader 1.7.0","subject":["Jazz Fusion","Funk","Rock","Jazz","City Pop","Pop","Japan"],"title":"Casiopea (1979)","uploader":"marcioal3f@protonmail.com","publicdate":"2025-06-30 23:38:13","addeddate":"2025-06-30 23:38:13","curation":"[curator]validator@archive.org[/curator][date]20250630233917[/date][comment]checked for malware[/comment]","collection_added":"hifidelity"},"server":"ia800907.us.archive.org","uniq":1896499189,"workable_servers":["ia800907.us.archive.org","ia600907.us.archive.org"]}