{"alternate_locations":{"servers":[{"server":"dn710101.ca.archive.org","dir":"/0/items/20251209_20251209_1436"}],"workable":[{"server":"dn710101.ca.archive.org","dir":"/0/items/20251209_20251209_1436"}]},"created":1767565099,"d1":"ia601701.us.archive.org","d2":"ia801701.us.archive.org","dir":"/17/items/20251209_20251209_1436","files":[{"name":"01 EROTHEQUE -1977 -   Je t'aime...moi non plus.mp3","source":"original","mtime":"1765291102","size":"7706752","md5":"4174519540915a61a0fd54873f4dcd5c","crc32":"40556089","sha1":"bd1b48659c4a16c8fb9f913c3eaef6eb1b55ecc0","format":"VBR MP3","length":"321.04","title":"Je t'aime...moi non plus","creator":"Nathalie et Serge","album":"Erotheque","track":"1","artist":"Nathalie et Serge","genre":"Exotic"},{"name":"01 EROTHEQUE -1977 -   Je t'aime...moi non plus.png","source":"derivative","format":"PNG","original":"01 EROTHEQUE -1977 -   Je t'aime...moi non plus.mp3","mtime":"1765291466","size":"40093","md5":"912821253194717795efee62ad0c132c","crc32":"6838d406","sha1":"c0867f400118eef9000d41da6dea84dfd1ecf31e"},{"name":"01 EROTHEQUE -1977 -   Je t'aime...moi non plus_spectrogram.png","source":"derivative","format":"Spectrogram","original":"01 EROTHEQUE -1977 -   Je t'aime...moi non plus.mp3","mtime":"1765291602","size":"302854","md5":"1dc286199c682be28e231e599dda5429","crc32":"e02a0cb7","sha1":"34ec52931c4b94ca3068417e57a5608d2400bf08"},{"name":"02 EROTHEQUE - 1977 -  Kiss.mp3","source":"original","mtime":"1765291126","size":"7250048","md5":"1984dec16843c8540b914410365a459c","crc32":"19c94d75","sha1":"3d83d070d6582638882824e192bad0d7e66c1d8c","format":"VBR MP3","length":"302","title":"Kiss","creator":"Nathalie et Christine","album":"Erotheque","track":"2","artist":"Nathalie et Christine","genre":"Exotic"},{"name":"02 EROTHEQUE - 1977 -  Kiss.png","source":"derivative","format":"PNG","original":"02 EROTHEQUE - 1977 -  Kiss.mp3","mtime":"1765291586","size":"41423","md5":"272183f3fc2adb6f1dd71d14f9313a1e","crc32":"e0a5618a","sha1":"cf789df1f7e08c231fcffcc0c84030e8f336a430"},{"name":"02 EROTHEQUE - 1977 -  Kiss_spectrogram.png","source":"derivative","format":"Spectrogram","original":"02 EROTHEQUE - 1977 -  Kiss.mp3","mtime":"1765291719","size":"303416","md5":"fbe5ba9519cf5184e33615bb8de3b38c","crc32":"cda9847d","sha1":"1bc3a66b404733a1ef91f50abdd6e2b1641eaeca"},{"name":"03 EROTHEQUE - 1977 -  Emmanuelle.mp3","source":"original","mtime":"1765291151","size":"5118080","md5":"4da2b4b0678d86b7dbb588f7fa4886b2","crc32":"467fd18c","sha1":"78a6f45a64d7aafaab5a2e3e238f1b87f2c637ea","format":"VBR MP3","length":"213.16","title":"Emmanuelle","creator":"Les Vibrations","album":"Erotheque","track":"3","artist":"Les Vibrations","genre":"Exotic"},{"name":"03 EROTHEQUE - 1977 -  Emmanuelle.png","source":"derivative","format":"PNG","original":"03 EROTHEQUE - 1977 -  Emmanuelle.mp3","mtime":"1765291570","size":"39492","md5":"20930070967a082981119794f2df0951","crc32":"15b648ed","sha1":"66eb32d6a2dbfbf22ce16d92eb6c8eafb41df5d4"},{"name":"03 EROTHEQUE - 1977 -  Emmanuelle_spectrogram.png","source":"derivative","format":"Spectrogram","original":"03 EROTHEQUE - 1977 -  Emmanuelle.mp3","mtime":"1765291705","size":"310459","md5":"c1cb664e983b51720838a69d93ef87c1","crc32":"48d3a683","sha1":"36bcebbefed761d929945678df5b927e52b398c8"},{"name":"04 EROTHEQUE - 1977 -  La Prima Volte.mp3","source":"original","mtime":"1765291154","size":"5574784","md5":"b0a392b1b70bee2cf012fd19bf7e99ab","crc32":"e3cc6af0","sha1":"711eb412f53387fc0e180b8491461e2edebbd137","format":"VBR MP3","length":"232.23","title":"La Prima Volte","creator":"Andrea et Nicole","album":"Erotheque","track":"4","artist":"Andrea et Nicole","genre":"Exotic"},{"name":"04 EROTHEQUE - 1977 -  La Prima Volte.png","source":"derivative","format":"PNG","original":"04 EROTHEQUE - 1977 -  La Prima Volte.mp3","mtime":"1765291536","size":"29176","md5":"d8d059399a8ccf56196b31b71a294c29","crc32":"e739f947","sha1":"11c51c77b61d85fe42829c85e9862f373a3054aa"},{"name":"04 EROTHEQUE - 1977 -  La Prima Volte_spectrogram.png","source":"derivative","format":"Spectrogram","original":"04 EROTHEQUE - 1977 -  La Prima Volte.mp3","mtime":"1765291688","size":"317691","md5":"69a68c9ad1ce97982acf4caf0b4707e8","crc32":"a41f453e","sha1":"6af8ab176364be78ce8280d87c887452e48ad3c9"},{"name":"05 EROTHEQUE -1977 -  Je fais l'amour.mp3","source":"original","mtime":"1765291172","size":"4235392","md5":"430f33e8c5b8fdcafd50b0b46d767849","crc32":"70f8537c","sha1":"bfb0f52ca8d4500b04cf2aaf1cda9b4fe64d8acf","format":"VBR MP3","length":"176.38","title":"Je Fais L'amore","creator":"Nathalie et Christine","album":"Erotheque","track":"5","artist":"Nathalie et Christine","genre":"Exotic"},{"name":"05 EROTHEQUE -1977 -  Je fais l'amour.png","source":"derivative","format":"PNG","original":"05 EROTHEQUE -1977 -  Je fais l'amour.mp3","mtime":"1765291521","size":"36681","md5":"3d0844afd7108ba348bddddb22f3a8e6","crc32":"0d7dbd35","sha1":"91c36eac063cfac41bafc22b9aa38951b178cfc8"},{"name":"05 EROTHEQUE -1977 -  Je fais l'amour_spectrogram.png","source":"derivative","format":"Spectrogram","original":"05 EROTHEQUE -1977 -  Je fais l'amour.mp3","mtime":"1765291673","size":"304611","md5":"350ab1771487c5923736caadb33faad1","crc32":"02b11f61","sha1":"50c403c5ac1bd951046b9fbe0b55db679a5253ce"},{"name":"06 EROTHEQUE - 1977 -  Femmes.mp3","source":"original","mtime":"1765291207","size":"6328448","md5":"086b99a0250daafabd3f70537180bad7","crc32":"0e75a717","sha1":"31e3e8fd9f96945cca435eb384a9c5e2c6390237","format":"VBR MP3","length":"263.6","title":"Femmes","creator":"Nathalie et Christine","album":"Erotheque","track":"6","artist":"Nathalie et Christine","genre":"Exotic"},{"name":"06 EROTHEQUE - 1977 -  Femmes.png","source":"derivative","format":"PNG","original":"06 EROTHEQUE - 1977 -  Femmes.mp3","mtime":"1765291430","size":"41852","md5":"23867e21c54bb87ae6be923796916c00","crc32":"3f484f8c","sha1":"b33477d8bfffa673edef1844eaac6cb05047f948"},{"name":"06 EROTHEQUE - 1977 -  Femmes_spectrogram.png","source":"derivative","format":"Spectrogram","original":"06 EROTHEQUE - 1977 -  Femmes.mp3","mtime":"1765291657","size":"305665","md5":"4246b7be14ca200dd42d775fa45ac860","crc32":"f3231728","sha1":"745ba97de15138b4427c3b3792a577f08d887254"},{"name":"07 EROTHEQUE - 1977 -  My Eroscope.mp3","source":"original","mtime":"1765291225","size":"4948096","md5":"3a70df0b101ef089b98dedf95ab27955","crc32":"a7e9bab8","sha1":"29827a9d53b283aacfcd00973401ff6c4a23df19","format":"VBR MP3","length":"206.13","title":"My Eroscope","creator":"Les Vibrations","album":"Erotheque","track":"7","artist":"Les Vibrations","genre":"Exotic"},{"name":"07 EROTHEQUE - 1977 -  My Eroscope.png","source":"derivative","format":"PNG","original":"07 EROTHEQUE - 1977 -  My Eroscope.mp3","mtime":"1765291486","size":"40821","md5":"58bea2470915c13d19c2b8cd7d38cd7a","crc32":"5849eeff","sha1":"b6693e65d4415ca9db766b352b496f269ab9b216"},{"name":"07 EROTHEQUE - 1977 -  My Eroscope_spectrogram.png","source":"derivative","format":"Spectrogram","original":"07 EROTHEQUE - 1977 -  My Eroscope.mp3","mtime":"1765291629","size":"313790","md5":"94c0609a97861a914ef72065bab8b89d","crc32":"68ee05cc","sha1":"7af040d5fefc30f30ff352ef2ce34d880762993d"},{"name":"08 EROTHEQUE - 1977 -  Emmanuelle 2 (L'Antivierge).mp3","source":"original","mtime":"1765291261","size":"6387840","md5":"f70348fddb3b9c14a8af5cddefeedeec","crc32":"298b86e4","sha1":"a93f18a76af956eb4ee033bfbb415cbc62cbb8e8","format":"VBR MP3","length":"266.06","title":"Emmanuelle 2 (L'Antivierge)","creator":"Les Vibrations","album":"Erotheque","track":"8","artist":"Les Vibrations","genre":"Exotic"},{"name":"08 EROTHEQUE - 1977 -  Emmanuelle 2 (L'Antivierge).png","source":"derivative","format":"PNG","original":"08 EROTHEQUE - 1977 -  Emmanuelle 2 (L'Antivierge).mp3","mtime":"1765291504","size":"37279","md5":"164bf1cc123c858867735f7e9997b37b","crc32":"ae0e1634","sha1":"b2ad9a1570587fa36461583753d646802b2a73b6"},{"name":"08 EROTHEQUE - 1977 -  Emmanuelle 2 (L'Antivierge)_spectrogram.png","source":"derivative","format":"Spectrogram","original":"08 EROTHEQUE - 1977 -  Emmanuelle 2 (L'Antivierge).mp3","mtime":"1765291644","size":"323044","md5":"a69e83848c93f011f0833bd736dfb205","crc32":"f5a4fcb7","sha1":"4ceb09ab854ee6b1d18841835891243da069e5cb"},{"name":"09 EROTHEQUE - 1977 -  Laure.mp3","source":"original","mtime":"1765291265","size":"7565440","md5":"f4fad33e0dddcdfed3094b0641e12a7b","crc32":"52987ea6","sha1":"eae72d3fb6fcf0050f45615cec4eceb9e297cc02","format":"VBR MP3","length":"315.17","title":"Laure","creator":"Nathalie, Christine, Jean- marie et Les Vibrations","album":"Erotheque","track":"9","artist":"Nathalie, Christine, Jean- marie et Les Vibrations","genre":"Exotic"},{"name":"09 EROTHEQUE - 1977 -  Laure.png","source":"derivative","format":"PNG","original":"09 EROTHEQUE - 1977 -  Laure.mp3","mtime":"1765291553","size":"41890","md5":"906ec5663aa23838d4b4e2085ad790d2","crc32":"a4fe5fad","sha1":"4e8ee9d346e608a139cb2dd2c9600e0d79d83441"},{"name":"09 EROTHEQUE - 1977 -  Laure_spectrogram.png","source":"derivative","format":"Spectrogram","original":"09 EROTHEQUE - 1977 -  Laure.mp3","mtime":"1765291733","size":"308615","md5":"b22afeebde3d6d5d7ceb51ab6d26dc66","crc32":"2581477a","sha1":"e351bb98cbd2c87fb379a5c4b14b95b21d4a2860"},{"name":"1.jpg","source":"original","mtime":"1765291295","size":"25191","md5":"7c89adbb740b1d7225ec3a9ef6f68f77","crc32":"e2a452a3","sha1":"ea99f324dea5b06542cff4d950c0e8e079c04d75","format":"JPEG"},{"name":"10 EROTHEQUE - 1977 -  Histoire D'O.mp3","source":"original","mtime":"1765291292","size":"5421184","md5":"ff11116f5d5a23cc6a13477da747292a","crc32":"c90531c3","sha1":"b6b3836609dfc1f07263758b26867702ccb0c26a","format":"VBR MP3","length":"225.83","title":"Histoire D'O","creator":"Les Vibrations","album":"Erotheque","track":"10","artist":"Les Vibrations","genre":"Exotic"},{"name":"10 EROTHEQUE - 1977 -  Histoire D'O.png","source":"derivative","format":"PNG","original":"10 EROTHEQUE - 1977 -  Histoire D'O.mp3","mtime":"1765291446","size":"41216","md5":"39f6f79166792eda3f59362f899a49c5","crc32":"1e182841","sha1":"cfb12b13d83e19a4a52ec3e6dd6553d17e11dddf"},{"name":"10 EROTHEQUE - 1977 -  Histoire D'O_spectrogram.png","source":"derivative","format":"Spectrogram","original":"10 EROTHEQUE - 1977 -  Histoire D'O.mp3","mtime":"1765291616","size":"319613","md5":"05433d848ba71ce399d6f19005f41cf3","crc32":"7a982558","sha1":"b6ff67fb150575950908dc8b44a4bb1628a6146e"},{"name":"1_thumb.jpg","source":"derivative","format":"JPEG Thumb","original":"1.jpg","mtime":"1765291417","size":"6517","md5":"f6c3c0b1bae5816751a6e0aabcca08fc","crc32":"bcd37af1","sha1":"ba414c5edd05414f10b785878fd7fd595e51bd46"},{"name":"2.jpg","source":"original","mtime":"1765291297","size":"94598","md5":"374867e2fa99c3430099569136482315","crc32":"b9afe7c3","sha1":"197177f1af40fe75b340492792760fd802da153a","format":"JPEG"},{"name":"20251209_20251209_1436_archive.torrent","source":"metadata","btih":"885ff0ff6be18b0049c82cccc9ed2586f5d14e51","mtime":"1766017449","size":"9919","md5":"204f1deb033081b5762f2bf035a465f6","crc32":"41610ee8","sha1":"af71e500c7a85d35c25994f3290d7eb9f9a57f3f","format":"Archive BitTorrent"},{"name":"20251209_20251209_1436_files.xml","source":"original","format":"Metadata","md5":"116f3a889793958e710f537095ab27c3","summation":"md5"},{"name":"20251209_20251209_1436_meta.sqlite","source":"original","mtime":"1765291312","size":"49152","md5":"18e65bb9f26254d5a83c658b7503508a","crc32":"dcf90ced","sha1":"e1c3dec8815ca696726cc130f3efb6c5ea929378","format":"Metadata"},{"name":"20251209_20251209_1436_meta.xml","source":"original","mtime":"1766017446","size":"879","md5":"f10fc611e43be29765e0b0b1a6c1a7ad","crc32":"c2139d34","sha1":"8763325d1101c7dfaedd287b6ffd38080e8be7ea","format":"Metadata"},{"name":"2_thumb.jpg","source":"derivative","format":"JPEG Thumb","original":"2.jpg","mtime":"1765291412","size":"8050","md5":"0ab7727786e2d470ac5584ea3d4e99ad","crc32":"bee370d3","sha1":"6379fa88e306956c99419c2dcc16ad74b2585126"},{"name":"3.jpg","source":"original","mtime":"1765291299","size":"117578","md5":"797df54329fa89904917fe359ea3c4c9","crc32":"751494ce","sha1":"2d629b0e0e3a4540543f0db8f84fc42c7fed8e63","format":"JPEG"},{"name":"3_thumb.jpg","source":"derivative","format":"JPEG Thumb","original":"3.jpg","mtime":"1765291405","size":"11210","md5":"00648e2960e5808aa1655456373e6eec","crc32":"f49c5603","sha1":"131810791c915856734f8e5defdae98ade2663c3"},{"name":"4.jpg","source":"original","mtime":"1765291302","size":"112325","md5":"7e58fc8974fb2121873a8399eebda63c","crc32":"25d0956a","sha1":"252e4fde8c4c282fd000b0b27ca2667d723e4e75","format":"JPEG"},{"name":"4_thumb.jpg","source":"derivative","format":"JPEG Thumb","original":"4.jpg","mtime":"1765291398","size":"10542","md5":"69b4ab73ff5b120a3221d9ec60198760","crc32":"e45a4a14","sha1":"20ad78f35ffb14bc062bbbc8165e9fca390aeccc"},{"name":"__ia_thumb.jpg","source":"original","mtime":"1765291348","size":"6751","md5":"69525af2e8961ff9f64660b28544ec7c","crc32":"32f1db17","sha1":"eeda0e57330e549ef511caa2f01fb814e0fdf03f","format":"Item Tile"}],"files_count":43,"item_last_updated":1766017449,"item_size":64488457,"metadata":{"identifier":"20251209_20251209_1436","mediatype":"audio","collection":["hifidelity_potpourri","hifidelity"],"creator":"Peter Bugarchich","date":"1977","description":"Erotheque - Various Artists","scanner":"Internet Archive HTML5 Uploader 1.7.0","subject":["Pop","Stage","Screen","Seduction"],"title":"Erotheque - Various Artists","uploader":"peterbugarchich@gmail.com","publicdate":"2025-12-09 14:39:06","addeddate":"2025-12-09 14:39:06","curation":"[curator]validator@archive.org[/curator][date]20251209144258[/date][comment]checked for malware[/comment]","collection_added":"hifidelity"},"server":"ia801701.us.archive.org","uniq":565290552,"workable_servers":["ia801701.us.archive.org","ia601701.us.archive.org"]}