{"alternate_locations":{"servers":[{"server":"dn721904.ca.archive.org","dir":"/0/items/26-don-mc-lean-american-pie"}],"workable":[{"server":"dn721904.ca.archive.org","dir":"/0/items/26-don-mc-lean-american-pie"}]},"created":1767565100,"d1":"ia601006.us.archive.org","d2":"ia801006.us.archive.org","dir":"/8/items/26-don-mc-lean-american-pie","files":[{"name":"01 - Fleetwood Mac - Dreams (2004 Remaster).afpk","source":"derivative","format":"Columbia Peaks","original":"01 - Fleetwood Mac - Dreams (2004 Remaster).mp3","mtime":"1610674113","size":"44328","md5":"9bdd74647b30fe75b7a56d4c59913a0b","crc32":"2337a8c7","sha1":"fb1ddc7f1d7cc84a08135a06da38458eecb0fc56"},{"name":"01 - Fleetwood Mac - Dreams (2004 Remaster).mp3","source":"original","mtime":"1610670107","size":"4194064","md5":"5baa87b1e367205033036a9755e65c29","crc32":"ef47949b","sha1":"1b1b860ad6f27798c3ed00039f290f9d6d9429c1","format":"VBR MP3","length":"257.83","height":"800","width":"800","title":"Dreams (2004 Remaster)","creator":"Fleetwood Mac","album":"Rumours","track":"2","artist":"Fleetwood Mac","genre":"Rock"},{"name":"01 - Fleetwood Mac - Dreams (2004 Remaster).png","source":"derivative","format":"PNG","original":"01 - Fleetwood Mac - Dreams (2004 Remaster).mp3","mtime":"1610671775","size":"44392","md5":"297b1bce70f28c8c8b714554a61120c4","crc32":"25fc4c46","sha1":"a3ad22f79da407435a00f7064f2e8ffb0ec67fa3"},{"name":"01 - Fleetwood Mac - Dreams (2004 Remaster)_spectrogram.png","source":"derivative","format":"Spectrogram","original":"01 - Fleetwood Mac - Dreams (2004 Remaster).mp3","mtime":"1610673486","size":"301021","md5":"b7e0693138d34c9e14cf5b53754bd0eb","crc32":"84666132","sha1":"fcec188b940ffa055f8bbf406e38f89d70f7e9eb"},{"name":"02 - Elton John - Don't Go Breaking My Heart.afpk","source":"derivative","format":"Columbia Peaks","original":"02 - Elton John - Don't Go Breaking My Heart.mp3","mtime":"1610673894","size":"52176","md5":"441782f141c9158b18afb22f9b0e00e7","crc32":"0a790120","sha1":"87605de4c415bf3b3709bf96ba08ab2f43e1a8fd"},{"name":"02 - Elton John - Don't Go Breaking My Heart.mp3","source":"original","mtime":"1610670148","size":"4561791","md5":"79e7ee618c3669fb35faf6347ba7d34a","crc32":"f11981fb","sha1":"89cfe86ad5f96c78ee7759eff5dc03e9efffed2d","format":"VBR MP3","length":"275.49","height":"800","width":"800","title":"Don't Go Breaking My Heart","creator":"Elton John; Kiki Dee","album":"Rock Of The Westies","track":"10","artist":"Elton John; Kiki Dee","genre":"Pop"},{"name":"02 - Elton John - Don't Go Breaking My Heart.png","source":"derivative","format":"PNG","original":"02 - Elton John - Don't Go Breaking My Heart.mp3","mtime":"1610671748","size":"42745","md5":"3971fdba302fb40f68e2138bb2a0f7c0","crc32":"9f873a27","sha1":"096f077bb7a3dceabd1bc6eca134f19350098d68"},{"name":"02 - Elton John - Don't Go Breaking My Heart_spectrogram.png","source":"derivative","format":"Spectrogram","original":"02 - Elton John - Don't Go Breaking My Heart.mp3","mtime":"1610672441","size":"296345","md5":"55f48636a6c2288da652eeca3e713597","crc32":"914035b4","sha1":"f1d043e63c839b36c2ec7dcba9c789e14fbd6991"},{"name":"03 - Prince - I Wanna Be Your Lover.afpk","source":"derivative","format":"Columbia Peaks","original":"03 - Prince - I Wanna Be Your Lover.mp3","mtime":"1610673913","size":"59888","md5":"d2c91fbad5641981264e006940ec7ad8","crc32":"1ac0da4f","sha1":"65236c66de48baf78439016b0dbf2dfc575b658f"},{"name":"03 - Prince - I Wanna Be Your Lover.mp3","source":"original","mtime":"1610670165","size":"5682176","md5":"690b5aadd7dbc210fe0de497304b90b2","crc32":"5eb4d382","sha1":"cce4035271a8ecdd1f7378f3ea4492077cc83ce4","format":"VBR MP3","length":"347.72","height":"800","width":"800","title":"I Wanna Be Your Lover","creator":"Prince","album":"Prince","track":"1","artist":"Prince","genre":"Pop; R&B"},{"name":"03 - Prince - I Wanna Be Your Lover.png","source":"derivative","format":"PNG","original":"03 - Prince - I Wanna Be Your Lover.mp3","mtime":"1610671721","size":"44358","md5":"3169c2fa611145d964af2478e0e29074","crc32":"a55080a4","sha1":"9f8b669dbd6c21c89332de435fe624e4b6d79e47"},{"name":"03 - Prince - I Wanna Be Your Lover_spectrogram.png","source":"derivative","format":"Spectrogram","original":"03 - Prince - I Wanna Be Your Lover.mp3","mtime":"1610673390","size":"308017","md5":"a2690b5203cbafb9d1f33c7f6f0b4ddc","crc32":"e2a12520","sha1":"95ba5f00e5ee31489ddd21ddccf14b8f016ddda6"},{"name":"04 - Rod Stewart - Da Ya Think I'm Sexy_ (2008 Remaster).afpk","source":"derivative","format":"Columbia Peaks","original":"04 - Rod Stewart - Da Ya Think I'm Sexy_ (2008 Remaster).mp3","mtime":"1610673925","size":"65432","md5":"f06aa3c9d4774c4134c8959960efa529","crc32":"0c8f95a8","sha1":"4f1827127c8ab3505bf7e3346ba35ac8bcb036a8"},{"name":"04 - Rod Stewart - Da Ya Think I'm Sexy_ (2008 Remaster).mp3","source":"original","mtime":"1610670183","size":"5393917","md5":"8539d15f4f0066d39e09f749421a561e","crc32":"556d0615","sha1":"ca9c11285a824cb671ffad630f322bd4ebdeb752","format":"VBR MP3","length":"329.2","height":"800","width":"800","title":"Da Ya Think I'm Sexy? (2008 Remaster)","creator":"Rod Stewart","album":"Some Guys Have All the Luck","track":"13","artist":"Rod Stewart","genre":"Pop; Rock"},{"name":"04 - Rod Stewart - Da Ya Think I'm Sexy_ (2008 Remaster).png","source":"derivative","format":"PNG","original":"04 - Rod Stewart - Da Ya Think I'm Sexy_ (2008 Remaster).mp3","mtime":"1610671694","size":"43225","md5":"5fb4e5753bf4ab73271341a567066dfc","crc32":"dc8dd7ce","sha1":"768cdad006354d7a9174577cea0f4f2175d41d9c"},{"name":"04 - Rod Stewart - Da Ya Think I'm Sexy_ (2008 Remaster)_spectrogram.png","source":"derivative","format":"Spectrogram","original":"04 - Rod Stewart - Da Ya Think I'm Sexy_ (2008 Remaster).mp3","mtime":"1610672853","size":"286225","md5":"8d17d3f1508e0296d373cddb51349462","crc32":"ae39c82d","sha1":"a72bdbebd45bb135810f4a957b5815f165680b50"},{"name":"05 - Stevie Wonder - Isn't She Lovely.afpk","source":"derivative","format":"Columbia Peaks","original":"05 - Stevie Wonder - Isn't She Lovely.mp3","mtime":"1610673942","size":"74056","md5":"f42f91367ddb46212288aa0e0454d787","crc32":"e461b0d5","sha1":"96a13e9a75f1c0357938375c81c9a1ab011a6c9a"},{"name":"05 - Stevie Wonder - Isn't She Lovely.mp3","source":"original","mtime":"1610670211","size":"6443747","md5":"5941b8506ea5ad374ec4384076228aa5","crc32":"9cb7363f","sha1":"6a9724ceb41d97992c73f303da3d1a7a5d7792e6","format":"VBR MP3","length":"394.32","height":"800","width":"800","title":"Isn't She Lovely","creator":"Stevie Wonder","album":"Songs In The Key Of Life","track":"1","artist":"Stevie Wonder","genre":"Pop"},{"name":"05 - Stevie Wonder - Isn't She Lovely.png","source":"derivative","format":"PNG","original":"05 - Stevie Wonder - Isn't She Lovely.mp3","mtime":"1610671668","size":"42173","md5":"c74fea7ada78e0d407b97f129c74fa1d","crc32":"d8594f5a","sha1":"e46665f9a1fd936315e626b2f1926be3f3049dee"},{"name":"05 - Stevie Wonder - Isn't She Lovely_spectrogram.png","source":"derivative","format":"Spectrogram","original":"05 - Stevie Wonder - Isn't She Lovely.mp3","mtime":"1610672565","size":"299793","md5":"744f9a76b554888c29828c143b429427","crc32":"8f9bcc8f","sha1":"c83e09b7a92b529322f2c7604eefbe2c6c826b7b"},{"name":"06 - John Travolta - You're The One That I Want.afpk","source":"derivative","format":"Columbia Peaks","original":"06 - John Travolta - You're The One That I Want.mp3","mtime":"1610673806","size":"36424","md5":"449f15900436a19ed9c28b4171b6965d","crc32":"77294390","sha1":"54c5101e1a7578ecc76017c4124a6b2ecff9908a"},{"name":"06 - John Travolta - You're The One That I Want.mp3","source":"original","mtime":"1610670227","size":"2854696","md5":"a032d1b64fe6010878b4ce5af41e5404","crc32":"2e797995","sha1":"35b76b011fb9d71914bd7552176d1af20f9f1896","format":"VBR MP3","length":"169.87","height":"800","width":"800","title":"You're The One That I Want","creator":"John Travolta; Olivia Newton-John","album":"Grease (The Original Motion Picture Soundtrack)","track":"4","artist":"John Travolta; Olivia Newton-John","genre":"Films/Games; Musicals"},{"name":"06 - John Travolta - You're The One That I Want.png","source":"derivative","format":"PNG","original":"06 - John Travolta - You're The One That I Want.mp3","mtime":"1610671032","size":"42979","md5":"806e9326394ce09800d5136e60789ae7","crc32":"a0b7d075","sha1":"2cba2078daade6224bd9732df748cff04f7badea"},{"name":"06 - John Travolta - You're The One That I Want_spectrogram.png","source":"derivative","format":"Spectrogram","original":"06 - John Travolta - You're The One That I Want.mp3","mtime":"1610672741","size":"303913","md5":"c4fb94ae0e391669c80a479fb0770c65","crc32":"b4f3d1da","sha1":"73ec6f98995a8f18f112495ee3369b449fd1255e"},{"name":"07 - Carly Simon - You're so Vain.afpk","source":"derivative","format":"Columbia Peaks","original":"07 - Carly Simon - You're so Vain.mp3","mtime":"1610673981","size":"51048","md5":"54e6c49dfbb29da748142eea65be963c","crc32":"2985b17f","sha1":"81e791f4f665da6bfb02188eb5502a9b173a37e4"},{"name":"07 - Carly Simon - You're so Vain.mp3","source":"original","mtime":"1610670240","size":"4226779","md5":"f9086adc32702cda455acd5775df4ae5","crc32":"db38f3f7","sha1":"203c62c50cb389ffa4d125e0d843eda09b4520e9","format":"VBR MP3","length":"258.46","height":"800","width":"800","title":"You're so Vain","creator":"Carly Simon","album":"The Best Of Carly Simon","track":"6","artist":"Carly Simon","genre":"Pop"},{"name":"07 - Carly Simon - You're so Vain.png","source":"derivative","format":"PNG","original":"07 - Carly Simon - You're so Vain.mp3","mtime":"1610671439","size":"43196","md5":"eba6800064f3f8b33a5ff2d37fd43b94","crc32":"ef0371ae","sha1":"1fb710caa9cecce2c4aa154bf8daa91a85e7fb39"},{"name":"07 - Carly Simon - You're so Vain_spectrogram.png","source":"derivative","format":"Spectrogram","original":"07 - Carly Simon - You're so Vain.mp3","mtime":"1610673259","size":"315329","md5":"ed848bcda36bbe012c1869eb09c7cbc4","crc32":"b7e99aae","sha1":"c1b4e2490a2d71665982437b76775092959e2514"},{"name":"08 - The Pointer Sisters - Fire.afpk","source":"derivative","format":"Columbia Peaks","original":"08 - The Pointer Sisters - Fire.mp3","mtime":"1610673992","size":"40752","md5":"4f681395474da46e61c588ca7d88f3d6","crc32":"b6b81176","sha1":"d64f50419a6fd3ed1182d6b13530f74d184b90d4"},{"name":"08 - The Pointer Sisters - Fire.mp3","source":"original","mtime":"1610670251","size":"3459303","md5":"5fe2ecaebf9013033090eacff30921e9","crc32":"15890851","sha1":"94d69d7cafb1da9e6997284985d474cff626ebf0","format":"VBR MP3","length":"210.68","height":"800","width":"800","title":"Fire","creator":"The Pointer Sisters","album":"Energy (Expanded Edition)","track":"7","artist":"The Pointer Sisters","genre":"Pop"},{"name":"08 - The Pointer Sisters - Fire.png","source":"derivative","format":"PNG","original":"08 - The Pointer Sisters - Fire.mp3","mtime":"1610671611","size":"38613","md5":"cae615ee84f81a507ce9a3acc225ccc4","crc32":"8484b2c5","sha1":"9047601987e1fde31c51bdc1d2b96cc56ccaa7a1"},{"name":"08 - The Pointer Sisters - Fire_spectrogram.png","source":"derivative","format":"Spectrogram","original":"08 - The Pointer Sisters - Fire.mp3","mtime":"1610672792","size":"317445","md5":"54682da2b27d8ead362a0823eb61cddc","crc32":"01dc48c1","sha1":"89c59200e902b5269022b2690a2fddfdb355f0ca"},{"name":"09 - Cheap Trick - I Want You to Want Me.afpk","source":"derivative","format":"Columbia Peaks","original":"09 - Cheap Trick - I Want You to Want Me.mp3","mtime":"1610674001","size":"35816","md5":"ffeed7ccb98397a819a7e6bf881369b5","crc32":"f3c6e74e","sha1":"7abe1d85d450654a6e076bc059155b49a0481fb8"},{"name":"09 - Cheap Trick - I Want You to Want Me.mp3","source":"original","mtime":"1610670261","size":"3178121","md5":"ee77487f07cf385825b13ce14a02d512","crc32":"e50af763","sha1":"b04720c808e005aff14b4705aeb6382dfa3c9db8","format":"VBR MP3","length":"191.27","height":"800","width":"800","title":"I Want You to Want Me","creator":"Cheap Trick","album":"In Color","track":"4","artist":"Cheap Trick","genre":"Rock"},{"name":"09 - Cheap Trick - I Want You to Want Me.png","source":"derivative","format":"PNG","original":"09 - Cheap Trick - I Want You to Want Me.mp3","mtime":"1610671583","size":"42893","md5":"53630095aab0f235ed779c953fb931b9","crc32":"f5c49bef","sha1":"878d826f062b5115a361902a8e22f0a8de31c965"},{"name":"09 - Cheap Trick - I Want You to Want Me_spectrogram.png","source":"derivative","format":"Spectrogram","original":"09 - Cheap Trick - I Want You to Want Me.mp3","mtime":"1610672507","size":"295117","md5":"e8d07e42afdfb0b41d42ef2426e7dfda","crc32":"1d8227a4","sha1":"06f7c896b9ed59bcad66c8dc0e83c07c7f83141b"},{"name":"10 - Rupert Holmes - Escape (The Pina Colada Song) (Single Version).afpk","source":"derivative","format":"Columbia Peaks","original":"10 - Rupert Holmes - Escape (The Pina Colada Song) (Single Version).mp3","mtime":"1610674012","size":"42624","md5":"1fdcc13bc4655e8fa959551a951b3fbc","crc32":"e15d8c6e","sha1":"cb935d0a323bdbdc328a0b5870df6f2966483520"},{"name":"10 - Rupert Holmes - Escape (The Pina Colada Song) (Single Version).mp3","source":"original","mtime":"1610670277","size":"3783611","md5":"6fc2c09f1f0f712ea721fdfd3940b3bf","crc32":"daff3e11","sha1":"4021a4a6b6be3c918203ac354af25ca0e0f74116","format":"VBR MP3","length":"232.62","height":"800","width":"800","title":"Escape (The Pina Colada Song) (Single Version)","creator":"Rupert Holmes","album":"Escape...The Best Of","track":"17","artist":"Rupert Holmes","genre":"Pop"},{"name":"10 - Rupert Holmes - Escape (The Pina Colada Song) (Single Version).png","source":"derivative","format":"PNG","original":"10 - Rupert Holmes - Escape (The Pina Colada Song) (Single Version).mp3","mtime":"1610671554","size":"45464","md5":"4481fd438071b81e29315a8181b8833e","crc32":"e9cf795a","sha1":"77c1ec21a5a6d082af7df471e2723488d4239e7f"},{"name":"10 - Rupert Holmes - Escape (The Pina Colada Song) (Single Version)_spectrogram.png","source":"derivative","format":"Spectrogram","original":"10 - Rupert Holmes - Escape (The Pina Colada Song) (Single Version).mp3","mtime":"1610673321","size":"308161","md5":"c8ee0ef56fe7140cc19d348812a3f130","crc32":"4ce8eea9","sha1":"2b8bfc3c52ae0433c988396a64d8316250359209"},{"name":"11 - Patti LaBelle - Lady Marmalade.afpk","source":"derivative","format":"Columbia Peaks","original":"11 - Patti LaBelle - Lady Marmalade.mp3","mtime":"1610673861","size":"47152","md5":"540f3201aa1a899f000df73b46433e7d","crc32":"7a085830","sha1":"79570a34b1157494f2e7bd382dc17eece6601bdd"},{"name":"11 - Patti LaBelle - Lady Marmalade.mp3","source":"original","mtime":"1610670299","size":"3841244","md5":"5568dd6898e6d85441288d52fe0cc4b2","crc32":"57e675a7","sha1":"8560e37a42891e3c7e1aa30afeec8938bdca27a7","format":"VBR MP3","length":"235.31","height":"800","width":"800","title":"Lady Marmalade","creator":"Patti LaBelle","album":"Best Of Patti Labelle","track":"1","artist":"Patti LaBelle","genre":"R&B"},{"name":"11 - Patti LaBelle - Lady Marmalade.png","source":"derivative","format":"PNG","original":"11 - Patti LaBelle - Lady Marmalade.mp3","mtime":"1610671498","size":"42576","md5":"23233e5be4e97b986f132b8dbd772c16","crc32":"e66558e6","sha1":"7eb59670845e7cf073a2de89c3f46fceda7bfb99"},{"name":"11 - Patti LaBelle - Lady Marmalade_spectrogram.png","source":"derivative","format":"Spectrogram","original":"11 - Patti LaBelle - Lady Marmalade.mp3","mtime":"1610673038","size":"295142","md5":"43aae871a0c0e49eaaf8622da1ba6079","crc32":"75c64121","sha1":"39ba6b279a35ae53c0e9ed4a149905550cafdc1e"},{"name":"12 - Michael Jackson - Don't Stop 'Til You Get Enough.afpk","source":"derivative","format":"Columbia Peaks","original":"12 - Michael Jackson - Don't Stop 'Til You Get Enough.mp3","mtime":"1610674027","size":"67168","md5":"7beb5c3a8865d9a1a318037c7c0f68ad","crc32":"bf762f74","sha1":"8e3e55de237dbd18f4e329c28755d595992b7729"},{"name":"12 - Michael Jackson - Don't Stop 'Til You Get Enough.mp3","source":"original","mtime":"1610670328","size":"5945850","md5":"0c75763794ba64d0b915a117910eb810","crc32":"25e94954","sha1":"a89a1f924d6f9b0dacaf8f95c7bd8ff1a7149fa0","format":"VBR MP3","length":"365.51","height":"800","width":"800","title":"Don't Stop 'Til You Get Enough","creator":"Michael Jackson","album":"Off the Wall","track":"1","artist":"Michael Jackson","genre":"Pop"},{"name":"12 - Michael Jackson - Don't Stop 'Til You Get Enough.png","source":"derivative","format":"PNG","original":"12 - Michael Jackson - Don't Stop 'Til You Get Enough.mp3","mtime":"1610671059","size":"46588","md5":"32805d26872309fd9ece544f6fa9afcc","crc32":"0d4f1d1b","sha1":"c50a22af98e6734d904a1dc79358cb5404af50e1"},{"name":"12 - Michael Jackson - Don't Stop 'Til You Get Enough_spectrogram.png","source":"derivative","format":"Spectrogram","original":"12 - Michael Jackson - Don't Stop 'Til You Get Enough.mp3","mtime":"1610672940","size":"282816","md5":"8bbc5df74d3f4568e5dddfddcce264e7","crc32":"6db78aec","sha1":"c4bde54aec074077bd3ab556fe6ab873cd4fade9"},{"name":"13 - Bee Gees - Stayin' Alive.afpk","source":"derivative","format":"Columbia Peaks","original":"13 - Bee Gees - Stayin' Alive.mp3","mtime":"1610674039","size":"64824","md5":"2b8e7cbea8e4d6decba6a73060e002c9","crc32":"8a8a5728","sha1":"b17b4461dddd8d1c501abb4795b1b1572729a737"},{"name":"13 - Bee Gees - Stayin' Alive.mp3","source":"original","mtime":"1610670349","size":"4660052","md5":"e897537f2867769806a891d3fa9ed90f","crc32":"37428359","sha1":"f5c7cf317bdb8eaff46e7229680f07ce6ece8976","format":"VBR MP3","length":"284.11","height":"800","width":"800","title":"Stayin' Alive","creator":"Bee Gees","album":"Saturday Night Fever (The Original Movie Soundtrack Deluxe Edition)","track":"1","artist":"Bee Gees","genre":"Films/Games; Film Scores"},{"name":"13 - Bee Gees - Stayin' Alive.png","source":"derivative","format":"PNG","original":"13 - Bee Gees - Stayin' Alive.mp3","mtime":"1610671473","size":"42025","md5":"8690367b0e9f6e4fcaec8aa8b1a99f9f","crc32":"dc096050","sha1":"d27c731c5a3faa44090e460b7730b17f7ded5035"},{"name":"13 - Bee Gees - Stayin' Alive_spectrogram.png","source":"derivative","format":"Spectrogram","original":"13 - Bee Gees - Stayin' Alive.mp3","mtime":"1610673019","size":"275539","md5":"635c769fa4056782f9814bce98498a44","crc32":"ae75c9a0","sha1":"c2f1b29258798999ddc4ab5f51144dfd600de667"},{"name":"14 - Donna Summer - Hot Stuff.afpk","source":"derivative","format":"Columbia Peaks","original":"14 - Donna Summer - Hot Stuff.mp3","mtime":"1610673875","size":"65528","md5":"bc1e8936314c0f2685ceb067c2572b09","crc32":"0092c7cd","sha1":"ae327c95b9dc36281212f9e1f49d6557e318f33e"},{"name":"14 - Donna Summer - Hot Stuff.mp3","source":"original","mtime":"1610670361","size":"5225163","md5":"b1255b9e426741a5fdf641ccbd39a351","crc32":"662e789a","sha1":"3250785b5a4691911be2c9c55c436b4e33dd1ada","format":"VBR MP3","length":"314.8","height":"800","width":"800","title":"Hot Stuff","creator":"Donna Summer","album":"Bad Girls","track":"1","artist":"Donna Summer"},{"name":"14 - Donna Summer - Hot Stuff.png","source":"derivative","format":"PNG","original":"14 - Donna Summer - Hot Stuff.mp3","mtime":"1610671641","size":"45902","md5":"9e00179ac1d91401d07b08b23328b65a","crc32":"6f5e040a","sha1":"77a3a6ea84b9c05dff00018b6060f4b13e91cc48"},{"name":"14 - Donna Summer - Hot Stuff_spectrogram.png","source":"derivative","format":"Spectrogram","original":"14 - Donna Summer - Hot Stuff.mp3","mtime":"1610672920","size":"278591","md5":"2aaceecadcc37c064ca396cd59256bfe","crc32":"c9d7922d","sha1":"2269044addfde175d3ee834f5716e0ca47cfcdea"},{"name":"15 - Patrick Hernandez - Born to Be Alive.afpk","source":"derivative","format":"Columbia Peaks","original":"15 - Patrick Hernandez - Born to Be Alive.mp3","mtime":"1610673836","size":"37072","md5":"7321620f38323cff914a2c82d3acdedb","crc32":"c3a973c2","sha1":"a0f39f3174896249926917540d34ef05dd6baf74"},{"name":"15 - Patrick Hernandez - Born to Be Alive.mp3","source":"original","mtime":"1610670372","size":"3139638","md5":"475a44d2d696e1f84134ffc99333c70a","crc32":"84058c14","sha1":"4bd1ddd7b6c509d2842c5cd43f5b9a8a33746012","format":"VBR MP3","length":"188.16","height":"800","width":"800","title":"Born to Be Alive","creator":"Patrick Hernandez","album":"Born to Be Alive","track":"1","artist":"Patrick Hernandez","genre":"Dance; Pop"},{"name":"15 - Patrick Hernandez - Born to Be Alive.png","source":"derivative","format":"PNG","original":"15 - Patrick Hernandez - Born to Be Alive.mp3","mtime":"1610671243","size":"46646","md5":"1f2cca8e01e9fa789767181956a55760","crc32":"40519edf","sha1":"d70f96a2474c24b1a300c721ce7ac314298a0adc"},{"name":"15 - Patrick Hernandez - Born to Be Alive_spectrogram.png","source":"derivative","format":"Spectrogram","original":"15 - Patrick Hernandez - Born to Be Alive.mp3","mtime":"1610673096","size":"300987","md5":"d0a16a4bc3f6c18d4c33e6c3869318e3","crc32":"95fb1068","sha1":"81b3a828513081bf10adb469202bc872db2b8ae4"},{"name":"16 - Carole King - It's Too Late.afpk","source":"derivative","format":"Columbia Peaks","original":"16 - Carole King - It's Too Late.mp3","mtime":"1610673847","size":"39576","md5":"4d73746040ef36a4d81771699ff294e1","crc32":"8192229f","sha1":"961cf655819a9bd247c019f4759c1e7b4f3a0d40"},{"name":"16 - Carole King - It's Too Late.mp3","source":"original","mtime":"1610670383","size":"3811002","md5":"7e81eb8f949234f1ab4b98a2fd77a352","crc32":"46a184f0","sha1":"8d6a440254d909a722acad65f0981b3208d72f94","format":"VBR MP3","length":"233.22","height":"800","width":"800","title":"It's Too Late","creator":"Carole King","album":"Tapestry","track":"3","artist":"Carole King","genre":"Singer & Songwriter"},{"name":"16 - Carole King - It's Too Late.png","source":"derivative","format":"PNG","original":"16 - Carole King - It's Too Late.mp3","mtime":"1610671860","size":"40495","md5":"a86d318f007bf23712f55e8a6cae3360","crc32":"0f4e9744","sha1":"64b5de80ca7f5364e7c0835224845927ccd94f8a"},{"name":"16 - Carole King - It's Too Late_spectrogram.png","source":"derivative","format":"Spectrogram","original":"16 - Carole King - It's Too Late.mp3","mtime":"1610673000","size":"296746","md5":"d177ba82e3d23997c81055cfab75c57d","crc32":"3205dc07","sha1":"c55760367fb70f5cb03cd6576676e31734b33ed6"},{"name":"17 - Commodores - Easy.afpk","source":"derivative","format":"Columbia Peaks","original":"17 - Commodores - Easy.mp3","mtime":"1610673817","size":"43624","md5":"c749e6eacf8ef46df26f6c3f2b7fbe91","crc32":"96cd5416","sha1":"0252564921232fc97737eca87cc39768aa631cbe"},{"name":"17 - Commodores - Easy.mp3","source":"original","mtime":"1610670392","size":"4233811","md5":"3af4cd6e6aa3e7e23c0d9be015e7c919","crc32":"fb78b61d","sha1":"206e43767934e18bb73c13661b8daa9ac64cabc8","format":"VBR MP3","length":"256.73","height":"800","width":"800","title":"Easy","creator":"Commodores; James Anthony Carmichael","album":"Back To Front","track":"5","artist":"Commodores; James Anthony Carmichael","genre":"Pop"},{"name":"17 - Commodores - Easy.png","source":"derivative","format":"PNG","original":"17 - Commodores - Easy.mp3","mtime":"1610671910","size":"38635","md5":"363a4cd691eba83772d6b83d4701d2ca","crc32":"42dbc9e2","sha1":"12394aa7dc9a8680803f8a5ef6cc3d76c59cf4f0"},{"name":"17 - Commodores - Easy_spectrogram.png","source":"derivative","format":"Spectrogram","original":"17 - Commodores - Easy.mp3","mtime":"1610672528","size":"307314","md5":"3728428cf41f607d89a38e69ac9a52f2","crc32":"8f6c49a8","sha1":"b72a8172748da1002236c0f6f0e6c33197be6f23"},{"name":"18 - Dolly Parton - Here You Come Again.afpk","source":"derivative","format":"Columbia Peaks","original":"18 - Dolly Parton - Here You Come Again.mp3","mtime":"1610673827","size":"32200","md5":"3b69b43b6908b09f858f93d58c7f3a64","crc32":"3dce9637","sha1":"2f9ed919a2abe14ab255e7344eef27043b98cb71"},{"name":"18 - Dolly Parton - Here You Come Again.mp3","source":"original","mtime":"1610670399","size":"2980563","md5":"05edc728ec5be88dbdb02d9a8a84388d","crc32":"c645f7ca","sha1":"db5a44754fab4538de9f54e86c3bdcdf1b15dd9c","format":"VBR MP3","length":"179.54","height":"800","width":"800","title":"Here You Come Again","creator":"Dolly Parton","album":"Here You Come Again","track":"1","artist":"Dolly Parton"},{"name":"18 - Dolly Parton - Here You Come Again.png","source":"derivative","format":"PNG","original":"18 - Dolly Parton - Here You Come Again.mp3","mtime":"1610671832","size":"39421","md5":"41c38c53a47e79f151ee309c5f0d22b5","crc32":"2635cf9d","sha1":"7f4b588dc05d428b51e3b37ab2c57633a2f1d1ba"},{"name":"18 - Dolly Parton - Here You Come Again_spectrogram.png","source":"derivative","format":"Spectrogram","original":"18 - Dolly Parton - Here You Come Again.mp3","mtime":"1610672675","size":"303483","md5":"2313d4aa933cdf01e006cb08f30c688f","crc32":"c5b70437","sha1":"62a1e7f3097c4f140e2bc10948ce55392c544d49"},{"name":"19 - Looking Glass - Brandy (You're a Fine Girl).afpk","source":"derivative","format":"Columbia Peaks","original":"19 - Looking Glass - Brandy (You're a Fine Girl).mp3","mtime":"1610673796","size":"37312","md5":"69e3573f2ec57ca6a252da1781ee8a17","crc32":"43473062","sha1":"a3959fa0e5bfee265e8955e7583a991139aea89c"},{"name":"19 - Looking Glass - Brandy (You're a Fine Girl).mp3","source":"original","mtime":"1610670418","size":"3133525","md5":"76379eb6c02d622a64edc4240c9f9d87","crc32":"c17af809","sha1":"9c81ddd7d77a80285fec2e7dc9a426439109030d","format":"VBR MP3","length":"186.85","height":"800","width":"800","title":"Brandy (You're a Fine Girl)","creator":"Looking Glass","album":"Looking Glass","track":"2","artist":"Looking Glass","genre":"Pop"},{"name":"19 - Looking Glass - Brandy (You're a Fine Girl).png","source":"derivative","format":"PNG","original":"19 - Looking Glass - Brandy (You're a Fine Girl).mp3","mtime":"1610671884","size":"42089","md5":"586e00b25d1e474aede22954e765178d","crc32":"50edf001","sha1":"181eff47daa8a717dd47c9d6c0be08a8610c6c0f"},{"name":"19 - Looking Glass - Brandy (You're a Fine Girl)_spectrogram.png","source":"derivative","format":"Spectrogram","original":"19 - Looking Glass - Brandy (You're a Fine Girl).mp3","mtime":"1610673444","size":"305751","md5":"5afd05532347dd487428af1272e4527c","crc32":"75c0a5e1","sha1":"3f738c83680a8688c23ae133c94fe01668727641"},{"name":"20 - Starbuck - Moonlight Feels Right.afpk","source":"derivative","format":"Columbia Peaks","original":"20 - Starbuck - Moonlight Feels Right.mp3","mtime":"1610673508","size":"40520","md5":"206bb2453929e13c9199d42e3d128622","crc32":"d013f401","sha1":"baac206cc45af314a73fc1558f49a913755f4c85"},{"name":"20 - Starbuck - Moonlight Feels Right.mp3","source":"original","mtime":"1610670431","size":"3669800","md5":"ecf63686d9cd1b0cb20ae4934978e836","crc32":"bc2d46c0","sha1":"5b4f0e53e2463f2d2726ca794f3dc78da64b84f4","format":"VBR MP3","length":"221.1","height":"800","width":"800","title":"Moonlight Feels Right","creator":"Starbuck","album":"Moonlight Feels Right","track":"5","artist":"Starbuck","genre":"Pop; Rock"},{"name":"20 - Starbuck - Moonlight Feels Right.png","source":"derivative","format":"PNG","original":"20 - Starbuck - Moonlight Feels Right.mp3","mtime":"1610671410","size":"40592","md5":"908bc485c1b25a2fef4447c09748dfc2","crc32":"ea92e5ef","sha1":"b79920ccb7c70c4ff232c7dcb6b0de45f41fddfc"},{"name":"20 - Starbuck - Moonlight Feels Right_spectrogram.png","source":"derivative","format":"Spectrogram","original":"20 - Starbuck - Moonlight Feels Right.mp3","mtime":"1610672758","size":"278701","md5":"3f4a6e6fb5e17ef657e65bb0fcd1867e","crc32":"f401a735","sha1":"df226ddc3afc90b80849139bf43e9b6f07ecf265"},{"name":"21 - Daryl Hall & John Oates - Rich Girl.afpk","source":"derivative","format":"Columbia Peaks","original":"21 - Daryl Hall & John Oates - Rich Girl.mp3","mtime":"1610673617","size":"25696","md5":"d420eb7476177d1fd1100dec0c6d3928","crc32":"6cd006e7","sha1":"295794e4edda5663b46ebcec7a4a02fa8b07afaa"},{"name":"21 - Daryl Hall & John Oates - Rich Girl.mp3","source":"original","mtime":"1610670439","size":"2422373","md5":"5a2c148da13651b55baa615f4224c0c9","crc32":"94f05949","sha1":"4b805947eec381f565cdca0b786439a4bce1b9c5","format":"VBR MP3","length":"145.06","height":"800","width":"800","title":"Rich Girl","creator":"Daryl Hall & John Oates","album":"Collections","track":"2","artist":"Daryl Hall & John Oates","genre":"Pop"},{"name":"21 - Daryl Hall & John Oates - Rich Girl.png","source":"derivative","format":"PNG","original":"21 - Daryl Hall & John Oates - Rich Girl.mp3","mtime":"1610671385","size":"39876","md5":"bb93dbb1ee8e6d20592f0829bb6f44a5","crc32":"83b92864","sha1":"f130d449cf7500d45cea5ce3719aa589d80dbfd9"},{"name":"21 - Daryl Hall & John Oates - Rich Girl_spectrogram.png","source":"derivative","format":"Spectrogram","original":"21 - Daryl Hall & John Oates - Rich Girl.mp3","mtime":"1610673162","size":"320972","md5":"25cd2332e1f8b047b35c30dc4419bff5","crc32":"c841a9c0","sha1":"e6dbdf614ef72b44cf05a3ad3e39ec1b6a55dcf3"},{"name":"22 - Steve Forbert - Romeo's Tune.afpk","source":"derivative","format":"Columbia Peaks","original":"22 - Steve Forbert - Romeo's Tune.mp3","mtime":"1610673628","size":"40464","md5":"15084222707255abb60367d753db7738","crc32":"44d201a9","sha1":"b14714cecdc7d5e74b210150a6879f53cb763f21"},{"name":"22 - Steve Forbert - Romeo's Tune.mp3","source":"original","mtime":"1610670456","size":"3471704","md5":"e0d8adff5caaf80cb671a04f5a16eb03","crc32":"09ca86f7","sha1":"8e11cfeca448a360607a758e385a8283c2cb2d8b","format":"VBR MP3","length":"212.43","height":"800","width":"800","title":"Romeo's Tune","creator":"Steve Forbert","album":"Jack Rabbit Slim","track":"1","artist":"Steve Forbert","genre":"Rock"},{"name":"22 - Steve Forbert - Romeo's Tune.png","source":"derivative","format":"PNG","original":"22 - Steve Forbert - Romeo's Tune.mp3","mtime":"1610672164","size":"39449","md5":"d010163f42e37022247659facb0455d5","crc32":"a4bb75d8","sha1":"c2e3f4bf6744411c1d28eb3b9f7fc6b306e37502"},{"name":"22 - Steve Forbert - Romeo's Tune_spectrogram.png","source":"derivative","format":"Spectrogram","original":"22 - Steve Forbert - Romeo's Tune.mp3","mtime":"1610672490","size":"298392","md5":"e649f8daacac7e40b761de5d4c2a4393","crc32":"df5ed40a","sha1":"cd6106b413294a36bd483d05037e6753c1a60d07"},{"name":"23 - Player - Baby Come Back.afpk","source":"derivative","format":"Columbia Peaks","original":"23 - Player - Baby Come Back.mp3","mtime":"1610673523","size":"44808","md5":"a736f8973c60e51ae2e2b43412b6ac5d","crc32":"feade7aa","sha1":"314f305de3649ce7f944b9da7a7e1fb193634253"},{"name":"23 - Player - Baby Come Back.mp3","source":"original","mtime":"1610670477","size":"4222875","md5":"8294c41e800d081b30d13ba31ec1c550","crc32":"378a60ec","sha1":"ecc06e2e6961cedaa9713ff7b7e7e7f94ce62f80","format":"VBR MP3","length":"255.9","height":"800","width":"800","title":"Baby Come Back","creator":"Player; Peter Beckett; John Charles Crowley; John Friesen; Ronn Moss","album":"Player","track":"2","artist":"Player; Peter Beckett; John Charles Crowley; John Friesen; Ronn Moss","genre":"Rock"},{"name":"23 - Player - Baby Come Back.png","source":"derivative","format":"PNG","original":"23 - Player - Baby Come Back.mp3","mtime":"1610672043","size":"41189","md5":"dc727cb36942e4f16b0772fe45b1af2a","crc32":"c86b0cca","sha1":"9485e19a51ff13d3c759a69600aafe4d01642c51"},{"name":"23 - Player - Baby Come Back_spectrogram.png","source":"derivative","format":"Spectrogram","original":"23 - Player - Baby Come Back.mp3","mtime":"1610673187","size":"304890","md5":"2a610d9fb8a9e5b1b356214971ddb7c7","crc32":"e6926fe7","sha1":"afd22b20e125426f2d78388ba25a4fa898d9e919"},{"name":"24 - Stealers Wheel - Stuck In The Middle With You (Remastered).afpk","source":"derivative","format":"Columbia Peaks","original":"24 - Stealers Wheel - Stuck In The Middle With You (Remastered).mp3","mtime":"1610673642","size":"39824","md5":"de44ff692a7fbbd06609b69d3f2e4f1f","crc32":"f9fb6955","sha1":"70e3379db07005bfc3aa767a8bb48665799a5080"},{"name":"24 - Stealers Wheel - Stuck In The Middle With You (Remastered).mp3","source":"original","mtime":"1610670486","size":"3319459","md5":"2a60d3d6ad5ab038358ffbfb9f5d9132","crc32":"8a1bcbeb","sha1":"8317f9eaea41c09debfc08137e087c99ffaef12d","format":"VBR MP3","length":"201.38","height":"800","width":"800","title":"Stuck In The Middle With You (Remastered)","creator":"Stealers Wheel","album":"Stuck In The Middle With You","track":"1","artist":"Stealers Wheel","genre":"Rock"},{"name":"24 - Stealers Wheel - Stuck In The Middle With You (Remastered).png","source":"derivative","format":"PNG","original":"24 - Stealers Wheel - Stuck In The Middle With You (Remastered).mp3","mtime":"1610672012","size":"43423","md5":"e4967d4a6607ab646c5e18ca7519a95f","crc32":"26190fd4","sha1":"f38a0f4e32a70eabbc50b5981cdb0a1d600a93fd"},{"name":"24 - Stealers Wheel - Stuck In The Middle With You (Remastered)_spectrogram.png","source":"derivative","format":"Spectrogram","original":"24 - Stealers Wheel - Stuck In The Middle With You (Remastered).mp3","mtime":"1610672654","size":"288175","md5":"df70315bcb08a2b4c1dbc328cfa20eaf","crc32":"60e2a667","sha1":"c00b140fdcbaaa71f80b83ed031ce23a15c91f79"},{"name":"25 - Billy Joel - Just the Way You Are.afpk","source":"derivative","format":"Columbia Peaks","original":"25 - Billy Joel - Just the Way You Are.mp3","mtime":"1610673663","size":"47560","md5":"a3e3397f39cb7764f2b8998134e6a3ea","crc32":"cda69af4","sha1":"805dee5ee3a137314b2490c9d4ce5eaa261a91f7"},{"name":"25 - Billy Joel - Just the Way You Are.mp3","source":"original","mtime":"1610670502","size":"4740789","md5":"d9bb37fcca1c0d6066c126ba7169504a","crc32":"379e5f60","sha1":"a6174b203e974c1face511d191b3990bcf35c3ca","format":"VBR MP3","length":"290.61","height":"800","width":"800","title":"Just the Way You Are","creator":"Billy Joel","album":"The Stranger (Legacy Edition)","track":"3","artist":"Billy Joel","genre":"Rock"},{"name":"25 - Billy Joel - Just the Way You Are.png","source":"derivative","format":"PNG","original":"25 - Billy Joel - Just the Way You Are.mp3","mtime":"1610672132","size":"39672","md5":"dcef5fb670376a5781600bbe8ec2a4ee","crc32":"737a0748","sha1":"6f4057405a895fea76d6ddf62c96d2fff2953791"},{"name":"25 - Billy Joel - Just the Way You Are_spectrogram.png","source":"derivative","format":"Spectrogram","original":"25 - Billy Joel - Just the Way You Are.mp3","mtime":"1610672900","size":"309690","md5":"86654e6b9b3a287095797b5be3b30749","crc32":"23629f16","sha1":"52d8cfec2f9fab54a1d5ae42569bae3aafd2ecc8"},{"name":"26 - Don McLean - American Pie.afpk","source":"derivative","format":"Columbia Peaks","original":"26 - Don McLean - American Pie.mp3","mtime":"1610674060","size":"94096","md5":"42713740b835540a8cc01607fd5b4cd4","crc32":"fc2685ba","sha1":"f8b0acce3cd14e6df4c148939375a9bcc5e68e18"},{"name":"26 - Don McLean - American Pie.mp3","source":"original","mtime":"1610670521","size":"8275487","md5":"aaba773003a850b3bc7ad4f734e1c2b7","crc32":"7b0b7e8b","sha1":"2fb20aa5e3b332ec88a9a7d960c4043efc79b0be","format":"VBR MP3","length":"513.04","height":"800","width":"800","title":"American Pie","creator":"Don McLean; Paul Griffin; Ray Colcord; Roy Markowitz; David Spinozza; Robbie Rothstein; West 44th Street Rhythm And Noise Choir","album":"American Pie","track":"1","artist":"Don McLean; Paul Griffin; Ray Colcord; Roy Markowitz; David Spinozza; Robbie Rothstein; West 44th Street Rhythm And Noise Choir","genre":"Pop"},{"name":"26 - Don McLean - American Pie.png","source":"derivative","format":"PNG","original":"26 - Don McLean - American Pie.mp3","mtime":"1610672191","size":"40634","md5":"c823ce039b9f6f7ed820a6ae6de6c695","crc32":"90cd4309","sha1":"a6b4217a5f97e6a4030dbd3b627a0fc9ca677eb3"},{"name":"26 - Don McLean - American Pie_spectrogram.png","source":"derivative","format":"Spectrogram","original":"26 - Don McLean - American Pie.mp3","mtime":"1610672703","size":"295007","md5":"972c253e5bbb36295c82dce16d423249","crc32":"98cf1018","sha1":"c2625d4b42d78c46ff85c6680f311c2b6b8c7af3"},{"name":"26-don-mc-lean-american-pie_archive.torrent","source":"metadata","btih":"834f878dbc1152c383901888e53b0a0ff6dc9e47","mtime":"1610670314","size":"5614","md5":"5169518d89f38d3ba90a871403ffe62b","crc32":"00945a07","sha1":"d5797e18e98ac3fa13c271dbf7179b8313d0e0c6","format":"Archive BitTorrent"},{"name":"26-don-mc-lean-american-pie_files.xml","source":"original","format":"Metadata","md5":"b7802058a05bfe79f01bc330e41f02d3","summation":"md5"},{"name":"26-don-mc-lean-american-pie_meta.sqlite","source":"original","mtime":"1610670779","size":"119808","md5":"be02eec31540457a3d4700dc5c4786bb","crc32":"dd92bfc9","sha1":"088ac3bc741eb2f48098804d3edf28b303ddceed","format":"Metadata"},{"name":"26-don-mc-lean-american-pie_meta.xml","source":"original","mtime":"1613137747","size":"824","md5":"58bd7ba69b70b69c13086fdce35cc0e3","crc32":"863d1207","sha1":"f9fd021a8786eb361a2af85e1632b74265edbff6","format":"Metadata"},{"name":"27 - Earth, Wind & Fire - September.afpk","source":"derivative","format":"Columbia Peaks","original":"27 - Earth, Wind & Fire - September.mp3","mtime":"1610673673","size":"44696","md5":"32002e1abc8cf2cdfacb317487cccbf5","crc32":"ff601d83","sha1":"bd65d4f8c2dee990a042517c7966fa2f7b66ffda"},{"name":"27 - Earth, Wind & Fire - September.mp3","source":"original","mtime":"1610670534","size":"3661176","md5":"db5b098221742913ca07d3505a3892e6","crc32":"f07083bb","sha1":"714f7d6b480e6e7b9b9cc98cb33878e41514418e","format":"VBR MP3","length":"214.86","height":"800","width":"800","title":"September","creator":"Earth, Wind & Fire","album":"The Eternal Dance","track":"1","artist":"Earth, Wind & Fire"},{"name":"27 - Earth, Wind & Fire - September.png","source":"derivative","format":"PNG","original":"27 - Earth, Wind & Fire - September.mp3","mtime":"1610672251","size":"43481","md5":"0cc2b98071ccaa9be5d17c89a5b8d982","crc32":"93d9b077","sha1":"1c4c0fdcee74c09c16d825ca5cce5ddd0c862015"},{"name":"27 - Earth, Wind & Fire - September_spectrogram.png","source":"derivative","format":"Spectrogram","original":"27 - Earth, Wind & Fire - September.mp3","mtime":"1610672876","size":"296120","md5":"6f72782fbd925f4580a2c871bcb7a7e3","crc32":"0ce39993","sha1":"6854122b50b373543cc9e4af694f9306f1cc1f48"},{"name":"28 - Jackson 5 - I Want You Back.afpk","source":"derivative","format":"Columbia Peaks","original":"28 - Jackson 5 - I Want You Back.mp3","mtime":"1610673682","size":"33112","md5":"d706a743919b9947e230c22db918b28d","crc32":"4835cce7","sha1":"3a6b65abd04d7788ae27a830983cacff56777615"},{"name":"28 - Jackson 5 - I Want You Back.mp3","source":"original","mtime":"1610670545","size":"2938891","md5":"83dddde6e8904e62528765e88bbaa699","crc32":"eb372997","sha1":"53e2f878f186ad2e2d6eb88b6fc7c7d760532596","format":"VBR MP3","length":"178.73","height":"800","width":"800","title":"I Want You Back","creator":"Michael Jackson; Jackson 5; The Corporation TM; Tito Jackson; Jackie Jackson; Jermaine Jackson; Marlon Jackson; Johnny Jackson; Gene Pello; Freddie Perren; Fonce Mizell; Louis Shelton; David T. Walker; Wilton Felder; Don Peake; Ronnie Rancifer","album":"The Definitive Collection","track":"1","artist":"Michael Jackson; Jackson 5; The Corporation TM; Tito Jackson; Jackie Jackson; Jermaine Jackson; Marlon Jackson; Johnny Jackson; Gene Pello; Freddie Perren; Fonce Mizell; Louis Shelton; David T. Walker; Wilton Felder; Don Peake; Ronnie Rancifer","genre":"R&B"},{"name":"28 - Jackson 5 - I Want You Back.png","source":"derivative","format":"PNG","original":"28 - Jackson 5 - I Want You Back.mp3","mtime":"1610672422","size":"44457","md5":"c3f9de87965bdff4ec6f9bf969f073e1","crc32":"5572f0bd","sha1":"3088da7b03e015669d35c99eabd29765b1ed8c0b"},{"name":"28 - Jackson 5 - I Want You Back_spectrogram.png","source":"derivative","format":"Spectrogram","original":"28 - Jackson 5 - I Want You Back.mp3","mtime":"1610672959","size":"316420","md5":"84384c9303a9a47a6d3de980be715697","crc32":"984e9bd4","sha1":"c56fd07e578b15f2d960adacad3d2109b1c761d0"},{"name":"29 - ABBA - Dancing Queen.afpk","source":"derivative","format":"Columbia Peaks","original":"29 - ABBA - Dancing Queen.mp3","mtime":"1610673952","size":"51552","md5":"9e5ede3315b22026781d31169b9f9289","crc32":"e16bd949","sha1":"0d07598ce665e09c6723362de3ccc4b042e56cea"},{"name":"29 - ABBA - Dancing Queen.mp3","source":"original","mtime":"1610670560","size":"3735497","md5":"e0c7c92c72f909223495cecdc828c3fe","crc32":"7ef2e38a","sha1":"45aec33b6d43601090ef67687b5f10c212d52b17","format":"VBR MP3","length":"231.13","height":"800","width":"800","title":"Dancing Queen","creator":"ABBA; Björn Ulvaeus; Benny Andersson; Agnetha Fältskog; Anni-Frid Lyngstad; Rutger Gunnarsson; Roger Palm; Sven-Olof Walldoff; Malando Gassama","album":"ABBA Gold","track":"1","artist":"ABBA; Björn Ulvaeus; Benny Andersson; Agnetha Fältskog; Anni-Frid Lyngstad; Rutger Gunnarsson; Roger Palm; Sven-Olof Walldoff; Malando Gassama","genre":"Pop"},{"name":"29 - ABBA - Dancing Queen.png","source":"derivative","format":"PNG","original":"29 - ABBA - Dancing Queen.mp3","mtime":"1610672077","size":"42002","md5":"2177d5be1d931d7bfe5c684afc2b8769","crc32":"c9ea8df3","sha1":"99929330e618600d003a269081a0a677ae8a75c1"},{"name":"29 - ABBA - Dancing Queen_spectrogram.png","source":"derivative","format":"Spectrogram","original":"29 - ABBA - Dancing Queen.mp3","mtime":"1610673075","size":"293589","md5":"dac28f0b3e58e8c10614df73a183f50f","crc32":"683c4c25","sha1":"d105e3ed34e34b22c9343605b68082ea86f422cd"},{"name":"30 - Gladys Knight & The Pips - Midnight Train to Georgia (Short Version).afpk","source":"derivative","format":"Columbia Peaks","original":"30 - Gladys Knight & The Pips - Midnight Train to Georgia (Short Version).mp3","mtime":"1610673701","size":"34296","md5":"ad00bea5846e1347757afd14539e2845","crc32":"0e1bec62","sha1":"2d8e7a99b4902fbf069ca140a721d66119f312b7"},{"name":"30 - Gladys Knight & The Pips - Midnight Train to Georgia (Short Version).mp3","source":"original","mtime":"1610670592","size":"3239043","md5":"dec5e783a5a7591ef84cc3ad6424b68f","crc32":"91f9c948","sha1":"5d7606af4d810b032509c87c57add840e0c5ac67","format":"VBR MP3","length":"198.87","height":"800","width":"800","title":"Midnight Train to Georgia (Short Version)","creator":"Gladys Knight & The Pips","album":"Imagination (Expanded Edition)","track":"12","artist":"Gladys Knight & The Pips","genre":"R&B"},{"name":"30 - Gladys Knight & The Pips - Midnight Train to Georgia (Short Version).png","source":"derivative","format":"PNG","original":"30 - Gladys Knight & The Pips - Midnight Train to Georgia (Short Version).mp3","mtime":"1610672222","size":"44173","md5":"58489dabe8f5aa06e6dab4261f02baae","crc32":"5baace7f","sha1":"859f2564267853c6bcf789543fe58a0e32842a13"},{"name":"30 - Gladys Knight & The Pips - Midnight Train to Georgia (Short Version)_spectrogram.png","source":"derivative","format":"Spectrogram","original":"30 - Gladys Knight & The Pips - Midnight Train to Georgia (Short Version).mp3","mtime":"1610673306","size":"301180","md5":"34640d7c91832ba04bb82d65a6602817","crc32":"922c088d","sha1":"c8bff11094968ae735d18c47b7381368d1c95ab3"},{"name":"31 - Natalie Cole - This Will Be (An Everlasting Love).afpk","source":"derivative","format":"Columbia Peaks","original":"31 - Natalie Cole - This Will Be (An Everlasting Love).mp3","mtime":"1610673711","size":"35736","md5":"f31743812515462f0d4ba3ab8564422b","crc32":"2f36fd6d","sha1":"4e13f7da8c1e4229a175591b8560b699b88a0257"},{"name":"31 - Natalie Cole - This Will Be (An Everlasting Love).mp3","source":"original","mtime":"1610670602","size":"2886997","md5":"98e6791d5ed3c4fe8a5d5f77baa7e025","crc32":"52e50faa","sha1":"ae8aff20305d5e9d6b28af4a7f3c8652878b1001","format":"VBR MP3","length":"171.83","height":"800","width":"800","title":"This Will Be (An Everlasting Love)","creator":"Natalie Cole","album":"The Natalie Cole Collection","track":"2","artist":"Natalie Cole"},{"name":"31 - Natalie Cole - This Will Be (An Everlasting Love).png","source":"derivative","format":"PNG","original":"31 - Natalie Cole - This Will Be (An Everlasting Love).mp3","mtime":"1610671987","size":"42631","md5":"6baf5c3ea02c6707f56d51ce7dea0bf3","crc32":"39da5daa","sha1":"969ecbba0d588806051ccc2ed1c946a5cf4996b4"},{"name":"31 - Natalie Cole - This Will Be (An Everlasting Love)_spectrogram.png","source":"derivative","format":"Spectrogram","original":"31 - Natalie Cole - This Will Be (An Everlasting Love).mp3","mtime":"1610673133","size":"301439","md5":"75d35fe59aeca3e16ac14045d6ebea26","crc32":"2ab32126","sha1":"77369fa2d8c0c04f29d613c5071b9ffee827b310"},{"name":"32 - Suzi Quatro - Stumblin' In.afpk","source":"derivative","format":"Columbia Peaks","original":"32 - Suzi Quatro - Stumblin' In.mp3","mtime":"1610673722","size":"43832","md5":"d3eb37a60b5ec5c59a67f4f515c56eb4","crc32":"4ec3470f","sha1":"47267e89aa86aefe2fa6965ef731c8029b54e038"},{"name":"32 - Suzi Quatro - Stumblin' In.mp3","source":"original","mtime":"1610670615","size":"3896753","md5":"ab60c563bfb785461f9ea5072f36a917","crc32":"b63fc1f1","sha1":"190d650ed8ebd798fa080ea802c379ea24c2d166","format":"VBR MP3","length":"239.28","height":"800","width":"800","title":"Stumblin' In","creator":"Suzi Quatro; Chris Norman","album":"The Very Best of Suzi Quatro","track":"15","artist":"Suzi Quatro; Chris Norman","genre":"Rock"},{"name":"32 - Suzi Quatro - Stumblin' In.png","source":"derivative","format":"PNG","original":"32 - Suzi Quatro - Stumblin' In.mp3","mtime":"1610672105","size":"43361","md5":"2397502ada57707bc0d514ee4c9aa254","crc32":"36a9f6e1","sha1":"0fd48174d3ab3401fe88226b352049b28d4e26df"},{"name":"32 - Suzi Quatro - Stumblin' In_spectrogram.png","source":"derivative","format":"Spectrogram","original":"32 - Suzi Quatro - Stumblin' In.mp3","mtime":"1610673055","size":"286323","md5":"42ff73b9e6b8083acf09589cb1ebbe03","crc32":"4315a9b6","sha1":"234926a10d4504e4a4f2f4c743de4643b03f787e"},{"name":"33 - Chaka Khan - I'm Every Woman.afpk","source":"derivative","format":"Columbia Peaks","original":"33 - Chaka Khan - I'm Every Woman.mp3","mtime":"1610673737","size":"51048","md5":"a9a1048655cb0cc788d73a55d049b41f","crc32":"a404dbd4","sha1":"0fb0543ccc3432a13764c2e475d01bb044bfd8f5"},{"name":"33 - Chaka Khan - I'm Every Woman.mp3","source":"original","mtime":"1610670625","size":"4041490","md5":"7ad407feb015536750abde0b9393ffc8","crc32":"19664062","sha1":"e8ac7ba25a95e490b7ab2f14e744a50d401ef0b9","format":"VBR MP3","length":"247.46","height":"800","width":"800","title":"I'm Every Woman","creator":"Chaka Khan","album":"Chaka","track":"1","artist":"Chaka Khan","genre":"Pop"},{"name":"33 - Chaka Khan - I'm Every Woman.png","source":"derivative","format":"PNG","original":"33 - Chaka Khan - I'm Every Woman.mp3","mtime":"1610672363","size":"44126","md5":"08a6ec6a38f8788c731686e17ed3da1e","crc32":"fbafd601","sha1":"ecfbc95ea5f0f636c54ae5e2159ca5b347d7fff4"},{"name":"33 - Chaka Khan - I'm Every Woman_spectrogram.png","source":"derivative","format":"Spectrogram","original":"33 - Chaka Khan - I'm Every Woman.mp3","mtime":"1610672982","size":"283005","md5":"e77775b90a8c863a5ab3dd3d355e9eb8","crc32":"ae3d5cd0","sha1":"92cef5e2d36bd3828279519f188f8e9c2ee921ac"},{"name":"34 - The Real Thing - You To Me Are Everything.afpk","source":"derivative","format":"Columbia Peaks","original":"34 - The Real Thing - You To Me Are Everything.mp3","mtime":"1610673751","size":"36344","md5":"6558b94089c9222a1198fe0d3274e469","crc32":"bf4daa3a","sha1":"f30c027f93d4ec9b1a1f29829eb53708724d8745"},{"name":"34 - The Real Thing - You To Me Are Everything.mp3","source":"original","mtime":"1610670634","size":"3492329","md5":"edd7a92724bd6451265b6a9635e83314","crc32":"cc19bd51","sha1":"cb3b0692da02ed343808018b1c25a4a8133a00fb","format":"VBR MP3","length":"209.76","height":"800","width":"800","title":"You To Me Are Everything","creator":"The Real Thing","album":"Children of the Ghetto: The Pye Anthology","track":"1","artist":"The Real Thing","genre":"R&B"},{"name":"34 - The Real Thing - You To Me Are Everything.png","source":"derivative","format":"PNG","original":"34 - The Real Thing - You To Me Are Everything.mp3","mtime":"1610672391","size":"45120","md5":"6e450ad0eb80353d1680d6124f419a41","crc32":"136e92b8","sha1":"1a105e354d4fffbca8f8867852ac5aa2663dac32"},{"name":"34 - The Real Thing - You To Me Are Everything_spectrogram.png","source":"derivative","format":"Spectrogram","original":"34 - The Real Thing - You To Me Are Everything.mp3","mtime":"1610672587","size":"293489","md5":"8c054a091105c03df1180d9e5fd74afd","crc32":"8add1c59","sha1":"97bca019b1e22b342035dfa8d48e92c3735d3ca4"},{"name":"35 - Crystal Gayle - Don't It Make My Brown Eyes Blue.afpk","source":"derivative","format":"Columbia Peaks","original":"35 - Crystal Gayle - Don't It Make My Brown Eyes Blue.mp3","mtime":"1610673759","size":"23120","md5":"25c97f1c8ea52fd9a8ce8086b095f540","crc32":"d0fdf54f","sha1":"a47582e8fbbd9af03a3df8202f58744e56e79d83"},{"name":"35 - Crystal Gayle - Don't It Make My Brown Eyes Blue.mp3","source":"original","mtime":"1610670639","size":"2662046","md5":"d5c6a54eee3c5fe1917bd28d3405a2a9","crc32":"37de18c7","sha1":"3719163ec876044e352db23e41032406ba97ac4f","format":"VBR MP3","length":"157.96","height":"800","width":"800","title":"Don't It Make My Brown Eyes Blue","creator":"Crystal Gayle","album":"Crystal Gayle: The Hits","track":"8","artist":"Crystal Gayle"},{"name":"35 - Crystal Gayle - Don't It Make My Brown Eyes Blue.png","source":"derivative","format":"PNG","original":"35 - Crystal Gayle - Don't It Make My Brown Eyes Blue.mp3","mtime":"1610672280","size":"42054","md5":"13d101af74a3729864f7cb3b878196b9","crc32":"2a8814b4","sha1":"8cbf6ddc2ca120ff807d32fceb6b334128aa2b4f"},{"name":"35 - Crystal Gayle - Don't It Make My Brown Eyes Blue_spectrogram.png","source":"derivative","format":"Spectrogram","original":"35 - Crystal Gayle - Don't It Make My Brown Eyes Blue.mp3","mtime":"1610673231","size":"313916","md5":"5f275d6a1accfd703d5ecd6dc7703a2f","crc32":"63a3a173","sha1":"bcc2c5befcd46581e653a1c2b44d30befebac3ff"},{"name":"36 - Johnny Nash - I Can See Clearly Now.afpk","source":"derivative","format":"Columbia Peaks","original":"36 - Johnny Nash - I Can See Clearly Now.mp3","mtime":"1610673691","size":"32256","md5":"c228b6ddcc5dddded01de6628942bbf6","crc32":"a1d9d841","sha1":"09e31e80cedee1ddbb9f8a72318d957fd6fe57e4"},{"name":"36 - Johnny Nash - I Can See Clearly Now.mp3","source":"original","mtime":"1610670648","size":"2715031","md5":"1533a91aa7da8ba2432803bf5323b808","crc32":"11175cbb","sha1":"0fed606c07a8c5bfca9f6e04e6e1bd2c63949ddf","format":"VBR MP3","length":"166.82","height":"800","width":"800","title":"I Can See Clearly Now","creator":"Johnny Nash","album":"I Can See Clearly Now (Expanded Edition)","track":"7","artist":"Johnny Nash","genre":"Pop"},{"name":"36 - Johnny Nash - I Can See Clearly Now.png","source":"derivative","format":"PNG","original":"36 - Johnny Nash - I Can See Clearly Now.mp3","mtime":"1610672306","size":"40080","md5":"2ada322db253e8627f81958a2f035a14","crc32":"8a994a97","sha1":"f9150341ff8696e3101abe6c1390c8f96af241d1"},{"name":"36 - Johnny Nash - I Can See Clearly Now_spectrogram.png","source":"derivative","format":"Spectrogram","original":"36 - Johnny Nash - I Can See Clearly Now.mp3","mtime":"1610673275","size":"313320","md5":"6fbc457f6f108e103a61aec79136c7b6","crc32":"2a51d266","sha1":"92dec8c64c1d9c6f3d3f362dfceab4478403b150"},{"name":"37 - Leo Sayer - You Make Me Feel Like Dancing.afpk","source":"derivative","format":"Columbia Peaks","original":"37 - Leo Sayer - You Make Me Feel Like Dancing.mp3","mtime":"1610673771","size":"44256","md5":"acfd7dca975dbf749df0e6925c1fbc93","crc32":"8c672f14","sha1":"783e04a543e2c0e43cade58c77bbdb51c477832a"},{"name":"37 - Leo Sayer - You Make Me Feel Like Dancing.mp3","source":"original","mtime":"1610670655","size":"3553371","md5":"73e3275f624ceb6896d6299e1887e6dc","crc32":"7994d96c","sha1":"a9ea8f9051279897c9fc6bba8ba6c1ab97fe9db0","format":"VBR MP3","length":"217.94","height":"800","width":"800","title":"You Make Me Feel Like Dancing","creator":"Leo Sayer","album":"The Show Must Go On: The Very Best Of Leo Sayer","track":"5","artist":"Leo Sayer","genre":"Pop"},{"name":"37 - Leo Sayer - You Make Me Feel Like Dancing.png","source":"derivative","format":"PNG","original":"37 - Leo Sayer - You Make Me Feel Like Dancing.mp3","mtime":"1610671357","size":"44407","md5":"e6de267fdaa6e63de60570ea5309d308","crc32":"e66e7746","sha1":"9702c142bbfed7ec97fcf5e23473f97acc495ac2"},{"name":"37 - Leo Sayer - You Make Me Feel Like Dancing_spectrogram.png","source":"derivative","format":"Spectrogram","original":"37 - Leo Sayer - You Make Me Feel Like Dancing.mp3","mtime":"1610673367","size":"308632","md5":"2e0b03decf2a0c591e0632ec5a3a813b","crc32":"68b1f27f","sha1":"764ee24213ebebf66c2b7b9165ec3ad288189335"},{"name":"38 - Paul Simon - 50 Ways to Leave Your Lover.afpk","source":"derivative","format":"Columbia Peaks","original":"38 - Paul Simon - 50 Ways to Leave Your Lover.mp3","mtime":"1610674073","size":"38064","md5":"1ec3c58e68165e0e8241126dfa22d71e","crc32":"05b299cf","sha1":"14a0d938363e1275c959d2e20671279ca3cbe42e"},{"name":"38 - Paul Simon - 50 Ways to Leave Your Lover.mp3","source":"original","mtime":"1610670661","size":"3573065","md5":"a92bc297d9b8c57a92bc245f81f0252a","crc32":"d462faa4","sha1":"9a6a6b98f5272121352f5b1e2d4bb257ad16bfe3","format":"VBR MP3","length":"217.39","height":"800","width":"800","title":"50 Ways to Leave Your Lover","creator":"Paul Simon","album":"Still Crazy After All These Years","track":"4","artist":"Paul Simon","genre":"Pop"},{"name":"38 - Paul Simon - 50 Ways to Leave Your Lover.png","source":"derivative","format":"PNG","original":"38 - Paul Simon - 50 Ways to Leave Your Lover.mp3","mtime":"1610671328","size":"40683","md5":"9c540ab66d4039f3227d7a89a729ddc9","crc32":"00a0c93b","sha1":"defec2338073edabdcc0ac19d48f8c9bc4883dac"},{"name":"38 - Paul Simon - 50 Ways to Leave Your Lover_spectrogram.png","source":"derivative","format":"Spectrogram","original":"38 - Paul Simon - 50 Ways to Leave Your Lover.mp3","mtime":"1610673424","size":"314053","md5":"9bf88e058511069fca7245951ea036dc","crc32":"62339e9e","sha1":"71a386538faaa3f9aa935fb6649688c5f9091eb3"},{"name":"39 - Hot Chocolate - You Sexy Thing (7'' Version).afpk","source":"derivative","format":"Columbia Peaks","original":"39 - Hot Chocolate - You Sexy Thing (7'' Version).mp3","mtime":"1610674090","size":"50344","md5":"4c218f2e6cad37f60adf306af53e5688","crc32":"308d44c8","sha1":"334a6daeba263be2d6f7ff18135ba3f8ac7b1349"},{"name":"39 - Hot Chocolate - You Sexy Thing (7'' Version).mp3","source":"original","mtime":"1610670673","size":"3999214","md5":"bd3b249b4a5a9df0dd9f68169575a6e9","crc32":"2c0dc5e6","sha1":"198d927055eccadaf60d469fd554698e957c9635","format":"VBR MP3","length":"243.85","height":"800","width":"800","title":"You Sexy Thing (7'' Version)","creator":"Hot Chocolate","album":"Hot Chocolate","track":"16","artist":"Hot Chocolate","genre":"Pop"},{"name":"39 - Hot Chocolate - You Sexy Thing (7'' Version).png","source":"derivative","format":"PNG","original":"39 - Hot Chocolate - You Sexy Thing (7'' Version).mp3","mtime":"1610671298","size":"46520","md5":"9a4431466d8d41f62fc94537faf05407","crc32":"12c39144","sha1":"52d10037cb6c041e9b5e630508ef0434303281c6"},{"name":"39 - Hot Chocolate - You Sexy Thing (7'' Version)_spectrogram.png","source":"derivative","format":"Spectrogram","original":"39 - Hot Chocolate - You Sexy Thing (7'' Version).mp3","mtime":"1610672638","size":"299909","md5":"7e1a87e96e746fd635330ac6a32f780a","crc32":"6f3fc74c","sha1":"377bd1a55722c78b9322fa84e0fb18edb5d429f4"},{"name":"40 - Gary Wright - Love Is Alive.afpk","source":"derivative","format":"Columbia Peaks","original":"40 - Gary Wright - Love Is Alive.mp3","mtime":"1610674101","size":"37136","md5":"44a05987c56982548336c04676b15138","crc32":"ae5c3598","sha1":"42fc1694724551de672eb6221f25e375a86b5d9a"},{"name":"40 - Gary Wright - Love Is Alive.mp3","source":"original","mtime":"1610670679","size":"3781909","md5":"10edc01af54eaf13ef256378bcbd8048","crc32":"b5d6f3b5","sha1":"2d39908a70e5fc8d512431d14c21c7e43ad21611","format":"VBR MP3","length":"230.14","height":"800","width":"800","title":"Love Is Alive","creator":"Gary Wright","album":"The Dream Weaver","track":"1","artist":"Gary Wright","genre":"Pop"},{"name":"40 - Gary Wright - Love Is Alive.png","source":"derivative","format":"PNG","original":"40 - Gary Wright - Love Is Alive.mp3","mtime":"1610671270","size":"43569","md5":"6551b01c82ae74e8f9d37cf84320df9e","crc32":"1ece755b","sha1":"1e702d4c8a93ffe1f623b63fbcdb41495a60337d"},{"name":"40 - Gary Wright - Love Is Alive_spectrogram.png","source":"derivative","format":"Spectrogram","original":"40 - Gary Wright - Love Is Alive.mp3","mtime":"1610672830","size":"300724","md5":"ffcfb29173b428e9d0bf16f98c3eb232","crc32":"00056b03","sha1":"a40ab10546038475ef8399de5e032bfbb5160aa6"},{"name":"41 - Herb Alpert - Rise.afpk","source":"derivative","format":"Columbia Peaks","original":"41 - Herb Alpert - Rise.mp3","mtime":"1610673968","size":"76872","md5":"c6b072a6d14a56aefd51261f357599cf","crc32":"109f86a0","sha1":"654af699d5ece25fd46e5e1c364e3daa236b07c7"},{"name":"41 - Herb Alpert - Rise.mp3","source":"original","mtime":"1610670688","size":"7545745","md5":"106d2e50d913cea4a8472e1aa43259d3","crc32":"3be1818f","sha1":"89cdf27e37f20d3c9339384c9a4f10bf3906efbf","format":"VBR MP3","length":"457.43","height":"800","width":"800","title":"Rise","creator":"Herb Alpert","album":"Rise","track":"2","artist":"Herb Alpert","genre":"Jazz"},{"name":"41 - Herb Alpert - Rise.png","source":"derivative","format":"PNG","original":"41 - Herb Alpert - Rise.mp3","mtime":"1610671963","size":"44641","md5":"1469c39bf450bad03b6067c1d95892c6","crc32":"9184aee9","sha1":"7bb16aea688edb6bdaebeb3c9b35086375facb19"},{"name":"41 - Herb Alpert - Rise_spectrogram.png","source":"derivative","format":"Spectrogram","original":"41 - Herb Alpert - Rise.mp3","mtime":"1610673116","size":"307416","md5":"5bab2fcd950ac3b479edfe8dc946e55d","crc32":"fee600d7","sha1":"8626003c10331bff1b7aa9a74b012f12e5578783"},{"name":"42 - Marty Balin - Hearts.afpk","source":"derivative","format":"Columbia Peaks","original":"42 - Marty Balin - Hearts.mp3","mtime":"1610673783","size":"45944","md5":"5d8757e9eafd11934bee7573dffc5a96","crc32":"289cbf48","sha1":"141b9895cbdb475bad93dd4368c46b0184affcf0"},{"name":"42 - Marty Balin - Hearts.mp3","source":"original","mtime":"1610670696","size":"4199153","md5":"bf83c4313c1339bade111c99e7fb3b8d","crc32":"1bbdef53","sha1":"5d2c4b08f0d6f1a3a02d0df5c8b9e76741436468","format":"VBR MP3","length":"258.82","height":"800","width":"800","title":"Hearts","creator":"Marty Balin","album":"Balin","track":"1","artist":"Marty Balin","genre":"Rock"},{"name":"42 - Marty Balin - Hearts.png","source":"derivative","format":"PNG","original":"42 - Marty Balin - Hearts.mp3","mtime":"1610671215","size":"40276","md5":"b4c3a16d23a7104760569104be90b8e8","crc32":"638f15f5","sha1":"9b0868d3bb642684f7334adb7dc32bdd6aa2b690"},{"name":"42 - Marty Balin - Hearts_spectrogram.png","source":"derivative","format":"Spectrogram","original":"42 - Marty Balin - Hearts.mp3","mtime":"1610672775","size":"304557","md5":"264b0879e87df7a07bcd86fe246e0d55","crc32":"b774d42b","sha1":"f0971b0dba6b11ac04cf813b1e4952ad85765b52"},{"name":"43 - Bob Welch - Sentimental Lady.afpk","source":"derivative","format":"Columbia Peaks","original":"43 - Bob Welch - Sentimental Lady.mp3","mtime":"1610673651","size":"28632","md5":"6852b56a691a7279ea8fbf6f00476bbb","crc32":"462b09fd","sha1":"ca18fadea849ade3a28a58d12c8d161970ffac88"},{"name":"43 - Bob Welch - Sentimental Lady.mp3","source":"original","mtime":"1610670704","size":"2939634","md5":"20fcb716d3eba1ddf43eaee36f729a9e","crc32":"cba1ae5b","sha1":"268bc49a491c0161c4e77bd007be0b1be3e38f7b","format":"VBR MP3","length":"178.73","height":"800","width":"800","title":"Sentimental Lady","creator":"Bob Welch","album":"French Kiss","track":"1","artist":"Bob Welch","genre":"Rock"},{"name":"43 - Bob Welch - Sentimental Lady.png","source":"derivative","format":"PNG","original":"43 - Bob Welch - Sentimental Lady.mp3","mtime":"1610671180","size":"37617","md5":"1f5baf319c30a577a4c584a938eb0139","crc32":"fc8af03a","sha1":"9d5ec42530438bc9e28c63d0901a6e86f48a5887"},{"name":"43 - Bob Welch - Sentimental Lady_spectrogram.png","source":"derivative","format":"Spectrogram","original":"43 - Bob Welch - Sentimental Lady.mp3","mtime":"1610672724","size":"307098","md5":"9a3dd82073d400c7a70ea4134d240d53","crc32":"2a9101ff","sha1":"ce34e3da6672a8adde916903f7b2d8fb73407127"},{"name":"44 - Chicago - If You Leave Me Now.afpk","source":"derivative","format":"Columbia Peaks","original":"44 - Chicago - If You Leave Me Now.mp3","mtime":"1610673604","size":"44576","md5":"efd4a045f6bfdb2de1d4c4dee33a9eb3","crc32":"520ca9e8","sha1":"294a08c7063436295e4e399ff843ed25e4cd14fe"},{"name":"44 - Chicago - If You Leave Me Now.mp3","source":"original","mtime":"1610670709","size":"4074604","md5":"4b3fe401168b463e74adae41a7a0ef04","crc32":"8956a906","sha1":"3bfd1a9557f32f505e6dc2c003370ca5378481f7","format":"VBR MP3","length":"235.42","height":"800","width":"800","title":"If You Leave Me Now","creator":"Chicago","album":"The Very Best of Chicago: Only the Beginning","track":"19","artist":"Chicago","genre":"Pop; Rock"},{"name":"44 - Chicago - If You Leave Me Now.png","source":"derivative","format":"PNG","original":"44 - Chicago - If You Leave Me Now.mp3","mtime":"1610671153","size":"35805","md5":"b9744501073478a9d37fb385f42a48c5","crc32":"bfea5aea","sha1":"33d568bf613b1b1ee54844774c076559405ef494"},{"name":"44 - Chicago - If You Leave Me Now_spectrogram.png","source":"derivative","format":"Spectrogram","original":"44 - Chicago - If You Leave Me Now.mp3","mtime":"1610672604","size":"313723","md5":"fd64024f3d3870655500558b192b9482","crc32":"d0ebcbd7","sha1":"f851ea557e0f360262a1a16ac57f87c2d5f709a5"},{"name":"45 - Carly Simon - You Belong to Me.afpk","source":"derivative","format":"Columbia Peaks","original":"45 - Carly Simon - You Belong to Me.mp3","mtime":"1610673533","size":"47040","md5":"af0f6ee04f362108f75847d41d588fa3","crc32":"66a07c2d","sha1":"c05b3f514d6ffa34d42904570fab8049c8648462"},{"name":"45 - Carly Simon - You Belong to Me.mp3","source":"original","mtime":"1610670713","size":"3928358","md5":"a36a2046fba4789a12a6cee30fcc05e0","crc32":"cd055be6","sha1":"f1c24078d59c6d575e87f48ce0004dba102d32fd","format":"VBR MP3","length":"232.7","height":"800","width":"800","title":"You Belong to Me","creator":"Carly Simon","album":"Boys in the Trees","track":"1","artist":"Carly Simon","genre":"Pop"},{"name":"45 - Carly Simon - You Belong to Me.png","source":"derivative","format":"PNG","original":"45 - Carly Simon - You Belong to Me.mp3","mtime":"1610671116","size":"45055","md5":"0e7a3af813ddc447b33efade87976eb9","crc32":"2cc004f7","sha1":"6e5e30979db7aa0fc83e3f58faa561e2c8def877"},{"name":"45 - Carly Simon - You Belong to Me_spectrogram.png","source":"derivative","format":"Spectrogram","original":"45 - Carly Simon - You Belong to Me.mp3","mtime":"1610672472","size":"310085","md5":"4e872c81b92554ee36a49d727818922d","crc32":"a53ca888","sha1":"706deb2961fe5a80a48a678fd353de4a6d68c087"},{"name":"46 - Linda Ronstadt - You're No Good.afpk","source":"derivative","format":"Columbia Peaks","original":"46 - Linda Ronstadt - You're No Good.mp3","mtime":"1610673544","size":"41992","md5":"5e654dee8b5ba2302d53cec6c941d73f","crc32":"91b334b5","sha1":"452545bcbc5332a0ef04b1e5c7abd3cecbd2a800"},{"name":"46 - Linda Ronstadt - You're No Good.mp3","source":"original","mtime":"1610670723","size":"3632037","md5":"3cdfb5957f324639e4d0f74d926d4e6d","crc32":"4f780d40","sha1":"2a9d71d26b9069181d9279b7fee68f518cdaf9df","format":"VBR MP3","length":"224.16","height":"800","width":"800","title":"You're No Good","creator":"Linda Ronstadt","album":"Heart Like A Wheel","track":"1","artist":"Linda Ronstadt","genre":"Rock"},{"name":"46 - Linda Ronstadt - You're No Good.png","source":"derivative","format":"PNG","original":"46 - Linda Ronstadt - You're No Good.mp3","mtime":"1610671088","size":"36785","md5":"787077f3c219bec2fe82f5e80441b9e1","crc32":"a3e5bd7e","sha1":"2f27319d0aa8cb9253bf831726cc1f797a21436b"},{"name":"46 - Linda Ronstadt - You're No Good_spectrogram.png","source":"derivative","format":"Spectrogram","original":"46 - Linda Ronstadt - You're No Good.mp3","mtime":"1610673339","size":"302396","md5":"6135837579724c07f6cdaeb15795d8f0","crc32":"9ff2ce9b","sha1":"138785d720777f799cab4e0d81999bb5944e4046"},{"name":"47 - Redbone - Come and Get Your Love (Single Version).afpk","source":"derivative","format":"Columbia Peaks","original":"47 - Redbone - Come and Get Your Love (Single Version).mp3","mtime":"1610673555","size":"43760","md5":"a6d02af8b7d395ec315aef0a1fa78863","crc32":"0b5d932f","sha1":"b768d8a60f27768fea89b0ceb8f09fb7dd91805b"},{"name":"47 - Redbone - Come and Get Your Love (Single Version).mp3","source":"original","mtime":"1610670730","size":"3388134","md5":"ca3a3823f3894e8ec1875965bba4c7dc","crc32":"eea02e9b","sha1":"6597b736409203f44ac3429ac824a8a71abb0a61","format":"VBR MP3","length":"205.98","height":"800","width":"800","title":"Come and Get Your Love (Single Version)","creator":"Redbone","album":"Come and Get Your Love (Single Edit)","track":"1","artist":"Redbone","genre":"Rock"},{"name":"47 - Redbone - Come and Get Your Love (Single Version).png","source":"derivative","format":"PNG","original":"47 - Redbone - Come and Get Your Love (Single Version).mp3","mtime":"1610671936","size":"46357","md5":"db9fbf4ec51c1785398adf0d172ca7cd","crc32":"de64834f","sha1":"72d00f2049351fe066e6df865ac8b777461d3391"},{"name":"47 - Redbone - Come and Get Your Love (Single Version)_spectrogram.png","source":"derivative","format":"Spectrogram","original":"47 - Redbone - Come and Get Your Love (Single Version).mp3","mtime":"1610673407","size":"300290","md5":"ceb324d07bb1e3ec6b4be117654c813d","crc32":"5bfb1963","sha1":"414e3769da6338f508c3664f20a65837ff0f37b1"},{"name":"48 - Al Green - Let's Stay Together.afpk","source":"derivative","format":"Columbia Peaks","original":"48 - Al Green - Let's Stay Together.mp3","mtime":"1610673568","size":"36544","md5":"1dc713a78bbc401616e77c4a6160671d","crc32":"3797f2f3","sha1":"d5275707997e2b63c9be5674fdb4a7fe976db60d"},{"name":"48 - Al Green - Let's Stay Together.mp3","source":"original","mtime":"1610670739","size":"3376766","md5":"c1f2af614244747632bb32a57f981144","crc32":"795bbecc","sha1":"fe3f31fc7319881265aecf1dde62b4c334a36431","format":"VBR MP3","length":"199.44","height":"800","width":"800","title":"Let's Stay Together","creator":"Al Green","album":"Let's Stay Together","track":"1","artist":"Al Green","genre":"R&B"},{"name":"48 - Al Green - Let's Stay Together.png","source":"derivative","format":"PNG","original":"48 - Al Green - Let's Stay Together.mp3","mtime":"1610671527","size":"43411","md5":"c25263a256885c5b4944eecb3aeb98ac","crc32":"e2e8b253","sha1":"f31d7e3d03846f6099147857590899578238533b"},{"name":"48 - Al Green - Let's Stay Together_spectrogram.png","source":"derivative","format":"Spectrogram","original":"48 - Al Green - Let's Stay Together.mp3","mtime":"1610673466","size":"314537","md5":"ff216ce78c565033af4ae4635f67cf01","crc32":"a64081f4","sha1":"834fe9fe785b369ebcd3b514acb9dd76018775ef"},{"name":"49 - Jimmy Cliff - I Can See Clearly Now.afpk","source":"derivative","format":"Columbia Peaks","original":"49 - Jimmy Cliff - I Can See Clearly Now.mp3","mtime":"1610673579","size":"34928","md5":"bbfd045cb8c773a3cbb26af95b84ef97","crc32":"c9aa2711","sha1":"cc02470a2a7631c780e180b51e617377e3d52ea2"},{"name":"49 - Jimmy Cliff - I Can See Clearly Now.mp3","source":"original","mtime":"1610670755","size":"3235645","md5":"5e509520521b20557a74dcca7ebec538","crc32":"f07359f6","sha1":"80fc2867613eb087d7c529fcc79077e010b488db","format":"VBR MP3","length":"195.19","height":"800","width":"800","title":"I Can See Clearly Now","creator":"Jimmy Cliff","album":"Definitive Collection","track":"1","artist":"Jimmy Cliff","genre":"Pop"},{"name":"49 - Jimmy Cliff - I Can See Clearly Now.png","source":"derivative","format":"PNG","original":"49 - Jimmy Cliff - I Can See Clearly Now.mp3","mtime":"1610672334","size":"42294","md5":"a1c40516c61ebfa48a5a97a795554135","crc32":"90409329","sha1":"f4eec3677cc369ce435f4a46ce0b779545df0762"},{"name":"49 - Jimmy Cliff - I Can See Clearly Now_spectrogram.png","source":"derivative","format":"Spectrogram","original":"49 - Jimmy Cliff - I Can See Clearly Now.mp3","mtime":"1610672621","size":"305814","md5":"ecb7cb625cf4ac77df2f82f47539f9cc","crc32":"167ff4b7","sha1":"aadea8014c4454b8bb6940718f0148d19e16d0aa"},{"name":"50 - Barry Manilow - Copacabana (At the Copa).afpk","source":"derivative","format":"Columbia Peaks","original":"50 - Barry Manilow - Copacabana (At the Copa).mp3","mtime":"1610673592","size":"45536","md5":"0ba14b9960b2c9b9734cb9e47b387295","crc32":"b6cfe19c","sha1":"67794ab4eb25b4a60d720ad276e5b3cd63d089ba"},{"name":"50 - Barry Manilow - Copacabana (At the Copa).mp3","source":"original","mtime":"1610670768","size":"3941002","md5":"1d46becbd990df2fcee17044ae2da6d9","crc32":"cc6649ac","sha1":"4c758e7a07fd41be5e74677311e69f5acf3d0f1f","format":"VBR MP3","length":"241.4","height":"800","width":"800","title":"Copacabana (At the Copa)","creator":"Barry Manilow","album":"The Greatest Songs Of The Seventies","track":"15","artist":"Barry Manilow","genre":"Pop"},{"name":"50 - Barry Manilow - Copacabana (At the Copa).png","source":"derivative","format":"PNG","original":"50 - Barry Manilow - Copacabana (At the Copa).mp3","mtime":"1610671802","size":"43176","md5":"dc2e4a05cc098d5c451d06499f14dd07","crc32":"abb9190f","sha1":"365d4c564ea39371a6a1a8c2a9beb311ad61fd12"},{"name":"50 - Barry Manilow - Copacabana (At the Copa)_spectrogram.png","source":"derivative","format":"Spectrogram","original":"50 - Barry Manilow - Copacabana (At the Copa).mp3","mtime":"1610672811","size":"312137","md5":"0c1f329a54a7dc3a36b6185c04b83d7e","crc32":"d1090055","sha1":"89439ea0d429f233464fafff746b5b669960ed49"},{"name":"__ia_thumb.jpg","source":"original","mtime":"1610674171","size":"3937","md5":"6dd9be548da68f3ee95e089b16b0e13c","crc32":"fb456155","sha1":"c75cfc94ba715b2e23109a7af6576f8b6f35378d","format":"Item Tile","rotation":"0"}],"files_count":205,"item_last_updated":1613137747,"item_size":218906262,"metadata":{"identifier":"26-don-mc-lean-american-pie","mediatype":"audio","collection":["opensource_audio","community"],"creator":"Elvis","date":"1970-01-15","description":"Playlist 70s 80s Pop ","language":"por","scanner":"Internet Archive HTML5 Uploader 1.6.4","subject":["Playlist","70s","80","s Pop"],"title":"70s 80s Pop","uploader":"pedronunesok@hotmail.com","publicdate":"2021-01-15 00:22:48","addeddate":"2021-01-15 00:22:48","curation":"[curator]validator@archive.org[/curator][date]20210115002335[/date][comment]checked for malware[/comment]"},"server":"ia601006.us.archive.org","uniq":1630396811,"workable_servers":["ia601006.us.archive.org","ia801006.us.archive.org"]}