{"created":1767565102,"d1":"ia600707.us.archive.org","d2":"ia800707.us.archive.org","dir":"/9/items/30-dynamite-hits-volume-2","files":[{"name":"30 Dynamite Hits Volume 2.mp3","source":"original","mtime":"1744842149","size":"55518720","md5":"1c335b79078e4857d83f1f50a0ac7dbb","crc32":"bdb89f15","sha1":"8b7545b691fb9d07cf1723972061df7c7c6a1cb6","format":"VBR MP3","length":"2173.06","track":"01"},{"name":"30 Dynamite Hits Volume 2.png","source":"derivative","format":"PNG","original":"30 Dynamite Hits Volume 2.mp3","mtime":"1744842365","size":"40052","md5":"83cea132a75914f5974dc2380c422b9d","crc32":"537bf2ea","sha1":"2b9e8f9fbf2a5c4f85b1ced5d1938bb0f5ef2163"},{"name":"30 Dynamite Hits Volume 2_spectrogram.png","source":"derivative","format":"Spectrogram","original":"30 Dynamite Hits Volume 2.mp3","mtime":"1744842392","size":"283224","md5":"02adbd5f2d3c093ca8c0b2d21bad7c95","crc32":"28d5594b","sha1":"8cc92ac26dcd55176cfce1c7a6ab6a6aabe71957"},{"name":"30-dynamite-hits-volume-2_archive.torrent","source":"metadata","btih":"7c647720881a770811fc7bb0cb1dd31047457c7c","mtime":"1744842414","size":"4822","md5":"22e4b0236cc8c1b7fd791277155bd7f8","crc32":"f9a8542d","sha1":"951ed55f5400e35fd9ec48f11aebb30d80252890","format":"Archive BitTorrent"},{"name":"30-dynamite-hits-volume-2_files.xml","source":"original","format":"Metadata","md5":"dcf07fff71a482d37eb0aeb703d6cbfb","summation":"md5"},{"name":"30-dynamite-hits-volume-2_meta.sqlite","source":"original","mtime":"1744842205","size":"32768","md5":"91d4ebf65ebea9fa8f6adba7a76c5bc7","crc32":"f11cb858","sha1":"c374a807dc9dd366f90b12281d935c96ccb14bca","format":"Metadata"},{"name":"30-dynamite-hits-volume-2_meta.xml","source":"original","mtime":"1744842406","size":"2829","md5":"7eedfccc927eb76379f3d4d4515b5a47","crc32":"3b071a1b","sha1":"3d31eb3e6316c9ea13528119dfa88ce606fa1bbd","format":"Metadata"},{"name":"R-1860215-1580432170-4399.jpg","source":"original","mtime":"1744842179","size":"56473","md5":"b540e07d0331210d63fb6b5394172da8","crc32":"a71d476f","sha1":"a6088a792a5c7736ead2abeb763267ffc6192256","format":"JPEG"},{"name":"R-1860215-1580432170-4399_thumb.jpg","source":"derivative","format":"JPEG Thumb","original":"R-1860215-1580432170-4399.jpg","mtime":"1744842349","size":"10197","md5":"c7267eb44cb2652dcaf5146cb366a540","crc32":"277d0dad","sha1":"03c8f72db85a4821d7767cb1985a496215518156"},{"name":"__ia_thumb.jpg","source":"original","mtime":"1744842246","size":"18021","md5":"ade6a0f3b3a926098eefe523103b71ec","crc32":"77951115","sha1":"4cf51661b990c005a2577fdce377b7b27b967477","format":"Item Tile"}],"files_count":10,"item_last_updated":1744842414,"item_size":55967106,"metadata":{"identifier":"30-dynamite-hits-volume-2","mediatype":"audio","collection":"opensource_audio","creator":"Columbia","date":"1973","description":"<div>Argent - Hold Your Head Up (0:06)</div><div><br /></div><div>The Cyrkle - Turn-Down Day (6:20)</div><div><br /></div><div>Johnny Nash - I Can See Clearly Now (8:52)</div><div><br /></div><div>Roger McGuinn - M'Linda (11:35)</div><div><br /></div><div>Pozo Seco Singers - Time (14:15)</div><div><br /></div><div>-----------------------------------------------------</div><div><br /></div><div>Ronnie Dyson - (If You Let Me Make Love To You) Then Why Can't I Touch You? (17:52)</div><div><br /></div><div>Al Kooper &amp; Mike Bloomfield - The 59th Street Bridge Song (Feelin' Groovy) (21:17)</div><div><br /></div><div>The Lorelei - I'll Never Let You Down (26:42)</div><div><br /></div><div>Moby Grape - Omaha (30:07)</div><div><br /></div><div>Johnny Cash - A Boy Named Sue (32:28)</div><div><br /></div><div><br /></div><div><div>I DO NOT OWN THESE RECORDINGS, ALL RIGHTS TO THE RESPONSIBLE OWNERS!</div><div><br /></div><div>Copyright Disclaimer Under Section 107 of the Copyright Act 1976,</div><div>allowance is made for fair use for purposes such as criticism,</div><div>comment, news reporting, teaching, scholarship, and research.</div><div>Fair use is a use permitted by copyright statute that might</div><div>otherwise be infringing. Non-profit, educational or personal</div><div>use tips the balance in favor of fair use.</div><div>Video will be removed if requested by the copyright owner.</div></div>","language":"eng","scanner":"Internet Archive HTML5 Uploader 1.7.0","subject":["Vinyl","Vintage","Oldies","1970s","Music","Folk","Country","Pop","Rock","Soul"],"title":"30 Dynamite Hits Volume 2","uploader":"cnvthepeng@gmail.com","publicdate":"2025-04-16 22:23:00","addeddate":"2025-04-16 22:23:00","curation":"[curator]validator@archive.org[/curator][date]20250416222502[/date][comment]checked for malware[/comment]"},"server":"ia600707.us.archive.org","uniq":660915253,"workable_servers":["ia600707.us.archive.org","ia800707.us.archive.org"]}