{"alternate_locations":{"servers":[{"server":"dn710608.ca.archive.org","dir":"/0/items/BillSpragueCollection-TheresNoDoubtInMyMind-ThePartridgeFamily"}],"workable":[{"server":"dn710608.ca.archive.org","dir":"/0/items/BillSpragueCollection-TheresNoDoubtInMyMind-ThePartridgeFamily"}]},"created":1767565121,"d1":"ia904508.us.archive.org","d2":"ia804508.us.archive.org","dir":"/28/items/BillSpragueCollection-TheresNoDoubtInMyMind-ThePartridgeFamily","files":[{"name":"BillSpragueCollection-TheresNoDoubtInMyMind-ThePartridgeFamily_archive.torrent","source":"metadata","btih":"7ae6dc10dd5da10ab98c5357593aae815cba898d","mtime":"1613239237","size":"2951","md5":"5fb8e2a6d80752daee18961d2e89c4f9","crc32":"630d7f47","sha1":"9066db889d536123c9f99c9a05c742cb2bf8c0ac","format":"Archive BitTorrent"},{"name":"BillSpragueCollection-TheresNoDoubtInMyMind-ThePartridgeFamily_files.xml","source":"original","format":"Metadata","md5":"c709aecb41af3de332372aee72146cf3","summation":"md5"},{"name":"BillSpragueCollection-TheresNoDoubtInMyMind-ThePartridgeFamily_meta.sqlite","source":"original","mtime":"1500838518","size":"9216","md5":"9b1434d9e0a469a8d2730ae1c014595f","crc32":"18eade00","sha1":"1a3e6444d31528abfbd0445e4aa3f919983ca2e4","format":"Metadata"},{"name":"BillSpragueCollection-TheresNoDoubtInMyMind-ThePartridgeFamily_meta.xml","source":"original","mtime":"1613239236","size":"964","format":"Metadata","md5":"f4e1810c5e5b073c9f8c571b92b99ea8","crc32":"100d7df4","sha1":"bca09676620aba1511a80a8803e8c4ad8145451c"},{"name":"There's No Doubt In My Mind.afpk","source":"derivative","format":"Columbia Peaks","original":"There's No Doubt In My Mind.mp3","mtime":"1500838540","size":"26064","md5":"f4b48f02883f23825724c51392e9b50d","crc32":"4ab4e0d0","sha1":"41fc0b9ab109258f3b21e7c70104c65cbed364b4"},{"name":"There's No Doubt In My Mind.mp3","source":"original","mtime":"1500838505","size":"2389191","md5":"72fe382ae0b35108d058346a6cd7ce13","crc32":"4a2b1c49","sha1":"e8070de9ec050c07095941d0b4d652afae323e61","format":"VBR MP3","length":"149.29","height":"0","width":"0"},{"name":"There's No Doubt In My Mind.ogg","source":"derivative","format":"Ogg Vorbis","original":"There's No Doubt In My Mind.mp3","mtime":"1500838545","size":"1747511","md5":"d44f4c8421d52c2f91cfc5206432baee","crc32":"059eff3c","sha1":"027c44cbf545e4f023b8f2142637443746f6a8c6","length":"149.26","height":"0","width":"0"},{"name":"There's No Doubt In My Mind.png","source":"derivative","format":"PNG","original":"There's No Doubt In My Mind.mp3","mtime":"1500838537","size":"12025","md5":"3856148f0c41faed75c952908182915f","crc32":"512c1c69","sha1":"7316be57a273aede68b4f1bb41b6dcfc32448f4a"},{"name":"__ia_thumb.jpg","source":"original","mtime":"1613239237","size":"3136","md5":"e0e350d2ed775953e9ea48f775b1e3f7","crc32":"71f346f1","sha1":"7afdd7185a7d9212175fc13e14620da8363b3082","format":"Item Tile","rotation":"0"}],"files_count":9,"item_last_updated":1613239237,"item_size":4191058,"metadata":{"identifier":"BillSpragueCollection-TheresNoDoubtInMyMind-ThePartridgeFamily","mediatype":"audio","collection":["opensource_audio","community"],"creator":"The Partridge Family","date":"1972-01-01","description":"The Partridge Family singing \"There's No Doubt In My Mind\"","language":"eng","scanner":"Internet Archive HTML5 Uploader 1.6.3","subject":["1970s","pop"],"title":"Bill Sprague Collection-\"There's No Doubt In My Mind-The Partridge Family","publicdate":"2017-07-23 19:35:05","uploader":"bill.sprague@gmail.com","addeddate":"2017-07-23 19:35:05","curation":"[curator]validator@archive.org[/curator][date]20170723193527[/date][comment]checked for malware[/comment]","backup_location":"ia906500_8"},"server":"ia904508.us.archive.org","uniq":1622247357,"workable_servers":["ia904508.us.archive.org","ia804508.us.archive.org"]}