{"alternate_locations":{"servers":[{"server":"dn721609.ca.archive.org","dir":"/0/items/BMD_1978-12-21"}],"workable":[{"server":"dn721609.ca.archive.org","dir":"/0/items/BMD_1978-12-21"}]},"created":1767565111,"d1":"ia601508.us.archive.org","d2":"ia801508.us.archive.org","dir":"/9/items/BMD_1978-12-21","files":[{"name":"1978-12-21 Storey Hall, Melbourne, Australia [The Boys Next Door]/(01) Track01.flac","source":"original","mtime":"1670064573","size":"22056536","md5":"16c01ae551a7bf8f8168897c4b4c7bea","crc32":"072bbc83","sha1":"d459070d572d3e74a96d320cfa2749f515fbba2b","format":"Flac","length":"191.45","viruscheck":"1670065110","track":"01"},{"name":"1978-12-21 Storey Hall, Melbourne, Australia [The Boys Next Door]/(01) Track01.mp3","source":"derivative","bitrate":"184","format":"VBR MP3","original":"1978-12-21 Storey Hall, Melbourne, Australia [The Boys Next Door]/(01) Track01.flac","mtime":"1670065657","size":"4398556","md5":"5735cc2017ed2cf5803270ef449f57c7","crc32":"9402320d","sha1":"aeb89eda782dd3534d9855b47d64218ca29b092d","length":"191.5"},{"name":"1978-12-21 Storey Hall, Melbourne, Australia [The Boys Next Door]/(01) Track01.png","source":"derivative","format":"PNG","original":"1978-12-21 Storey Hall, Melbourne, Australia [The Boys Next Door]/(01) Track01.flac","mtime":"1670070161","size":"35094","md5":"669d87af1d75e3b89fa298bb1947acee","crc32":"419a79ff","sha1":"5599acf43ed2236a3459863c745d353603e6b97b"},{"name":"1978-12-21 Storey Hall, Melbourne, Australia [The Boys Next Door]/(01) Track01_spectrogram.png","source":"derivative","format":"Spectrogram","original":"1978-12-21 Storey Hall, Melbourne, Australia [The Boys Next Door]/(01) Track01.flac","mtime":"1670072203","size":"276626","md5":"8ab191fe08a7ed8f55fba57f1af31bb3","crc32":"9285e870","sha1":"5d173ea60df8be8c617020cb774d82a677219199"},{"name":"1978-12-21 Storey Hall, Melbourne, Australia [The Boys Next Door]/(02) Track02.flac","source":"original","mtime":"1670064630","size":"27954119","md5":"9b3a565bc741844de831c1cdd09f9b82","crc32":"da006605","sha1":"3d0539515d4a27a4cab7b0cf503eab319b011af0","format":"Flac","length":"230.83","viruscheck":"1670065110","track":"02"},{"name":"1978-12-21 Storey Hall, Melbourne, Australia [The Boys Next Door]/(02) Track02.mp3","source":"derivative","bitrate":"192","format":"VBR MP3","original":"1978-12-21 Storey Hall, Melbourne, Australia [The Boys Next Door]/(02) Track02.flac","mtime":"1670066135","size":"5548653","md5":"0febd66762d54a66e74d9580ebcf636a","crc32":"a2a8bc55","sha1":"02766ee2b91d262ed7011a71acd24a6a12456540","length":"230.87"},{"name":"1978-12-21 Storey Hall, Melbourne, Australia [The Boys Next Door]/(02) Track02.png","source":"derivative","format":"PNG","original":"1978-12-21 Storey Hall, Melbourne, Australia [The Boys Next Door]/(02) Track02.flac","mtime":"1670068528","size":"34257","md5":"ce42b9266b1cb1d0295081cf9d517ac3","crc32":"093c4179","sha1":"935975ff602ed027c43deb5a781a4bd468860d54"},{"name":"1978-12-21 Storey Hall, Melbourne, Australia [The Boys Next Door]/(02) Track02_spectrogram.png","source":"derivative","format":"Spectrogram","original":"1978-12-21 Storey Hall, Melbourne, Australia [The Boys Next Door]/(02) Track02.flac","mtime":"1670073812","size":"269665","md5":"14f01b726d921a67c006b97dab751e1d","crc32":"413d4e33","sha1":"89264d218fdca61b84d527e930c8f7b80241cec9"},{"name":"1978-12-21 Storey Hall, Melbourne, Australia [The Boys Next Door]/(03) Track03.flac","source":"original","mtime":"1670064686","size":"28721136","md5":"f2675edb75cc36a0078d07bc7fbc74e2","crc32":"9c6d8167","sha1":"5bfc588e41b6d4358861676db0443580385fd0ac","format":"Flac","length":"242.84","viruscheck":"1670065110","track":"03"},{"name":"1978-12-21 Storey Hall, Melbourne, Australia [The Boys Next Door]/(03) Track03.mp3","source":"derivative","bitrate":"193","format":"VBR MP3","original":"1978-12-21 Storey Hall, Melbourne, Australia [The Boys Next Door]/(03) Track03.flac","mtime":"1670066905","size":"5853845","md5":"07947eadb0dee41ecfca380a269755b3","crc32":"98552243","sha1":"38d29163d848e2adf90d4c00076e041255fc041e","length":"242.89"},{"name":"1978-12-21 Storey Hall, Melbourne, Australia [The Boys Next Door]/(03) Track03.png","source":"derivative","format":"PNG","original":"1978-12-21 Storey Hall, Melbourne, Australia [The Boys Next Door]/(03) Track03.flac","mtime":"1670068807","size":"38988","md5":"46e91ef14609713f42d1ed70c2348660","crc32":"aa19ecfc","sha1":"37f0c6cf46e6ddcbc4bbfca2ba31beb1a00b76fc"},{"name":"1978-12-21 Storey Hall, Melbourne, Australia [The Boys Next Door]/(03) Track03_spectrogram.png","source":"derivative","format":"Spectrogram","original":"1978-12-21 Storey Hall, Melbourne, Australia [The Boys Next Door]/(03) Track03.flac","mtime":"1670072587","size":"264905","md5":"a360056a684544f36f210b46842a640f","crc32":"fef930b3","sha1":"2ab70b3e04835cb79d82fb0eb4642275c0ad5d72"},{"name":"1978-12-21 Storey Hall, Melbourne, Australia [The Boys Next Door]/(04) Track04.flac","source":"original","mtime":"1670064757","size":"42924553","md5":"69681f5446f8c742dad0607fa21a17e8","crc32":"0d1b9650","sha1":"99bd39963beb7f3495c8a1cb66d73e40b772e37c","format":"Flac","length":"358.39","track":"04"},{"name":"1978-12-21 Storey Hall, Melbourne, Australia [The Boys Next Door]/(04) Track04.mp3","source":"derivative","bitrate":"191","format":"VBR MP3","original":"1978-12-21 Storey Hall, Melbourne, Australia [The Boys Next Door]/(04) Track04.flac","mtime":"1670066268","size":"8570884","md5":"a91cc7efe3ebdaae8a71696c96decd61","crc32":"9a5edaed","sha1":"b53fea2485ada1af7205d455808960f22bf32cac","length":"358.43"},{"name":"1978-12-21 Storey Hall, Melbourne, Australia [The Boys Next Door]/(04) Track04.png","source":"derivative","format":"PNG","original":"1978-12-21 Storey Hall, Melbourne, Australia [The Boys Next Door]/(04) Track04.flac","mtime":"1670069890","size":"35118","md5":"8a694455de661fa679a31e80a85f89a0","crc32":"d9a2f173","sha1":"d309eb66a76479443deb77fa77c1e9c051e9ae16"},{"name":"1978-12-21 Storey Hall, Melbourne, Australia [The Boys Next Door]/(04) Track04_spectrogram.png","source":"derivative","format":"Spectrogram","original":"1978-12-21 Storey Hall, Melbourne, Australia [The Boys Next Door]/(04) Track04.flac","mtime":"1670073088","size":"262211","md5":"780e38a629c8ceafa137e8c0e8218244","crc32":"94ea18ab","sha1":"52c4d460f06049c938e7cbf1b035c30536aabbb2"},{"name":"1978-12-21 Storey Hall, Melbourne, Australia [The Boys Next Door]/(05) Track05.flac","source":"original","mtime":"1670064801","size":"23251449","md5":"6570a00ed2525e3d54b376b9d6ff9734","crc32":"280e1350","sha1":"d854302a542a935d7148b96919ac2d6335b134be","format":"Flac","length":"192.76","viruscheck":"1670065110","track":"05"},{"name":"1978-12-21 Storey Hall, Melbourne, Australia [The Boys Next Door]/(05) Track05.mp3","source":"derivative","bitrate":"190","format":"VBR MP3","original":"1978-12-21 Storey Hall, Melbourne, Australia [The Boys Next Door]/(05) Track05.flac","mtime":"1670068379","size":"4588516","md5":"6c3bf9ee7292a448f28ac90c2149edc1","crc32":"babbb02b","sha1":"8c6a4519f875a6c8f53b45cd1d93068b38abba33","length":"192.81"},{"name":"1978-12-21 Storey Hall, Melbourne, Australia [The Boys Next Door]/(05) Track05.png","source":"derivative","format":"PNG","original":"1978-12-21 Storey Hall, Melbourne, Australia [The Boys Next Door]/(05) Track05.flac","mtime":"1670068667","size":"32528","md5":"5884ea323368930320f5b92856b25c62","crc32":"2a39fe6d","sha1":"ca88d32cb2a2b1979af158d9233c6e4898f66e8d"},{"name":"1978-12-21 Storey Hall, Melbourne, Australia [The Boys Next Door]/(05) Track05_spectrogram.png","source":"derivative","format":"Spectrogram","original":"1978-12-21 Storey Hall, Melbourne, Australia [The Boys Next Door]/(05) Track05.flac","mtime":"1670071062","size":"270369","md5":"1ad77d4201579a76919e1da82ac7beb5","crc32":"d530e69d","sha1":"b6112ad8615be66e588115333c07c5cf6b9930b1"},{"name":"1978-12-21 Storey Hall, Melbourne, Australia [The Boys Next Door]/(06) Track06.flac","source":"original","mtime":"1670064829","size":"18131514","md5":"098853abb73e1f19dfcc14493e6e4898","crc32":"9bc62b74","sha1":"44a695612f1762f251408058339b1d046e817ff1","format":"Flac","length":"151.99","viruscheck":"1670065110","track":"06"},{"name":"1978-12-21 Storey Hall, Melbourne, Australia [The Boys Next Door]/(06) Track06.mp3","source":"derivative","bitrate":"191","format":"VBR MP3","original":"1978-12-21 Storey Hall, Melbourne, Australia [The Boys Next Door]/(06) Track06.flac","mtime":"1670066666","size":"3641550","md5":"cfe36b819351211077e8666abbdbd6dd","crc32":"5b0b985e","sha1":"77f1033b18f9eb81849d8173ce2e6a8e18a20d10","length":"152.03"},{"name":"1978-12-21 Storey Hall, Melbourne, Australia [The Boys Next Door]/(06) Track06.png","source":"derivative","format":"PNG","original":"1978-12-21 Storey Hall, Melbourne, Australia [The Boys Next Door]/(06) Track06.flac","mtime":"1670068726","size":"34096","md5":"45b4d03e89d2d7130b28f78bb584298e","crc32":"1545a0f9","sha1":"b9fff1962741a86bd7200b5e4ea58d6a47667acc"},{"name":"1978-12-21 Storey Hall, Melbourne, Australia [The Boys Next Door]/(06) Track06_spectrogram.png","source":"derivative","format":"Spectrogram","original":"1978-12-21 Storey Hall, Melbourne, Australia [The Boys Next Door]/(06) Track06.flac","mtime":"1670071231","size":"279592","md5":"f1abb57e58b16e9eb287f1e965894875","crc32":"07e44b47","sha1":"cc5f336784b9fb2945771c42d8ac821bc09cb8d2"},{"name":"1978-12-21 Storey Hall, Melbourne, Australia [The Boys Next Door]/(07) Track07.flac","source":"original","mtime":"1670064852","size":"14472390","md5":"33883d834c4666c468a515de86579508","crc32":"acc1f995","sha1":"5153dcb81dc0a9ebecbb8aad75c0224291115ac7","format":"Flac","length":"119.37","viruscheck":"1670065110","track":"07"},{"name":"1978-12-21 Storey Hall, Melbourne, Australia [The Boys Next Door]/(07) Track07.mp3","source":"derivative","bitrate":"191","format":"VBR MP3","original":"1978-12-21 Storey Hall, Melbourne, Australia [The Boys Next Door]/(07) Track07.flac","mtime":"1670066045","size":"2850584","md5":"2a6a8f31e71c16aad8307db82d403d67","crc32":"b1e5d7e6","sha1":"13297f8667d78ab25f048e312f1e00fcd6c5bce3","length":"119.41"},{"name":"1978-12-21 Storey Hall, Melbourne, Australia [The Boys Next Door]/(07) Track07.png","source":"derivative","format":"PNG","original":"1978-12-21 Storey Hall, Melbourne, Australia [The Boys Next Door]/(07) Track07.flac","mtime":"1670068900","size":"32939","md5":"127e8353bc0a708a04da9dbd8b217325","crc32":"cef91f62","sha1":"3f70d16a680c826b0331b9e077537570a9cf403b"},{"name":"1978-12-21 Storey Hall, Melbourne, Australia [The Boys Next Door]/(07) Track07_spectrogram.png","source":"derivative","format":"Spectrogram","original":"1978-12-21 Storey Hall, Melbourne, Australia [The Boys Next Door]/(07) Track07.flac","mtime":"1670071721","size":"272998","md5":"281b9018a1577eab2db193f5bad85972","crc32":"aaa3b698","sha1":"f1c4720418f1b34bc1de11f9f63a40e0ea82e63e"},{"name":"1978-12-21 Storey Hall, Melbourne, Australia [The Boys Next Door]/(08) Track08.flac","source":"original","mtime":"1670064891","size":"24334663","md5":"ece1054881dff69ae43ff4596cb59912","crc32":"19fd29ee","sha1":"801bf9b2e41a3e722e558c86e3b2b91d9e502f69","format":"Flac","length":"206.57","viruscheck":"1670065110","track":"08"},{"name":"1978-12-21 Storey Hall, Melbourne, Australia [The Boys Next Door]/(08) Track08.mp3","source":"derivative","bitrate":"192","format":"VBR MP3","original":"1978-12-21 Storey Hall, Melbourne, Australia [The Boys Next Door]/(08) Track08.flac","mtime":"1670066489","size":"4966976","md5":"5bc2d51f74aa774d453aa034cef4673d","crc32":"98c82643","sha1":"5e7ae4958eed16fbbfaa21ef5ba7a58d3bc9e01d","length":"206.6"},{"name":"1978-12-21 Storey Hall, Melbourne, Australia [The Boys Next Door]/(08) Track08.png","source":"derivative","format":"PNG","original":"1978-12-21 Storey Hall, Melbourne, Australia [The Boys Next Door]/(08) Track08.flac","mtime":"1670069012","size":"39142","md5":"e9febcc8220fae0a8f25056fe25bf91a","crc32":"a5b199e1","sha1":"26f9ac1bf0e02f4deb255622e760520df2f81c1f"},{"name":"1978-12-21 Storey Hall, Melbourne, Australia [The Boys Next Door]/(08) Track08_spectrogram.png","source":"derivative","format":"Spectrogram","original":"1978-12-21 Storey Hall, Melbourne, Australia [The Boys Next Door]/(08) Track08.flac","mtime":"1670071904","size":"277362","md5":"78d7eda8d6c595924b3e79c4d69eeb0f","crc32":"c770532f","sha1":"f96d905c2e3966ecb7de90b10cf1a28eb50deb81"},{"name":"1978-12-21 Storey Hall, Melbourne, Australia [The Boys Next Door]/(09) Track09.flac","source":"original","mtime":"1670064929","size":"22015958","md5":"902853a5e1b9a1e1bfcf2b02fd1be9ea","crc32":"228dfeda","sha1":"54b4c7407cc8c89f14d1fc6e4f7df8855ff417db","format":"Flac","length":"178.03","viruscheck":"1670065110","track":"09"},{"name":"1978-12-21 Storey Hall, Melbourne, Australia [The Boys Next Door]/(09) Track09.mp3","source":"derivative","bitrate":"192","format":"VBR MP3","original":"1978-12-21 Storey Hall, Melbourne, Australia [The Boys Next Door]/(09) Track09.flac","mtime":"1670066984","size":"4271652","md5":"e2df2a73c0cb796f2fb93ff83853536a","crc32":"1a81e71a","sha1":"5ffaf4cdc0bc7f66f3eb6ea15807bac039f4aa8d","length":"178.08"},{"name":"1978-12-21 Storey Hall, Melbourne, Australia [The Boys Next Door]/(09) Track09.png","source":"derivative","format":"PNG","original":"1978-12-21 Storey Hall, Melbourne, Australia [The Boys Next Door]/(09) Track09.flac","mtime":"1670069104","size":"33810","md5":"1cf58fa2c948666c507f2a71613d3a70","crc32":"c1ffbeee","sha1":"a5d1247a75ab47157f42e0277ab5f000718f5593"},{"name":"1978-12-21 Storey Hall, Melbourne, Australia [The Boys Next Door]/(09) Track09_spectrogram.png","source":"derivative","format":"Spectrogram","original":"1978-12-21 Storey Hall, Melbourne, Australia [The Boys Next Door]/(09) Track09.flac","mtime":"1670072851","size":"259018","md5":"625710bd672732120bfce17b96ea0c99","crc32":"c5b7227c","sha1":"08e3fcf23698a24947aacf49a0706a940e70141d"},{"name":"1978-12-21 Storey Hall, Melbourne, Australia [The Boys Next Door]/(10) Track10.flac","source":"original","mtime":"1670064963","size":"29096396","md5":"859d147f3549fb758ed1a4b81cfde970","crc32":"fb20340f","sha1":"c9714bb42c77a5ed1ace7abf7b86db11b074705e","format":"Flac","length":"243.19","viruscheck":"1670065110","track":"10"},{"name":"1978-12-21 Storey Hall, Melbourne, Australia [The Boys Next Door]/(10) Track10.mp3","source":"derivative","bitrate":"194","format":"VBR MP3","original":"1978-12-21 Storey Hall, Melbourne, Australia [The Boys Next Door]/(10) Track10.flac","mtime":"1670067224","size":"5915699","md5":"3120e53f6bdd55749a3c8252d0975eb2","crc32":"6a4d20cc","sha1":"9bfb1dd70503a413f442e484e6d486f51524c9fa","length":"243.23"},{"name":"1978-12-21 Storey Hall, Melbourne, Australia [The Boys Next Door]/(10) Track10.png","source":"derivative","format":"PNG","original":"1978-12-21 Storey Hall, Melbourne, Australia [The Boys Next Door]/(10) Track10.flac","mtime":"1670069231","size":"35889","md5":"dca72688c8ec534d18203435f2311cdf","crc32":"601a40cf","sha1":"d15fd7cbabcea3e1a0b32cd723cd990e37a46453"},{"name":"1978-12-21 Storey Hall, Melbourne, Australia [The Boys Next Door]/(10) Track10_spectrogram.png","source":"derivative","format":"Spectrogram","original":"1978-12-21 Storey Hall, Melbourne, Australia [The Boys Next Door]/(10) Track10.flac","mtime":"1670073472","size":"274015","md5":"cf7ea12807b92a0221175d6b06b3e362","crc32":"a7f23088","sha1":"eb7db5b04c37410835a889678e9da22d06156be7"},{"name":"1978-12-21 Storey Hall, Melbourne, Australia [The Boys Next Door]/(11) Track11.flac","source":"original","mtime":"1670064999","size":"22912890","md5":"e469c663c580f961d138daf4147f4bea","crc32":"3627ec64","sha1":"bc8eebaa3eff2520caf24136397fe32b8a262445","format":"Flac","length":"183.23","viruscheck":"1670065110","track":"11"},{"name":"1978-12-21 Storey Hall, Melbourne, Australia [The Boys Next Door]/(11) Track11.mp3","source":"derivative","bitrate":"194","format":"VBR MP3","original":"1978-12-21 Storey Hall, Melbourne, Australia [The Boys Next Door]/(11) Track11.flac","mtime":"1670067361","size":"4452407","md5":"9ad8afecc418a8b2ef2613c921ece9fc","crc32":"f6c52979","sha1":"1e8526ce029f06a16c138555eb0cc284bb811e19","length":"183.28"},{"name":"1978-12-21 Storey Hall, Melbourne, Australia [The Boys Next Door]/(11) Track11.png","source":"derivative","format":"PNG","original":"1978-12-21 Storey Hall, Melbourne, Australia [The Boys Next Door]/(11) Track11.flac","mtime":"1670070476","size":"34749","md5":"1cf7e673c16b82dd15754d393131bf1e","crc32":"bf79d8f9","sha1":"2d50d44431e2b205caadece0f3299996adb52d82"},{"name":"1978-12-21 Storey Hall, Melbourne, Australia [The Boys Next Door]/(11) Track11_spectrogram.png","source":"derivative","format":"Spectrogram","original":"1978-12-21 Storey Hall, Melbourne, Australia [The Boys Next Door]/(11) Track11.flac","mtime":"1670070840","size":"260777","md5":"e5f02820d4076adf35d23dce954a14d8","crc32":"1519ca0b","sha1":"41b05715384a9ba9e5c68d5a2c2293e702724110"},{"name":"1978-12-21 Storey Hall, Melbourne, Australia [The Boys Next Door]/(12) Track12.flac","source":"original","mtime":"1670065039","size":"28155398","md5":"1ec9e1362ca8014d6eacab702f41f191","crc32":"fc1f7d8e","sha1":"3c4f3e2f1d22985f31b58f81e4616061cb25e4f9","format":"Flac","length":"225.11","viruscheck":"1670065110","track":"12"},{"name":"1978-12-21 Storey Hall, Melbourne, Australia [The Boys Next Door]/(12) Track12.mp3","source":"derivative","bitrate":"194","format":"VBR MP3","original":"1978-12-21 Storey Hall, Melbourne, Australia [The Boys Next Door]/(12) Track12.flac","mtime":"1670067665","size":"5460825","md5":"863c8a56e11b2f368801da5b741c9fd1","crc32":"1fad80ed","sha1":"d324239531b00abf18b41c93e7cf34855f0626fa","length":"225.15"},{"name":"1978-12-21 Storey Hall, Melbourne, Australia [The Boys Next Door]/(12) Track12.png","source":"derivative","format":"PNG","original":"1978-12-21 Storey Hall, Melbourne, Australia [The Boys Next Door]/(12) Track12.flac","mtime":"1670070021","size":"35461","md5":"5fa81af376e24070131ba05af8509a5a","crc32":"a181bf52","sha1":"2e66f2874b5216795587582e6c061bbdc6ffa42e"},{"name":"1978-12-21 Storey Hall, Melbourne, Australia [The Boys Next Door]/(12) Track12_spectrogram.png","source":"derivative","format":"Spectrogram","original":"1978-12-21 Storey Hall, Melbourne, Australia [The Boys Next Door]/(12) Track12.flac","mtime":"1670073648","size":"259951","md5":"a34791e682ff6debd9bc0d9c27b754ba","crc32":"75266c06","sha1":"8a978ec1d93579db42faed1376770992bf1fd487"},{"name":"1978-12-21 Storey Hall, Melbourne, Australia [The Boys Next Door]/(13) Track13.flac","source":"original","mtime":"1670065071","size":"23775269","md5":"f08e0f1c0fca6e621d1103b940a8e5df","crc32":"257daf73","sha1":"27c0df1b156e3ac0a691ce77af1782f803da8736","format":"Flac","length":"202.77","viruscheck":"1670065110","track":"13"},{"name":"1978-12-21 Storey Hall, Melbourne, Australia [The Boys Next Door]/(13) Track13.mp3","source":"derivative","bitrate":"193","format":"VBR MP3","original":"1978-12-21 Storey Hall, Melbourne, Australia [The Boys Next Door]/(13) Track13.flac","mtime":"1670067839","size":"4891043","md5":"123584c29a0cf88b2f412e5f2e934dc8","crc32":"68acfe97","sha1":"cf942015e8ff9aa5e9bc8b8a01acebef93ad8e45","length":"202.82"},{"name":"1978-12-21 Storey Hall, Melbourne, Australia [The Boys Next Door]/(13) Track13.png","source":"derivative","format":"PNG","original":"1978-12-21 Storey Hall, Melbourne, Australia [The Boys Next Door]/(13) Track13.flac","mtime":"1670069636","size":"33424","md5":"0a41c9adbad14c80c8bfc4db17d0b2cb","crc32":"3a1c5bdf","sha1":"1297c00b6f02d5c1dcc7dcf966c7d6d779f20292"},{"name":"1978-12-21 Storey Hall, Melbourne, Australia [The Boys Next Door]/(13) Track13_spectrogram.png","source":"derivative","format":"Spectrogram","original":"1978-12-21 Storey Hall, Melbourne, Australia [The Boys Next Door]/(13) Track13.flac","mtime":"1670072291","size":"277760","md5":"dd840b3460937f8796c5b4ac42fef9d7","crc32":"bc92d4cd","sha1":"f9e791c5b782ae9b12c4dcf71ca9b8cd4d7dc59b"},{"name":"1978-12-21 Storey Hall, Melbourne, Australia [The Boys Next Door]/(14) Track14.flac","source":"original","mtime":"1670065118","size":"26823869","md5":"9e472d5712c81d935876f9f652ecc966","crc32":"2fc46992","sha1":"6e1ba67197580c20033a44ce79903c266bb5c8fc","format":"Flac","length":"233.59","viruscheck":"1670065477","track":"14"},{"name":"1978-12-21 Storey Hall, Melbourne, Australia [The Boys Next Door]/(14) Track14.mp3","source":"derivative","bitrate":"192","format":"VBR MP3","original":"1978-12-21 Storey Hall, Melbourne, Australia [The Boys Next Door]/(14) Track14.flac","mtime":"1670068229","size":"5616254","md5":"d76698a2ac8edf67b5c15e8e1343dae6","crc32":"cdd596a3","sha1":"7fb46dcb652b1a79067cec3f6e50022081fe9432","length":"233.61"},{"name":"1978-12-21 Storey Hall, Melbourne, Australia [The Boys Next Door]/(14) Track14.png","source":"derivative","format":"PNG","original":"1978-12-21 Storey Hall, Melbourne, Australia [The Boys Next Door]/(14) Track14.flac","mtime":"1670069392","size":"31878","md5":"ece0b9669abbf70fb90503b4cf804f9b","crc32":"eb29f5bd","sha1":"56612061ee17b4435c43e6bbd1070aad74c669d6"},{"name":"1978-12-21 Storey Hall, Melbourne, Australia [The Boys Next Door]/(14) Track14_spectrogram.png","source":"derivative","format":"Spectrogram","original":"1978-12-21 Storey Hall, Melbourne, Australia [The Boys Next Door]/(14) Track14.flac","mtime":"1670071602","size":"276521","md5":"62cf7dd666498e8cf7776b6753434d7c","crc32":"2d80b353","sha1":"9634f8f9eaf7684aebfa79e3765cadefe263637d"},{"name":"1978-12-21 Storey Hall, Melbourne, Australia [The Boys Next Door]/boys next door - 3RRR Xmas Party, Storey Hall, RMIT, Melbourne, Australia, 21 Dec 78.md5","source":"original","mtime":"1670065121","size":"958","md5":"539b2b75982c848723c976ac849bce25","crc32":"dc8ed735","sha1":"51ccdadaf7b51b4bd02d2587dfebce1465459349","format":"Checksums","viruscheck":"1670065477"},{"name":"1978-12-21 Storey Hall, Melbourne, Australia [The Boys Next Door]/boys next door -.ffp","source":"original","mtime":"1670065123","size":"838","md5":"f4edb376f9069b0977a22fac3bd18c21","crc32":"3cf25c75","sha1":"47c953151c237d613df159d61c06ad9248f883a0","format":"Flac FingerPrint","viruscheck":"1670065477"},{"name":"1978-12-21 Storey Hall, Melbourne, Australia [The Boys Next Door]/info.txt","source":"original","mtime":"1670065127","size":"409","md5":"c25bd59e3a7a97fd5b5ed77d5d49893e","crc32":"49fdbfe8","sha1":"aee2f80041d04a688d074e79b0068052a16b7c21","format":"Text","viruscheck":"1670065477"},{"name":"BMD_1978-12-21_archive.torrent","source":"metadata","btih":"a16eb2413c764db1ff138ae18d3cdc09ed2a6f14","mtime":"1683226422","size":"32404","md5":"65de1e32ac73fe84ca8686098e3222d9","crc32":"7029cdbe","sha1":"685e826d699fc9bc22c0d68c0605b8a09aca3c38","format":"Archive BitTorrent"},{"name":"BMD_1978-12-21_files.xml","source":"original","format":"Metadata","md5":"c8b3ed10c55752fe1d6be165e4895912","summation":"md5"},{"name":"BMD_1978-12-21_meta.sqlite","source":"original","mtime":"1670065130","size":"98304","md5":"c12c1235e7b871f181fe282033b813d8","crc32":"ca449530","sha1":"8dc53e47c1474ddd57d39de98b0c5fde4054eed5","format":"Metadata"},{"name":"BMD_1978-12-21_meta.xml","source":"original","mtime":"1683226418","size":"2142","md5":"344c1a1dd39760c5c5a96faa053e2048","crc32":"3e38aa49","sha1":"700f75a4e07041c9d5d542a7407ba22400e30ca7","format":"Metadata"},{"name":"BMD_1978-12-21_reviews.xml","source":"original","mtime":"1670636491","size":"514","md5":"b024da799d6dfbae37b3f62a1d9f5f1a","crc32":"675efd58","sha1":"3bca93a0b7b39e60ccfeb6a8205aca5b69b3e707","format":"Metadata"},{"name":"__ia_thumb.jpg","source":"original","mtime":"1670073937","size":"3271","md5":"a61e582beaeacdfc0cc4f663a43b93cd","crc32":"e7c5eac0","sha1":"16afba3d10d5324a023d3b8d9ca2d3525f044ba3","format":"Item Tile","rotation":"0"}],"files_count":65,"item_last_updated":1683226422,"item_size":430061567,"metadata":{"identifier":"BMD_1978-12-21","mediatype":"audio","collection":["folksoundomy_music_unsorted","folksoundomy_music","folksoundomy"],"creator":"The Boys Next Door","date":"1978-12-21","description":"Performing at my current university before it was even registered as a university, the Boys Next Door performing at the 3RRR Christmas Party - an FM broadcast from RMIT's Storey Hall venue. Having been beefed up by the addition of Rowland S. Howard, who bought in a few original songs and a decidedly art rock attitude, the band is now definitely a more exciting prospect on this 50-minute show.<div><br /></div><div>Track listing:</div><ol><li>Boy Hero</li><li>Conversations</li><li>Shivers</li><li>Mouth to Mouth</li><li>A.K.A.</li><li>Dive Position</li><li>The Nightwatchman</li><li>Caroline Says II [Lou Reed cover]</li><li>Something About Our</li><li>I Mistake Myself</li><li>Personality Crisis [New York Dolls cover]</li><li>Grand Illusions</li><li>Somebody's Watching</li><li>China Girl [Iggy Pop cover]</li></ol><div>1 from the 'These Boots Are Made for Walking' single; 2, 4, 5, 9, and 12 unreleased; 3, 6, 7, 10, and 13 from <i>Door, Door</i>.</div>","scanner":"Internet Archive HTML5 Uploader 1.7.0","subject":["nick cave","the boys next door","post-punk","bootleg","flac"],"title":"The Boys Next Door Live - 1978-12-21 Storey Hall, Melbourne, Australia","uploader":"clairelfredriksson@gmail.com","publicdate":"2022-12-03 10:49:49","addeddate":"2022-12-03 10:49:49","curation":"[curator]validator@archive.org[/curator][date]20221203105830[/date][comment]checked for malware[/comment]"},"reviews":[{"reviewtitle":"Damn !","reviewbody":"   Outstanding stuff... Thank you !","stars":"4","reviewer":"muddle one","reviewdate":"2022-12-10 01:41:26","createdate":"2022-12-10 01:41:26","reviewer_itemname":"@muddle_one"}],"server":"ia601508.us.archive.org","uniq":1450800026,"workable_servers":["ia601508.us.archive.org","ia801508.us.archive.org"]}